,N20|EW|band-|gate-,N20|EW|band-|gate+,N20|EW|band+|gate-,N20|EW|band+|gate+,N20|IVOL|band-|gate-,N20|IVOL|band-|gate+,N20|IVOL|band+|gate-,N20|IVOL|band+|gate+,N50|EW|band-|gate-,N50|EW|band-|gate+,N50|EW|band+|gate-,N50|EW|band+|gate+,N50|IVOL|band-|gate-,N50|IVOL|band-|gate+,N50|IVOL|band+|gate-,N50|IVOL|band+|gate+
2020-01-02,1.0,1.0,1.0,1.0,1.0,1.0,1.0,1.0,1.0,1.0,1.0,1.0,1.0,1.0,1.0,1.0
2020-01-03,0.9984,0.9984,0.9984,0.9984,0.9984,0.9984,0.9984,0.9984,0.9984,0.9984,0.9984,0.9984,0.9984,0.9984,0.9984,0.9984
2020-01-06,1.0070493515212509,1.0070493515212509,1.0070493515212509,1.0070493515212509,1.0089988132498164,1.0089988132498164,1.0089988132498164,1.0089988132498164,1.0016253368407186,1.0016253368407186,1.0016253368407186,1.0016253368407186,1.0020433151380477,1.0020433151380477,1.0020433151380477,1.0020433151380477
2020-01-07,1.0069768277856355,1.0069768277856355,1.0069768277856355,1.0069768277856355,1.0132656617221487,1.0132656617221487,1.0132656617221487,1.0132656617221487,1.0024571592262759,1.0024571592262759,1.0024571592262759,1.0024571592262759,1.0036893164882903,1.0036893164882903,1.0036893164882903,1.0036893164882903
2020-01-08,1.0109675786101784,1.0109675786101784,1.0109675786101784,1.0109675786101784,1.0178738373024394,1.0178738373024394,1.0178738373024394,1.0178738373024394,1.0077093775801873,1.0077093775801873,1.0077093775801873,1.0077093775801873,1.0092723867768307,1.0092723867768307,1.0092723867768307,1.0092723867768307
2020-01-09,1.0159752018597945,1.0159752018597945,1.0159752018597945,1.0159752018597945,1.0232734279160451,1.0232734279160451,1.0232734279160451,1.0232734279160451,1.0168979575952668,1.0168979575952668,1.0168979575952668,1.0168979575952668,1.0187993746753694,1.0187993746753694,1.0187993746753694,1.0187993746753694
2020-01-10,1.0116090664372843,1.0116090664372843,1.0116090664372843,1.0116090664372843,1.0200301475392823,1.0200301475392823,1.0200301475392823,1.0200301475392823,1.0154187953116036,1.0154187953116036,1.0154187953116036,1.0154187953116036,1.0183664721465817,1.0183664721465817,1.0183664721465817,1.0183664721465817
2020-01-13,1.0194369753478085,1.0194369753478085,1.0194369753478085,1.0194369753478085,1.0322094609121297,1.0322094609121297,1.0322094609121297,1.0322094609121297,1.0277522166111894,1.0277522166111894,1.0277522166111894,1.0277522166111894,1.0324551881215362,1.0324551881215362,1.0324551881215362,1.0324551881215362
2020-01-14,1.0222961458866837,1.0222961458866837,1.0222961458866837,1.0222961458866837,1.0328936563414124,1.0328936563414124,1.0328936563414124,1.0328936563414124,1.028459324482109,1.028459324482109,1.028459324482109,1.028459324482109,1.0316299132558333,1.0316299132558333,1.0316299132558333,1.0316299132558333
2020-01-15,1.0185249907136165,1.0185249907136165,1.0185249907136165,1.0185249907136165,1.028188650614114,1.028188650614114,1.028188650614114,1.028188650614114,1.0284020426696134,1.0284020426696134,1.0284020426696134,1.0284020426696134,1.0316215768763795,1.0316215768763795,1.0316215768763795,1.0316215768763795
2020-01-16,1.0286648083329373,1.0286648083329373,1.0286648083329373,1.0286648083329373,1.037651791142347,1.037651791142347,1.037651791142347,1.037651791142347,1.0377941465608869,1.0377941465608869,1.0377941465608869,1.0377941465608869,1.041412666836603,1.041412666836603,1.041412666836603,1.041412666836603
2020-01-17,1.029489089501511,1.029489089501511,1.029489089501511,1.029489089501511,1.0390339868595255,1.0390339868595255,1.0390339868595255,1.0390339868595255,1.0388382454658451,1.0388382454658451,1.0388382454658451,1.0388382454658451,1.0430137190607747,1.0430137190607747,1.0430137190607747,1.0430137190607747
2020-01-21,1.024970393189589,1.024970393189589,1.024970393189589,1.024970393189589,1.036962246633207,1.036962246633207,1.036962246633207,1.036962246633207,1.0381116489645859,1.0381116489645859,1.0381116489645859,1.0381116489645859,1.0437243081902832,1.0437243081902832,1.0437243081902832,1.0437243081902832
2020-01-22,1.0255993163385873,1.0255993163385873,1.0255993163385873,1.0255993163385873,1.0362371616173023,1.0362371616173023,1.0362371616173023,1.0362371616173023,1.0436567228378615,1.0436567228378615,1.0436567228378615,1.0436567228378615,1.04965599004968,1.04965599004968,1.04965599004968,1.04965599004968
2020-01-23,1.022523066754776,1.022523066754776,1.022523066754776,1.022523066754776,1.0346897060264784,1.0346897060264784,1.0346897060264784,1.0346897060264784,1.0494319870889468,1.0494319870889468,1.0494319870889468,1.0494319870889468,1.0581886150422521,1.0581886150422521,1.0581886150422521,1.0581886150422521
2020-01-24,1.0089957736640707,1.0089957736640707,1.0089957736640707,1.0089957736640707,1.0203049232095884,1.0203049232095884,1.0203049232095884,1.0203049232095884,1.0350958349800043,1.0350958349800043,1.0350958349800043,1.0350958349800043,1.0434365213871262,1.0434365213871262,1.0434365213871262,1.0434365213871262
2020-01-27,0.9875000721951284,0.9875000721951284,0.9875000721951284,0.9875000721951284,1.0012020670776183,1.0012020670776183,1.0012020670776183,1.0012020670776183,1.0189261730398056,1.0189261730398056,1.0189261730398056,1.0189261730398056,1.0287974398021484,1.0287974398021484,1.0287974398021484,1.0287974398021484
2020-01-28,1.010235532426478,1.010235532426478,1.010235532426478,1.010235532426478,1.0220124764021907,1.0220124764021907,1.0220124764021907,1.0220124764021907,1.0398337702395741,1.0398337702395741,1.0398337702395741,1.0398337702395741,1.0487264775152907,1.0487264775152907,1.0487264775152907,1.0487264775152907
2020-01-29,0.9943565362175013,0.9943565362175013,0.9943565362175013,0.9943565362175013,1.0080200503259258,1.0080200503259258,1.0080200503259258,1.0080200503259258,1.035762819933371,1.035762819933371,1.035762819933371,1.035762819933371,1.0463149564300056,1.0463149564300056,1.0463149564300056,1.0463149564300056
2020-01-30,0.9829307751877021,0.9829307751877021,0.9829307751877021,0.9829307751877021,0.9968136010906798,0.9968136010906798,0.9968136010906798,0.9968136010906798,1.0335872966861754,1.0335872966861754,1.0335872966861754,1.0335872966861754,1.0448652314613742,1.0448652314613742,1.0448652314613742,1.0448652314613742
2020-01-31,0.9535580988236398,0.9535580988236398,0.9535580988236398,0.9535580988236398,0.9651702377058341,0.9651702377058341,0.9651702377058341,0.9651702377058341,1.0054247782835217,1.0054247782835217,1.0054247782835217,1.0054247782835217,1.0170325299815004,1.0170325299815004,1.0170325299815004,1.0170325299815004
2020-02-03,0.9721920307595578,0.9721920307595578,0.9721920307595578,0.9721920307595578,0.9798939326908127,0.9798939326908127,0.9798939326908127,0.9798939326908127,1.019764079129529,1.019764079129529,1.019764079129529,1.019764079129529,1.0299892423484525,1.0299892423484525,1.0299892423484525,1.0299892423484525
2020-02-04,1.0030466806735512,1.0030466806735512,1.0038285045833748,1.0038285045833748,1.0052241830246438,1.0052241830246438,1.0060878826938842,1.0060878826938842,1.0447207944092027,1.0447207944092027,1.0452913615144817,1.0452913615144817,1.0519731555863543,1.0519731555863543,1.0526104832384984,1.0526104832384984
2020-02-05,0.9909003937966614,0.9909003937966614,0.9991373660189965,0.9991373660189965,0.9975456588424539,0.9975456588424539,1.0033079702021162,1.0033079702021162,1.0395028531525061,1.0395028531525061,1.0373529927613532,1.0373529927613532,1.0492434414164753,1.0492434414164753,1.0437483823074036,1.0437483823074036
2020-02-06,0.9847944915373041,0.9847944915373041,0.9829239386925781,0.9829239386925781,0.9910004421443174,0.9910004421443174,0.9843986124843667,0.9843986124843667,1.0342763528757462,1.0342763528757462,1.0317685773731822,1.0317685773731822,1.0442326001617432,1.0442326001617432,1.0389221155711723,1.0389221155711723
2020-02-07,0.9738884574924653,0.9738884574924653,0.9717186184436712,0.9717186184436712,0.9809203571969474,0.9809203571969474,0.9729886896475026,0.9729886896475026,1.0216447243995244,1.0216447243995244,1.0212399263521985,1.0212399263521985,1.0326262260594685,1.0326262260594685,1.0299487113970471,1.0299487113970471
2020-02-10,0.9967052711101905,0.9967052711101905,0.9862427396961497,0.9862427396961497,0.998013861429803,0.998013861429803,0.9837708536325435,0.9837708536325435,1.0391277879020604,1.0391277879020604,1.0390871187708801,1.0390871187708801,1.046722463985035,1.046722463985035,1.0442278407979937,1.0442278407979937
2020-02-11,1.0064991043801614,1.0064991043801614,0.9983553134708852,0.9983553134708852,1.0112903735059289,1.0112903735059289,0.9961676270964633,0.9961676270964633,1.0508163081012276,1.0508163081012276,1.0487678266646112,1.0487678266646112,1.059924438699369,1.059924438699369,1.0541804339158638,1.0541804339158638
2020-02-12,1.0267190843750462,1.0267190843750462,1.0182419152157476,1.0182419152157476,1.0297461855985992,1.0297461855985992,1.0149140174427516,1.0149140174427516,1.067473218922077,1.067473218922077,1.0629330520905413,1.0629330520905413,1.0751261747219678,1.0751261747219678,1.0658986879380012,1.0658986879380012
2020-02-13,1.024248379911807,1.024248379911807,1.0254719903557004,1.0254719903557004,1.027004165664754,1.027004165664754,1.0218014959210844,1.0218014959210844,1.0699356692403257,1.0699356692403257,1.0657801551587365,1.0657801551587365,1.0783379323036608,1.0783379323036608,1.070032859733674,1.070032859733674
2020-02-14,1.0175333791493066,1.0175333791493066,1.0180302249440656,1.0180302249440656,1.0203960893354909,1.0203960893354909,1.0160820174369212,1.0160820174369212,1.0619673101507259,1.0619673101507259,1.0590200234731113,1.0590200234731113,1.0710568283218602,1.0710568283218602,1.06429400326422,1.06429400326422
2020-02-18,1.0095581023824955,1.0095581023824955,1.0048172262992405,1.0048172262992405,1.0135046698263361,1.0135046698263361,1.0057157906452945,1.0057157906452945,1.0555181070845605,1.0555181070845605,1.0512876769983386,1.0512876769983386,1.0642327768628828,1.0642327768628828,1.0584559917422933,1.0584559917422933
2020-02-19,1.0529769979184493,1.0529769979184493,1.051351607960108,1.051351607960108,1.0511473269298173,1.0511473269298173,1.0443258895500225,1.0443258895500225,1.0829611342521124,1.0829611342521124,1.0781724446114234,1.0781724446114234,1.0865638384869942,1.0865638384869942,1.0793443464379995,1.0793443464379995
2020-02-20,1.0603094952386802,1.0603094952386802,1.0539264628845495,1.0539264628845495,1.0544480746730969,1.0544480746730969,1.0445211672843713,1.0445211672843713,1.078981615109144,1.078981615109144,1.0746159363530832,1.0746159363530832,1.0784446009864297,1.0784446009864297,1.0704226245441175,1.0704226245441175
2020-02-21,1.041654951507057,1.041654951507057,1.0370004589623665,1.0370004589623665,1.036343241672524,1.036343241672524,1.0234899936546331,1.0234899936546331,1.0573930392165416,1.0573930392165416,1.0512346678020228,1.0512346678020228,1.0557707911699656,1.0557707911699656,1.046041962054711,1.046041962054711
2020-02-24,1.015346484491317,1.015346484491317,1.0093968897725019,1.0093968897725019,1.004412513576037,1.004412513576037,0.9940878703847288,0.9940878703847288,1.0249523928512807,1.0249523928512807,1.0183368900245595,1.0183368900245595,1.022019755035672,1.022019755035672,1.0124965764525078,1.0124965764525078
2020-02-25,0.9758613934903442,0.9743000152607596,0.9645920709510539,0.9630487236375322,0.9662353494717634,0.9646893729126086,0.9508573988120653,0.949336026973966,0.9860172319621404,0.984439604391001,0.978552527964854,0.9769868439201103,0.9840192437494986,0.9824448129594994,0.9742546032060403,0.9726957958409106
2020-02-26,0.972059566371544,0.9743000152607596,0.9579648582156856,0.9630487236375322,0.9623074611102987,0.9646893729126086,0.9403562058610079,0.949336026973966,0.9812976481999501,0.984439604391001,0.9719410448867936,0.9769868439201103,0.9789012060512405,0.9824448129594994,0.9670444246233858,0.9726957958409106
2020-02-27,0.9331352313826584,0.9743000152607596,0.9252790993956228,0.9630487236375322,0.9246419558459106,0.9646893729126086,0.9102001811012671,0.949336026973966,0.941746347656624,0.984439604391001,0.9294430370622249,0.9769868439201103,0.9393775704883242,0.9824448129594994,0.924980956531383,0.9726957958409106
2020-02-28,0.9409711158757239,0.9743000152607596,0.93953891332906,0.9630487236375322,0.9321846049287281,0.9646893729126086,0.9236204298518497,0.949336026973966,0.9502795848245877,0.984439604391001,0.9374162408858541,0.9769868439201103,0.9443634218144145,0.9824448129594994,0.9285018168096184,0.9726957958409106
2020-03-02,0.9620063596093852,0.9743000152607596,0.9602407276471836,0.9630487236375322,0.9505370443647563,0.9646893729126086,0.9426781299190586,0.949336026973966,0.9768385549592441,0.984439604391001,0.9598395395153329,0.9769868439201103,0.9733744975984266,0.9824448129594994,0.9537099324370881,0.9726957958409106
2020-03-03,0.9469872458953645,0.9743000152607596,0.9404187254685424,0.9630487236375322,0.9358295404303427,0.9646893729126086,0.9207067834284614,0.949336026973966,0.9533395655081739,0.984439604391001,0.9383725778035625,0.9769868439201103,0.9491543677941342,0.9824448129594994,0.9316222766654081,0.9726957958409106
2020-03-04,0.9723577475124875,0.9743000152607596,0.9718590934129538,0.9630487236375322,0.9627394511626838,0.9646893729126086,0.9534031954857731,0.949336026973966,0.9865688502632307,0.984439604391001,0.970695757125268,0.9769868439201103,0.9840930045870866,0.9824448129594994,0.9658844392606266,0.9726957958409106
2020-03-05,0.9510498376979928,0.9743000152607596,0.9515971201602472,0.9630487236375322,0.9398581524675802,0.9646893729126086,0.931046267387534,0.949336026973966,0.9543836429297538,0.984439604391001,0.9403549813386783,0.9769868439201103,0.9495411528319273,0.9824448129594994,0.9332652871675142,0.9726957958409106
2020-03-06,0.9138559045717002,0.9743000152607596,0.9053978232792461,0.9630487236375322,0.9073259968725746,0.9646893729126086,0.8895886173866842,0.949336026973966,0.9200414420902889,0.984439604391001,0.9071250066954031,0.9769868439201103,0.9170533609311752,0.9824448129594994,0.9027838335878041,0.9726957958409106
2020-03-09,0.8175374260819763,0.9743000152607596,0.8067053465202036,0.9630487236375322,0.816493748696411,0.9646893729126086,0.7948381259623871,0.949336026973966,0.8269812862523542,0.984439604391001,0.8143264832242624,0.9769868439201103,0.8263055575258555,0.9824448129594994,0.8126429003825761,0.9726957958409106
2020-03-10,0.8482352939248134,0.9743000152607596,0.8397093904384387,0.9630487236375322,0.846028812948247,0.9646893729126086,0.8277447454320028,0.949336026973966,0.8604798326762555,0.984439604391001,0.8506684821799835,0.9769868439201103,0.859882339382708,0.9824448129594994,0.8491121882952344,0.9726957958409106
2020-03-11,0.7998396609375183,0.9743000152607596,0.7905989717224097,0.9630487236375322,0.7973764980483922,0.9646893729126086,0.7801082537447385,0.949336026973966,0.8052183826785194,0.984439604391001,0.7972597809569623,0.9769868439201103,0.8039964955267483,0.9824448129594994,0.7960471956513938,0.9726957958409106
2020-03-12,0.7064144229940393,0.9743000152607596,0.6881605490832166,0.9630487236375322,0.7059669865814828,0.9646893729126086,0.6804153748977709,0.949336026973966,0.704346044912294,0.984439604391001,0.7030016088665855,0.9769868439201103,0.703280617811064,0.9824448129594994,0.7023482095114008,0.9726957958409106
2020-03-13,0.7463737753651393,0.9743000152607596,0.7258581248292353,0.9630487236375322,0.7541111098833886,0.9646893729126086,0.7259281102108416,0.949336026973966,0.7552979369133938,0.984439604391001,0.7550393739009698,0.9769868439201103,0.7578555996949655,0.9824448129594994,0.7594325730452633,0.9726957958409106
2020-03-16,0.6325325388768731,0.9743000152607596,0.6107082237210758,0.9630487236375322,0.6325495551023772,0.9646893729126086,0.606057088714701,0.949336026973966,0.624885518516111,0.984439604391001,0.6312491739562018,0.9769868439201103,0.6228617174386687,0.9824448129594994,0.6321066623983208,0.9726957958409106
2020-03-17,0.681598218092195,0.9743000152607596,0.6416492853633324,0.9630487236375322,0.684884518061887,0.9646893729126086,0.6332991284940296,0.949336026973966,0.6562503044411292,0.984439604391001,0.6662157175074833,0.9769868439201103,0.6519720952066097,0.9824448129594994,0.6662567626470915,0.9726957958409106
2020-03-18,0.5866352563893188,0.9743000152607596,0.5604152086963472,0.9630487236375322,0.5984174683376022,0.9646893729126086,0.5629532549140916,0.949336026973966,0.5727098555469917,0.984439604391001,0.5875316242270217,0.9769868439201103,0.570980531101649,0.9824448129594994,0.5910080367993387,0.9726957958409106
2020-03-19,0.6287530184196666,0.9743000152607596,0.6052611707333009,0.9630487236375322,0.640921713590531,0.9646893729126086,0.6070288695525461,0.949336026973966,0.6134067915023236,0.984439604391001,0.628472281754267,0.9769868439201103,0.613049262799549,0.9824448129594994,0.6327944208865246,0.9726957958409106
2020-03-20,0.617002781565027,0.9743000152607596,0.5953807558370753,0.9630487236375322,0.6297289512788227,0.9646893729126086,0.5979769559467977,0.949336026973966,0.5973921947712703,0.984439604391001,0.6117867784335653,0.9769868439201103,0.5953414985501678,0.9824448129594994,0.6142600757601007,0.9726957958409106
2020-03-23,0.6303848942789032,0.9743000152607596,0.6130934060149371,0.9630487236375322,0.640716368896992,0.9646893729126086,0.6110459607655925,0.949336026973966,0.6003623040221779,0.984439604391001,0.6167696684973963,0.9769868439201103,0.5940739668752639,0.9824448129594994,0.6155823013881819,0.9726957958409106
2020-03-24,0.6979106972830095,0.9743000152607596,0.6881545734857971,0.9630487236375322,0.7070818973188294,0.9646893729126086,0.6818325322919904,0.949336026973966,0.6749531311227598,0.984439604391001,0.6885699765353328,0.9769868439201103,0.667767996082015,0.9824448129594994,0.6859760961429214,0.9726957958409106
2020-03-25,0.7176048440549093,0.9743000152607596,0.7169161541001495,0.9630487236375322,0.7206450846650394,0.9646893729126086,0.7071751122990367,0.949336026973966,0.7033719997654269,0.984439604391001,0.7125756474005148,0.9769868439201103,0.6957924091852459,0.9824448129594994,0.7079544154863766,0.9726957958409106
2020-03-26,0.7574795888695844,0.9743000152607596,0.7398036885922191,0.9630487236375322,0.7666499317711946,0.9646893729126086,0.7350683220784769,0.949336026973966,0.7422165686745659,0.984439604391001,0.7505324634653302,0.9769868439201103,0.7395110518908057,0.9824448129594994,0.7503349576905872,0.9726957958409106
2020-03-27,0.7274525234747337,0.9743000152607596,0.7003135550018719,0.9630487236375322,0.7433835032358995,0.9646893729126086,0.6985939823443066,0.949336026973966,0.7079178045985267,0.984439604391001,0.7192982633977502,0.9769868439201103,0.7081837058983707,0.9824448129594994,0.7228954518088262,0.9726957958409106
2020-03-30,0.7411571360866394,0.9743000152607596,0.7169051146422335,0.9630487236375322,0.757262350838127,0.9646893729126086,0.7159676034855156,0.949336026973966,0.7224153946599446,0.984439604391001,0.7318499322925915,0.9769868439201103,0.7218268477654534,0.9824448129594994,0.7348077716928648,0.9726957958409106
2020-03-31,0.7303215510248496,0.9743000152607596,0.7071365098075737,0.9630487236375322,0.7452126823167728,0.9646893729126086,0.7045415440459635,0.949336026973966,0.7084998609908891,0.984439604391001,0.7182175672919856,0.9769868439201103,0.7060515227489055,0.9824448129594994,0.7192596830666262,0.9726957958409106
2020-04-01,0.6870366021222281,0.9743000152607596,0.6645957871909381,0.9630487236375322,0.7018797704354806,0.9646893729126086,0.6633644357441669,0.949336026973966,0.6580289761306961,0.984439604391001,0.6698362077921828,0.9769868439201103,0.6539563415933677,0.9824448129594994,0.6703763255104842,0.9726957958409106
2020-04-02,0.687088643347902,0.9743000152607596,0.6631862545881048,0.9630487236375322,0.7020711540191031,0.9646893729126086,0.663096964167233,0.949336026973966,0.6555610179052637,0.984439604391001,0.6683404538913139,0.9769868439201103,0.6513421986329666,0.9824448129594994,0.6684077587588676,0.9726957958409106
2020-04-03,0.6665027311627995,0.9743000152607596,0.6412848489720847,0.9630487236375322,0.6813726624159321,0.9646893729126086,0.6396739849149975,0.949336026973966,0.6338071681867805,0.984439604391001,0.645446592208467,0.9769868439201103,0.6292277878101236,0.9824448129594994,0.6447392843989473,0.9726957958409106
2020-04-06,0.7321846798594285,0.9743000152607596,0.7018565993626829,0.9630487236375322,0.7421426791395205,0.9646893729126086,0.6941743615586444,0.949336026973966,0.6947556276858631,0.984439604391001,0.7097810392634227,0.9769868439201103,0.6859607825751894,0.9824448129594994,0.7054647033071537,0.9726957958409106
2020-04-07,0.7403177446865935,0.9743000152607596,0.7079742148338859,0.9630487236375322,0.7442062524523044,0.9646893729126086,0.694293449377524,0.949336026973966,0.70026377235952,0.984439604391001,0.7149919290409763,0.9769868439201103,0.6876444747583849,0.9824448129594994,0.7070018928963829,0.9726957958409106
2020-04-08,0.781933007426628,0.9743000152607596,0.7456630972960168,0.9630487236375322,0.7856937803276202,0.9646893729126086,0.7313212031172015,0.949336026973966,0.7391461953619793,0.984439604391001,0.7540187881616538,0.9769868439201103,0.7235646538098918,0.9824448129594994,0.7430362854301275,0.9726957958409106
2020-04-09,0.8185228394188094,0.9743000152607596,0.7751144080078427,0.9630487236375322,0.8229371074118603,0.9646893729126086,0.7607659584650962,0.949336026973966,0.7663409149419947,0.984439604391001,0.780938655624444,0.9769868439201103,0.7500201936004384,0.9824448129594994,0.7695953019327457,0.9726957958409106
2020-04-13,0.8054452460256535,0.9743000152607596,0.7713926274661937,0.9630487236375322,0.8086377190963654,0.9646893729126086,0.7567378121689751,0.949336026973966,0.7517457465613778,0.984439604391001,0.7680136621703696,0.9769868439201103,0.7360244197615079,0.9824448129594994,0.7576055227464232,0.9726957958409106
2020-04-14,0.8405266412473207,0.9743000152607596,0.8037961874667203,0.9630487236375322,0.8427252595620338,0.9646893729126086,0.7872003036324708,0.949336026973966,0.7828023860286777,0.984439604391001,0.8010972580789458,0.9769868439201103,0.7660467949676796,0.9824448129594994,0.7899088432685204,0.9726957958409106
2020-04-15,0.8163572075112709,0.9743000152607596,0.7842173025916862,0.9630487236375322,0.821455790010373,0.9646893729126086,0.7717337693428604,0.949336026973966,0.7588241367004299,0.984439604391001,0.7804190615448532,0.9769868439201103,0.7447571340810033,0.9824448129594994,0.7716621399436195,0.9726957958409106
2020-04-16,0.8223581790168621,0.9743000152607596,0.7874602840414503,0.9630487236375322,0.8281564095374822,0.9646893729126086,0.7759332501319617,0.949336026973966,0.7711385909963562,0.984439604391001,0.7874055671256532,0.9769868439201103,0.7574783676649182,0.9824448129594994,0.7791912865011504,0.9726957958409106
2020-04-17,0.8623326631577596,0.9743000152607596,0.8216068442311012,0.9630487236375322,0.8680008702992158,0.9646893729126086,0.8092952710456233,0.949336026973966,0.8025486868997184,0.984439604391001,0.8212880404851159,0.9769868439201103,0.7861311756893327,0.9824448129594994,0.8106323390889083,0.9726957958409106
2020-04-20,0.849614528041318,0.9743000152607596,0.8138141467882613,0.9630487236375322,0.857951371052619,0.9646893729126086,0.8042281039114149,0.949336026973966,0.7915076917502503,0.984439604391001,0.8085041112819503,0.9769868439201103,0.7772557754407388,0.9824448129594994,0.7996183761883803,0.9726957958409106
2020-04-21,0.8118885859411822,0.9743000152607596,0.7779390516445164,0.9630487236375322,0.8212600161191903,0.9646893729126086,0.7695592164588763,0.949336026973966,0.7617335817205839,0.984439604391001,0.7767974623357311,0.9769868439201103,0.7479835807701762,0.9824448129594994,0.7684180979633627,0.9726957958409106
2020-04-22,0.843654558645355,0.9743000152607596,0.8135882289692516,0.9630487236375322,0.851205500491181,0.9646893729126086,0.8029739394142997,0.949336026973966,0.7863667944387145,0.984439604391001,0.8021493996973458,0.9769868439201103,0.7708817401280318,0.9824448129594994,0.7930419599460349,0.9726957958409106
2020-04-23,0.8544494801528139,0.9743000152607596,0.820572356557436,0.9630487236375322,0.8628027415379703,0.9646893729126086,0.8107660187019091,0.949336026973966,0.7944693700551742,0.984439604391001,0.8098965338821263,0.9769868439201103,0.7786048502574653,0.9824448129594994,0.8005949821756533,0.9726957958409106
2020-04-24,0.8664900819083742,0.9743000152607596,0.8308483541819693,0.9630487236375322,0.8753727891573038,0.9646893729126086,0.821460155485046,0.949336026973966,0.8102031290863193,0.984439604391001,0.8271111529395122,0.9769868439201103,0.7932780957371803,0.9824448129594994,0.8177218213015606,0.9726957958409106
2020-04-27,0.8929238961366541,0.9743000152607596,0.8523534407217863,0.9630487236375322,0.899451172164671,0.9646893729126086,0.8396137448913005,0.949336026973966,0.8376925374188494,0.984439604391001,0.8539768732235973,0.9769868439201103,0.8183291690073198,0.9824448129594994,0.8423250702839743,0.9726957958409106
2020-04-28,0.9174902634412062,0.9743000152607596,0.8728322255692289,0.9630487236375322,0.9185795500340281,0.9646893729126086,0.8545232504981495,0.949336026973966,0.8483739576513412,0.984439604391001,0.8644604477225916,0.9769868439201103,0.8248969229773978,0.9824448129594994,0.8487040872305752,0.9726957958409106
2020-04-29,0.9873416660610906,0.9743000152607596,0.9298738130153456,0.9630487236375322,0.9849976838616079,0.9646893729126086,0.9061775118261144,0.949336026973966,0.890698115420805,0.984439604391001,0.9154470036736855,0.9769868439201103,0.861948212669745,0.9824448129594994,0.8954190277353852,0.9726957958409106
2020-04-30,0.9531729604542566,0.9743000152607596,0.8979927644255256,0.9630487236375322,0.9516638363009639,0.9646893729126086,0.876272651143093,0.949336026973966,0.8563371900885685,0.984439604391001,0.8827395217364288,0.9769868439201103,0.8301459667600444,0.9824448129594994,0.8649113368730501,0.9726957958409106
2020-05-01,0.9079289098397325,0.9743000152607596,0.8568699754005187,0.9630487236375322,0.9119232860829667,0.9646893729126086,0.8397809421388593,0.949336026973966,0.8215153607633355,0.984439604391001,0.8438695305300062,0.9769868439201103,0.7993790114355425,0.9824448129594994,0.8295189946036113,0.9726957958409106
2020-05-04,0.912468993351848,0.9743000152607596,0.8711208271183474,0.9630487236375322,0.9161223713973318,0.9646893729126086,0.8539753347043096,0.949336026973966,0.8299201823166579,0.984439604391001,0.8514867571879629,0.9769868439201103,0.8079391622695283,0.9824448129594994,0.8375532928771714,0.9726957958409106
2020-05-05,0.9344398847305984,0.9743000152607596,0.8888985521759166,0.9630487236375322,0.9399698769278222,0.9646893729126086,0.8724779053995119,0.949336026973966,0.8493283276587043,0.984439604391001,0.8736688142534391,0.9769868439201103,0.8268344810898669,0.9824448129594994,0.8589561759931971,0.9726957958409106
2020-05-06,0.9608726982886534,0.9743000152607596,0.9141562226058998,0.9630487236375322,0.9614128533941027,0.9646893729126086,0.8926278859083097,0.949336026973966,0.8614160043872892,0.984439604391001,0.886540783908635,0.9769868439201103,0.8361191323320616,0.9824448129594994,0.8694736399127682,0.9726957958409106
2020-05-07,0.97859662293221,0.9743000152607596,0.9271268026140477,0.9630487236375322,0.978157297240236,0.9646893729126086,0.9042896374578245,0.949336026973966,0.8729486956557965,0.984439604391001,0.8990840278290508,0.9769868439201103,0.8447679247307821,0.9824448129594994,0.8796716849457963,0.9726957958409106
2020-05-08,0.995712459198649,0.9743000152607596,0.9438223944788219,0.9630487236375322,0.9918857709476292,0.9646893729126086,0.9176714739538933,0.949336026973966,0.8846146955596177,0.984439604391001,0.9141614661708679,0.9769868439201103,0.8547333925621236,0.9824448129594994,0.8923264537016778,0.9726957958409106
2020-05-11,1.0188461188531706,0.9743000152607596,0.9800900025580349,0.9630487236375322,1.010661658890153,0.9646893729126086,0.9489714262632798,0.949336026973966,0.9148040240946947,0.984439604391001,0.9400146640595337,0.9769868439201103,0.8817514444524723,0.9824448129594994,0.916815821676354,0.9726957958409106
2020-05-12,1.0077067781037172,0.9743000152607596,0.9712510848940347,0.9630487236375322,0.9969297156620005,0.9646893729126086,0.9381998094042818,0.949336026973966,0.8950998650083432,0.984439604391001,0.919868762446954,0.9769868439201103,0.8628557576153193,0.9824448129594994,0.8965202714144911,0.9726957958409106
2020-05-13,0.9787828785126043,0.9743000152607596,0.947867301038848,0.9630487236375322,0.9697475872056126,0.9646893729126086,0.9171852351951781,0.949336026973966,0.8800349885332023,0.984439604391001,0.9014912025228997,0.9769868439201103,0.8499807828559744,0.9824448129594994,0.8797651659117974,0.9726957958409106
2020-05-14,1.0069086848840472,0.9743000152607596,0.9741516991884003,0.9630487236375322,0.9931556453559269,0.9646893729126086,0.9388692088441902,0.949336026973966,0.89382083223772,0.984439604391001,0.9156118471837741,0.9769868439201103,0.860301236080202,0.9824448129594994,0.8912157946491377,0.9726957958409106
2020-05-15,1.0219259755038015,0.9743000152607596,0.9895374917926645,0.9630487236375322,1.0094211547203447,0.9646893729126086,0.9552133936399128,0.949336026973966,0.9101808230506585,0.984439604391001,0.9324539019768626,0.9769868439201103,0.874858156437188,0.9824448129594994,0.9066201321102858,0.9726957958409106
2020-05-18,1.0450890882197241,0.9743000152607596,1.0103105047283054,0.9630487236375322,1.0257251363405842,0.9646893729126086,0.9686305086486046,0.949336026973966,0.9242774218353034,0.984439604391001,0.9507459452199035,0.9769868439201103,0.8853029734923141,0.9824448129594994,0.921076455143452,0.9726957958409106
2020-05-19,1.0499917605999989,0.9743000152607596,1.0133758351014572,0.9630487236375322,1.026877091945536,0.9646893729126086,0.9686558759943952,0.949336026973966,0.9186015507079602,0.984439604391001,0.9452171695933268,0.9769868439201103,0.8785444151756421,0.9824448129594994,0.9149410591890932,0.9726957958409106
2020-05-20,1.0431188512877692,0.9743000152607596,1.0089284100306428,0.9630487236375322,1.0260395569178011,0.9646893729126086,0.9697869871870104,0.949336026973966,0.9238200709746947,0.984439604391001,0.9516023109173027,0.9769868439201103,0.8840934187107915,0.9824448129594994,0.9220011087488318,0.9726957958409106
2020-05-21,1.0303574052683764,0.9743000152607596,0.9956542627941961,0.9630487236375322,1.0153013514326221,0.9646893729126086,0.958469242293813,0.949336026973966,0.913787128124583,0.984439604391001,0.9420175568036745,0.9769868439201103,0.8751461666897122,0.9824448129594994,0.9132550528327521,0.9726957958409106
2020-05-22,1.0250416030833471,0.9743000152607596,0.9905956139362864,0.9630487236375322,1.013749964290208,0.9646893729126086,0.9568072502583979,0.949336026973966,0.9147833787167647,0.984439604391001,0.9416155098263709,0.9769868439201103,0.8781860999205632,0.9824448129594994,0.9150517377966217,0.9726957958409106
2020-05-26,1.0169455867416732,0.9743000152607596,0.9820354441324981,0.9630487236375322,0.9989014836021063,0.9646893729126086,0.941823903722705,0.949336026973966,0.9060514797947321,0.984439604391001,0.9340603321761541,0.9769868439201103,0.8674350236737568,0.9824448129594994,0.9050459718398105,0.9726957958409106
2020-05-27,1.0167577996103268,0.9743000152607596,0.9801057495141401,0.9630487236375322,0.9985057107647466,0.9646893729126086,0.9397876625588947,0.949336026973966,0.9070348433503915,0.984439604391001,0.9362596032766914,0.9769868439201103,0.8724603684573833,0.9824448129594994,0.91023592206473,0.9726957958409106
2020-05-28,1.0244293343320159,0.9743000152607596,0.9857127717487213,0.9630487236375322,1.0083245594550325,0.9646893729126086,0.9473311568189975,0.949336026973966,0.9118814538302543,0.984439604391001,0.9395499911436673,0.9769868439201103,0.877932578205708,0.9824448129594994,0.9149125924261288,0.9726957958409106
2020-05-29,1.0447152666763697,0.9743000152607596,1.0054961182328057,0.9630487236375322,1.0283807804858802,0.9646893729126086,0.9667743450770789,0.949336026973966,0.9311473897313907,0.984439604391001,0.9579292725932129,0.9769868439201103,0.8963580798654455,0.9824448129594994,0.9326587398489973,0.9726957958409106
2020-06-01,1.0721254413783041,0.9743000152607596,1.0316069403361243,0.9630487236375322,1.0509666051454012,0.9646893729126086,0.9879197898876568,0.949336026973966,0.9410628299240674,0.984439604391001,0.9671158530040725,0.9769868439201103,0.9018770035987723,0.9824448129594994,0.9379769799719341,0.9726957958409106
2020-06-02,1.066736183634416,0.9743000152607596,1.0265002236297225,0.9630487236375322,1.047836344495189,0.9646893729126086,0.9848604588732657,0.949336026973966,0.9391235298608238,0.984439604391001,0.9664953269379936,0.9769868439201103,0.9004131281732394,0.9824448129594994,0.9371334640908482,0.9726957958409106
2020-06-03,1.0679198962133358,0.9743000152607596,1.0258565187540236,0.9630487236375322,1.045146423784805,0.9646893729126086,0.9805446685337881,0.949336026973966,0.9337703924279205,0.984439604391001,0.9653482764966611,0.9769868439201103,0.8945448281308257,0.9824448129594994,0.9353789212686944,0.9726957958409106
2020-06-04,1.0518586246993038,0.9743000152607596,1.010886409541656,0.9630487236375322,1.0256358108720942,0.9646893729126086,0.9629621424507712,0.949336026973966,0.919443824462863,0.984439604391001,0.9515339698896361,0.9769868439201103,0.8800736442852872,0.9824448129594994,0.9208664528704869,0.9726957958409106
2020-06-05,1.0559916059745256,0.9743000152607596,1.0177570493314028,0.9630487236375322,1.0318572378514828,0.9646893729126086,0.9723389741111464,0.949336026973966,0.930498903349531,0.984439604391001,0.9593442135685133,0.9769868439201103,0.8912485904976984,0.9824448129594994,0.9274921173208143,0.9726957958409106
2020-06-08,1.0649797006754833,0.9743000152607596,1.025092991379408,0.9630487236375322,1.0446058486422383,0.9646893729126086,0.981239352538577,0.949336026973966,0.9313095144019501,0.984439604391001,0.9660155477306942,0.9769868439201103,0.892613589895133,0.9824448129594994,0.9338654100313359,0.9726957958409106
2020-06-09,1.062035596339292,0.9743000152607596,1.0262735793721243,0.9630487236375322,1.0408164306217016,0.9646893729126086,0.9837856477234789,0.949336026973966,0.9322613082013914,0.984439604391001,0.9663647595868102,0.9769868439201103,0.8937614423381054,0.9824448129594994,0.9349893690003086,0.9726957958409106
2020-06-10,1.0778366094511904,0.9743000152607596,1.0415649028580818,0.9630487236375322,1.0574147914124334,0.9646893729126086,0.999052899461503,0.949336026973966,0.9388520903580044,0.984439604391001,0.9772091781348103,0.9769868439201103,0.9008458519811964,0.9824448129594994,0.9459981351987087,0.9726957958409106
2020-06-11,1.0235263921753273,0.9743000152607596,0.9955416854488404,0.9630487236375322,1.0055920339313313,0.9646893729126086,0.9576975099118619,0.949336026973966,0.8903240379776327,0.984439604391001,0.9276846832956102,0.9769868439201103,0.8562226973495056,0.9824448129594994,0.9006225145668205,0.9726957958409106
2020-06-12,1.0383553675090207,0.9743000152607596,1.0061196865874364,0.9630487236375322,1.017554365733254,0.9646893729126086,0.9654469118942394,0.949336026973966,0.8981836458173521,0.984439604391001,0.9359835268382215,0.9769868439201103,0.8624540174782207,0.9824448129594994,0.9062633567917163,0.9726957958409106
2020-06-15,1.089824926766317,0.9743000152607596,1.0547962875126975,0.9630487236375322,1.0640404848728209,0.9646893729126086,1.008243129273747,0.949336026973966,0.9299444169241697,0.984439604391001,0.9636086948571423,0.9769868439201103,0.8906766251475764,0.9824448129594994,0.9304971328086382,0.9726957958409106
2020-06-16,1.098741970854784,0.9743000152607596,1.0626559503154849,0.9630487236375322,1.072094458369622,0.9646893729126086,1.0153206837799553,0.949336026973966,0.9415354339322113,0.984439604391001,0.9798262540102084,0.9769868439201103,0.9012485784680405,0.9824448129594994,0.9453159123660132,0.9726957958409106
2020-06-17,1.0784583590561456,0.9743000152607596,1.0466674075415452,0.9630487236375322,1.0577960475076298,0.9646893729126086,1.0065828100479588,0.949336026973966,0.9351615531774657,0.984439604391001,0.9694627459306094,0.9769868439201103,0.8981055305762201,0.9824448129594994,0.9388253628287767,0.9726957958409106
2020-06-18,1.0919611166087728,0.9743000152607596,1.0568249126566707,0.9630487236375322,1.0680013263009305,0.9646893729126086,1.013228629098146,0.949336026973966,0.9365189200318653,0.984439604391001,0.9739998169232216,0.9769868439201103,0.8983923992527469,0.9824448129594994,0.9416984610812612,0.9726957958409106
2020-06-19,1.0967744641898334,0.9743000152607596,1.0671505533673253,0.9630487236375322,1.0766086270074033,0.9646893729126086,1.0277133999056083,0.949336026973966,0.9452079332078852,0.984439604391001,0.9801447833063526,0.9769868439201103,0.9100479217619261,0.9824448129594994,0.9497393033070939,0.9726957958409106
2020-06-22,1.1027638089519503,0.9743000152607596,1.0721532797264302,0.9630487236375322,1.0866905437733083,0.9646893729126086,1.0364830202887299,0.949336026973966,0.9555730150690827,0.984439604391001,0.9897057054686442,0.9769868439201103,0.9212512886730311,0.9824448129594994,0.9596201939306961,0.9726957958409106
2020-06-23,1.0979284555744953,0.9743000152607596,1.0660867579598678,0.9630487236375322,1.0818282244237578,0.9646893729126086,1.0309619470870177,0.949336026973966,0.9549693015584124,0.984439604391001,0.9876721735425662,0.9769868439201103,0.9209662488741414,0.9824448129594994,0.9573983643713108,0.9726957958409106
2020-06-24,1.0825992823708914,0.9743000152607596,1.0485098693777293,0.9630487236375322,1.0638047514893625,0.9646893729126086,1.0110841703343856,0.949336026973966,0.9345269299138448,0.984439604391001,0.969695602431853,0.9769868439201103,0.9001375468888643,0.9824448129594994,0.9397691744761456,0.9726957958409106
2020-06-25,1.0849556525125368,0.9743000152607596,1.0513655214425157,0.9630487236375322,1.0668734684993724,0.9646893729126086,1.0157033708428564,0.949336026973966,0.9445114412414641,0.984439604391001,0.977868161845384,0.9769868439201103,0.9105076106425256,0.9824448129594994,0.9481027889417785,0.9726957958409106
2020-06-26,1.0687213383598317,0.9743000152607596,1.0398426140508086,0.9630487236375322,1.051998701620858,0.9646893729126086,1.0059417405165474,0.949336026973966,0.9284523840808907,0.984439604391001,0.9640940322450069,0.9769868439201103,0.8961691624434361,0.9824448129594994,0.9362123253815672,0.9726957958409106
2020-06-29,1.0779693608099328,0.9743000152607596,1.042610610795746,0.9630487236375322,1.0609183331673915,0.9646893729126086,1.008156518572591,0.949336026973966,0.9396379089478464,0.984439604391001,0.9719504269255989,0.9769868439201103,0.90642725502421,0.9824448129594994,0.9430825880651629,0.9726957958409106
2020-06-30,1.1135288496677362,0.9743000152607596,1.0782711928294404,0.9630487236375322,1.0929199540702481,0.9646893729126086,1.0400781935491972,0.949336026973966,0.9645031278729359,0.984439604391001,0.997460070231526,0.9769868439201103,0.929470459784583,0.9824448129594994,0.9663157474740867,0.9726957958409106
2020-07-01,1.1160337517556471,0.9743000152607596,1.0803008436567163,0.9630487236375322,1.0987171036126,0.9646893729126086,1.0445125025060054,0.949336026973966,0.9671177777940616,0.984439604391001,1.003353456389327,0.9769868439201103,0.9324531811790964,0.9824448129594994,0.9726866077328017,0.9726957958409106
2020-07-02,1.1353218088757924,0.9743000152607596,1.100511122677767,0.9630487236375322,1.1173699170775353,0.9646893729126086,1.064024397946455,0.949336026973966,0.9819459603781892,0.984439604391001,1.0148039088790648,0.9769868439201103,0.9469927648854917,0.9824448129594994,0.9835808535424222,0.9726957958409106
2020-07-06,1.1759553899417092,0.9743000152607596,1.1380632887623041,0.9630487236375322,1.1507334832802019,0.9646893729126086,1.0952581974934257,0.949336026973966,1.0009824954266602,0.984439604391001,1.0329226645559397,0.9769868439201103,0.9622325148925599,0.9824448129594994,0.9981042789705913,0.9726957958409106
2020-07-07,1.1674278664569877,0.9743000152607596,1.1394751813427766,0.9630487236375322,1.1413229096896034,0.9646893729126086,1.097247257104293,0.949336026973966,0.9963050680238318,0.984439604391001,1.0296637723689366,0.9769868439201103,0.9582852095478649,0.9824448129594994,0.9949252544615605,0.9726957958409106
2020-07-08,1.210764783707604,0.9743000152607596,1.17772612450549,0.9630487236375322,1.1843796691532007,0.9646893729126086,1.1313257229756266,0.949336026973966,1.0218370133305232,0.984439604391001,1.0540615135613443,0.9769868439201103,0.9804317405934662,0.9824448129594994,1.015740952054585,0.9726957958409106
2020-07-09,1.222630433890998,0.9743000152607596,1.1927345172531747,0.9630487236375322,1.1967406770736464,0.9646893729126086,1.1468515044471344,0.949336026973966,1.0305783481110538,0.984439604391001,1.063126013380142,0.9769868439201103,0.9893617496146003,0.9824448129594994,1.0249151102155585,0.9726957958409106
2020-07-10,1.2225110336012786,0.9743000152607596,1.1869756029721923,0.9630487236375322,1.199664305751652,0.9646893729126086,1.1420349996548695,0.949336026973966,1.0279912340954949,0.984439604391001,1.0596906182251316,0.9769868439201103,0.9864169979525678,0.9824448129594994,1.0214017213283668,0.9726957958409106
2020-07-13,1.1844373051037478,0.9743000152607596,1.1445141202829003,0.9630487236375322,1.1572870066326253,0.9646893729126086,1.0961603113144707,0.949336026973966,0.9959338190778162,0.984439604391001,1.0293869984288788,0.9769868439201103,0.956010670916657,0.9824448129594994,0.9914934548468196,0.9726957958409106
2020-07-14,1.2222094664638559,0.9743000152607596,1.1794750448384286,0.9630487236375322,1.1915902852082394,0.9646893729126086,1.126961128172331,0.949336026973966,1.0270687680486235,0.984439604391001,1.0604064343937465,0.9769868439201103,0.9823452780411605,0.9824448129594994,1.0177889256049357,0.9726957958409106
2020-07-15,1.2341088435922623,0.9743000152607596,1.1913852180632956,0.9630487236375322,1.1991257145520835,0.9646893729126086,1.1352988123611973,0.949336026973966,1.041453700065938,0.984439604391001,1.0749895392827526,0.9769868439201103,0.992445720228581,0.9824448129594994,1.0299095571379513,0.9726957958409106
2020-07-16,1.2195354661677213,0.9743000152607596,1.1755111061046413,0.9630487236375322,1.1852847406868001,0.9646893729126086,1.120747117334245,0.949336026973966,1.031224383664649,0.984439604391001,1.062635548145855,0.9769868439201103,0.9840398873534104,0.9824448129594994,1.0200116391564862,0.9726957958409106
2020-07-17,1.2671069001258934,0.9743000152607596,1.2188403843190028,0.9630487236375322,1.2273383391109784,0.9646893729126086,1.15678286275762,0.949336026973966,1.0531000445825063,0.984439604391001,1.0879766862314257,0.9769868439201103,1.0026380744612937,0.9824448129594994,1.040402501499932,0.9726957958409106
2020-07-20,1.30223372895059,0.9743000152607596,1.2548148261521999,0.9630487236375322,1.2649562043899487,0.9646893729126086,1.1945430562812502,0.949336026973966,1.0796616190803976,0.984439604391001,1.1167816896911333,0.9769868439201103,1.0287565493327717,0.9824448129594994,1.0670624958036368,0.9726957958409106
2020-07-21,1.2966328265226603,0.9743000152607596,1.234918395257197,0.9630487236375322,1.2608022964046879,0.9646893729126086,1.171595908011198,0.949336026973966,1.0718028583904635,0.984439604391001,1.1007863798458182,0.9769868439201103,1.018907641201078,0.9824448129594994,1.0520134753090962,0.9726957958409106
2020-07-22,1.3197643867384898,0.9743000152607596,1.2493730382019244,0.9630487236375322,1.2812016928080694,0.9646893729126086,1.185057075652691,0.949336026973966,1.084745119784404,0.984439604391001,1.1116041638051068,0.9769868439201103,1.0287352895674662,0.9824448129594994,1.0612713513582062,0.9726957958409106
2020-07-23,1.2962152868909944,0.9743000152607596,1.2240754762862815,0.9630487236375322,1.2594106448035787,0.9646893729126086,1.163325626103249,0.949336026973966,1.0703194861619714,0.984439604391001,1.098799942052107,0.9769868439201103,1.0168383967300771,0.9824448129594994,1.0498426934517813,0.9726957958409106
2020-07-24,1.2800107895666146,0.9743000152607596,1.213571948575783,0.9630487236375322,1.2465890311984729,0.9646893729126086,1.1587886377705827,0.949336026973966,1.0619633894262583,0.984439604391001,1.0898388072647693,0.9769868439201103,1.0102159056260516,0.9824448129594994,1.0429853288558006,0.9726957958409106
2020-07-27,1.3254563370609285,0.9743000152607596,1.2581922326609294,0.9630487236375322,1.2892862023815603,0.9646893729126086,1.1986822520589913,0.949336026973966,1.0937130147507572,0.984439604391001,1.1214859022237436,0.9769868439201103,1.0392369580244138,0.9824448129594994,1.0705375995438997,0.9726957958409106
2020-07-28,1.2934269464092214,0.9743000152607596,1.2327769730403708,0.9630487236375322,1.259953731378253,0.9646893729126086,1.1763953505195635,0.949336026973966,1.0708897673383977,0.984439604391001,1.098692250312635,0.9769868439201103,1.0178356208859367,0.9824448129594994,1.0503995787146838,0.9726957958409106
2020-07-29,1.3261128218658849,0.9743000152607596,1.2634162801832893,0.9630487236375322,1.2953698974838863,0.9646893729126086,1.2100307416160776,0.949336026973966,1.0975600822710532,0.984439604391001,1.1196060296701351,0.9769868439201103,1.0428052708309812,0.9824448129594994,1.0709757159544608,0.9726957958409106
2020-07-30,1.3515651603232874,0.9743000152607596,1.2845704841347736,0.9630487236375322,1.322920452222254,0.9646893729126086,1.2325740675947772,0.949336026973966,1.1108796479095686,0.984439604391001,1.135058100148388,0.9769868439201103,1.0566004732610668,0.9824448129594994,1.085927885147743,0.9726957958409106
2020-07-31,1.34559456311848,0.9743000152607596,1.2829237571337184,0.9630487236375322,1.3202327740348394,0.9646893729126086,1.2337512511616129,0.949336026973966,1.112072725288837,0.984439604391001,1.1435397188400618,0.9769868439201103,1.0637677841195101,0.9824448129594994,1.0988829268686953,0.9726957958409106
2020-08-03,1.4082597477227576,0.9743000152607596,1.3422625296494777,0.9630487236375322,1.3786917743032612,0.9646893729126086,1.2870511233918787,0.949336026973966,1.152979267737489,0.984439604391001,1.1810371654613263,0.9769868439201103,1.099462548753419,0.9824448129594994,1.1311233790547828,0.9726957958409106
2020-08-04,1.4288078751562774,0.9743000152607596,1.3705996986527182,0.9630487236375322,1.393874515398705,0.9646893729126086,1.3111327096516665,0.949336026973966,1.1645823946726308,0.984439604391001,1.19599063906169,0.9769868439201103,1.1073553851955074,0.9824448129594994,1.1427744354028984,0.9726957958409106
2020-08-05,1.4501500330964665,0.9743000152607596,1.3839370658409176,0.9630487236375322,1.4131648751920831,0.9646893729126086,1.3228275462209003,0.949336026973966,1.1807605532670997,0.984439604391001,1.2101832271772401,0.9769868439201103,1.1211653210384855,0.9824448129594994,1.1542290068062524,0.9726957958409106
2020-08-06,1.4435535710852314,0.9743000152607596,1.365671710736899,0.9630487236375322,1.4051276790868137,0.9646893729126086,1.3072141012303822,0.949336026973966,1.1719928923037988,0.984439604391001,1.2038964722947678,0.9769868439201103,1.1134921046154227,0.9824448129594994,1.149042343020868,0.9726957958409106
2020-08-07,1.4180401479070521,0.9743000152607596,1.3478166526992954,0.9630487236375322,1.384582063843762,0.9646893729126086,1.2918773583635492,0.949336026973966,1.1643651159128336,0.984439604391001,1.1900841376481905,0.9769868439201103,1.107515008341278,0.9824448129594994,1.1383114057127857,0.9726957958409106
2020-08-10,1.4066505412507402,0.9743000152607596,1.3297675799070225,0.9630487236375322,1.3735860137097506,0.9646893729126086,1.2726128752112378,0.949336026973966,1.1491956234117806,0.984439604391001,1.1732161944375585,0.9769868439201103,1.0916429622753108,0.9824448129594994,1.1212971573146056,0.9726957958409106
2020-08-11,1.3825543665763573,0.9743000152607596,1.3044530283057638,0.9630487236375322,1.3496064076600534,0.9646893729126086,1.2486963151585833,0.949336026973966,1.1195941169856638,0.984439604391001,1.146076165916028,0.9769868439201103,1.064611292425094,0.9824448129594994,1.0967942675769649,0.9726957958409106
2020-08-12,1.4514173212519523,0.9743000152607596,1.3678002105845561,0.9630487236375322,1.4145495053747363,0.9646893729126086,1.30589841804798,0.949336026973966,1.1526277794313917,0.984439604391001,1.1811678645676755,0.9769868439201103,1.0937579364177115,0.9824448129594994,1.1276305611361412,0.9726957958409106
2020-08-13,1.4753858116164618,0.9743000152607596,1.3838637554833741,0.9630487236375322,1.439269250333997,0.9646893729126086,1.3234713110591796,0.949336026973966,1.1704343497343628,0.984439604391001,1.1972325042327392,0.9769868439201103,1.1107519856753352,0.9824448129594994,1.1422891799763395,0.9726957958409106
2020-08-14,1.4717096292438205,0.9727411352363424,1.376166729183597,0.9615078456797121,1.4351466084443099,0.9631458699159484,1.314568428556604,0.9478170893308077,1.1604066068529746,0.9828645010239754,1.190616140541849,0.9754236649698381,1.1020955456747166,0.9808729012587641,1.1358601523203895,0.9711394825675651
2020-08-17,1.4954112818084464,0.9897148501081944,1.3932998840902666,0.974584191471211,1.4629786780560943,0.983146667871857,1.3333109334421578,0.9624416386016951,1.183160527885209,1.0029461837100273,1.210898381748189,0.9927950399622542,1.124237810597923,1.0013350792917626,1.1560201262548304,0.9890596888227438
2020-08-18,1.485622680865859,0.9829042799161958,1.378961738494946,0.9648447994912683,1.4549431212914232,0.9775397294529518,1.3228127209691742,0.9552128385311014,1.18147041875408,1.0012966054524017,1.207251352012025,0.9895353049749103,1.122408089741602,0.9994808925372888,1.1541056216130965,0.9871817925516794
2020-08-19,1.4678657263450374,0.9706364888779847,1.3659855650116008,0.9552426333897515,1.4414813190466444,0.9681397888295329,1.313523722891537,0.9481011071252894,1.1750569306025134,0.9956417606423186,1.198499727404799,0.9820820063688899,1.1169520257715662,0.9943890131977614,1.1479209537726627,0.9816311811616282
2020-08-20,1.4744007381236415,0.9754217256715267,1.3665322215759623,0.9564080738118959,1.4484142820097274,0.9732020040318804,1.3152335271027253,0.9500648346895942,1.1783339984755568,0.998624341643984,1.20160881004043,0.9848476617267931,1.1208976070025434,0.9980407067393315,1.151905114588668,0.9851953589892786
2020-08-21,1.4548084614108507,0.9628907112078743,1.3448401888520451,0.9417839701392849,1.4335133734085106,0.9636575952681826,1.2962295751563997,0.9368665401628479,1.16913653676764,0.9908107604851146,1.1917139227071947,0.9766897639610997,1.1136818019649737,0.9914442987042656,1.1456101023743495,0.9796355798839562
2020-08-24,1.4331265503105626,0.9484354064828368,1.3285433126780553,0.9303080700833318,1.417657938671958,0.9529769836212192,1.2844816928167577,0.9282996358267323,1.1615759867575584,0.9841842180530084,1.1835789400030055,0.9698028088559952,1.108736938886561,0.9867465509537029,1.1411350590510614,0.9755359937855913
2020-08-25,1.4497638561329966,0.959709161850579,1.3435635187556807,0.9411309752383019,1.4330658684579451,0.9636545865401152,1.2995973028345906,0.9395661512832056,1.1701363498203685,0.9915767799263934,1.1914343173556683,0.9763673152293882,1.1154520527891432,0.9928945676756262,1.14762076115073,0.9812576894460461
2020-08-26,1.4622491275562668,0.9677887474351109,1.3575264570635412,0.9508131512907443,1.4443552515291387,0.9711124292307904,1.3125811871739517,0.9489270108282425,1.1790104470505312,0.9990491992397524,1.2007641281753063,0.9840045244003846,1.1237756748451477,1.0002908793206347,1.1562954039998736,0.988703450363809
2020-08-27,1.440608173988656,0.951821487046579,1.332465178943942,0.9316590014117203,1.4298663515592103,0.9605422978265455,1.295068842810528,0.9353370531351318,1.1645032988664021,0.9860031369304623,1.1851019355687387,0.9703441159102271,1.1126551302385603,0.989950816369654,1.14409433919005,0.977753343040923
2020-08-28,1.459518314486288,0.9634055001421353,1.3376701975000056,0.9346563683780502,1.451677428271537,0.9745429553059327,1.302297832402298,0.9400823600204716,1.1763721556368316,0.9956281047705338,1.1965024273099356,0.9792262774064207,1.1235263960804018,0.9993550741753725,1.1542866450689917,0.9861756405934905
2020-08-31,1.4764868711365686,0.9740853470122823,1.3670680972329081,0.9547571732560536,1.4706022411600264,0.9868717378361372,1.3310995981052247,0.9605839131114995,1.1865313031730387,1.0040434624490413,1.2089289331629776,0.9892084603199784,1.1343586264347894,1.0088802670146664,1.1670427641045873,0.9969481554069345
2020-09-01,1.5038978452333964,0.9930569914594218,1.3809938972627613,0.9653591778267545,1.501618999695184,1.0090096436718246,1.3480313824543348,0.9740007769182424,1.2053697635053122,1.0202139912547779,1.229865975725412,1.0065974815343193,1.1551203241098398,1.0276530720527428,1.1878007847700798,1.014955781544809
2020-09-02,1.5108583327818905,0.998972344489372,1.3888514734243536,0.972064205161984,1.5112049490715944,1.0165288435407172,1.3562761619730146,0.9809104895157817,1.212113798171269,1.0269453609600874,1.237366491497468,1.0138039546615707,1.1608324029945847,1.033533057472502,1.1953273819492238,1.0222205476943471
2020-09-03,1.4068645352938014,0.9302121401505935,1.28690121147232,0.9007086986540682,1.4042464703692734,0.9445820313436419,1.2564445293613593,0.908708456950524,1.1282828077471818,0.9559208029931792,1.1545052676670449,0.9459137725816311,1.0807764857925892,0.9622562420932107,1.1179859948974868,0.956079709439187
2020-09-04,1.3743932133149028,0.9087422564810883,1.2591767778605516,0.881304226658267,1.3728827119004077,0.923484849823006,1.2302169576080768,0.8897396798174825,1.10399086625383,0.9353398173935197,1.1278453205407533,0.9240706404025842,1.058467586696076,0.9423937842288501,1.0946898904621758,0.9361573375479196
2020-09-08,1.2963010847784862,0.8557367394933675,1.1828493331607324,0.8265576485582431,1.3010631176637923,0.8737743203430323,1.1629495865346218,0.8397436164002835,1.061912459829914,0.8982500110894832,1.0850126665534303,0.8875544598505692,1.01959879299267,0.9063349650735306,1.0573834199088368,0.9028067694463464
2020-09-09,1.3463174755788414,0.8557367394933675,1.2271167939389356,0.8265576485582431,1.352609482208985,0.8737743203430323,1.2060890098940833,0.8397436164002835,1.0973302130747844,0.8982500110894832,1.1156224868419418,0.8875544598505692,1.0535594514672582,0.9063349650735306,1.0859152031774704,0.9028067694463464
2020-09-10,1.344372485869559,0.8557367394933675,1.2246647412333491,0.8265576485582431,1.3441460029546337,0.8737743203430323,1.1988928865743473,0.8397436164002835,1.097058566768384,0.8982500110894832,1.1105556803057723,0.8875544598505692,1.053142951084274,0.9063349650735306,1.0806207171710602,0.9028067694463464
2020-09-11,1.3371058474776338,0.8557367394933675,1.2160002607077394,0.8265576485582431,1.3353458463473427,0.8737743203430323,1.1883937646318508,0.8397436164002835,1.0867666855528013,0.8982500110894832,1.099506052731897,0.8875544598505692,1.043713696400276,0.9063349650735306,1.069675619850347,0.9028067694463464
2020-09-14,1.3846211466177754,0.8557367394933675,1.2538092315058942,0.8265576485582431,1.382315478402649,0.8737743203430323,1.2244616975061662,0.8397436164002835,1.1182300175740876,0.8982500110894832,1.1316760520908928,0.8875544598505692,1.071050299223355,0.9063349650735306,1.0962946856862108,0.9028067694463464
2020-09-15,1.404127081080625,0.8557367394933675,1.2741401505688998,0.8265576485582431,1.3945385162441724,0.8737743203430323,1.239363429580722,0.8397436164002835,1.1269887829205831,0.8982500110894832,1.140046256142881,0.8875544598505692,1.0764742496602233,0.9063349650735306,1.1023635060563737,0.9028067694463464
2020-09-16,1.382328134537524,0.8557367394933675,1.256514482142546,0.8265576485582431,1.3754272632842552,0.8737743203430323,1.2276166504036767,0.8397436164002835,1.1158061212012986,0.8982500110894832,1.1282870809237597,0.8875544598505692,1.0655943034665711,0.9063349650735306,1.091060607955915,0.9028067694463464
2020-09-17,1.370520745970136,0.8557367394933675,1.240408476513989,0.8265576485582431,1.3630445271510883,0.8737743203430323,1.2106084541902735,0.8397436164002835,1.1039000711872589,0.8982500110894832,1.1142055140688636,0.8875544598505692,1.0540270226538428,0.9063349650735306,1.0784645055148834,0.9028067694463464
2020-09-18,1.380053152002606,0.8557367394933675,1.2495138648093922,0.8265576485582431,1.3674938009538047,0.8737743203430323,1.2156166396576222,0.8397436164002835,1.1051665501472085,0.8982500110894832,1.1165909057122474,0.8875544598505692,1.053258192791995,0.9063349650735306,1.076818511258268,0.9028067694463464
2020-09-21,1.367722491534663,0.8557367394933675,1.244125048450626,0.8265576485582431,1.3541327960173875,0.8737743203430323,1.2083992228099183,0.8397436164002835,1.106737949788362,0.8982500110894832,1.114361876631706,0.8875544598505692,1.0545821316578312,0.9063349650735306,1.074704123677411,0.9028067694463464
2020-09-22,1.375128982878626,0.8557367394933675,1.2437099061491028,0.8265576485582431,1.3685385321760761,0.8737743203430323,1.2147972126880004,0.8397436164002835,1.1263120488035032,0.8982500110894832,1.1272380065320005,0.8875544598505692,1.0743826010708055,0.9063349650735306,1.0880508515356269,0.9028067694463464
2020-09-23,1.3194284752610255,0.8557367394933675,1.200432468912431,0.8265576485582431,1.3156746579905323,0.8737743203430323,1.175687231057205,0.8397436164002835,1.0886447429704633,0.8982500110894832,1.092726688646324,0.8875544598505692,1.0396334042548057,0.9063349650735306,1.0564984992700346,0.9028067694463464
2020-09-24,1.3175820636593119,0.8557367394933675,1.1977895126293114,0.8265576485582431,1.3135359940613094,0.8737743203430323,1.1718707225942584,0.8397436164002835,1.0835171903535294,0.8982500110894832,1.0904834439802003,0.8875544598505692,1.0352914188570304,0.9063349650735306,1.05493718560734,0.9028067694463464
2020-09-25,1.3476870626881652,0.8557367394933675,1.2236545568542618,0.8265576485582431,1.3436934567680465,0.8737743203430323,1.1978080285007802,0.8397436164002835,1.1068307136186115,0.8982500110894832,1.1118914734815941,0.8875544598505692,1.0562839461929958,0.9063349650735306,1.0734350260819028,0.9028067694463464
2020-09-28,1.3821032407323801,0.8557367394933675,1.2493253969792604,0.8265576485582431,1.374318498091008,0.8737743203430323,1.2195996154151363,0.8397436164002835,1.138797000677867,0.8982500110894832,1.1387706423864747,0.8875544598505692,1.0849456758221816,0.9063349650735306,1.0967866534720274,0.9028067694463464
2020-09-29,1.3854677625457932,0.8557367394933675,1.2587017329299242,0.8265576485582431,1.3794578924171792,0.8737743203430323,1.2304952556732167,0.8397436164002835,1.1466000791420456,0.8982500110894832,1.1488569590770068,0.8875544598505692,1.0935251441767524,0.9063349650735306,1.1056568201950772,0.9028067694463464
2020-09-30,1.3839172651529252,0.8557367394933675,1.2544583856812617,0.8265576485582431,1.3804105044624946,0.8737743203430323,1.2278779073818828,0.8397436164002835,1.1497452742684613,0.8982500110894832,1.15200145976102,0.8875544598505692,1.0975818222667315,0.9063349650735306,1.1088799803755962,0.9028067694463464
2020-10-01,1.4263822779458424,0.8557367394933675,1.2883726119270702,0.8265576485582431,1.4179007038793658,0.8737743203430323,1.256303756415016,0.8397436164002835,1.1845101041287773,0.8982500110894832,1.1813159859937048,0.8875544598505692,1.1273520602353921,0.9063349650735306,1.1319690191555596,0.9028067694463464
2020-10-02,1.4003391940161398,0.8557367394933675,1.2693037526251856,0.8265576485582431,1.390469522959228,0.8737743203430323,1.2363295282315792,0.8397436164002835,1.1729263968725376,0.8982500110894832,1.1690399558327478,0.8875544598505692,1.1169634745816148,0.9063349650735306,1.121139763092067,0.9028067694463464
2020-10-05,1.457505858194244,0.8557367394933675,1.3299221123515625,0.8265576485582431,1.4450461930337508,0.8737743203430323,1.2896853626774034,0.8397436164002835,1.223344346072625,0.8982500110894832,1.2150547723359457,0.8875544598505692,1.163315876253802,0.9063349650735306,1.162723364329612,0.9028067694463464
2020-10-06,1.4193455090263531,0.8557367394933675,1.3035004107626473,0.8265576485582431,1.4033748935999382,0.8737743203430323,1.261599391516006,0.8397436164002835,1.2074842423006098,0.8982500110894832,1.195607144222453,0.8875544598505692,1.1487907051595283,0.9063349650735306,1.1444066667769552,0.9028067694463464
2020-10-07,1.4591654691645957,0.8557367394933675,1.355506232418184,0.8265576485582431,1.44082353085103,0.8737743203430323,1.307928062064271,0.8397436164002835,1.2440513952004664,0.8982500110894832,1.2266136076515175,0.8875544598505692,1.1817651548192707,0.9063349650735306,1.171350188904652,0.9028067694463464
2020-10-08,1.4440120289255598,0.8557367394933675,1.3364742088770365,0.8265576485582431,1.425664536877786,0.8737743203430323,1.2887983225087207,0.8397436164002835,1.2236171617060032,0.8982500110894832,1.205950326435031,0.8875544598505692,1.1637104394454367,0.9063349650735306,1.1547675001119433,0.9028067694463464
2020-10-09,1.4778527680660618,0.8557367394933675,1.367580040229034,0.8265576485582431,1.4579734062728404,0.8737743203430323,1.3183482797184107,0.8397436164002835,1.2501121150798042,0.8982500110894832,1.2309314792195714,0.8875544598505692,1.1876371616064367,0.9063349650735306,1.1767220819136621,0.9028067694463464
2020-10-12,1.486710802189386,0.8557367394933675,1.3724537627908735,0.8265576485582431,1.4682463294825085,0.8737743203430323,1.3244845217267542,0.8397436164002835,1.2621358258800262,0.8982500110894832,1.2390931483052943,0.8875544598505692,1.2005849916199396,0.9063349650735306,1.186051888932576,0.9028067694463464
2020-10-13,1.5079550820187404,0.8557367394933675,1.394627739426245,0.8265576485582431,1.4878890230342179,0.8737743203430323,1.3450417201125429,0.8397436164002835,1.2836572227208378,0.8982500110894832,1.2577507603054137,0.8875544598505692,1.2199749780976823,0.9063349650735306,1.2016643422672633,0.9028067694463464
2020-10-14,1.5051656414135757,0.8557367394933675,1.3872457942529073,0.8265576485582431,1.4828265713350892,0.8737743203430323,1.3348791488826066,0.8397436164002835,1.2717579642183772,0.8982500110894832,1.247805539504995,0.8875544598505692,1.2072824639358488,0.9063349650735306,1.1920227663189251,0.9028067694463464
2020-10-15,1.5223552712295425,0.8557367394933675,1.3997129751729382,0.8265576485582431,1.5006785959937918,0.8737743203430323,1.3495394421725044,0.8397436164002835,1.2801799356584675,0.8982500110894832,1.2583799216285165,0.8875544598505692,1.2143421237800065,0.9063349650735306,1.20106414594897,0.9028067694463464
2020-10-16,1.5022723060940075,0.8557367394933675,1.3812023465938625,0.8265576485582431,1.4844537492118983,0.8737743203430323,1.3360851584211155,0.8397436164002835,1.2714300532336724,0.8982500110894832,1.2500917630173736,0.8875544598505692,1.207905934290123,0.9063349650735306,1.1947207755459663,0.9028067694463464
2020-10-19,1.4889599865017955,0.8557367394933675,1.3708870620957794,0.8265576485582431,1.4711321197581477,0.8737743203430323,1.3248196859812453,0.8397436164002835,1.2623807004014085,0.8982500110894832,1.2395471045657844,0.8875544598505692,1.1991796583047185,0.9063349650735306,1.1837800681904902,0.9028067694463464
2020-10-20,1.4755425912725204,0.8557367394933675,1.3623332750390724,0.8265576485582431,1.4588266271284933,0.8737743203430323,1.3162729289886752,0.8397436164002835,1.250490453806023,0.8982500110894832,1.2299012799972748,0.8875544598505692,1.188360388075773,0.9063349650735306,1.1761267198545011,0.9028067694463464
2020-10-21,1.42595977347765,0.8557367394933675,1.3290279339975077,0.8265576485582431,1.4135127192977615,0.8737743203430323,1.2870197138597397,0.8397436164002835,1.217658829143,0.8982500110894832,1.1981394274165245,0.8875544598505692,1.1596098994408364,0.9063349650735306,1.1495496892365102,0.9028067694463464
2020-10-22,1.4237787876721617,0.8557367394933675,1.326562941267491,0.8265576485582431,1.4139472204829784,0.8737743203430323,1.2873631774323513,0.8397436164002835,1.2188412930353478,0.8982500110894832,1.1986063750803881,0.8875544598505692,1.161335034342486,0.9063349650735306,1.1505783282429163,0.9028067694463464
2020-10-23,1.4343311684984257,0.8557367394933675,1.334170160482818,0.8265576485582431,1.4282689948864797,0.8737743203430323,1.2969598354216036,0.8397436164002835,1.2311514541380777,0.8982500110894832,1.2072684844827002,0.8875544598505692,1.1743159603730458,0.9063349650735306,1.1606683387771701,0.9028067694463464
2020-10-26,1.4150670493659847,0.8557367394933675,1.321679367671564,0.8265576485582431,1.410065001482174,0.8737743203430323,1.2849755128101212,0.8397436164002835,1.2152812994718065,0.8982500110894832,1.1920329480541805,0.8875544598505692,1.160019731667545,0.9063349650735306,1.1465432866615624,0.9028067694463464
2020-10-27,1.4180919402978638,0.8557367394933675,1.3295250004216688,0.8265576485582431,1.4084289085155153,0.8737743203430323,1.2888043318219893,0.8397436164002835,1.2213512589847715,0.8982500110894832,1.198253463922404,0.8875544598505692,1.164566264799764,0.9063349650735306,1.1511720823990363,0.9028067694463464
2020-10-28,1.388121458471587,0.8557367394933675,1.2927467162607371,0.8265576485582431,1.3748868286969516,0.8737743203430323,1.2495980211293094,0.8397436164002835,1.1902967005852145,0.8982500110894832,1.1724620708786149,0.8875544598505692,1.1342510456702084,0.9063349650735306,1.126495711051978,0.9028067694463464
2020-10-29,1.3838979305481698,0.8557367394933675,1.31260969388831,0.8265576485582431,1.3697506502655215,0.8737743203430323,1.2662877642715138,0.8397436164002835,1.1963479781240354,0.8982500110894832,1.1793165703354411,0.8875544598505692,1.140031504407402,0.9063349650735306,1.1324108152808678,0.9028067694463464
2020-10-30,1.3234129968381003,0.8557367394933675,1.2606882200720455,0.8265576485582431,1.3109114997057532,0.8737743203430323,1.2210251859788135,0.8397436164002835,1.148494454966633,0.8982500110894832,1.142135032705281,0.8875544598505692,1.0953611981469504,0.9063349650735306,1.1003228406099776,0.9028067694463464
2020-11-02,1.3434364366395957,0.8557367394933675,1.2603860307341732,0.8265576485582431,1.328088212314777,0.8737743203430323,1.217645879041095,0.8397436164002835,1.157374996460637,0.8982500110894832,1.1535298232767082,0.8875544598505692,1.1023129567359444,0.9063349650735306,1.109696111919069,0.9028067694463464
2020-11-03,1.3719954443507005,0.8557367394933675,1.279049584688682,0.8265576485582431,1.3560528358994006,0.8737743203430323,1.236024773674392,0.8397436164002835,1.1904171178331842,0.8982500110894832,1.1842743544223107,0.8875544598505692,1.1358760934754306,0.9063349650735306,1.1424223832323417,0.9028067694463464
2020-11-04,1.449452305077946,0.8557367394933675,1.3366400957814404,0.8265576485582431,1.4329163141171082,0.8737743203430323,1.291682030153466,0.8397436164002835,1.2425807813260576,0.8982500110894832,1.2313060757875416,0.8875544598505692,1.184935369422287,0.9063349650735306,1.1867814053637906,0.9028067694463464
2020-11-05,1.5154522733964173,0.8557367394933675,1.396985713981964,0.8265576485582431,1.4956209308306283,0.8737743203430323,1.3456745239878385,0.8397436164002835,1.2861428022916614,0.8982500110894832,1.27077259240089,0.8875544598505692,1.2250758273285276,0.9063349650735306,1.222672723301762,0.9028067694463464
2020-11-06,1.5480860789373234,0.8557367394933675,1.3966357183467144,0.8265576485582431,1.53751562592631,0.8737743203430323,1.3489278066301065,0.8397436164002835,1.2963586910865765,0.8982500110894832,1.2862951406595615,0.8875544598505692,1.2356937727847335,0.9063349650735306,1.2390724662617658,0.9028067694463464
2020-11-09,1.4268788087102642,0.8557367394933675,1.3116650332395272,0.8265576485582431,1.4194269647950841,0.8737743203430323,1.2677591364982168,0.8397436164002835,1.2187153470220935,0.8982500110894832,1.2119972093344429,0.8875544598505692,1.1651903726375845,0.9063349650735306,1.1726903305103122,0.9028067694463464
2020-11-10,1.384049286090569,0.8557367394933675,1.2820506936872436,0.8265576485582431,1.375076387074871,0.8737743203430323,1.2393806998223718,0.8397436164002835,1.2000318001513837,0.8982500110894832,1.1948679091882384,0.8875544598505692,1.147025156110379,0.9063349650735306,1.1557013203391409,0.9028067694463464
2020-11-11,1.4490473541312294,0.8557367394933675,1.3223325515370954,0.8265576485582431,1.4392672765727168,0.8737743203430323,1.2766461165486946,0.8397436164002835,1.2382348243356438,0.8982500110894832,1.2321732864566,0.8875544598505692,1.1829854813368406,0.9063349650735306,1.1907192893079652,0.9028067694463464
2020-11-12,1.448456110191627,0.8557367394933675,1.3171172050801891,0.8265576485582431,1.4390071503088406,0.8737743203430323,1.2717604811029062,0.8397436164002835,1.2381210564289997,0.8982500110894832,1.2335202572902164,0.8875544598505692,1.18153730370269,0.9063349650735306,1.1891594244076442,0.9028067694463464
2020-11-13,1.4310884018322345,0.8557367394933675,1.3075648872746206,0.8265576485582431,1.422841781394062,0.8737743203430323,1.2632075399765639,0.8397436164002835,1.2323880178481197,0.8982500110894832,1.2278403961110547,0.8875544598505692,1.1757319461020275,0.9063349650735306,1.183610759195805,0.9028067694463464
2020-11-16,1.4459944770328534,0.8557367394933675,1.3227785098168057,0.8265576485582431,1.4416080756003717,0.8737743203430323,1.2808760854002144,0.8397436164002835,1.240406690938065,0.8982500110894832,1.2359885137385114,0.8875544598505692,1.1841166929082236,0.9063349650735306,1.1934229230386493,0.9028067694463464
2020-11-17,1.47651920527912,0.8557367394933675,1.3295453912420254,0.8265576485582431,1.47107614009662,0.8737743203430323,1.2840620876193831,0.8397436164002835,1.2510774248013286,0.8982500110894832,1.2455003126671342,0.8875544598505692,1.1924469715281962,0.9063349650735306,1.199888675764196,0.9028067694463464
2020-11-18,1.4729819350995876,0.8557367394933675,1.3270637568951507,0.8265576485582431,1.4648047704252882,0.8737743203430323,1.280592929586905,0.8397436164002835,1.2417898128875549,0.8982500110894832,1.235630459443947,0.8875544598505692,1.1822009537987852,0.9063349650735306,1.1890253905445296,0.9028067694463464
2020-11-19,1.5173027492787003,0.8557367394933675,1.3645403051633898,0.8265576485582431,1.508492763819287,0.8737743203430323,1.3163562673014537,0.8397436164002835,1.2759281911701892,0.8982500110894832,1.2657183725804955,0.8875544598505692,1.214821746310326,0.9063349650735306,1.2165054134575441,0.9028067694463464
2020-11-20,1.5393032795792676,0.8557367394933675,1.3735231989899384,0.8265576485582431,1.5291532837242061,0.8737743203430323,1.3243889326826213,0.8397436164002835,1.2892068987972494,0.8982500110894832,1.2772299762223887,0.8875544598505692,1.2270391935426188,0.9063349650735306,1.2267170574381383,0.9028067694463464
2020-11-23,1.5702764464253585,0.8557367394933675,1.3969468429686054,0.8265576485582431,1.5592197951963978,0.8737743203430323,1.3436850431262963,0.8397436164002835,1.2997169715128585,0.8982500110894832,1.2863039791978967,0.8875544598505692,1.2343943591086342,0.9063349650735306,1.2329041243483654,0.9028067694463464
2020-11-24,1.5666567457420184,0.8557367394933675,1.399005479855223,0.8265576485582431,1.552874595685969,0.8737743203430323,1.3426798294286804,0.8397436164002835,1.2927182293009305,0.8982500110894832,1.2805921962311968,0.8875544598505692,1.2244157584974784,0.9063349650735306,1.2230634318492162,0.9028067694463464
2020-11-25,1.611722370352375,0.8557367394933675,1.423217224305302,0.8265576485582431,1.5980983044412855,0.8737743203430323,1.36490162364859,0.8397436164002835,1.3139904890193288,0.8982500110894832,1.3038617591095591,0.8875544598505692,1.2420986744570572,0.9063349650735306,1.2419760121081906,0.9028067694463464
2020-11-27,1.6684508828650073,0.8557367394933675,1.4723133869988652,0.8265576485582431,1.654263589281244,0.8737743203430323,1.4116684528198136,0.8397436164002835,1.349893517575327,0.8982500110894832,1.3374532822746774,0.8875544598505692,1.2734604323503875,0.9063349650735306,1.2725354931611306,0.9028067694463464
2020-11-30,1.6931501021010755,0.8557367394933675,1.4944685285684647,0.8265576485582431,1.6853035530696812,0.8737743203430323,1.4394742920033679,0.8397436164002835,1.3630561073877367,0.8982500110894832,1.3556523009510304,0.8875544598505692,1.2860991298223923,0.9063349650735306,1.2881713610632506,0.9028067694463464
2020-12-01,1.6544962504076952,0.8557367394933675,1.47536193170269,0.8265576485582431,1.6427191091977273,0.8737743203430323,1.4211648911607082,0.8397436164002835,1.3550276878956447,0.8982500110894832,1.3476217506069814,0.8875544598505692,1.2794107535967345,0.9063349650735306,1.2822719462098522,0.9028067694463464
2020-12-02,1.635250020560213,0.8557367394933675,1.4691228692120317,0.8265576485582431,1.6257602087731022,0.8737743203430323,1.4158236323725342,0.8397436164002835,1.3422792751754682,0.8982500110894832,1.3439551242416563,0.8875544598505692,1.2675983972043638,0.9063349650735306,1.2784925053073244,0.9028067694463464
2020-12-03,1.6635708518238854,0.8557367394933675,1.489999233091349,0.8265576485582431,1.6512917767586945,0.8737743203430323,1.4316512389043714,0.8397436164002835,1.3527029831639685,0.8982500110894832,1.3579446685083327,0.8875544598505692,1.2751326760373773,0.9063349650735306,1.2897124303065493,0.9028067694463464
2020-12-04,1.6743193159674599,0.854367560710178,1.4963973930608234,0.8252351563205499,1.6666432765333479,0.8723762814304834,1.4420741486522937,0.838400026614043,1.3720767834961576,0.89681281107174,1.3747867448144833,0.8861343727148083,1.2937450872953222,0.9048848291294129,1.3060641900581618,0.9013622786152322
2020-12-07,1.6995845233608766,0.8675044080473149,1.5252149395938197,0.8413658178853753,1.686474445674116,0.8830070518739279,1.465395232169231,0.8521938701122119,1.3863476130123593,0.906192156746921,1.393244547694062,0.8979873389704057,1.3038204724893072,0.911970253874147,1.321377012209441,0.9119233129113568
2020-12-08,1.7408519833535359,0.8885726891262714,1.560047682505248,0.8605988711881485,1.7299159557280368,0.9058801092235088,1.4983881608274152,0.8714738643642914,1.4089039825644587,0.920836804298458,1.419269939856947,0.9147390055160792,1.323598713494006,0.9257067076848889,1.344494485030336,0.9278454454132535
2020-12-09,1.6617946933474166,0.8480960401434181,1.4903859021863657,0.8221097986392953,1.6521353086911026,0.8650510324762559,1.4346531470456088,0.834402169012852,1.359844776621534,0.8888258143897828,1.3713899982550457,0.884320439573609,1.2795869037935772,0.8950372961272819,1.2986977963129862,0.8965981783112679
2020-12-10,1.7088626847843733,0.8719590930619083,1.523169408339976,0.8400212516921188,1.69861188353272,0.8892290154787118,1.464077908173981,0.8513640318676995,1.392294006596249,0.9097434954485476,1.3984715774798557,0.9014825447120423,1.3080420995252229,0.9146180398782319,1.3224739495371463,0.9126832302800812
2020-12-11,1.743684522621078,0.8898461262101865,1.5456004133068049,0.8525259464809685,1.7323654045924384,0.907089814332214,1.4832613603794849,0.8627116820572391,1.401666847551245,0.9159482091822073,1.4085946010317039,0.9081587893010573,1.3147244032928131,0.9194046239574256,1.329434211684391,0.9176720533413946
2020-12-14,1.7782660499572438,0.9073014930325299,1.588264652847441,0.8758504049638158,1.7664088009295957,0.9247229384593032,1.5239617000751517,0.8861900427647236,1.4201722322297963,0.9279659666646111,1.428260047474561,0.9208413512701555,1.328150126740667,0.9287969815964777,1.343666786921976,0.9275298090058284
2020-12-15,1.8302873900766023,0.9339612837687552,1.6420487605382152,0.9057524931137094,1.819544568527962,0.9526399031197537,1.5803067245003815,0.9191706529900358,1.4577310597187443,0.9526463588916388,1.4658329750851895,0.9451772047280919,1.3618156352929074,0.9524402384732709,1.3791070447898577,0.9521186996361019
2020-12-16,1.8297390139699425,0.9336780519839257,1.6387017636519714,0.9040502267276403,1.8222928123329143,0.9540603280602336,1.5792204020137173,0.9186631150022194,1.4643268697940042,0.9569289243842418,1.4791848065458162,0.9537640152712609,1.3682799516751027,0.9569057287453351,1.3922372966337537,0.9611394800229659
2020-12-17,1.8793635315769333,0.9584496402617887,1.6800366762652443,0.9263364829557776,1.8726248842125885,0.9798692923100512,1.6177182162734192,0.9405830627899877,1.5006068873110936,0.980290058720483,1.5153819021485602,0.9767686512052514,1.4001151304764803,0.9788579940919963,1.42413510689713,0.9828528092457977
2020-12-18,1.8916158367044522,0.9647754822528215,1.6896748164532238,0.9317240607401986,1.8841269536227052,0.986026247507226,1.6253885775348458,0.9451712859960494,1.5083444065257468,0.9851047009060215,1.522533421859142,0.9811028371857888,1.4077206077465347,0.9839069406881131,1.430422871878835,0.9868668477523099
2020-12-21,1.9141232446324232,0.9766976392456522,1.7067325486223588,0.9416475173585874,1.9066563040243458,0.9982408568560732,1.6409792081197578,0.9547037948780291,1.5233643149489653,0.9950331233883483,1.5396575218366924,0.992237352820207,1.420998324957894,0.9932437007121236,1.447791499495146,0.9989348472707359
2020-12-22,1.9512234135809958,0.9957422229390293,1.7396820125663472,0.9599320839967647,1.945557273157612,1.018714567706378,1.6742255002879338,0.9741328935794306,1.551506638164137,1.0131061255510139,1.5657228105387313,1.0087264264936007,1.4455987887358452,1.010107102472169,1.4703904502453629,1.0141747226200084
2020-12-23,1.9230000094036603,0.9816205925865321,1.722322692767131,0.9505414941802786,1.9166116747193287,1.0039070102251944,1.6558697672761693,0.9636655718311944,1.5416417433115108,1.0067974992511148,1.553892673760052,1.001268206049489,1.4351292404205935,1.002944356125425,1.4577688932385415,1.005630134048081
2020-12-24,1.913424965493274,0.9766471017876934,1.709980112529018,0.9436949256530556,1.9074878174568557,0.999019753854145,1.6449801010746588,0.9572853499239816,1.5363119442729627,1.0033591853955839,1.5499142765526268,0.9987312174020414,1.4318645166665422,1.0007336166859266,1.4555060460710039,1.0041365584047326
2020-12-28,1.8190970251886556,0.9290191610952048,1.645708003853289,0.9085842121584748,1.8176578006117416,0.9524847929244475,1.5910929179087892,0.9262502259185849,1.4839159636754042,0.9696137503833586,1.5026806837196622,0.96881369572725,1.390494994069546,0.9722393965162488,1.418060945834807,0.9788054362772981
2020-12-29,1.788628823693497,0.913418310124161,1.6168727023556193,0.8926408558016372,1.785971478614269,0.9358719250548462,1.561266361890352,0.9089012732031134,1.4531058475263712,0.9495749032159526,1.4730423558707608,0.9497984833588071,1.3630507646399306,0.9531327784160102,1.3906257408639886,0.959951996422955
2020-12-30,1.8242975645030195,0.9322607415701741,1.6485885248566112,0.9106587385977349,1.81877904012834,0.9535643651948821,1.589728372972186,0.9258234447897661,1.477103404311895,0.9655095728632221,1.4917956007156774,0.9620870145004905,1.3846462428624158,0.9683766818434543,1.4078245503258353,0.9719394147536442
2020-12-31,1.8027701766514872,0.92151421052941,1.6358990537772906,0.9039146351739344,1.7994668099352171,0.9436774702930611,1.5801920989371334,0.9205016875758273,1.4637463210749124,0.9569011926104819,1.478694630391916,0.9538381549754231,1.375728549260198,0.9622203336946172,1.3982612784774955,0.9654686604183044
2021-01-04,1.8038117504717444,0.9226411197789938,1.6365940877175003,0.9047423698316616,1.797267392460921,0.9431057566070952,1.5763323235526858,0.9186768855454146,1.452100447723063,0.9498750260499199,1.4667695780546777,0.9466510920838187,1.3627608184435738,0.953703594198813,1.3876700196098932,0.9586887357331566
2021-01-05,1.8357869631875192,0.9389962888023359,1.6654656470669027,0.9207031527909505,1.8313524803230852,0.9609917109798886,1.6048246325437503,0.9352820298381586,1.4798552199533594,0.9680304952783756,1.4938395259370498,0.9641219996543788,1.3889178511387898,0.9720091220342078,1.4135721154249026,0.9765835141306255
2021-01-06,1.8629106470322048,0.9528699239133427,1.71413013017065,0.9476058650152888,1.848996933742574,0.9702505367182892,1.6449703725749132,0.9586787228252206,1.5042663787333554,0.9839987777194537,1.517236881050858,0.9792226208437916,1.407505229499519,0.9850171637312137,1.4302644004101615,0.9881155825351265
2021-01-07,1.9549550682198429,0.9999502069926395,1.7790296098860874,0.9834836122949929,1.9514773159855614,1.024026529560578,1.712144171314014,0.9978272039505773,1.5614483395070917,1.0214037083251197,1.5708693836556775,1.0138369651291275,1.4625880071849064,1.0235658527939107,1.4828271897375558,1.024429225789488
2021-01-08,2.0030741784431343,1.0245629027063556,1.818733685967,1.0054328299751818,1.998979573536155,1.0489530667779785,1.7514157882784012,1.0207144633337153,1.5816460541708737,1.0346158141215827,1.5896628304946647,1.0259662301754762,1.479779895561022,1.0355972859797382,1.4991791265543375,1.035726160516143
2021-01-11,1.9879398254410927,1.0168217532226123,1.820046083467493,1.0061583499032254,1.978412978025908,1.038160863736357,1.751107786094196,1.0205349615350792,1.5864418140835188,1.0377529060349526,1.5912568290543512,1.026994994679379,1.4823242571931803,1.0373779116043447,1.499797686944507,1.0361535004961429
2021-01-12,2.064182552760084,1.055819545143084,1.8777216878184295,1.0380425925224293,2.0490133266398303,1.0752079917683677,1.8039944785591056,1.051357004066669,1.6262948739959306,1.063822332831033,1.6322857803521214,1.0534750240815436,1.5133792317959351,1.0591111757953615,1.5312097373813274,1.0578548981587712
2021-01-13,2.0411771083746593,1.0440523699025244,1.8700262946949573,1.0337884232916048,2.026480103099421,1.063383811946813,1.7992434187608686,1.0485881153283816,1.6456074894237827,1.0764554610084862,1.652172086945078,1.0663096193277193,1.520673023959658,1.0642156047661224,1.5380303754012805,1.062567019014478
2021-01-14,2.063062191166122,1.0552464855234531,1.9009188016858594,1.050866427052434,2.0447466656080335,1.072969085861847,1.826013873200978,1.0641897732670116,1.6828976247777474,1.1008483797947135,1.6911113924472503,1.0914409941735936,1.544369485419155,1.080799146175485,1.561202209414377,1.0785755627898053
2021-01-15,2.026798807057684,1.0366979372550242,1.8416940132577435,1.0181257640881904,2.0103628349158784,1.0549263679023482,1.7687353989848884,1.0308082270566055,1.646216515569842,1.0768538485492791,1.6521059842163388,1.0662669567164358,1.5148773189133695,1.0601595850605703,1.5296037079696705,1.056745353177289
2021-01-19,2.06459555673292,1.0560307947082732,1.8782834084793378,1.0383531230844956,2.0500354944239856,1.075744368450824,1.8082983815633025,1.0538652925465208,1.6700553392079411,1.0924477444534828,1.6759599944017738,1.0816623024684042,1.534283038366567,1.0737403280200466,1.5484083196144656,1.0697367481839848
2021-01-20,2.0797310872072794,1.0637725464634995,1.9090195686301612,1.0553446951444712,2.066552929531757,1.0844117977937635,1.8400382925994745,1.072363119548179,1.689159579225706,1.1049445662215573,1.696483983974353,1.0949084574429075,1.553420413252,1.0871332748708467,1.5689492553308186,1.0839277038250255
2021-01-21,2.089749808776042,1.0688970748321276,1.9271662365213555,1.065376540814478,2.078009721471621,1.0904236836578585,1.8578965022674276,1.082770775468218,1.7001717399587584,1.1121480461733584,1.708359311733075,1.1025727778377699,1.5610328686299908,1.0924607145480163,1.5764412229495994,1.089103620911295
2021-01-22,2.0966078213193313,1.0724049155869864,1.9438411480584412,1.074594769753479,2.0854287217756653,1.094316761518373,1.8737183143222107,1.0919916312516067,1.746837713507373,1.1426740630957006,1.7564685764153098,1.133622431874901,1.5858504291586026,1.1098288369324094,1.6017145132871182,1.1065639813853974
2021-01-25,2.098969492332223,1.0736128990627092,1.9340248396104551,1.0691681155605537,2.078514909331144,1.0906887780898182,1.8570332233445346,1.082267661765358,1.7587076364054972,1.1504386384318948,1.7768052410473913,1.1467476875874139,1.5812958810514275,1.1066414185380902,1.6052279496550117,1.1089912816960013
2021-01-26,2.0603090011216643,1.0538382419276797,1.892020125886601,1.04594705877938,2.03215718210813,1.0663628265977696,1.8136734129181484,1.0569978281108807,1.8862284433454815,1.2338549268876675,1.9136149458457758,1.2350444851163218,1.6291986273937906,1.140165292089785,1.6612292912122877,1.1476804906420863
2021-01-27,1.966034261758236,1.0056171617232745,1.821711649006615,1.0070791082783683,1.9339614923035238,1.0148352015391946,1.743747580512387,1.0162454785118347,2.1610883794953164,1.413651434367429,2.1946332080435953,1.4164132895865396,1.7043920879476109,1.1927880800507187,1.73968305696368,1.201881230327197
2021-01-28,2.0172148681698765,1.0317957981570678,1.8646557408068951,1.0308194722924173,1.990708929894195,1.0446130939601894,1.7868657782164654,1.0413745017420624,1.920425118515983,1.2562242938066954,1.9390977137032526,1.2514910288560637,1.622787221688417,1.1356783853763486,1.6449693189090695,1.136447090719812
2021-01-29,1.9873858440843846,1.0165383943969721,1.8452233682548012,1.0200768630369033,1.9586112237848003,1.0277700067642421,1.763966467070206,1.028028922557612,2.128912715660568,1.3926040890745273,2.149909103799094,1.387548413494905,1.698830117095594,1.1888956350078272,1.7198045910100315,1.1881479499910155
2021-02-01,2.044973148787616,1.0459940264952485,1.892381936739797,1.0461470751494795,2.0153389855044264,1.0575375743847504,1.808056254150812,1.0537241821639651,2.007177542895432,1.3129724075453382,2.02062731146421,1.3041101204382093,1.6739120739073543,1.171457191645354,1.6873309256645213,1.1657131227375874
2021-02-02,2.1156366153722006,1.0804066322361017,1.944241931299473,1.073096624719814,2.085417722467092,1.0925600921107712,1.8617557131325457,1.0832838682354256,1.8227376580866355,1.1904154333117811,1.8285992987384994,1.1782872212209647,1.625453232233424,1.1357240741681383,1.6318999457291519,1.1256140863372515
2021-02-03,2.1227160097713367,1.078677981624524,1.9519383071750513,1.0713796701202623,2.0867390746033463,1.090811995963394,1.8635483319994297,1.081550614046249,1.8377055513642526,1.1885107686184824,1.8477968771611497,1.1764019616670112,1.631378260850717,1.1339069156494692,1.640502747312253,1.123813103799112
2021-02-04,2.1215273274707043,1.078073941602714,1.9469794244049858,1.0686578391244625,2.1172042213997724,1.1067372009824472,1.892038539626091,1.0980855227598112,1.84668530664906,1.1943183017391341,1.8585798334066204,1.1832669428976479,1.6527534567590632,1.1487639742762021,1.6633895470738087,1.1394915203809817
2021-02-05,2.1705782038832897,1.102999602935688,2.0003938697420063,1.0979759536440017,2.1534451017499747,1.1256815853146325,1.9328227455503981,1.1217555195092361,1.8988532880292257,1.2280572255843534,1.9069166780405262,1.2140406494402645,1.6977090081942388,1.1800108113172922,1.7033704081799024,1.166880085066908
2021-02-08,2.2284972809454526,1.1324317233207881,2.0347602969308625,1.116838994186556,2.2063721914300287,1.1533484388456172,1.9621549281027773,1.1387790865968708,1.9443908560578285,1.2575080208646483,1.9506529492090747,1.2418853957078986,1.7352111576630418,1.2060770815716368,1.7405833791266205,1.192372529044666
2021-02-09,2.237204459607166,1.136856357544691,2.0381148919789274,1.1186802639248323,2.221571888478572,1.1612938557294759,1.971964287663946,1.1444721607579258,1.9533746914362047,1.2633181927296517,1.9630300840296584,1.249765312522739,1.7452384414654987,1.2130466524686134,1.753706030171853,1.201362094728343
2021-02-10,2.1981302754612284,1.117000445640251,2.000944754755322,1.098278323345785,2.178258298838918,1.1386523171958902,1.9322213426240764,1.1214064823025893,1.945075718948308,1.2579509465116652,1.9525156909640036,1.2430713123428185,1.741633885942122,1.2105412675840137,1.7476927225168146,1.1972427270826742
2021-02-11,2.230654563797483,1.1335279667664064,2.02261194204264,1.110171006574036,2.2071602865496915,1.1537604039163591,1.9503977033366797,1.131955526699388,1.9659938860871793,1.2714794831620833,1.9782660580042557,1.2594653125028028,1.7632735321710795,1.225582135235657,1.7727728203455058,1.2144236447194328
2021-02-12,2.2797016887623003,1.1584517217661316,2.0610830855888587,1.1312870433515243,2.256039807663924,1.1793114508283864,1.9878933311519853,1.1537169259565692,2.005467664262639,1.297008605825267,2.0185365489730485,1.2851035659052896,1.7953938024108453,1.2479076727467475,1.8061510808531758,1.237289151407548
2021-02-16,2.2725171054941473,1.1548008086233323,2.0290018052923617,1.1136782739684181,2.2463084402377196,1.1742245223978882,1.9569832764255488,1.1357776065970804,2.0055681034487947,1.2970735634863289,2.0091304954022187,1.2791151913122611,1.7948363114565897,1.2475201826939424,1.7957480244605206,1.230162621986746
2021-02-17,2.223739991523403,1.1300142622340676,1.984498427291498,1.0892512650478297,2.190024899163819,1.1448031335304856,1.911478313944377,1.1093678165913343,1.9775325731397742,1.278941970178867,1.9729119415417566,1.256056608230527,1.768795447005207,1.2294202012245827,1.7615753741645854,1.2067529250160849
2021-02-18,2.1340819477400492,1.0844536892419938,1.9245592752121798,1.056351870253449,2.114739925135579,1.105449026548324,1.868887460487079,1.0846492928382792,1.924951564383723,1.2449359265637756,1.928318049325883,1.2276658565578003,1.7315451643293063,1.2035289936795746,1.7311181105865585,1.1858884235875273
2021-02-19,2.185828408664733,1.1107491370407139,1.9568779336166566,1.074090931704745,2.1635545981019115,1.130966175049905,1.9033494944133968,1.1046500802148542,1.966301859563066,1.2716786607682395,1.9657147073211805,1.2514744809630152,1.7691999442125363,1.2297013513365826,1.764995993287168,1.2090961924073542
2021-02-22,2.088548531500921,1.0613154581742479,1.8540906130368233,1.0176730391870528,2.0447256538019944,1.06885010146526,1.7838488074464096,1.0352952697445383,1.8859442489964233,1.2197084822877937,1.8723020805387782,1.192003226979668,1.6881531072748805,1.1733688801369233,1.6750384699711356,1.147471520547766
2021-02-23,2.0564658394060547,1.0450123383058023,1.845347441062195,1.012874087974533,2.0111082134849587,1.0512770816192707,1.7789264611365052,1.0324384795112993,1.8569380157105588,1.2009491001921604,1.8439589281193987,1.1739585270897048,1.6626721489146552,1.155658067387115,1.6510477983443208,1.1310369054961735
2021-02-24,2.145424428724917,1.090217476973867,1.9205420164675875,1.0541468777428,2.0557105031160874,1.0745922690182113,1.8071807632998258,1.0488364753826487,1.9079146109416893,1.2339175114453815,1.8895953816427695,1.2030130265923225,1.6932320498727458,1.1768990535333148,1.6773408089087187,1.1490487191667145
2021-02-25,2.061706120549068,1.0459989557722662,1.841039040166765,1.008892478524698,1.9453025770837928,1.0152511531635695,1.708158335818907,0.9897804794249542,1.8163209934623252,1.172801111201847,1.8002659482311636,1.1443075161167842,1.6040667741508081,1.113139896551504,1.5900912064709194,1.0875362400070792
2021-02-26,2.109314933769115,1.0459989557722662,1.8760243663615792,1.008892478524698,2.002922609172627,1.0152511531635695,1.7469256701957923,0.9897804794249542,1.8353845150315165,1.172801111201847,1.8336339203493106,1.1443075161167842,1.6256881198132944,1.113139896551504,1.6256594440484724,1.0875362400070792
2021-03-01,2.2314281863712186,1.0459989557722662,1.9853531380115552,1.008892478524698,2.1126131786738314,1.0152511531635695,1.840932919584403,0.9897804794249542,1.9323140877534721,1.172801111201847,1.9332239272994989,1.1443075161167842,1.707459185145224,1.113139896551504,1.7072498945687653,1.0875362400070792
2021-03-02,2.150713564226276,1.0459989557722662,1.9215799291616953,1.008892478524698,2.0293706475149125,1.0152511531635695,1.7771897620179504,0.9897804794249542,1.8821824834010683,1.172801111201847,1.8777684862218538,1.1443075161167842,1.6629077358724573,1.113139896551504,1.656997990616907,1.0875362400070792
2021-03-03,2.036378718496037,1.0459989557722662,1.8185450059222386,1.008892478524698,1.8979507315644983,1.0152511531635695,1.6653316671287666,0.9897804794249542,1.7934806902225144,1.172801111201847,1.7850478064013098,1.1443075161167842,1.5773444025596741,1.113139896551504,1.5683377679491088,1.0875362400070792
2021-03-04,1.9442590572450071,1.0459989557722662,1.742128116431679,1.008892478524698,1.7896487218227475,1.0152511531635695,1.5768668126225758,0.9897804794249542,1.719227494965659,1.172801111201847,1.708385547843045,1.1443075161167842,1.5034014097457613,1.113139896551504,1.4937622990587505,1.0875362400070792
2021-03-05,1.9380951099725792,1.0459989557722662,1.732133090781222,1.008892478524698,1.7730489310496154,1.0152511531635695,1.5591058259687032,0.9897804794249542,1.723056640610961,1.172801111201847,1.707059809834242,1.1443075161167842,1.5034404524248113,1.113139896551504,1.4890158403959137,1.0875362400070792
2021-03-08,1.9203607194403192,1.0459989557722662,1.716733906409488,1.008892478524698,1.7208514657052705,1.0152511531635695,1.516141514627759,0.9897804794249542,1.6905941532017876,1.172801111201847,1.6522133508128334,1.1443075161167842,1.4631918837052198,1.113139896551504,1.4283926591762535,1.0875362400070792
2021-03-09,2.0905151278424983,1.0459989557722662,1.8655853628520738,1.008892478524698,1.8530738723227689,1.0152511531635695,1.626499161497137,0.9897804794249542,1.8072650056116804,1.172801111201847,1.778155533757495,1.1443075161167842,1.5540298610450611,1.113139896551504,1.5293812812530416,1.0875362400070792
2021-03-10,2.1364247909867267,1.0459989557722662,1.902275556708064,1.008892478524698,1.8818562332016766,1.0152511531635695,1.6485099772222922,0.9897804794249542,1.8296175861416755,1.172801111201847,1.7972972180413322,1.1443075161167842,1.56801831694045,1.113139896551504,1.5411219164522671,1.0875362400070792
2021-03-11,2.25423492101934,1.0459989557722662,2.0179114982979605,1.008892478524698,1.9924136262477097,1.0152511531635695,1.7545974509744404,0.9897804794249542,1.9306749148896858,1.172801111201847,1.8994507459588246,1.1443075161167842,1.6571402350968432,1.113139896551504,1.629217076675388,1.0875362400070792
2021-03-12,2.235236234192106,1.0459989557722662,2.0069446956364887,1.008892478524698,1.9695545203682112,1.0152511531635695,1.7408166649498267,0.9897804794249542,1.9095664499320892,1.172801111201847,1.877305440239318,1.1443075161167842,1.6371962778806475,1.113139896551504,1.6082304015912154,1.0875362400070792
2021-03-15,2.2230168919312767,1.0459989557722662,2.002543771371991,1.008892478524698,1.981422210061912,1.0152511531635695,1.7571861656675816,0.9897804794249542,1.9245104221576348,1.172801111201847,1.8889948768663143,1.1443075161167842,1.657415608879365,1.113139896551504,1.6261263891571114,1.0875362400070792
2021-03-16,2.189096800312372,1.0459989557722662,1.962101167956423,1.008892478524698,1.9552379878616502,1.0152511531635695,1.726168799100115,0.9897804794249542,1.8885699661672517,1.172801111201847,1.8590282875237556,1.1443075161167842,1.6276769423305018,1.113139896551504,1.6037908994594814,1.0875362400070792
2021-03-17,2.209391803565844,1.0459989557722662,1.9706337698783967,1.008892478524698,1.97671555226242,1.0152511531635695,1.7345188337213047,0.9897804794249542,1.9088111025950616,1.172801111201847,1.8747205029041523,1.1443075161167842,1.6463189347647633,1.113139896551504,1.6177454082553768,1.0875362400070792
2021-03-18,2.05531978199701,1.0459989557722662,1.833987745978592,1.008892478524698,1.8344488526314517,1.0152511531635695,1.6116332003160174,0.9897804794249542,1.8064553660017788,1.172801111201847,1.7588383622856518,1.1443075161167842,1.5585545520112198,1.113139896551504,1.5184777281912303,1.0875362400070792
2021-03-19,2.108155160140341,1.0459989557722662,1.8861874715545266,1.008892478524698,1.8822205198853321,1.0152511531635695,1.6578395097416634,0.9897804794249542,1.8557261978200466,1.172801111201847,1.8087892546071724,1.1443075161167842,1.5999769617382356,1.113139896551504,1.5610354689260955,1.0875362400070792
2021-03-22,2.120392410728847,1.0459989557722662,1.900064537171064,1.008892478524698,1.9057510264439537,1.0152511531635695,1.6806805732559755,0.9897804794249542,1.8576100006624796,1.172801111201847,1.8244069127394682,1.1443075161167842,1.6052591655574766,1.113139896551504,1.578682510967116,1.0875362400070792
2021-03-23,2.042958033218505,1.0459989557722662,1.832456429232414,1.008892478524698,1.8416915602493071,1.0152511531635695,1.6252750107192888,0.9897804794249542,1.790800278156199,1.172801111201847,1.7698439083061313,1.1443075161167842,1.5508527218441157,1.113139896551504,1.5350295701200405,1.0875362400070792
2021-03-24,1.9011104853041985,1.0459989557722662,1.7090982661474639,1.008892478524698,1.7469778728202656,1.0152511531635695,1.545398604411114,0.9897804794249542,1.6920576002043628,1.172801111201847,1.670270924815241,1.1443075161167842,1.479768547796586,1.113139896551504,1.461011563830857,1.0875362400070792
2021-03-25,1.9770998146055196,1.0459989557722662,1.7718193802152948,1.008892478524698,1.7771449949265934,1.0152511531635695,1.568975913549861,0.9897804794249542,1.7325799965038844,1.172801111201847,1.7054319141569145,1.1443075161167842,1.5016003446287909,1.113139896551504,1.4793404350618213,1.0875362400070792
2021-03-26,1.984499185897369,1.0459989557722662,1.7958412058944007,1.008892478524698,1.7794492954922216,1.0152511531635695,1.5873224946185307,0.9897804794249542,1.759934083062976,1.172801111201847,1.731638253755251,1.1443075161167842,1.5263386642008896,1.113139896551504,1.5038479909519569,1.0875362400070792
2021-03-29,1.9043526510499489,1.0459989557722662,1.709593769298303,1.008892478524698,1.7074314744864192,1.0152511531635695,1.5100015880315805,0.9897804794249542,1.6891297375678147,1.172801111201847,1.6591517279387358,1.1443075161167842,1.4663382469832966,1.113139896551504,1.4430227140105465,1.0875362400070792
2021-03-30,1.9321209635331513,1.0459989557722662,1.745790819732559,1.008892478524698,1.7283327498434193,1.0152511531635695,1.5369552724604296,0.9897804794249542,1.7251969569613843,1.172801111201847,1.689475604877634,1.1443075161167842,1.4960085463919113,1.113139896551504,1.4679887304593555,1.0875362400070792
2021-03-31,2.0045107461318814,1.0459989557722662,1.807429505729725,1.008892478524698,1.7966915004066195,1.0152511531635695,1.5931579608397104,0.9897804794249542,1.7830602331580818,1.172801111201847,1.7476365521675483,1.1443075161167842,1.5459124627493321,1.113139896551504,1.5195271815979927,1.0875362400070792
2021-04-01,2.0565635866533594,1.0459989557722662,1.8517822577673002,1.008892478524698,1.846086336257748,1.0152511531635695,1.6357297495614116,0.9897804794249542,1.8154176985367259,1.172801111201847,1.7883947962322004,1.1443075161167842,1.5735990981312291,1.113139896551504,1.554895342165302,1.0875362400070792
2021-04-05,2.045479851466647,1.0459989557722662,1.8275979329022238,1.008892478524698,1.8370877284531861,1.0152511531635695,1.6162831664332127,0.9897804794249542,1.804258534821552,1.172801111201847,1.7726794474225473,1.1443075161167842,1.565607536022925,1.113139896551504,1.5429184208432698,1.0875362400070792
2021-04-06,2.072432708225101,1.0459989557722662,1.8473186235496686,1.008892478524698,1.8708882121238273,1.0152511531635695,1.6398160516159501,0.9897804794249542,1.8251879297733522,1.172801111201847,1.7972569330356347,1.1443075161167842,1.5862662650012103,1.113139896551504,1.5676790380014327,1.0875362400070792
2021-04-07,2.056386505328317,1.0459989557722662,1.828972576588636,1.008892478524698,1.8611979372849874,1.0152511531635695,1.62936684853841,0.9897804794249542,1.8106919631382876,1.172801111201847,1.7812279640541946,1.1443075161167842,1.578270253412776,1.113139896551504,1.5579665526409063,1.0875362400070792
2021-04-08,2.0768682059036627,1.0443253574430307,1.8530725059211282,1.0072782505590585,1.8874032725280652,1.0136267513185078,1.6563097877945046,0.9881968306578742,1.833345962816262,1.1709246294239242,1.809169853780602,1.1424766240909974,1.5994067186448966,1.1113588727170216,1.5841765035999702,1.085796182023068
2021-04-09,2.065691178152382,1.0379433776392069,1.8383315134549014,0.9984888673103365,1.8873616466986465,1.0130079130621177,1.6515665686847192,0.9847428624987555,1.829091292308823,1.167798573659177,1.8033088944997584,1.1382896428932563,1.6010204755490196,1.1121895758040254,1.584133366233592,1.085409760122548
2021-04-12,2.037978510885861,1.0234331114624733,1.816880036456102,0.9863807148074918,1.874292285408857,1.0058765215353032,1.6406070352503617,0.9781863551994192,1.8171294178424215,1.1598633992267675,1.7883187658300816,1.128454168230773,1.595894137676969,1.1085641348191375,1.5762189889371263,1.0798379184117561
2021-04-13,2.05717969412199,1.0328975778931522,1.835567475484094,0.9962970944296874,1.889215302221767,1.0137174746700055,1.6575241668589187,0.9880480649403718,1.8206993847219815,1.1619881453789647,1.808169053897025,1.1407076173496051,1.595616830093076,1.1082176834246198,1.5915585510195998,1.0900991147621657
2021-04-14,2.0880627277863506,1.0495028029370206,1.8608787869941354,1.011055465257833,1.9054206507586964,1.0228912574261642,1.6706505344346843,0.9963186252691193,1.84579084441304,1.1787107496746794,1.820820255139671,1.1495064573846048,1.6138769433505071,1.1213179415513417,1.5992575958052249,1.095885436564521
2021-04-15,2.0894114675242417,1.0496578337507443,1.8507081881123109,1.004862568220829,1.9141733843849378,1.027339059421126,1.6679721362810247,0.9942904228189104,1.8482936615715848,1.1798727325222707,1.830705734205978,1.1552738056013827,1.6200379102350586,1.1253430439439414,1.611826385981781,1.1042163814897517
2021-04-16,2.0703023808520657,1.0397594070506804,1.83841517001174,0.9983180278731685,1.902994941071483,1.021070816277897,1.6582499568383042,0.9886098822742473,1.8489727599594385,1.1804743122578765,1.8218968897209524,1.1499201146957447,1.621221083965566,1.1263239027696152,1.6059501939106384,1.100395806195843
2021-04-19,2.033729740792149,1.022289761809448,1.7966740367286334,0.9762883909311809,1.8654091745700863,1.001430620563122,1.6181364588058613,0.9649950967217147,1.814894859380133,1.1591850713474838,1.7783265418722771,1.1229203361889275,1.593079045321562,1.1070690987096368,1.568424898717939,1.0749928890929092
2021-04-20,1.96641832983563,0.9883289521851226,1.7460638103675516,0.9488347667505689,1.8060982560381116,0.9694219502317566,1.5744363151712,0.9389576086883961,1.7579544261647104,1.1227807852315357,1.7296979762652354,1.092010695120867,1.5446231616050587,1.0733442003423428,1.5268983251941406,1.046341809527909
2021-04-21,2.017943442784801,1.0139225076402154,1.7987928660874726,0.9772664456758593,1.8536395104044376,0.994717496945347,1.6218103805204351,0.9670887051183978,1.8155620174135318,1.1595002541613355,1.7796243102585843,1.1236563792717909,1.5941010848624053,1.10769926631612,1.569787886264256,1.075879313770489
2021-04-22,2.0141262276791925,1.0118866014420547,1.7990521598841118,0.9774105363815485,1.8558621847903694,0.9960061683436812,1.625265896129262,0.9693494914543265,1.817982769764339,1.1610978251503665,1.786293133985955,1.1279111651952525,1.598696385398115,1.111039720804314,1.57678999920007,1.0808018551308844
2021-04-23,2.0546020984601676,1.0320071251101657,1.8373463558108665,0.9980206201853578,1.8943321281626693,1.0165565048747014,1.6594414768306875,0.9896195947316841,1.8657100285840431,1.1916351595863726,1.8303875372747231,1.1558163806197381,1.6391857547121806,1.1392794106761237,1.6160650073813716,1.1078413589291298
2021-04-26,2.091956912028013,1.0514998021741464,1.8748393042482265,1.0190350493660423,1.9154341804794837,1.0282502558790194,1.6819497709351559,1.0033238654416885,1.898053582983211,1.2125908110498123,1.8661388798042353,1.1787694851381298,1.6595539326662394,1.1535721584143406,1.6409676887226197,1.1251186118355445
2021-04-27,2.1138818825800314,1.0628019356439984,1.8858137133618822,1.0252489719639473,1.9334527656356055,1.0379548504266003,1.6899657896476084,1.0081537487792083,1.9202645324014929,1.2269894588438917,1.8838622767056854,1.1902521496189127,1.6818181053342098,1.1691733273634723,1.6568059832374464,1.1361452619752437
2021-04-28,2.1303998433346614,1.0713241991892999,1.8727960999592048,1.0182642847615853,1.9516050134228318,1.0478809086470442,1.6810882512045786,1.0028836600600073,1.9248736010776173,1.2301654834317408,1.881386890748672,1.188740983885411,1.6856989554422195,1.172039050983181,1.6568453748885554,1.1362031787173965
2021-04-29,2.113525111313174,1.062426364414555,1.8555864705701968,1.0083884233417135,1.9428737394212727,1.0428380966510813,1.6723212989080383,0.9971868046006479,1.9043446821964611,1.2168487366570562,1.8609002218669106,1.1755909336203876,1.6735178309675536,1.1634711277282845,1.6424375974133412,1.1261691188741962
2021-04-30,2.0668813914299036,1.0388748152363052,1.805296637143433,0.9808423880562461,1.9038158941505836,1.021781610391647,1.6294156859561775,0.9713854337510673,1.864726666796187,1.1912332721960381,1.8235950940335868,1.1519155276045794,1.6436421880936556,1.1425106657596922,1.6117438240328352,1.1050333868464766
2021-05-03,2.0734750392298196,1.0423048409392301,1.801363560943368,0.9788595636207907,1.9178262288580434,1.0296217152875027,1.6296778567299193,0.9718993473959863,1.8829866275858669,1.2029822825278633,1.8403705917443984,1.1628987644192894,1.6644970663724177,1.1571813517447203,1.6297303523067737,1.117812657538154
2021-05-04,2.0652790115511546,1.0383808642618593,1.7773000319175978,0.9657392840462896,1.9098459035976167,1.0254982054011248,1.6097910059112577,0.9599915023214359,1.8665435408027473,1.1927670493033788,1.80625416231252,1.1415883802581301,1.6513695934767052,1.1483196808145715,1.6008148827098765,1.0981949134457247
2021-05-05,2.08563881449068,1.0481542889372493,1.7957198819176634,0.9753922060732096,1.9308410780010457,1.0362821649412437,1.62968386204136,0.9714884411281568,1.8766656022355137,1.1992036198376166,1.8021782421653667,1.1392341990264039,1.6612532095350172,1.1551652270345414,1.5982177046676613,1.0965851708272112
2021-05-06,2.0374940177652845,1.0239587403949397,1.7644847259517509,0.9584260144130181,1.8899024276125025,1.0143103964007003,1.6004840022397644,0.9540817974590715,1.8678364782966002,1.1935617423635865,1.7788522192859713,1.1244888190358238,1.6540147678853272,1.150131920827127,1.5772850725085037,1.082222663175673
2021-05-07,2.087248475515973,1.0489632368220294,1.8038230933090502,0.9797936772129523,1.93329056545574,1.037596804551654,1.635397217174609,0.9748942909382292,1.9078053562299113,1.2191021599219296,1.8174971560342759,1.1489179418233582,1.6888358548653322,1.1743450321192368,1.6114294769243998,1.1056501645979429
2021-05-10,2.027937668905459,1.0191561216603757,1.7491487150008567,0.9500958590784448,1.8897542290848,1.0142308582694277,1.5984600630986308,0.9528752852471288,1.8514749482828066,1.1831066000115065,1.7618285551116135,1.1137274304193086,1.644769688409975,1.1437032835370375,1.5663295748399888,1.0747057671688025
2021-05-11,2.0352198532655197,1.0228158410311499,1.7654688253586936,0.958960553736884,1.8853893841171554,1.0118882465215016,1.603518249109157,0.9558905751182256,1.8598892791704187,1.1884834215650728,1.773493392298979,1.1211012745480418,1.6460632915829287,1.144602800476659,1.5706568453789147,1.0776748374583416
2021-05-12,1.9385909680627476,0.9742542301919095,1.682866333564735,0.9140928505336361,1.7978926840951528,0.9649287785688696,1.531396616596463,0.9128973701332964,1.776349928833253,1.13510114013791,1.690139536349232,1.0684097254565517,1.572528696950523,1.0934699531684438,1.4969213156706391,1.0270826758241427
2021-05-13,1.9610210703500242,0.9855266555756168,1.6934162794426664,0.9198233294838603,1.8116117023658032,0.9722917739579549,1.5348185336099258,0.9149372460273332,1.7987713488419161,1.1494285983724832,1.7001109563337475,1.0747130879061872,1.5934851201121703,1.1080421635818896,1.5056562500137018,1.0330759766371527
2021-05-14,2.035745772849228,1.023080146079306,1.762984006785817,0.9576108595591364,1.8818787560337618,1.010004092868458,1.5991702164321435,0.9532986224176107,1.8649087997931226,1.1916909334912391,1.7667105487496406,1.1168135480861094,1.6520738512843072,1.1487822895046989,1.5643714520117864,1.0733622402827008
2021-05-17,2.0867066246035937,1.048690925358592,1.8060853722923143,0.9810224931939185,1.9160881464742285,1.0283642684369556,1.6300597601037932,0.9717125217803634,1.8888017395508343,1.2069587040582908,1.788137517301294,1.1303584543469785,1.6678947933277162,1.1597835035294954,1.578528196347561,1.0830756077797974
2021-05-18,2.0744253104207155,1.0425188537395123,1.7958713786749794,0.9754744954980912,1.9041022350135528,1.021931431255906,1.6198972649451349,0.9656544470766654,1.8628518842790514,1.1903765488042513,1.7776207918260698,1.1237103808974,1.6423956573694078,1.1420524827498828,1.5680515214870319,1.0758872464832843
2021-05-19,2.023250188965907,1.0168003915268493,1.7587671192200345,0.9553203468199456,1.864988505038205,1.0009390972727574,1.5913857319703246,0.9486581293434964,1.8245118185073188,1.1658769546285475,1.752210879034205,1.1076476846726409,1.6094314731730075,1.1191305831245382,1.545449307295172,1.0603791884519738
2021-05-20,2.0307327255235106,1.0205607994797945,1.7769137009254363,0.9651771371470746,1.8686487111410743,1.002903529430136,1.6038193616523062,0.9560700745671441,1.8282749796561897,1.1682816432775973,1.7708474373532646,1.119428652887923,1.6078838293069786,1.1180544170304052,1.5583014484190396,1.0691974285006554
2021-05-21,2.0379452431856357,1.0241855073002797,1.7819748483260598,0.9679262316901969,1.8782891388446286,1.008077545772248,1.610201303564028,0.9598744828598194,1.8347275290015297,1.1724048714770672,1.7754162676496046,1.1223168065684845,1.6151122565817113,1.1230807596649865,1.5639865361048388,1.0730981379177091
2021-05-24,2.094558883613106,1.0526371402551904,1.827731995601881,0.9927804226330055,1.9277986449397793,1.0346492914979868,1.6509156859224454,0.9841451728814592,1.8671977991632946,1.1931536215307321,1.8019242131503748,1.139073616385543,1.64110214033777,1.1411530257092888,1.5857537110228404,1.0880332504222012
2021-05-25,2.0998503145059173,1.055296390719068,1.8297587920975935,0.9938813301437605,1.9197969843233909,1.030354801246484,1.6412886159802165,0.9784062762839973,1.8624227148246684,1.190102306252672,1.7925887909918696,1.1331722954526378,1.6327108154190182,1.1353180532323333,1.573649540161551,1.0797282152365169
2021-05-26,2.191977441599401,1.1015956074001132,1.9082734485910675,1.036528618720009,1.9855096976374045,1.0656228062589466,1.6972371970907192,1.0117583889927109,1.9260639362709049,1.2307695316967262,1.8559035692937957,1.1731962836784977,1.6820124060845265,1.1696002944026764,1.6231939036400524,1.113722091120838
2021-05-27,2.239174826660014,1.1253150267138474,1.9479490760858327,1.0580794731818588,2.0184902076054874,1.083323441831696,1.7247321650193908,1.0281487111613519,1.9609601925231834,1.2530685053480064,1.8885201735559884,1.1938146388235225,1.7089242617887377,1.1883136607492655,1.6481902810507456,1.130872856447059
2021-05-28,2.2124553319020617,1.1118869332039827,1.9267763103901632,1.046578931895589,2.0087382796089006,1.078089583296266,1.7184307532803955,1.0243923085793476,1.9427035883684711,1.241402396179599,1.8716022429498325,1.1831200889325348,1.6965941276782963,1.1797398069337839,1.637485093057323,1.1235277054265067
2021-06-01,2.298218267421192,1.1549877750523723,1.9975629794463463,1.085028562033643,2.0737857548515293,1.1130005551190627,1.7733476636777743,1.0571294209213056,1.988847730583775,1.2708888546690484,1.9095305391894977,1.207096192503242,1.7310084394724354,1.2036700639642823,1.6649210053107009,1.1423523088815333
2021-06-02,2.3057900646117093,1.158793041642667,2.0049819110372114,1.0890583487080505,2.0583956541966386,1.104740690023472,1.762054840237758,1.0503975340227423,1.9746894506302384,1.261841605894024,1.8981115976053229,1.1998777895367594,1.7095410743479873,1.1887425661177875,1.6464579805081854,1.1296842730138767
2021-06-03,2.2612266925038482,1.1363973663800888,1.9662269836272692,1.0680075965705722,2.0296154894112552,1.0892943791846543,1.7384361306290352,1.036317930049432,1.9457718405026643,1.243363032673131,1.858192427036597,1.1746431688734789,1.6890470427693622,1.1744918832565023,1.6164188458727744,1.1090735204928213
2021-06-04,2.2752686827263946,1.1434542796743363,1.9803507191620373,1.0756792728158338,2.043673119854229,1.096839107684252,1.7519519358895292,1.0443749826403943,1.9506028917947449,1.2464501112609112,1.8629904179559738,1.1776761848172321,1.69170688370025,1.1763414241544037,1.619225801753373,1.1109994572315025
2021-06-07,2.316393308156826,1.1641217855849282,2.0250824495568356,1.0999764817684123,2.0713244732726546,1.111679585603682,1.7848072056408295,1.063960692198538,1.9751041955232191,1.2621066310409537,1.8990553929644702,1.2004744030818952,1.7070653947516778,1.187021083223717,1.6458244086828149,1.1292495603546902
2021-06-08,2.36045627346022,1.1862659774484285,2.0661600711079027,1.1222888659595076,2.101904099009766,1.128091666910111,1.813597380258396,1.081123114009595,2.0020424252062456,1.2793203650750935,1.9268860943130757,1.2180673836303264,1.7273164857310639,1.2011028354663191,1.667445157144505,1.144084205269479
2021-06-09,2.3381804196893445,1.1750710708771375,2.0524588197658593,1.1148466730501063,2.0762388657660305,1.1143171394398985,1.7966499634639645,1.071020406419334,1.9813564726463389,1.2661018837643698,1.8993529345739097,1.200662491900845,1.7066850437982684,1.186756603255867,1.6409475954045045,1.1259034322857353
2021-06-10,2.289997121757128,1.1508561732486973,2.0122553101150107,1.0930090855927859,2.061811031751459,1.1065737227297507,1.7857950825342972,1.064549586158658,1.9532811158159558,1.2481615168182696,1.8865609230683795,1.1925761125181211,1.6918298671009404,1.1764269416102409,1.6395024443907056,1.1249118707689851
2021-06-11,2.340889343357661,1.1764324619011353,2.061372076240813,1.119688141357021,2.1043498785440655,1.1294043164801093,1.826771460249475,1.0889764570609277,1.9942676268151878,1.2743522096600013,1.9266456155746334,1.2179153667007225,1.725730710705757,1.2000001545766017,1.673623931128382,1.148323647683879
2021-06-14,2.306967962821942,1.1593850037083955,2.02600052511243,1.1004751585111106,2.07509254858235,1.113701911150865,1.7978859283481903,1.071757190789992,1.9683139604388669,1.2577676190811227,1.9087633861790871,1.2066112421665347,1.7049223339857906,1.1855308893977752,1.6583699347165954,1.1378574225806504
2021-06-15,2.297263647777337,1.1545080233968807,2.022081439759572,1.098346404830424,2.067295518750944,1.1095172462160559,1.7954972270605247,1.0703332362768951,1.9645762063458487,1.2553791657343618,1.8980963782635678,1.1998681687377686,1.702939495495985,1.1841521073667745,1.6510316130372014,1.1328223796644816
2021-06-16,2.302925220751194,1.1573532916923541,2.02470044468339,1.0997689858332202,2.073720153284391,1.1129653467661895,1.7995928397896208,1.0727747161972219,1.965674896374868,1.2560812370348158,1.9098895917682013,1.207323165045324,1.703549093146966,1.1845759957932063,1.6599351222633534,1.1389313447680505
2021-06-17,2.236440920976344,1.1239410807803631,1.9669423595877167,1.068396171728233,2.0084375924712834,1.077928204547135,1.7444730307692053,1.0399166517665845,1.9151511397879402,1.2237961715896644,1.8803180350759172,1.188629715133388,1.6582564028502909,1.1530813744017998,1.6315311578167282,1.1194425316270715
2021-06-18,2.195324674142736,1.103277785599901,1.9378250558419505,1.0525803468763317,1.9745966959775727,1.0597657996337482,1.7222395389092344,1.0266628049003443,1.8731736001546546,1.1969722038992312,1.8503511279044462,1.1696863472189192,1.6220586379892714,1.1279109795313356,1.6062004105674639,1.102062345111561
2021-06-21,2.258374636862112,1.1349640432503114,1.9879797869399705,1.0798232004546213,2.0373622158102043,1.0934520462735593,1.7707357842727258,1.055572425291217,1.9322696545769003,1.2347350329812248,1.8917975316238718,1.1958863974909124,1.674188731082947,1.1641600416720448,1.6447530666536345,1.1285144804099165
2021-06-22,2.2928586521546457,1.1522942579919626,2.0160439442886453,1.0950669813046037,2.0631351076557527,1.1072843541018926,1.7916169086303046,1.0680200977653969,1.9605555049737746,1.2528099069202534,1.9244759849173285,1.2165438500625638,1.6959861118501953,1.1793170184400863,1.6705225993498902,1.1461957307998545
2021-06-23,2.345084437021911,1.1785407394159795,2.0674200491556123,1.1229732559804313,2.106304255829433,1.1304532305245985,1.835191202068684,1.0939956402566176,1.9945051979543003,1.2745040194281627,1.9612755077512403,1.2398064075273978,1.723432235708668,1.1984018922667947,1.7003885965742747,1.1666876885428925
2021-06-24,2.3855309649388157,1.1988674620556699,2.108056282907075,1.145045888847323,2.1402329802391646,1.1486627726695233,1.8686702291968291,1.1139531845587796,2.026690174290307,1.2950704645532565,1.9819551698137101,1.2528789092892476,1.7496471972136476,1.2166306678590948,1.7169737138968089,1.1780672356841901
2021-06-25,2.3687399654850774,1.1904290124206225,2.094018589716007,1.1374209487507683,2.12539081132759,1.1406969824720028,1.8573014998652715,1.107176048579726,2.029182705085745,1.2966632107243836,1.977264779860086,1.249913912533145,1.7532105137804834,1.2191084475059901,1.7137440790625924,1.1758512862199555
2021-06-28,2.337802427330003,1.1748811078260684,2.0613395538133767,1.1196704759502036,2.0935541694451074,1.1236102607576537,1.8247216129370178,1.0877545004492721,2.003521067426882,1.2802652287211906,1.9684896017810845,1.2443667459231802,1.7294688605128856,1.2025995058650492,1.7033387720192197,1.168711892526379
2021-06-29,2.3212711990246437,1.1665732082370903,2.049008101389594,1.112972325139023,2.0829178026987556,1.1179017240559022,1.817399318713648,1.0833895285880224,2.0014395775313965,1.278935140817225,1.965525711492845,1.2424931436903244,1.7277018613666806,1.2013708093856805,1.7020162802832617,1.1678044912243175
2021-06-30,2.33684612078435,1.1744005084047298,2.0583243276979797,1.1180326770473117,2.101314715271505,1.1277753447315408,1.8287111344587075,1.0901327371945873,2.0292412998081,1.2967006531984544,1.980465457574958,1.2519371982590142,1.7528261075422644,1.2188411476645833,1.7158090598647873,1.1772681315715716
2021-07-01,2.3606004420539817,1.1863384305159645,2.0843114177412447,1.1321482444818352,2.1261129699359316,1.14108456490673,1.8563097875493666,1.10658486824453,2.040177550701075,1.3036890008522324,1.9914594742701477,1.2588869879694806,1.7652635230864115,1.2274896004521019,1.7284329649298065,1.1859297720050375
2021-07-02,2.349787340857464,1.180904220950484,2.067434114974742,1.1229808961978673,2.1183455740008656,1.1369158044803782,1.8420872586848258,1.098106523016146,2.0207995682037607,1.2913063223781096,1.9788421326942833,1.250911024944452,1.7496762847080884,1.2166508940726113,1.717979366149915,1.1787572439005576
2021-07-06,2.30135427156306,1.1565637987476483,2.02423468458214,1.0995159960561214,2.0726964377249533,1.1124159187535452,1.8029431121071675,1.074771883198097,1.9784587594610201,1.2642502229586592,1.9440397926461277,1.2289109724183664,1.7122928602030578,1.1906560416275889,1.6876224818138506,1.1579284737660362
2021-07-07,2.274084792311167,1.1428593061785761,2.0040459837290943,1.0885499753192034,2.0511123868976657,1.1008317613755285,1.787669444766475,1.0656669324645642,1.9517877725906185,1.2472072591181518,1.9133953529507217,1.2095393071223393,1.6891576436050233,1.1745687904002808,1.6607957176798738,1.1395218251319466
2021-07-08,2.2571162845847796,1.1343316483565666,1.9799680405885278,1.0754714109428363,2.0363894128759545,1.0929299430604824,1.766992141983581,1.0533407622697348,1.9314010369940569,1.2341799797270085,1.8932487787833114,1.1968037930939606,1.6706178813942805,1.161677023810807,1.6428871602619688,1.1272342259907113
2021-07-09,2.3386752990941844,1.175319776437796,2.0466796568025103,1.111707569580328,2.1092784110107208,1.132049459238215,1.8260895012785718,1.0885699271363285,2.0055921252082305,1.2815886504247318,1.9609646261086793,1.2396098859010833,1.734506970963282,1.2061027948091148,1.7006474229374318,1.1668652770846974
2021-07-12,2.348089263853192,1.180050838915873,2.0523594217267123,1.1147926824062093,2.120759929144816,1.138211588584008,1.8338508382453136,1.0931966215072508,2.0163041821408294,1.288433736429493,1.9703680795072365,1.2455542123000738,1.7449910844734715,1.2133930039679244,1.709818218992263,1.1731576357095816
2021-07-13,2.3078594804252983,1.1598330429341368,2.0228952080931797,1.0987884243782071,2.0868960130192113,1.1200368290370646,1.8092657453508745,1.078540936360383,1.9781972719058405,1.26408313041839,1.932385882828345,1.2215440359488439,1.7127670376055857,1.1909857645402078,1.6773357216425562,1.1508704186420358
2021-07-14,2.23112490273385,1.1212694737493536,1.938650698066997,1.053028816038713,2.0301505109795976,1.0895815251934322,1.7448040368302185,1.0401139713631677,1.9280859166247515,1.2320615925501275,1.8804127580914864,1.188689593616129,1.6762366328512948,1.1655840659553998,1.6377581355752835,1.1237150480991138
2021-07-15,2.2005399661803233,1.1058987718796334,1.9166503148398002,1.0410787326506987,2.003195941332175,1.0751150110367063,1.7250495855305332,1.0283379321291326,1.9036757616478588,1.2164633175168895,1.8580402860789504,1.1745469940457232,1.6571368345926374,1.1523028739822918,1.6195682424429036,1.1112344160740502
2021-07-16,2.136344564509703,1.073636864820936,1.8528741199996468,1.0064370248840835,1.9485404190629239,1.045781399074291,1.6695951807578528,0.9952804082123046,1.8518786349738057,1.183364558883109,1.808197302866385,1.1430391055756979,1.6131304755507236,1.1217027129461279,1.5770270705582308,1.0820456402883103
2021-07-19,2.0678769723857733,1.0392279346460205,1.802046779401701,0.9788288258693677,1.8837191588731708,1.0109918368420638,1.6205936948702102,0.9660696034379846,1.8008188304416306,1.1507369547163109,1.7666883586237676,1.1167995207553574,1.5669631787188503,1.0895999271575068,1.5389474628520567,1.0559180776918298
2021-07-20,2.1644493943599725,1.0877611694429739,1.894467612478974,1.0290296178582037,1.9726410537148975,1.0587162066760953,1.7028038777300323,1.0150768030866997,1.8794283789205457,1.2009690551914416,1.8426173937933672,1.1647975220298334,1.6363358537270873,1.1378387515678527,1.6060452161176415,1.1019558615381573
2021-07-21,2.244034092937369,1.127757089430705,1.9726209740162846,1.0714806596323292,2.043814727179292,1.0969151083178936,1.7734467248401198,1.0571884733402592,1.9510852195008652,1.2467583223404126,1.9137268675308163,1.2097488717138332,1.6960748993991765,1.179378757546797,1.6667041220723702,1.1435757588489486
2021-07-22,2.2242677003654587,1.1178233324411833,1.9635026391811117,1.0665277976519316,2.0292750688369123,1.0891116755050045,1.7703480870874255,1.055341310936494,1.9223833741337146,1.2284176244455356,1.8886518205481915,1.1938978585363151,1.6702165794330965,1.1613979753981756,1.6448130536704155,1.1285556393038845
2021-07-23,2.228251006729625,1.1198251745725933,1.9705596560783019,1.0703610008975826,2.0358910489573865,1.092662471207751,1.7783830892258599,1.0601311428074136,1.9278439664265674,1.2319069845298503,1.8963251746842955,1.1987485149522912,1.6756002548980846,1.1651415556393443,1.6520938422353646,1.1335512070221831
2021-07-26,2.263605983853249,1.1375930980739855,2.000790428169775,1.086781635195015,2.0651504565152154,1.1083659915825692,1.8037911555853756,1.0752774195513999,1.961679417572396,1.2535280956348778,1.927578517376965,1.2185050939611461,1.703184939112597,1.1843227784778856,1.6783445971414255,1.1515626384241344
2021-07-27,2.197931731660742,1.1045879829840402,1.9461533717620412,1.0571040894265875,2.0106195697749976,1.0790992714929895,1.75705095039304,1.0474146112252292,1.91472003617527,1.2235206930962021,1.8815070407583812,1.1893813366459585,1.6653880763651032,1.1580404385634768,1.6406814958527178,1.1257208533907566
2021-07-28,2.2219505743720918,1.1166588424388482,1.9710318125226425,1.070617465015675,2.0323179552482333,1.090744792261179,1.7799585590812395,1.0610703131517343,1.9380773169777088,1.2384461735091647,1.9036796169000185,1.203397573458761,1.6851106233269286,1.171754663648545,1.6592596079276913,1.1384678540927775
2021-07-29,2.251059930564725,1.1312879797226025,2.005406007123926,1.089288707586276,2.062629204059426,1.1070128357050522,1.8159318059133964,1.0825147136893423,1.969131185360975,1.258289832033525,1.926917362421525,1.2180871495434018,1.7117226854809804,1.1902595662387092,1.6790011784358225,1.1520131385711265
2021-07-30,2.23399481012715,1.1227117684181336,1.981106070790137,1.076089561802613,2.048847751422134,1.0996163317992032,1.7964231542060307,1.0708852007039456,1.9524626864215344,1.247638534198883,1.9068034373465301,1.2053722744073243,1.7012166938771591,1.182954143978819,1.6647143449709454,1.1422105130152294
2021-08-02,2.1976278771982423,1.1044352785196485,1.9540932888957723,1.061416863020673,2.0196221132610974,1.0839309354554174,1.774418714426507,1.0577678965462358,1.9334593432516787,1.2354952531097214,1.8868106931352235,1.1927340028951003,1.68681708091528,1.1729412620889028,1.6492237710487383,1.1315819649763208
2021-08-03,2.2177204124918624,1.1145329411145848,1.972611253373291,1.071475379610924,2.0375582681721,1.0935572675516552,1.7904984901220633,1.0673533852339616,1.9606413204596362,1.252864743669626,1.911332630497627,1.2082353717475334,1.709543538797934,1.188744279792059,1.6692437240957763,1.1453182560760393
2021-08-04,2.184049095656067,1.0976111544128822,1.9274752490764382,1.046958578718002,1.9945505410972229,1.0704750258124767,1.740301429451924,1.0374298734685785,1.9115277820280043,1.221480818371433,1.87102614409121,1.1827559121233777,1.6645811595069369,1.1574793427050536,1.630851828385363,1.1189764233000479
2021-08-05,2.259718615753338,1.1356394704763928,1.966317634403594,1.0680568359099536,2.069625252509644,1.110767614032811,1.776525820132866,1.0590239860772437,1.9592617689977256,1.2519831997734143,1.91354152316527,1.2096317075871754,1.7068247967221215,1.1868537815289228,1.6699331249387341,1.1457912747010581
2021-08-06,2.3044167110225704,1.1581028519297212,1.9944502019398394,1.0833377755420182,2.1077038688816327,1.1312044026745691,1.7998744760399394,1.072942605422954,1.990221563818436,1.2717667445744698,1.942722324807429,1.2280781444644786,1.7311153482190107,1.2037444037854494,1.6938828130791492,1.1622238750808518
2021-08-09,2.3000143963399258,1.1558904338524367,1.9901716883755751,1.081013789030433,2.0942003377510368,1.1239570592065857,1.7885171417541446,1.066172262267652,1.9903555040422978,1.2718523333981295,1.9428659293781145,1.2281689230757356,1.7282750278169376,1.2017693650958148,1.6901150418766526,1.1596386940910155
2021-08-10,2.381089808215759,1.1966355236036366,2.0617840512045182,1.1199119163303572,2.1685302224004093,1.1638498989963983,1.855694367023868,1.106218003270972,2.041239322107213,1.3043674808713486,1.9885675028150562,1.2570588487171208,1.7690707533652126,1.2301369873791164,1.7279518003449335,1.1855996305312202
2021-08-11,2.3974251695361066,1.2048449886894896,2.072733272147806,1.1258592719720688,2.1840653198951574,1.1721875838777962,1.8668548069142603,1.1128709735825517,2.050272795636321,1.310139939290637,1.9999843993783064,1.2642759589381238,1.777290127366595,1.235852392459987,1.7402854383310284,1.194062110003449
2021-08-12,2.3785825532293705,1.1953754827714547,2.0666048239208714,1.1225304450787048,2.160998739957544,1.159807753311788,1.8579828667634848,1.1075822255574819,2.0420397709609373,1.30487897378822,1.996559854733659,1.26211115731973,1.7678482098080328,1.229286882291172,1.736912930988018,1.191748131419649
2021-08-13,2.3267019949036714,1.169302497677523,2.019266433484636,1.096817360568973,2.117636766958719,1.1365353878295568,1.81646247779742,1.0828310582352805,2.008114046576407,1.28320017739579,1.9656132622070734,1.2425484882536217,1.7404306792861588,1.2102218910615132,1.712510980343016,1.175005220151418
2021-08-16,2.284456991582653,1.1480719369929742,1.9936943519093169,1.0829272158349303,2.0806119917982593,1.1166641956341508,1.7968222868067998,1.0711231319476406,1.9761596675247874,1.2627810856925483,1.9303042705534883,1.2202281595071323,1.7126139227628323,1.1908792949538278,1.6831337943298652,1.154848650462214
2021-08-17,2.2151222190602273,1.1132271984471893,1.9430011871539001,1.0553918979373442,2.017801879839497,1.0829540164058253,1.7506050003211475,1.04357204633716,1.9257870419907712,1.2305925941418112,1.8784807222534665,1.187468270858524,1.6692003497944263,1.1606913322840873,1.636813975396554,1.1230672314419354
2021-08-18,2.1855148619960216,1.098347786884971,1.918668992638349,1.0421752302788112,1.9935197117722698,1.0699217798427707,1.730393716172133,1.0315236795413267,1.9046614125099712,1.2170931559283404,1.8651107970508656,1.1790165674293853,1.652974712603931,1.149408710368681,1.626566303529617,1.1160359959776012
2021-08-19,2.1378187426411905,1.074377724705419,1.8907967155116465,1.0270356741884341,1.9531946399450992,1.048279318839334,1.71203136644611,1.020577501005547,1.8787197462619656,1.2005162335228947,1.8275165060597252,1.1552516029085638,1.6339410781937957,1.1361735259377475,1.5975184103513003,1.0961053639929308
2021-08-20,2.166067608305446,1.0885744156654653,1.9120324253799992,1.038570405247882,1.9786613301248963,1.061947288271976,1.7302170419686624,1.031418360374515,1.906086884926342,1.2180040436643622,1.8484460574381214,1.1684820704298564,1.6567483994827874,1.1520327726339343,1.6158904234978593,1.1087109540298339
2021-08-23,2.2418816190128443,1.1266753466283845,1.9750055876347694,1.072775924869066,2.0454651567658124,1.0978008936704469,1.784991165553097,1.064070354527877,1.9653055878238122,1.2558452460565952,1.9065795177196483,1.2052307252026961,1.7030254648408332,1.1842118868135136,1.6638664710656064,1.1416287612622544
2021-08-24,2.3312599460714467,1.1715931321018906,2.04783695161003,1.1123361845145114,2.1118066440827814,1.1334063616116121,1.8382931057462848,1.0958447495461376,2.0174625523600414,1.2891739438262353,1.9586818351380608,1.238166835773127,1.7425932696410573,1.2117256649377415,1.703276792276744,1.168669366363458
2021-08-25,2.3342309327484183,1.173086224964474,2.0532325186315763,1.1152669278187184,2.1171130080844143,1.1362542865072598,1.8465604720484128,1.1007730985272886,2.0280702688873733,1.2959523555169676,1.969841779056422,1.245221515201361,1.7522791872888686,1.2184608424497865,1.7150254258159636,1.1767304567136436
2021-08-26,2.2935809584764417,1.1526572587492638,2.019050833430355,1.0967002517622533,2.0772094302027178,1.114838041251614,1.8140259569879549,1.0813785975107821,1.9907170423290945,1.2720833591182783,1.9402277737480602,1.2265012316977169,1.7196477123568301,1.1957702947765079,1.6898722945824611,1.1594721378813757
2021-08-27,2.386054256979577,1.199130446611327,2.107381933385184,1.1446795982724705,2.16192749394794,1.1603062154622112,1.8938867288193386,1.128985264387007,2.066886064463426,1.3207559446626471,2.017006530474702,1.2750363784302734,1.7824767702357538,1.239458964566581,1.755762714971823,1.2046815343781871
2021-08-30,2.356366180498394,1.184210468867411,2.0903851402079807,1.1354473456476464,2.1317188134423986,1.1440932204151464,1.8773305803977698,1.1191158000106407,2.039206619116236,1.3030685681711147,1.9914303029091092,1.2588685475004122,1.7568323238208299,1.2216269010406586,1.733578281810879,1.1894601284605517
2021-08-31,2.3558461760893534,1.1839491365370882,2.0907882591487406,1.1356663102405637,2.1273936062684693,1.141771882266147,1.873777136542319,1.1169975182308582,2.0396098218313186,1.3033262177784182,1.9872298067240715,1.2562132336169618,1.7548109057616246,1.2202212924086382,1.7269092290316979,1.1848842910388067
2021-09-01,2.3810795936483156,1.1966303901919448,2.1182097676418956,1.150561019561503,2.1508901871210946,1.1543824942694318,1.899486864291442,1.1323236216025507,2.058123227238567,1.3151564249039966,2.0000500929472382,1.264317486661982,1.7664581914650257,1.2283203223197205,1.7365812498915993,1.1915205550571086
2021-09-02,2.3862716809089064,1.199239714727388,2.145193858423728,1.1652181340154917,2.146984006309714,1.152286047516776,1.919370335727071,1.1441765724227293,2.077049718303243,1.3272505969123427,2.0221672863469813,1.2782987136671384,1.7786245877008855,1.2367803197417409,1.7519322489827354,1.2020533366121864
2021-09-03,2.378878818123378,1.1955243730381482,2.129959043846745,1.1569429461373628,2.1399819776317988,1.14852805960156,1.904266416744551,1.1351728122155962,2.064283740310316,1.3190930396993537,2.0058198587294265,1.2679648031957462,1.7675493586274287,1.229079073818682,1.7373315173402355,1.1920353360884575
2021-09-07,2.3846263967433083,1.1984128641515794,2.128535681978042,1.1561698099221134,2.1376973799099037,1.1473019162901092,1.897235998034524,1.1309818334177042,2.057747636178745,1.3149164193548029,1.9980923447191608,1.2630799099992929,1.7575055888624593,1.2220950610780352,1.7260777145851063,1.1843137640018466
2021-09-08,2.348255453953705,1.180134359065873,2.0944780555051157,1.137670519607652,2.106946174968401,1.1307977484461542,1.8685607491026213,1.1138879211978698,2.0225934802549363,1.2924526458482455,1.9595268779660382,1.2387010236058007,1.7298833415681816,1.2028877184623783,1.6937977295110314,1.1621654966892192
2021-09-09,2.384435723017582,1.1983170395620006,2.131993006593573,1.1580477461847851,2.1337055804916565,1.1451595180418626,1.8987775860238727,1.1319008060770754,2.0431120263625013,1.305564153160302,1.9799651862012948,1.2516209552568844,1.74421694707869,1.2128547015620852,1.7082803206409984,1.1721024374588602
2021-09-10,2.3802617394995185,1.1962193711181577,2.1170017499328906,1.1499048531571392,2.1293725330945956,1.1428339720460894,1.88657999907934,1.124629570837974,2.031397473685891,1.2980784647361978,1.9739606997853376,1.2478252617385626,1.7339838407799837,1.2057390322029744,1.7022850421129185,1.1679888967881054
2021-09-13,2.393500626193858,1.2028726783797101,2.1397178076836645,1.1622436738751853,2.1468144653461327,1.152195054902838,1.91274512739005,1.1402271479549555,2.048969609781566,1.3093071935992993,1.9922965502064398,1.259416139588055,1.7503244212600382,1.2171015808209555,1.7190788795720817,1.1795116530842078
2021-09-14,2.365928983984555,1.189016331425512,2.1078121972533603,1.1449133073424649,2.1251404544590877,1.1405626159720073,1.8828861041346336,1.1224275632430603,2.01645328276648,1.2885290128654145,1.9623252817695944,1.2404700147305991,1.7227622382862207,1.1979360043936087,1.6943659533338122,1.162555372121053
2021-09-15,2.4341557891062533,1.2233042521872175,2.1766077248479476,1.1822813969338075,2.1872540107244194,1.1738989538468336,1.9469051628156582,1.160590655465509,2.0705635411820476,1.3231058803078612,2.0121450021769496,1.271963197783236,1.7677951047197011,1.2292499552585754,1.7363735318413498,1.1913780334638664
2021-09-16,2.4217544276675147,1.2170718498698256,2.1842565284335307,1.186436044592548,2.1835610667146668,1.1719169512589278,1.9587525577871732,1.1676531339868887,2.0698427075344235,1.3226452621143472,2.0074691701795744,1.2690074037359662,1.768602916605574,1.2298116734814146,1.7341274183023019,1.1898369075010395
2021-09-17,2.4115037603712044,1.211920295911179,2.174964000568584,1.1813885651134501,2.182229863407619,1.1712024946106196,1.9556515831402024,1.1658045785118474,2.061954246285553,1.3176044752670133,2.001491562934143,1.2652287016947295,1.7664200400657404,1.2282937934500908,1.7324935792779794,1.1887158814728838
2021-09-20,2.3114237959508026,1.1616243179042927,2.088970921154753,1.1346791755916767,2.094083517885886,1.1238943619995778,1.8781946753395082,1.119630904975161,1.9945242657925957,1.274516203922129,1.9348927716905464,1.2231287479701944,1.7098282906381284,1.1889422841794917,1.6763538234397501,1.1501967087930494
2021-09-21,2.328170133030324,1.1700403221097841,2.10101880211947,1.1412232971503986,2.110244770736925,1.1325681043823408,1.8901599971039822,1.1267636821102338,1.9959202655093615,1.2754082583785238,1.9346866442263795,1.222998445955087,1.710295769044742,1.1892673488936552,1.6761682451791589,1.1500693779744764
2021-09-22,2.3814505457869006,1.196816815124367,2.160728531776538,1.1736561980280387,2.160626937329294,1.1596082068877331,1.946515989503391,1.1603586611608037,2.047048260871552,1.308079437005309,1.9865852006921916,1.25580575048392,1.7523076518848935,1.2184806355260853,1.7204320727457902,1.18044011956485
2021-09-23,2.444109190428301,1.2283064127783676,2.2226226332895123,1.2072755975934026,2.22415297590314,1.1937026238407846,2.0056861924873672,1.1956312496652615,2.1066834436875395,1.3461867732390103,2.043300532707827,1.291657945527466,1.8041771070376205,1.254548461065113,1.770256571064162,1.2146262043768643
2021-09-24,2.4021440826820206,1.2072165158295904,2.197806967387677,1.1937963198102113,2.1902669931817225,1.1755160211546292,1.9859875718518045,1.183888492251166,2.09767297275695,1.3404290136554526,2.032526891550485,1.284847464650872,1.7984656491177102,1.2505769547668062,1.7619767339532306,1.2089451594440024
2021-09-27,2.4617826726030447,1.2371883610875416,2.270295387393277,1.2331703004716708,2.241545114606246,1.2030369825063207,2.049976450708308,1.2220335936525966,2.1598060734915983,1.3801325384730694,2.0893779462335376,1.3207854558164036,1.8492778000395054,1.2859095756573422,1.809428129704199,1.2415029873066246
2021-09-28,2.399834889963282,1.2060560127571929,2.215307331249606,1.2033021000191728,2.190518637131411,1.175651078430937,2.00329791340146,1.194207546835413,2.123230278690553,1.3567603268912063,2.0500860201228917,1.295947343290374,1.8197758252528358,1.2653951500376934,1.7774168454687407,1.21953908371
2021-09-29,2.3832428583199676,1.1977175559696172,2.206547417576772,1.198543923864643,2.180791790057399,1.1704306808235143,1.9997253665479868,1.192077877361242,2.11648145856388,1.352447779404911,2.0422254390100067,1.290978332668394,1.816588443974466,1.263178779891986,1.773639730441059,1.2169474916410556
2021-09-30,2.368195102114655,1.19015518702256,2.1782013446252573,1.1831470131838053,2.1506752358767764,1.1542671299635048,1.9619233666982319,1.1695433191190294,2.0732316037321143,1.3248107926077315,2.0061059163980666,1.268145632522937,1.7737365131453258,1.2333813594138834,1.7361904392583734,1.191252408143365
2021-10-01,2.4140093262492544,1.2131794878686006,2.2217982663366125,1.206827821128432,2.190237363854241,1.175500119098278,2.002672549732191,1.193834754547076,2.121086131855192,1.3553902007252214,2.051210790361853,1.2966583588227403,1.8140356379868061,1.261403666567067,1.774919466486102,1.2178255569793819
2021-10-04,2.453714666610685,1.2331337208376056,2.2510862418906963,1.2227363508355313,2.2172774131939104,1.190012510195136,2.0282690005183204,1.2090933311654155,2.1390854664995973,1.3668919127161734,2.060338563723127,1.3024284160406274,1.8237146409228737,1.2681340358809894,1.7779289528154816,1.219890455942124
2021-10-05,2.4878349206184756,1.2502811244673315,2.2938896036401335,1.245986115937842,2.2467614484945098,1.2058365882513895,2.0663982875156712,1.2318229920825856,2.1612679892942337,1.3810667138106114,2.0806639727151777,1.3152769792355323,1.8413884823328621,1.2804236777656575,1.794266119496277,1.231099876700742
2021-10-06,2.403827706820811,1.2080626344622947,2.226624583247195,1.209449361350839,2.178412989912168,1.1691539790832475,2.0117773289960343,1.1992623028095757,2.1112266354917444,1.3490899074205775,2.0348016912182207,1.2862854631333673,1.8037293977961277,1.2542371429923305,1.7588112876816169,1.206773251680521
2021-10-07,2.4666470394409985,1.2396329871314866,2.28053450249541,1.238731943558812,2.2357753135501914,1.1999403310015584,2.063112521931305,1.2298642788868435,2.162088816603368,1.3815912287157721,2.084211728716314,1.3175196680394095,1.846299361597148,1.2838384955235451,1.800441497162189,1.235336988799375
2021-10-08,2.473551657641373,1.2431029576412,2.288124782321823,1.2428548025075534,2.2448200729378827,1.2047946522330881,2.0701871414186064,1.2340816066872695,2.1605813676143417,1.3806279573251692,2.0765769285525946,1.3126933832437446,1.8442449033383133,1.2824099121339827,1.7914785636343658,1.229187250897576
2021-10-11,2.4772404112206794,1.2449567699399158,2.2899134683813034,1.243826374109058,2.245782288214587,1.205311073051685,2.0676633304926537,1.2325771105090446,2.154956602908743,1.377033689818132,2.0700513645385,1.308568294216002,1.836666673361659,1.2771403314937433,1.7826176911516005,1.223107540144271
2021-10-12,2.4696040944522726,1.2411190785252384,2.286740067774531,1.2421026585954293,2.242754070427465,1.203685828944282,2.0659223577195656,1.2315392804336736,2.1673257053468507,1.38493764052744,2.085916746830789,1.3185974831525455,1.8462897947282375,1.283831843127491,1.7953658182874206,1.2318544130716154
2021-10-13,2.4865231003815413,1.2496218588274208,2.2969083036925926,1.2476258018004815,2.2557618830471187,1.2106671203494768,2.0736726691676974,1.2361594022636655,2.1819840754904796,1.394304450744571,2.099174282391111,1.3269781402661174,1.857307815591366,1.291493308880438,1.8049066588961042,1.2384006703794601
2021-10-14,2.495994821186092,1.2543819470631825,2.3011477176037527,1.2499285503131552,2.2684782396197756,1.21749198733072,2.0815730211202057,1.2408689663585646,2.2037470968130566,1.408211187201801,2.1247244059129393,1.3431294697097809,1.8795787125306713,1.3069795487693927,1.830342276138786,1.2558528113473033
2021-10-15,2.5259152428042286,1.269418691694117,2.328853153391077,1.264977482167693,2.295765049711795,1.2321368148924854,2.1063191506647905,1.255620648801508,2.2121684460110846,1.4135924935092017,2.141840838275611,1.353949501078846,1.886618402987839,1.311874651802773,1.8452169158272562,1.2660587484084032
2021-10-18,2.625477049846918,1.3194542656108892,2.4305073156849835,1.320193598341944,2.3718223976436295,1.2729567840098235,2.1860213339886787,1.3031327777704023,2.264369028617913,1.44694906355832,2.187433196759992,1.3827703872622643,1.9235536705460448,1.3375578748596597,1.8771073179563342,1.2879397111610562
2021-10-19,2.545273151754476,1.2791471620074264,2.364198520617089,1.2841762425424077,2.311783530900944,1.2407339317421782,2.136296433284731,1.2734907303799223,2.2411829819599896,1.43213300306849,2.165943243230584,1.3691856654942474,1.9088875756168018,1.3273596926792375,1.8643902070643712,1.2792141194102173
2021-10-20,2.55901733072787,1.286054407901967,2.371174633236839,1.2879655005143837,2.3303883293969228,1.2507191247667995,2.1463652599498135,1.279492967346666,2.2582596283235197,1.443045110217168,2.185186652804108,1.3813502504276947,1.925049290450889,1.3385978656912922,1.8837036298537368,1.2924656388789866
2021-10-21,2.5144060651490854,1.263634663396617,2.3526486570160214,1.277902632136279,2.2916372485959946,1.2299214245501808,2.1333232172838272,1.2717183344906744,2.251806990281212,1.4389218253396596,2.1791993414220276,1.3775654139852727,1.9229079353789904,1.3371088579328165,1.881030323574199,1.2906314031458577
2021-10-22,2.5229173074439237,1.2679120555574914,2.3527907434840682,1.2779798101164959,2.2956954081267344,1.2320994382624986,2.129620147857685,1.269510857796584,2.253806751974742,1.440199688299815,2.181525354106498,1.379035786413216,1.9261016573811904,1.3393296371497239,1.8846017850961774,1.2930818901675845
2021-10-25,2.582743122304287,1.2979779921901338,2.4125703247692436,1.310450652732334,2.3426393480010073,1.2572942449185416,2.175824202113271,1.2970540553995442,2.2899276482997313,1.4632812162891964,2.221368257045996,1.4042221950353888,1.951876787782175,1.357252572792889,1.913463453164724,1.3128847475110317
2021-10-26,2.586352654252903,1.2997919910315017,2.3997876505805933,1.3035074090215895,2.347438146105631,1.25986975926078,2.166286505346535,1.2913684360106015,2.284738534312935,1.4599653329110895,2.2076059964483545,1.3955224795677836,1.9467385391962198,1.3536796520242267,1.9003778037592103,1.3039062904167185
2021-10-27,2.49805855859329,1.2554190946265897,2.33277288036815,1.2671065843633478,2.2719635272452794,1.2193625407631856,2.1112051339229305,1.2585332850307722,2.2204453706868152,1.4188815114463535,2.138116643371327,1.351595277673229,1.8933071374602541,1.3165257148863856,1.8427382579215519,1.2643580667709697
2021-10-28,2.5177579623723276,1.2653191858682011,2.36002707053256,1.2819104103592005,2.2917849059337443,1.2300006722248737,2.1371348875317135,1.2739905503930742,2.2522925589065705,1.4392321073912495,2.1654488343792178,1.368873128444027,1.922031149604648,1.336499178184861,1.8704003265991624,1.2833378429414373
2021-10-29,2.516550348875469,1.2647122901500567,2.359243622145921,1.281484859883382,2.28924325659836,1.2286365693446297,2.134282922227605,1.27229043456572,2.248090082254586,1.436546692788169,2.16457860801667,1.3683230210185162,1.9163754523145746,1.3325664454704091,1.869100100667243,1.2824457188762983
2021-11-01,2.589785687975425,1.3015172892927955,2.4239935791822087,1.3166554920475277,2.3545606679627014,1.2636924158501706,2.192688526515014,1.3071072298865312,2.3136305027987056,1.4784275209274826,2.2307674804836846,1.4101638474946028,1.9711815813761768,1.370676309852884,1.925555685355607,1.3211815912163634
2021-11-02,2.5609418177740038,1.2870215740945952,2.575207469548112,1.3987912703490977,2.3294236214139086,1.2502013661130376,2.308469339910879,1.3761265805338432,2.376073479172127,1.5183290586394986,2.29560578957906,1.4511509249102883,2.009558149290746,1.3973617522245794,1.9668608268718963,1.3495222894412657
2021-11-03,2.5696193417400814,1.2913825324250632,2.607398797175107,1.4162768316477718,2.3263530321948873,1.2485533812634366,2.3317859233058917,1.390026080788133,2.4133394127119265,1.542142274134213,2.3405041817063914,1.4795331251810544,2.0411588066166853,1.419335512928148,2.007275183713892,1.3772517935457562
2021-11-04,2.5187699583767036,1.2658277724676668,2.5644950503597794,1.3929725397721826,2.287712847571576,1.227815199011467,2.3045695961088652,1.373801862154248,2.4033793596245623,1.535777724316753,2.327425686583356,1.471265647210585,2.0389727617344193,1.4178154297654877,2.0017798879593602,1.373481306073286
2021-11-05,2.5586462778244377,1.2858679323293731,2.5959591099136143,1.4100630664012355,2.3340853160809627,1.2527032970574894,2.3405495388722946,1.395250254275737,2.4371399416121786,1.5573509934591858,2.3600319213820224,1.4918774473727565,2.0669028643750798,1.4372368419697275,2.0330644123395123,1.394946557904413
2021-11-08,2.6135727020686192,1.313471641441195,2.6399078636117035,1.433934981088714,2.373632935930969,1.273928499682071,2.3665565794366676,1.410753591999527,2.475094974029728,1.58160454838765,2.388287175554506,1.509738805978884,2.0908510666273554,1.4538894090395977,2.0486194753203986,1.4056193538234583
2021-11-09,2.5619081982542378,1.2875072362514677,2.5991812063116386,1.4118132323071186,2.332510572841098,1.2518581325577145,2.341456597687708,1.3957909708988325,2.465385533468174,1.575400141883827,2.3778426512878954,1.5031363740114516,2.0885027916234926,1.452256517911137,2.0462066357631183,1.403963832131782
2021-11-10,2.4562748896140993,1.2344203811658565,2.5042474484793593,1.3602474795328274,2.240429744608811,1.202438363568272,2.2618677898093167,1.3483464273907586,2.3802581726835745,1.5210031096802683,2.306112035290352,1.457792373651395,2.0249322856404555,1.4080522764655183,1.9931079811748702,1.367531250361292
2021-11-11,2.5433271982280563,1.2781692076652762,2.590668049423463,1.4071890885520602,2.313419685300275,1.2416120556035533,2.329889877838682,1.388895808654898,2.4311213103753384,1.553505042237461,2.3587617434978996,1.491074513428386,2.0612149249709533,1.4332816894526916,2.0307593124407974,1.3933649596285191
2021-11-12,2.544014437036613,1.278514584966325,2.6050904894947338,1.415023013976471,2.3097098782671273,1.2396210026331018,2.34014854636667,1.3950112143040787,2.4364094717427007,1.55688421764648,2.366069121636194,1.4956938207119763,2.0630945118623796,1.43458867468872,2.0348605633306995,1.396178951048195
2021-11-15,2.527633295137748,1.2702821124884967,2.5910154471912112,1.407377786732929,2.3073172124705557,1.2383368591994957,2.341153889140018,1.395610520038416,2.428536837669977,1.551853544485305,2.359560356303588,1.4915793508516408,2.0643680329041723,1.4354742273636107,2.0372883760006095,1.3978447462421748
2021-11-16,2.5253363148376344,1.26912774686371,2.5964990281178095,1.4103563370909415,2.305925245943354,1.2375897909385343,2.3514265646221055,1.4017342755242244,2.432266232132969,1.554236655964779,2.364529789962872,1.4947207431079628,2.067216228571364,1.437454742179562,2.0427439972445134,1.4015880118412494
2021-11-17,2.446611614499761,1.2295640257960279,2.5347128968672092,1.376795584396655,2.2340517759993124,1.1990153086136817,2.299312102117866,1.3706677606511755,2.380835172097844,1.5213718167026662,2.325845244897611,1.470266582203672,2.0303152034625436,1.4117953298738553,2.014228491292295,1.3820226667230517
2021-11-18,2.498470597040214,1.2556261678083647,2.591929889066002,1.4078744897468898,2.2817461953733784,1.2246128975233506,2.35053370475984,1.4012020231923816,2.3997402397276226,1.5334522989728685,2.3516672901225966,1.4865898050241653,2.0441903791643545,1.4214435402717236,2.034666128157106,1.3960455432355872
2021-11-19,2.419043564009726,1.215709483888768,2.5240502311223523,1.3710038787034537,2.205824372138172,1.1838656644937335,2.2864158533852095,1.3629800385907782,2.338201489889622,1.4941285689071053,2.296648790790279,1.4518102507314785,1.9943145684342702,1.3867620107524052,1.9898912993538982,1.3653241883484981
2021-11-22,2.469154950833662,1.2408933578458359,2.5891376760160854,1.4063578262215766,2.248915746795063,1.2069927998797108,2.3425083491805254,1.3964179418359637,2.362634595043767,1.5097415092784867,2.328740510537389,1.4720968038515252,2.011309505719984,1.3985795714201037,2.013799976940719,1.3817286501556887
2021-11-23,2.5173761713761627,1.2651273137821397,2.6000059051076234,1.4122611890213381,2.29878787097975,1.2337591626887263,2.3516087462605184,1.4018428777875385,2.381768281894298,1.521968080972806,2.3440853377452817,1.4817969275820049,2.028823323737024,1.4107579398047516,2.0288244653729173,1.3920374029406795
2021-11-24,2.5456003594671577,1.2793116028324811,2.6175137224076694,1.4217710177600953,2.3298487249955757,1.250429519152122,2.3700648566391105,1.4128449489981654,2.3946388098016,1.5301924463777408,2.3541222213439807,1.488141672391234,2.0397909928407563,1.4183843930736055,2.0379135111971722,1.3982736702769363
2021-11-26,2.3993119902698434,1.205793225378787,2.4919989769385413,1.3535944019579076,2.1855629786851627,1.1729913771629767,2.2508929760064276,1.3418041126502267,2.2830299316017086,1.4588735227592282,2.245793906461085,1.4196626961445704,1.9457791637618684,1.353012542919442,1.944492440127222,1.3341746674446502
2021-11-29,2.4504059279532373,1.2314708880447556,2.531277269632369,1.3749294336336209,2.2334111072229703,1.198671461761591,2.285816112106348,1.3626225203422069,2.3113027339728736,1.4769400589104034,2.269355774695465,1.4345571641042483,1.968439770728104,1.3687697706801758,1.963090010529255,1.3469350190893123
2021-11-30,2.3508022670017574,1.1814142801149494,2.421016680656793,1.315038511777275,2.146065151554861,1.15179289828483,2.1901731161841527,1.3056077414777392,2.2357344898183436,1.4286513750729974,2.1950075344441706,1.387558451130144,1.906433143387242,1.325652984305447,1.9021757591507864,1.3051399216138029
2021-12-01,2.216424409869044,1.1138816247418062,2.2905528935483357,1.2441736946074111,2.0262123547809354,1.0874679172544235,2.078884927329326,1.2392665377481245,2.1441241141885667,1.37011164698343,2.10805818048516,1.332594033462811,1.8338070711482757,1.2751518850479566,1.8332121067571783,1.257821888332074
2021-12-02,2.27904987591356,1.1453545482294156,2.3341099174417748,1.2678328310090399,2.0841342580495543,1.1185545954904503,2.1150369809527327,1.2608175287324692,2.202419556486208,1.4073628788172148,2.1730140664156394,1.3736554362412325,1.8838767927429372,1.3099682519819549,1.8921530682084915,1.2982630523193346
2021-12-03,2.2290676826322233,1.1202356015094304,2.2862036448752487,1.241811286471978,2.042119004759237,1.0960050143072488,2.07448483531382,1.2366435513932068,2.1431569939072874,1.3694936497543286,2.1220806152000486,1.3414582161540978,1.8310509084138404,1.2732353660413454,1.8456764946319686,1.266374079230106
2021-12-06,2.263405338262888,1.137492262044932,2.3009370463036842,1.2498141186881573,2.077412135502862,1.1149468331608348,2.0969706228037728,1.2500477969312285,2.1613775736388194,1.3811367390418212,2.152177805652612,1.3604839417210504,1.8501875885399675,1.2865422041053467,1.8755759194269968,1.2868889726333865
2021-12-07,2.3715449149312318,1.1918386619590815,2.402630236207628,1.3050514337292436,2.1813302992955728,1.1707196986642532,2.192613707079778,1.3070626284652396,2.2397232832263114,1.4312002444549052,2.232163116397942,1.411046088843273,1.9128123533104462,1.3300888171074208,1.942539629883125,1.3328347856820704
2021-12-08,2.391395997202383,1.201814980427068,2.428184875319274,1.3189321041330795,2.1944535904803035,1.1777629674008745,2.213315612389579,1.3194034647379929,2.256675595566128,1.4420329012150168,2.2520667122687237,1.4236280058640614,1.9251087715639814,1.3386392263418636,1.9571630994780325,1.3428683873978973
2021-12-09,2.3257786818822384,1.168838479412844,2.3634095615686,1.2837476988065188,2.1374999486184376,1.1471959549406852,2.159298353818768,1.287202653559044,2.204477161582817,1.4086777041526986,2.1984852135953914,1.389756841350165,1.8838545798295825,1.3099528060613983,1.912758443714753,1.312401019351924
2021-12-10,2.336053436780628,1.1740021387865096,2.366943010475668,1.2856669839685402,2.150027682256014,1.1539195880162751,2.168804649241822,1.2928695539539943,2.21339496408446,1.4143762479040345,2.2053430632223496,1.3940919823723008,1.895027203017526,1.3177217757328463,1.9224472419082637,1.3190487948027352
2021-12-13,2.1960159371671253,1.1036251853024586,2.2198904247885523,1.2057915271077795,2.0278682925428906,1.0883566588440436,2.0316781720094435,1.2111256091885294,2.119767253437222,1.3545474273664133,2.1091870342242585,1.333307630350838,1.819920512593305,1.2654957594953857,1.8434626412050072,1.2648550878991374
2021-12-14,2.1702352281169937,1.0906688859782454,2.213896174370335,1.2025355932630553,2.0051181731205605,1.0761466725969877,2.029810469574692,1.2100122329263658,2.1050160661671815,1.3451213062982472,2.0977925735256755,1.3261047028026218,1.8081487949033004,1.2573102048430844,1.833266052841579,1.2578589023608922
2021-12-15,2.20666419971122,1.1089765538988707,2.245944725795411,1.219943601934526,2.0344824074246497,1.0919064534734055,2.0544747843410103,1.2247151438785615,2.134651842186423,1.364058792996269,2.1255892150183975,1.343676152654628,1.832165049440197,1.2740100925937297,1.8565947542172476,1.2738654250695944
2021-12-16,2.175601143829459,1.0916161844666006,2.2143179641762534,1.2008402759054861,2.0087646921867464,1.076378792909213,2.027060378997824,1.206439450187722,2.0830398237850396,1.328948594647296,2.080825613101992,1.3132745524055922,1.785720899120426,1.2397280509264812,1.8133872655410088,1.2422287181689307
2021-12-17,2.1835143126574685,1.0916161844666006,2.2345498251284015,1.2008402759054861,2.0126786200327276,1.076378792909213,2.0406868937896174,1.206439450187722,2.0892346306951004,1.328948594647296,2.0819183750195407,1.3132745524055922,1.7881776665865394,1.2397280509264812,1.8112708538209823,1.2422287181689307
2021-12-20,2.1408042548030983,1.0916161844666006,2.1822150149938047,1.2008402759054861,1.9698851175779908,1.076378792909213,1.988941282169624,1.206439450187722,2.0418702446191754,1.328948594647296,2.037148087130102,1.3132745524055922,1.7464747515663759,1.2397280509264812,1.7720333078911512,1.2422287181689307
2021-12-21,2.272567065235988,1.0916161844666006,2.307665121677806,1.2008402759054861,2.0845951621513095,1.076378792909213,2.100282381408689,1.206439450187722,2.1364968548130796,1.328948594647296,2.138484885573843,1.3132745524055922,1.8228384733334684,1.2397280509264812,1.855937801004841,1.2422287181689307
2021-12-22,2.2869399102065704,1.0916161844666006,2.3155274452030716,1.2008402759054861,2.101085787057657,1.076378792909213,2.1141026745488594,1.206439450187722,2.1538561285882265,1.328948594647296,2.1556150642143406,1.3132745524055922,1.8412437314363879,1.2397280509264812,1.8734718741690048,1.2422287181689307
2021-12-23,2.2865219349316477,1.0916161844666006,2.3156312261427394,1.2008402759054861,2.101590261219407,1.076378792909213,2.115320206123402,1.206439450187722,2.1583743462106395,1.328948594647296,2.157294976653524,1.3132745524055922,1.8468354269584317,1.2397280509264812,1.8767387470660073,1.2422287181689307
2021-12-27,2.3751545051452734,1.0916161844666006,2.3971906544877704,1.2008402759054861,2.190773103322826,1.076378792909213,2.1999122222732557,1.206439450187722,2.2262941895289927,1.328948594647296,2.221249105308492,1.3132745524055922,1.9052303073744086,1.2397280509264812,1.9342943748610535,1.2422287181689307
2021-12-28,2.325371532704897,1.0916161844666006,2.349780318498992,1.2008402759054861,2.151767438237628,1.076378792909213,2.163582236446111,1.206439450187722,2.192219999879283,1.328948594647296,2.1888827441446397,1.3132745524055922,1.8799255907110657,1.2397280509264812,1.9097990915810834,1.2422287181689307
2021-12-29,2.3428020915136893,1.0916161844666006,2.362676727029918,1.2008402759054861,2.1750555462050936,1.076378792909213,2.179467834415518,1.206439450187722,2.2084594040165126,1.328948594647296,2.2031407547309416,1.3132745524055922,1.8946662364373525,1.2397280509264812,1.9238375870772546,1.2422287181689307
2021-12-30,2.303774397282821,1.0916161844666006,2.3253319837073407,1.2008402759054861,2.1407624609239027,1.076378792909213,2.1460196016323563,1.206439450187722,2.190083020385973,1.328948594647296,2.186409068183779,1.3132745524055922,1.8824693129070844,1.2397280509264812,1.9120593579919194,1.2422287181689307
2021-12-31,2.3052975374331695,1.089869598571454,2.3196185295206906,1.1989189314640374,2.141587142164057,1.0746565868405582,2.13845577155438,1.2045091470674216,2.1913233313985616,1.3268222768958604,2.185037234320591,1.3111733131217433,1.8845133814513273,1.2377444860449989,1.9115759250430604,1.2402411522198604
2022-01-03,2.384893915110704,1.1277704562236337,2.3936425841457036,1.2358164783370356,2.2113436484592333,1.110604077415352,2.205273846813817,1.2416580089116207,2.220344581049921,1.3449185560317722,2.227085595621807,1.3366143128934993,1.9025510733189368,1.250466149593278,1.9410108025791197,1.2600192849179146
2022-01-04,2.402316579826883,1.1360092992225188,2.4404006932225952,1.259957276163678,2.2281067246368,1.119023004417404,2.2575756164438707,1.2711060120406803,2.2383307813551863,1.3558132499227609,2.245325252592977,1.347561079653546,1.9196769735407235,1.2617222776462806,1.9592166357337824,1.2718377152132998
2022-01-05,2.3054538110672724,1.090204759145088,2.343487553974535,1.2099218802180174,2.1404976135420193,1.0750230426437595,2.1708581255565598,1.2222805715047953,2.155313659637334,1.3055276913569405,2.15923086376906,1.2958904152713189,1.8528793041725065,1.2178190018877137,1.8874904345850687,1.2252762037775096
2022-01-06,2.3530891715475453,1.112730604794168,2.3870219427558936,1.2323982997915504,2.1875300947874172,1.0986441860506173,2.217298635042509,1.2484284490686077,2.1919096952335413,1.3276948305346188,2.197642237335699,1.3189434994401548,1.8847023999841466,1.2387349734197155,1.9225397811999783,1.2480287060303965
2022-01-07,2.3221320368390534,1.0980915712873247,2.3783788507730117,1.2279359479070313,2.1561760826128897,1.0828972469493054,2.208307189288468,1.2433659029143829,2.1640473286420217,1.3108178943312419,2.1720881585171603,1.3036068875161155,1.8599401138447391,1.222459772696796,1.897598595157103,1.2318379793425331
2022-01-10,2.293227047649293,1.0844229579208635,2.3472673096585215,1.2118733346203152,2.122501337542092,1.065984765161317,2.1770484790675013,1.225765989892158,2.1345180252383624,1.292931252576071,2.1406517943856445,1.2847399457487587,1.8338301266685562,1.2052987852268644,1.8695636183466595,1.213638899055887
2022-01-11,2.341643356021851,1.1073180988057565,2.4087438698729673,1.2436131384856475,2.1702053115971998,1.089943152692551,2.2393180822750764,1.2608262848510554,2.1682959621929205,1.3133913985292622,2.1855295817374234,1.3116739320415627,1.8624102320660363,1.2240832766670928,1.9103473619104945,1.2401139209018737
2022-01-12,2.3994083213758386,1.1346340397447832,2.4565307222497017,1.2682850673718498,2.22399455069472,1.116957745519133,2.2879960857491426,1.2882339616612297,2.198061231872589,1.331420970992535,2.209801896963213,1.3262412769166911,1.8874364954936842,1.2405319784685573,1.9306958853769278,1.253323291995142
2022-01-13,2.3328870624852724,1.1031774160298866,2.3895937624436594,1.2337261075313122,2.1687926256307284,1.0892336588083398,2.2310122987011094,1.2561497941241542,2.1606460412753226,1.308757649028367,2.1691026762164505,1.3018151115817451,1.8615678893954097,1.22352964054623,1.9014677371298387,1.234349657018543
2022-01-14,2.3665528773619586,1.1190973322836286,2.4382352649438914,1.2588392847111516,2.195045116152379,1.102418458482496,2.2764454725499896,1.2817305011466587,2.1856957148817355,1.3239308663493807,2.1889490719890907,1.3137261834782223,1.880201843107,1.2357769482144456,1.9153579717735172,1.2433665895878072
2022-01-18,2.2806832671747954,1.078491245428806,2.3558343212018604,1.2162964068473414,2.113805607612732,1.061617504956247,2.2000228182432453,1.2387014683037076,2.1132528359108287,1.2800503925653224,2.1178309001079967,1.2710436899853979,1.817999727386113,1.1948941350101911,1.854259850774228,1.2037043627578183
2022-01-19,2.2153346426189184,1.0475891379337867,2.306390766114284,1.1907691370162026,2.0564951565428573,1.0328344523171589,2.15932646657959,1.2157877829808312,2.0603616916721936,1.248012896249027,2.0693606612270985,1.2419536473013908,1.7730438873294518,1.1653465675331622,1.813120220464462,1.1769983148080494
2022-01-20,2.096140299931846,0.9912244261200807,2.19192376887866,1.1316708395734243,1.9465564035260388,0.9776198648189602,2.0511546376023864,1.1548826858736312,1.9844317548477932,1.2020202238210531,1.9984071191275667,1.1993699585077655,1.711542518123122,1.1249243253002668,1.7552303945038417,1.1394187727395546
2022-01-21,2.008218726933859,0.9481285687150935,2.1003197880797764,1.082641512715658,1.8652198388093106,0.9352713344601362,1.9676666726955911,1.1061029975993115,1.9199128607325229,1.1610788037469346,1.9302005332350929,1.156581395293141,1.6596501580820104,1.0890723690721043,1.6997311013614869,1.1016256342839463
2022-01-24,2.0511610287291284,0.9481285687150935,2.1723278767860745,1.082641512715658,1.9074875454482894,0.9352713344601362,2.0389107170250536,1.1061029975993115,1.9713408634835348,1.1610788037469346,1.9829484745111206,1.156581395293141,1.7025135793938475,1.0890723690721043,1.7446453565243718,1.1016256342839463
2022-01-25,2.064727332090541,0.9481285687150935,2.208296744239958,1.082641512715658,1.922411197716316,0.9352713344601362,2.081944793838982,1.1061029975993115,1.968392622391405,1.1610788037469346,1.9839147711186405,1.156581395293141,1.699124082423274,1.0890723690721043,1.7451206047904972,1.1016256342839463
2022-01-26,2.0564513779278824,0.9481285687150935,2.201302868406232,1.082641512715658,1.910119438362354,0.9352713344601362,2.0726937274371506,1.1061029975993115,1.9492688912099854,1.1610788037469346,1.970164663823235,1.156581395293141,1.6806147192936605,1.0890723690721043,1.7317193609489991,1.1016256342839463
2022-01-27,2.0199493425061115,0.9481285687150935,2.166111396248324,1.082641512715658,1.8796371793365463,0.9352713344601362,2.050855220064931,1.1061029975993115,1.9122522818189778,1.1610788037469346,1.9302116842876382,1.156581395293141,1.6540695688348532,1.0890723690721043,1.7004999278131296,1.1016256342839463
2022-01-28,2.071873724819167,0.9481285687150935,2.209200874860061,1.082641512715658,1.924679721671508,0.9352713344601362,2.084732793666527,1.1061029975993115,1.9528870373322207,1.1610788037469346,1.9682343938050726,1.156581395293141,1.6870321395640198,1.0890723690721043,1.729462970772181,1.1016256342839463
2022-01-31,2.1183798056815113,0.9481285687150935,2.25045497264712,1.082641512715658,1.9656183336411557,0.9352713344601362,2.114378027541457,1.1061029975993115,2.015084716450812,1.1610788037469346,2.0246018385704065,1.156581395293141,1.739146256557167,1.0890723690721043,1.7775732067053491,1.1016256342839463
2022-02-01,2.1922988530604157,0.9481285687150935,2.336874695417316,1.082641512715658,2.0282023746107276,0.9352713344601362,2.1950971925658846,1.1061029975993115,2.0656589687757663,1.1610788037469346,2.078614587030291,1.156581395293141,1.7780834754311003,1.0890723690721043,1.8209322211243855,1.1016256342839463
2022-02-02,2.203915088864047,0.9481285687150935,2.3417873866539987,1.082641512715658,2.0430936153076638,0.9352713344601362,2.2055836740770456,1.1061029975993115,2.069241130256648,1.1610788037469346,2.0829826829634484,1.156581395293141,1.7836899765161527,1.0890723690721043,1.8270928704124243,1.1016256342839463
2022-02-03,2.1689427421875007,0.9481285687150935,2.2845934044932377,1.082641512715658,2.017038030254959,0.9352713344601362,2.16399414009933,1.1061029975993115,2.0236119904247554,1.1610788037469346,2.035006260087921,1.156581395293141,1.7488744547573396,1.0890723690721043,1.7889147039999835,1.1016256342839463
2022-02-04,2.21492791572376,0.9481285687150935,2.321718039050102,1.082641512715658,2.053754851701626,0.9352713344601362,2.1933609456563143,1.1061029975993115,2.0443014084649986,1.1610788037469346,2.0582998903061496,1.156581395293141,1.761957378773023,1.0890723690721043,1.805141277397411,1.1016256342839463
2022-02-07,2.1979974278887466,0.9481285687150935,2.297262772868124,1.082641512715658,2.038759306119087,0.9352713344601362,2.1706419130057193,1.1061029975993115,2.0389402558490337,1.1610788037469346,2.054109572775524,1.156581395293141,1.7587743402188245,1.0890723690721043,1.8030521383295777,1.1016256342839463
2022-02-08,2.2443562263949444,0.9481285687150935,2.3312277998742483,1.082641512715658,2.0813740285696154,0.9352713344601362,2.203849138043506,1.1061029975993115,2.075392952893286,1.1610788037469346,2.0888331650073533,1.156581395293141,1.7907235877576113,1.0890723690721043,1.8324090214754813,1.1016256342839463
2022-02-09,2.3289415339130217,0.9481285687150935,2.4261302901933326,1.082641512715658,2.155808410000096,0.9352713344601362,2.2887695002553783,1.1061029975993115,2.139550908016944,1.1610788037469346,2.160964348030211,1.156581395293141,1.8388894142841472,1.0890723690721043,1.8903326138859515,1.1016256342839463
2022-02-10,2.31134808541998,0.9481285687150935,2.4062537779379958,1.082641512715658,2.136499896903932,0.9352713344601362,2.2699381582656644,1.1061029975993115,2.118319164864854,1.1610788037469346,2.1406629960053367,1.156581395293141,1.8195207667888236,1.0890723690721043,1.8725936432456622,1.1016256342839463
2022-02-11,2.328924670342309,0.9481285687150935,2.434383574244567,1.082641512715658,2.148846902687868,0.9352713344601362,2.2926124614827774,1.1061029975993115,2.1095854785822845,1.1610788037469346,2.1291374129324274,1.156581395293141,1.8105183537891578,1.0890723690721043,1.8618924471135956,1.1016256342839463
2022-02-14,2.334741601587086,0.9481285687150935,2.4277637503239506,1.082641512715658,2.1534816999886317,0.9352713344601362,2.2836536918863635,1.1061029975993115,2.1011119904129547,1.1610788037469346,2.1189828626664466,1.156581395293141,1.8031404534743145,1.0890723690721043,1.8514959215407918,1.1016256342839463
2022-02-15,2.353633830003126,0.9481285687150935,2.43563519525439,1.082641512715658,2.1729810471119553,0.9352713344601362,2.2922775389035737,1.1061029975993115,2.135754754246145,1.1610788037469346,2.160217362495808,1.156581395293141,1.8328419526616497,1.0890723690721043,1.887666929964798,1.1016256342839463
2022-02-16,2.359156841536984,0.9481285687150935,2.4413327947771934,1.082641512715658,2.1801212336901017,0.9352713344601362,2.301170494416045,1.1061029975993115,2.1400743941206204,1.1610788037469346,2.1612353725534343,1.156581395293141,1.838703355217399,1.0890723690721043,1.890890634533456,1.1016256342839463
2022-02-17,2.3216549489874625,0.9481285687150935,2.4017850749627976,1.082641512715658,2.144980426313438,0.9352713344601362,2.263809990838384,1.1061029975993115,2.091415205183578,1.1610788037469346,2.1079796998668248,1.156581395293141,1.797804371052733,1.0890723690721043,1.8442268076083899,1.1016256342839463
2022-02-18,2.294004222595009,0.9481285687150935,2.3767646667958817,1.082641512715658,2.1232156111857345,0.9352713344601362,2.245635321978476,1.1061029975993115,2.0821239289380458,1.1610788037469346,2.097980757178299,1.156581395293141,1.7946620122938837,1.0890723690721043,1.8399758064034248,1.1016256342839463
2022-02-22,2.2293265809896616,0.9481285687150935,2.3005922621912065,1.082641512715658,2.0664200247465496,0.9352713344601362,2.1754360690550834,1.1061029975993115,2.0322201995226283,1.1610788037469346,2.041564231981117,1.156581395293141,1.75719971829186,1.0890723690721043,1.7949911619951222,1.1016256342839463
2022-02-23,2.2132647693378336,0.9481285687150935,2.3205549459354637,1.082641512715658,2.040928008725905,0.9352713344601362,2.192873297003846,1.1061029975993115,2.004975830118901,1.1610788037469346,2.01849794609555,1.156581395293141,1.730929437760681,1.0890723690721043,1.7712574989802579,1.1016256342839463
2022-02-24,2.2255690063116123,0.9481285687150935,2.332044169980945,1.082641512715658,2.0569699556044774,0.9352713344601362,2.2031956132709367,1.1061029975993115,2.039782367353402,1.1610788037469346,2.0620529401224084,1.156581395293141,1.7553252815926448,1.0890723690721043,1.807536685136313,1.1016256342839463
2022-02-25,2.3052137775792163,0.9481285687150935,2.4028149285973366,1.082641512715658,2.134147927509348,0.9352713344601362,2.2724434836146554,1.1061029975993115,2.103054412576593,1.1610788037469346,2.123854824967172,1.156581395293141,1.8104525676231853,1.0890723690721043,1.8634832376182648,1.1016256342839463
2022-02-28,2.370779353404377,0.9481285687150935,2.488654523525589,1.082641512715658,2.186914013102648,0.9352713344601362,2.3460806135044296,1.1061029975993115,2.1326767878830424,1.1610788037469346,2.158406028357884,1.156581395293141,1.8266988200336947,1.0890723690721043,1.8865986131943258,1.1016256342839463
2022-03-01,2.3629288129470747,0.9481285687150935,2.4878662409037564,1.082641512715658,2.1764744033671795,0.9352713344601362,2.342689045981177,1.1061029975993115,2.107342955214575,1.1610788037469346,2.130647010406888,1.156581395293141,1.8034371356324144,1.0890723690721043,1.8606707031928635,1.1016256342839463
2022-03-02,2.460635975452577,0.9481285687150935,2.5863628663322826,1.082641512715658,2.263063031796313,0.9352713344601362,2.43220565215901,1.1061029975993115,2.1906500901623662,1.1610788037469346,2.2190682233482657,1.156581395293141,1.8706371921054337,1.0890723690721043,1.9361802229260685,1.1016256342839463
2022-03-03,2.4597865760440034,0.9481285687150935,2.5959082903653155,1.082641512715658,2.2555434430106787,0.9352713344601362,2.435215686310064,1.1061029975993115,2.172753174240655,1.1610788037469346,2.198391909774932,1.156581395293141,1.8556401515447032,1.0890723690721043,1.9170574627235568,1.1016256342839463
2022-03-04,2.4879540182564477,0.9481285687150935,2.6382477991479543,1.082641512715658,2.277779922443374,0.9352713344601362,2.4723180351684344,1.1061029975993115,2.1684744940508005,1.1610788037469346,2.194564438047265,1.156581395293141,1.8488711380656464,1.0890723690721043,1.9122531308503556,1.1016256342839463
2022-03-07,2.4331441089687327,0.9481285687150935,2.5584709826043848,1.082641512715658,2.2349337836186725,0.9352713344601362,2.402814543803984,1.1061029975993115,2.101030160347736,1.1610788037469346,2.1133565224253035,1.156581395293141,1.800155586017423,1.0890723690721043,1.8468662381676897,1.1016256342839463
2022-03-08,2.4676258844449612,0.9481285687150935,2.6001840407637378,1.082641512715658,2.250449227434532,0.9352713344601362,2.4287902270705763,1.1061029975993115,2.118910598879154,1.1610788037469346,2.133889847598568,1.156581395293141,1.8058098279035995,1.0890723690721043,1.855912687746261,1.1016256342839463
2022-03-09,2.511101942601833,0.9481285687150935,2.661650038759029,1.082641512715658,2.2832372232404055,0.9352713344601362,2.4828679128938895,1.1061029975993115,2.166199254668178,1.1610788037469346,2.191028987381516,1.156581395293141,1.8393030396629015,1.0890723690721043,1.9022237487225293,1.1016256342839463
2022-03-10,2.576387185664485,0.9481285687150935,2.730713940817209,1.082641512715658,2.338836331793848,0.9352713344601362,2.547506532078659,1.1061029975993115,2.1955968439781173,1.1610788037469346,2.2168132030123693,1.156581395293141,1.8620136334167416,1.0890723690721043,1.9216755136065604,1.1016256342839463
2022-03-11,2.4820286655811343,0.9481285687150935,2.631477199856348,1.082641512715658,2.266159864280668,0.9352713344601362,2.4656663985875524,1.1061029975993115,2.1377197368458463,1.1610788037469346,2.1556877881427527,1.156581395293141,1.8208115491128745,1.0890723690721043,1.8757102807347217,1.1016256342839463
2022-03-14,2.3378967318860218,0.9481285687150935,2.511804146683174,1.082641512715658,2.14881661001669,0.9352713344601362,2.367306367140283,1.1061029975993115,2.06214823527347,1.1610788037469346,2.0828170970250115,1.156581395293141,1.766138683268564,1.0890723690721043,1.8206633696348298,1.1016256342839463
2022-03-15,2.385629927473666,0.9481285687150935,2.570503967287901,1.082641512715658,2.1824192751155906,0.9352713344601362,2.4150385065377167,1.1061029975993115,2.103578471799017,1.1610788037469346,2.1344538635890387,1.156581395293141,1.793155401883516,1.0890723690721043,1.858801426789357,1.1016256342839463
2022-03-16,2.4561978769540134,0.9481285687150935,2.6796332749567267,1.082641512715658,2.2350854980269914,0.9352713344601362,2.51074897853897,1.1061029975993115,2.1694131291680514,1.1610788037469346,2.210908885459192,1.156581395293141,1.8391390920852368,1.0890723690721043,1.9175427712370259,1.1016256342839463
2022-03-17,2.5725501037047094,0.9481285687150935,2.7955493259440374,1.082641512715658,2.337958588593708,0.9352713344601362,2.615478878125155,1.1061029975993115,2.2401975502567004,1.1610788037469346,2.284523983777765,1.156581395293141,1.8931348732485107,1.0890723690721043,1.9760840909673976,1.1016256342839463
2022-03-18,2.5995600628700135,0.9481285687150935,2.819419239835768,1.082641512715658,2.360554149518741,0.9352713344601362,2.6387065598976442,1.1061029975993115,2.272573253336432,1.1610788037469346,2.32338672985866,1.156581395293141,1.91823921256569,1.0890723690721043,2.0089373886927095,1.1016256342839463
2022-03-21,2.647440996850788,0.9481285687150935,2.8830749216890172,1.082641512715658,2.401494678406381,0.9352713344601362,2.699290124601796,1.1061029975993115,2.2937547868590054,1.1610788037469346,2.3310288986687073,1.156581395293141,1.937684725837888,1.0890723690721043,2.016090828948452,1.1016256342839463
2022-03-22,2.6441695198217436,0.9481285687150935,2.8769847252533363,1.082641512715658,2.3990803818587665,0.9352713344601362,2.693688041441277,1.1061029975993115,2.302568069527415,1.1610788037469346,2.345375784847455,1.156581395293141,1.9432507177685792,1.0890723690721043,2.0272384271805333,1.1016256342839463
2022-03-23,2.6786778644005698,0.9481285687150935,2.897154364699155,1.082641512715658,2.4278265805917227,0.9352713344601362,2.7101410457956367,1.1061029975993115,2.302934209299622,1.1610788037469346,2.3425362357662425,1.156581395293141,1.9432761371695175,1.0890723690721043,2.0243800656200333,1.1016256342839463
2022-03-24,2.7119999429966635,0.9481285687150935,2.9353332591626264,1.082641512715658,2.45522348027592,0.9352713344601362,2.7444264745583076,1.1061029975993115,2.340225694816971,1.1610788037469346,2.374050847141152,1.156581395293141,1.971035491870333,1.0890723690721043,2.0489897764184932,1.1016256342839463
2022-03-25,2.7555100319686576,0.9481285687150935,2.9566059646808984,1.082641512715658,2.5000810003549008,0.9352713344601362,2.7666071330886366,1.1061029975993115,2.3632867990475206,1.1610788037469346,2.3899435654329033,1.156581395293141,1.9956132279226002,1.0890723690721043,2.066949318631384,1.1016256342839463
2022-03-28,2.7086362832245054,0.9481285687150935,2.901172971302168,1.082641512715658,2.4600958236222645,0.9352713344601362,2.7148314481561626,1.1061029975993115,2.3315600947795856,1.1610788037469346,2.359767340770224,1.156581395293141,1.9704763065487805,1.0890723690721043,2.0423750846086577,1.1016256342839463
2022-03-29,2.7410007320855008,0.9481285687150935,2.940789195667057,1.082641512715658,2.488095682401514,0.9352713344601362,2.7507917950509624,1.1061029975993115,2.367068387216632,1.1610788037469346,2.4055393414498845,1.156581395293141,1.9984523624801442,1.0890723690721043,2.0797586480358587,1.1016256342839463
2022-03-30,2.6989451967864215,0.9481285687150935,2.8897869668779137,1.082641512715658,2.4513956011730933,0.9352713344601362,2.705382448252952,1.1061029975993115,2.3244559177233053,1.1610788037469346,2.357666722331322,1.156581395293141,1.968310439342312,1.0890723690721043,2.0429533321957902,1.1016256342839463
2022-03-31,2.690449036482238,0.9481285687150935,2.875362850383317,1.082641512715658,2.4419265575278577,0.9352713344601362,2.689486096469514,1.1061029975993115,2.299233480114538,1.1610788037469346,2.3306322405046638,1.156581395293141,1.9462187225340952,1.0890723690721043,2.019112075456822,1.1016256342839463
2022-04-01,2.731410753729645,0.9481285687150935,2.909564921601731,1.082641512715658,2.482517723573523,0.9352713344601362,2.724593150551363,1.1061029975993115,2.3140912378535705,1.1610788037469346,2.346520167185331,1.156581395293141,1.9609950131408467,1.0890723690721043,2.0349689916091163,1.1016256342839463
2022-04-04,2.7283742585926887,0.9481285687150935,2.906619587286606,1.082641512715658,2.4765642377753085,0.9352713344601362,2.719967511910734,1.1061029975993115,2.32133509620835,1.1610788037469346,2.3537470777084826,1.156581395293141,1.9642029321620138,1.0890723690721043,2.0391226662297037,1.1016256342839463
2022-04-05,2.668900553864325,0.9481285687150935,2.832288669383283,1.082641512715658,2.4203178767683453,0.9352713344601362,2.648065759420285,1.1061029975993115,2.2645212831199064,1.1610788037469346,2.2944306020629863,1.156581395293141,1.9185570698658412,1.0890723690721043,1.9903366623323528,1.1016256342839463
2022-04-06,2.683065192587938,0.9481285687150935,2.8288550664041074,1.082641512715658,2.434679281102498,0.9352713344601362,2.653475182075414,1.1061029975993115,2.254296702085229,1.1610788037469346,2.2661122379896073,1.156581395293141,1.9160385438607204,1.0890723690721043,1.9700811954417194,1.1016256342839463
2022-04-07,2.7207207102305553,0.9481285687150935,2.859160404221636,1.082641512715658,2.4631617927650624,0.9352713344601362,2.681070014081239,1.1061029975993115,2.2827194426184274,1.1610788037469346,2.288780984099821,1.156581395293141,1.9401342702680286,1.0890723690721043,1.9897344839677615,1.1016256342839463
2022-04-08,2.7648882317080496,0.9481285687150935,2.881310306928014,1.082641512715658,2.5092615149160666,0.9352713344601362,2.713049872498746,1.1061029975993115,2.3083220640020006,1.1610788037469346,2.305858979685591,1.156581395293141,1.9665849404666909,1.0890723690721043,2.0086184928045414,1.1016256342839463
2022-04-11,2.700795770896454,0.9481285687150935,2.8211448761474545,1.082641512715658,2.4509928761726814,0.9352713344601362,2.65629851781803,1.1061029975993115,2.2553110431126044,1.1610788037469346,2.2593851550352593,1.156581395293141,1.9219033728042347,1.0890723690721043,1.967409736285741,1.1016256342839463
2022-04-12,2.790854058849809,0.9481285687150935,2.9174215989618544,1.082641512715658,2.5215958465945767,0.9352713344601362,2.7403964078084333,1.1061029975993115,2.3001831917971787,1.1610788037469346,2.298067840803799,1.156581395293141,1.9547537742733665,1.0890723690721043,1.9961402959015688,1.1016256342839463
2022-04-13,2.875662244471854,0.9481285687150935,3.003633820604178,1.082641512715658,2.597300800382177,0.9352713344601362,2.818891839880658,1.1061029975993115,2.358555980213291,1.1610788037469346,2.3580051754280267,1.156581395293141,1.9987692355446225,1.0890723690721043,2.0443246405767175,1.1016256342839463
2022-04-14,2.906263574268771,0.9481285687150935,3.0378732513033455,1.082641512715658,2.618522862334253,0.9352713344601362,2.8440908700256027,1.1061029975993115,2.3704311820562443,1.1610788037469346,2.3556431016060553,1.156581395293141,2.007076352229043,1.0890723690721043,2.0416064822071793,1.1016256342839463
2022-04-18,2.935470478009038,0.9481285687150935,3.069385906600049,1.082641512715658,2.6476528609484187,0.9352713344601362,2.8779462882213522,1.1061029975993115,2.386881680884929,1.1610788037469346,2.369134932178071,1.156581395293141,2.021005936210728,1.0890723690721043,2.05355863859593,1.1016256342839463
2022-04-19,2.915436854171124,0.9481285687150935,3.0597562331251016,1.082641512715658,2.627550101863401,0.9352713344601362,2.861723718200865,1.1061029975993115,2.3809777715916085,1.1610788037469346,2.3822582317380196,1.156581395293141,2.016006700415259,1.0890723690721043,2.0629273027836037,1.1016256342839463
2022-04-20,2.954189859511639,0.9481285687150935,3.1006513157528883,1.082641512715658,2.6587165880354253,0.9352713344601362,2.8958156562280797,1.1061029975993115,2.4012818926903017,1.1610788037469346,2.4045701326097326,1.156581395293141,2.0368944978105015,1.0890723690721043,2.082876660255873,1.1016256342839463
2022-04-21,2.765089600330766,0.9481285687150935,2.879099111865003,1.082641512715658,2.501250919025365,0.9352713344601362,2.705274308635225,1.1061029975993115,2.271828021003693,1.1610788037469346,2.283728970291319,1.156581395293141,1.941816050082787,1.0890723690721043,1.9891319933124265,1.1016256342839463
2022-04-22,2.6458394233841713,0.9481285687150935,2.7549349149537385,1.082641512715658,2.3987064059276575,0.9352713344601362,2.5901369245346366,1.1061029975993115,2.1750989849995164,1.1610788037469346,2.193831440869697,1.156581395293141,1.861260014862362,1.0890723690721043,1.9128850872769603,1.1016256342839463
2022-04-25,2.600514083334891,0.9481285687150935,2.7277526700585764,1.082641512715658,2.347386202662583,0.9352713344601362,2.5529016030317355,1.1061029975993115,2.151185316767091,1.1610788037469346,2.185899973101997,1.156581395293141,1.8363120280991494,1.0890723690721043,1.9012489012781968,1.1016256342839463
2022-04-26,2.588796367180179,0.9481285687150935,2.7058618744406275,1.082641512715658,2.3340627598785724,0.9352713344601362,2.5351617285108934,1.1061029975993115,2.1255090096107794,1.1610788037469346,2.1475107004917744,1.156581395293141,1.8171988140050563,1.0890723690721043,1.86961064654505,1.1016256342839463
2022-04-27,2.669368273301044,0.9481285687150935,2.779932491687452,1.082641512715658,2.3996654723694553,0.9352713344601362,2.600849222577243,1.1061029975993115,2.152878189157473,1.1610788037469346,2.1737059271592183,1.156581395293141,1.837659440637027,1.0890723690721043,1.8885788336134763,1.1016256342839463
2022-04-28,2.719974220301764,0.9481285687150935,2.8347206038525607,1.082641512715658,2.4548153546967573,0.9352713344601362,2.6592215400898116,1.1061029975993115,2.2031748391456714,1.1610788037469346,2.2393095091774424,1.156581395293141,1.8824378530310213,1.0890723690721043,1.9468221795167884,1.1016256342839463
2022-04-29,2.656930489293866,0.9481285687150935,2.762032130277351,1.082641512715658,2.3926782850844863,0.9352713344601362,2.5861915087071123,1.1061029975993115,2.1337105795033873,1.1610788037469346,2.173218900451104,1.156581395293141,1.8240156117665944,1.0890723690721043,1.88832339759619,1.1016256342839463
2022-05-02,2.6353818055270795,0.9481285687150935,2.748450412742071,1.082641512715658,2.3748952251459463,0.9352713344601362,2.572828266532226,1.1061029975993115,2.1271401878267393,1.1610788037469346,2.1783899448957977,1.156581395293141,1.813619786475086,1.0890723690721043,1.8891130323925076,1.1016256342839463
2022-05-03,2.7579569303516127,0.9481285687150935,2.8632227236284686,1.082641512715658,2.493451730950474,0.9352713344601362,2.6871522093325035,1.1061029975993115,2.196330188104017,1.1610788037469346,2.239934752087387,1.156581395293141,1.8764684264579525,1.0890723690721043,1.944351069265031,1.1016256342839463
2022-05-04,2.8357088397155836,0.9481285687150935,2.941640544011943,1.082641512715658,2.563864023102028,0.9352713344601362,2.760868509565567,1.1061029975993115,2.241848691345043,1.1610788037469346,2.3082110476477595,1.156581395293141,1.9069448347213678,1.0890723690721043,2.0004328631825263,1.1016256342839463
2022-05-05,2.7623310253894213,0.9481285687150935,2.863495714059914,1.082641512715658,2.495058804802949,0.9352713344601362,2.6864446497459245,1.1061029975993115,2.1624356655495722,1.1610788037469346,2.2216466553464005,1.156581395293141,1.8403845225986697,1.0890723690721043,1.9296115954397697,1.1016256342839463
2022-05-06,2.7670607688024713,0.9481285687150935,2.8663043247297573,1.082641512715658,2.5004667029452654,0.9352713344601362,2.69216914563286,1.1061029975993115,2.1562324835188287,1.1610788037469346,2.2163652386119903,1.156581395293141,1.8397751215887017,1.0890723690721043,1.928644405920439,1.1016256342839463
2022-05-09,2.4504175152150163,0.9481285687150935,2.545998842314201,1.082641512715658,2.215366939742391,0.9352713344601362,2.3938407803813706,1.1061029975993115,1.9527265029696645,1.1610788037469346,2.0098357876154203,1.156581395293141,1.6679160865490072,1.0890723690721043,1.756221740628772,1.1016256342839463
2022-05-10,2.466546309527469,0.9481285687150935,2.565336716019365,1.082641512715658,2.224054421492943,0.9352713344601362,2.4059073138128957,1.1061029975993115,1.9649196889403875,1.1610788037469346,2.035416803249405,1.156581395293141,1.6816638547325395,1.0890723690721043,1.775379843126361,1.1016256342839463
2022-05-11,2.487438826691628,0.9481285687150935,2.5875626085303467,1.082641512715658,2.246575733426951,0.9352713344601362,2.430412438442254,1.1061029975993115,1.9626839783622478,1.1610788037469346,2.033530232316577,1.156581395293141,1.6822240890627354,1.0890723690721043,1.7756112351834719,1.1016256342839463
2022-05-12,2.4511341398788042,0.9481285687150935,2.5519088190515884,1.082641512715658,2.2170434311248166,0.9352713344601362,2.4007952436222935,1.1061029975993115,1.9578254511223172,1.1610788037469346,2.0272982374817112,1.156581395293141,1.6790716530090601,1.0890723690721043,1.7705621444274626,1.1016256342839463
2022-05-13,2.576099781769703,0.9481285687150935,2.6753297552635726,1.082641512715658,2.324713532719077,0.9352713344601362,2.5114580321417828,1.1061029975993115,2.051588965416425,1.1610788037469346,2.1273583499506765,1.156581395293141,1.7538704585823717,1.0890723690721043,1.8496988243215216,1.1016256342839463
2022-05-16,2.6372095437716574,0.9481285687150935,2.737627014905525,1.082641512715658,2.38168885901764,0.9352713344601362,2.572535729593336,1.1061029975993115,2.0783437982039192,1.1610788037469346,2.153555464896024,1.156581395293141,1.7778483435822743,1.0890723690721043,1.872411462638763,1.1016256342839463
2022-05-17,2.7221029222569717,0.9481285687150935,2.8235722282309808,1.082641512715658,2.4557602215837226,0.9352713344601362,2.6489399935299667,1.1061029975993115,2.1327237693370114,1.1610788037469346,2.2024481522763444,1.156581395293141,1.8214535817458144,1.0890723690721043,1.9117039721976292,1.1016256342839463
2022-05-18,2.593662235301714,0.9481285687150935,2.692888665014296,1.082641512715658,2.344351369291098,0.9352713344601362,2.5314538604340373,1.1061029975993115,2.0336199334241303,1.1610788037469346,2.1032030534004473,1.156581395293141,1.740377126897403,1.0890723690721043,1.8294754135240778,1.1016256342839463
2022-05-19,2.6179365970641384,0.9481285687150935,2.7223170331422635,1.082641512715658,2.3611370567810983,0.9352713344601362,2.5542573325337052,1.1061029975993115,2.045573006712899,1.1610788037469346,2.1143706005758816,1.156581395293141,1.746902016252562,1.0890723690721043,1.8355670199349616,1.1016256342839463
2022-05-20,2.610514467924599,0.9481285687150935,2.71910745255136,1.082641512715658,2.3597073801690085,0.9352713344601362,2.55792354467559,1.1061029975993115,2.0491527005896484,1.1610788037469346,2.1159588657425137,1.156581395293141,1.7536253246543592,1.0890723690721043,1.840439798484881,1.1016256342839463
2022-05-23,2.7157313408651036,0.9481285687150935,2.8277979603208894,1.082641512715658,2.4520384287383488,0.9352713344601362,2.6570161077476393,1.1061029975993115,2.1231722049277737,1.1610788037469346,2.1900499405264067,1.156581395293141,1.8174301598910434,1.0890723690721043,1.9035157067285018,1.1016256342839463
2022-05-24,2.660671229552364,0.9481285687150935,2.7741349705287934,1.082641512715658,2.412581352048013,0.9352713344601362,2.61915677655335,1.1061029975993115,2.093757713828091,1.1610788037469346,2.158450593941714,1.156581395293141,1.7983798052869315,1.0890723690721043,1.883473321912678,1.1016256342839463
2022-05-25,2.750898720726062,0.9481285687150935,2.8691265047185173,1.082641512715658,2.500222936439386,0.9352713344601362,2.7145923987049625,1.1061029975993115,2.1628101134591287,1.1610788037469346,2.2226833569153857,1.156581395293141,1.8572485758023494,1.0890723690721043,1.9392419240603849,1.1016256342839463
2022-05-26,2.8613644386707815,0.9481285687150935,2.9807326597632615,1.082641512715658,2.5954721984821263,0.9352713344601362,2.8138081483871407,1.1061029975993115,2.218929753551649,1.1610788037469346,2.287956344330703,1.156581395293141,1.9011441913830334,1.0890723690721043,1.991273837089505,1.1016256342839463
2022-05-27,2.951788549764763,0.9481285687150935,3.082050319844803,1.082641512715658,2.6798304827626622,0.9352713344601362,2.9141661187361843,1.1061029975993115,2.2904335363966575,1.1610788037469346,2.364531358901852,1.156581395293141,1.9620741615380635,1.0890723690721043,2.056523504307988,1.1016256342839463
2022-05-31,2.853786492773524,0.9481285687150935,2.9825385358626257,1.082641512715658,2.597193145135346,0.9352713344601362,2.828767032583418,1.1061029975993115,2.242149377513078,1.1610788037469346,2.3099172760069746,1.156581395293141,1.9240828142874384,1.0890723690721043,2.0142366459043792,1.1016256342839463
2022-06-01,2.925634942212138,0.9481285687150935,3.061966869314243,1.082641512715658,2.666986331546613,0.9352713344601362,2.9096020879071167,1.1061029975993115,2.2756391584204128,1.1610788037469346,2.3415307306006894,1.156581395293141,1.9545434856168145,1.0890723690721043,2.0423258300282683,1.1016256342839463
2022-06-02,2.9848868653052665,0.9481285687150935,3.117428822929233,1.082641512715658,2.70967008110601,0.9352713344601362,2.9460739109027023,1.1061029975993115,2.313073089406572,1.1610788037469346,2.3878901155589562,1.156581395293141,1.9803982616083162,1.0890723690721043,2.0749448964780997,1.1016256342839463
2022-06-03,2.966347944728089,0.9481285687150935,3.1066772611784117,1.082641512715658,2.698709416543044,0.9352713344601362,2.9448403909778,1.1061029975993115,2.3076075267072724,1.1610788037469346,2.379679957540942,1.156581395293141,1.9802017961759568,1.0890723690721043,2.072015499445676,1.1016256342839463
2022-06-06,2.9457956628609887,0.9481285687150935,3.1156314731182086,1.082641512715658,2.680094728631339,0.9352713344601362,2.9548129254376074,1.1061029975993115,2.310765363103962,1.1610788037469346,2.3841049376707097,1.156581395293141,1.9801920600011853,1.0890723690721043,2.074198720429659,1.1016256342839463
2022-06-07,3.069101329356195,0.9481285687150935,3.253990939322255,1.082641512715658,2.786170506346473,0.9352713344601362,3.0821928585373057,1.1061029975993115,2.3836196432896304,1.1610788037469346,2.4653138962569283,1.156581395293141,2.0382298657598907,1.0890723690721043,2.14088151360744,1.1016256342839463
2022-06-08,3.004552948633746,0.9481285687150935,3.1788620391022167,1.082641512715658,2.7288527184801064,0.9352713344601362,3.014983580212087,1.1061029975993115,2.337529283698626,1.1610788037469346,2.4159394469591797,1.156581395293141,2.000114797415444,1.0890723690721043,2.0997836272100363,1.1016256342839463
2022-06-09,2.8612749291115356,0.9481285687150935,3.0544749612207958,1.082641512715658,2.5987623579113626,0.9352713344601362,2.9049643859513594,1.1061029975993115,2.2612228181490286,1.1610788037469346,2.336192999968158,1.156581395293141,1.939930527711063,1.0890723690721043,2.035409511004409,1.1016256342839463
2022-06-10,2.8021279469780644,0.9481285687150935,2.983135366957327,1.082641512715658,2.545235009874391,0.9352713344601362,2.8387118618524023,1.1061029975993115,2.217037188469302,1.1610788037469346,2.2911684396841463,1.156581395293141,1.9052192142360076,1.0890723690721043,1.9989642245149795,1.1016256342839463
2022-06-13,2.6292994938200267,0.9481285687150935,2.7785000702817917,1.082641512715658,2.3928712550791524,0.9352713344601362,2.645811468886101,1.1061029975993115,2.0959695948389094,1.1610788037469346,2.1625915764374017,1.156581395293141,1.8056712458362307,1.0890723690721043,1.891016887390127,1.1016256342839463
2022-06-14,2.6095593790857468,0.9481285687150935,2.7517043332258426,1.082641512715658,2.370502710205777,0.9352713344601362,2.612469067018768,1.1061029975993115,2.089505744855844,1.1610788037469346,2.154993307837927,1.156581395293141,1.798774919006207,1.0890723690721043,1.8828966260567985,1.1016256342839463
2022-06-15,2.6627384634422646,0.9481285687150935,2.8032506485089566,1.082641512715658,2.4058675490680357,0.9352713344601362,2.6470682126342346,1.1061029975993115,2.1086052567982008,1.1610788037469346,2.169515227657106,1.156581395293141,1.809423965056828,1.0890723690721043,1.8900785469639527,1.1016256342839463
2022-06-16,2.5343802748010837,0.9481285687150935,2.6518457070777606,1.082641512715658,2.2867130559800275,0.9352713344601362,2.497254553429145,1.1061029975993115,2.0013503040823486,1.1610788037469346,2.0555897683263504,1.156581395293141,1.7194285515043748,1.0890723690721043,1.7931937921720809,1.1016256342839463
2022-06-17,2.4615827948355826,0.9481285687150935,2.557785668786365,1.082641512715658,2.21936171078374,0.9352713344601362,2.4031034616678317,1.1061029975993115,1.9366569242429839,1.1610788037469346,1.9828769565505853,1.156581395293141,1.6631821964054008,1.0890723690721043,1.7282607331498803,1.1016256342839463
2022-06-21,2.524437132259303,0.9481285687150935,2.6167841429387186,1.082641512715658,2.2777094319286846,0.9352713344601362,2.4608141310614284,1.1061029975993115,1.9980078653998206,1.1610788037469346,2.0460269215817015,1.156581395293141,1.7149824767320057,1.0890723690721043,1.7834327862859816,1.1016256342839463
2022-06-22,2.4226585708115933,0.9481285687150935,2.490378486455128,1.082641512715658,2.183672689400666,0.9352713344601362,2.3370266471181047,1.1061029975993115,1.9242253678787902,1.1610788037469346,1.9628025698038931,1.156581395293141,1.6555826938682099,1.0890723690721043,1.71433613047531,1.1016256342839463
2022-06-23,2.3533353828164736,0.9481285687150935,2.40001584125232,1.082641512715658,2.1176249122514696,0.9352713344601362,2.2488531918009897,1.1061029975993115,1.8745363898909764,1.1610788037469346,1.9048067722540616,1.156581395293141,1.6165536556078979,1.0890723690721043,1.666725209942156,1.1016256342839463
2022-06-24,2.4017078302646824,0.9481285687150935,2.4544005179650434,1.082641512715658,2.1596011464736424,0.9352713344601362,2.2976102749032825,1.1061029975993115,1.916535098677575,1.1610788037469346,1.9519140526870777,1.156581395293141,1.6504851064619124,1.0890723690721043,1.7066339114443412,1.1016256342839463
2022-06-27,2.5091203601199292,0.9481285687150935,2.5559158688190466,1.082641512715658,2.25965676923574,0.9352713344601362,2.3955446821449615,1.1061029975993115,1.9801622569573274,1.1610788037469346,2.018419332661016,1.156581395293141,1.7040144133190152,1.0890723690721043,1.7634121043340776,1.1016256342839463
2022-06-28,2.51030236649189,0.9481285687150935,2.5667243626373932,1.082641512715658,2.267701139931278,0.9352713344601362,2.415234951456371,1.1061029975993115,1.983195111639833,1.1610788037469346,2.0258680738014365,1.156581395293141,1.7081227332577602,1.0890723690721043,1.7717997942861332,1.1016256342839463
2022-06-29,2.4455919306662324,0.9481285687150935,2.471146154110909,1.082641512715658,2.211024566105304,0.9352713344601362,2.323261997095641,1.1061029975993115,1.9358847879716075,1.1610788037469346,1.968709267210397,1.156581395293141,1.670858476082733,1.0890723690721043,1.724909019253372,1.1016256342839463
2022-06-30,2.333648374035174,0.9481285687150935,2.3702932055181676,1.082641512715658,2.111285914137143,0.9352713344601362,2.2256535319823656,1.1061029975993115,1.8728908049151323,1.1610788037469346,1.9049486503421926,1.156581395293141,1.621052933376427,1.0890723690721043,1.6723990272632046,1.1016256342839463
2022-07-01,2.330758492351241,0.9481285687150935,2.355775135519612,1.082641512715658,2.116164302882901,0.9352713344601362,2.2204558574253754,1.1061029975993115,1.8835740147422717,1.1610788037469346,1.903757721489031,1.156581395293141,1.6347137952717983,1.0890723690721043,1.6778476854362845,1.1016256342839463
2022-07-05,2.240238628925462,0.9481285687150935,2.227917754747738,1.082641512715658,2.0352228135202974,0.9352713344601362,2.0982472424427496,1.1061029975993115,1.8143079827905586,1.1610788037469346,1.8227729689850476,1.156581395293141,1.5770408962627303,1.0890723690721043,1.6082813161135283,1.1016256342839463
2022-07-06,2.202671447365988,0.9481285687150935,2.1848822625959095,1.082641512715658,2.000088528534908,0.9352713344601362,2.0552969362270663,1.1061029975993115,1.787270177497408,1.1610788037469346,1.796267166675729,1.156581395293141,1.5553155798461122,1.0890723690721043,1.5866719594703047,1.1016256342839463
2022-07-07,2.3606826821887075,0.9481285687150935,2.341474601682196,1.082641512715658,2.1412346276919725,0.9352713344601362,2.1995208441990655,1.1061029975993115,1.8937898201279821,1.1610788037469346,1.8978343871459231,1.156581395293141,1.6415581497259681,1.0890723690721043,1.669183141927259,1.1016256342839463
2022-07-08,2.3677516383647865,0.9481285687150935,2.351218382635334,1.082641512715658,2.1474414415989105,0.9352713344601362,2.208503833362227,1.1061029975993115,1.9046398080589282,1.1610788037469346,1.906053797284099,1.156581395293141,1.6518986658668364,1.0890723690721043,1.6768475353341605,1.1016256342839463
2022-07-11,2.3511833224429823,0.9481285687150935,2.3282582488005317,1.082641512715658,2.130432903920064,0.9352713344601362,2.1853419677880845,1.1061029975993115,1.8882278146261056,1.1610788037469346,1.8882632867325715,1.156581395293141,1.6392596809312299,1.0890723690721043,1.6631264479536316,1.1016256342839463
2022-07-12,2.313458286858658,0.9481285687150935,2.291775434880318,1.082641512715658,2.095047489165885,0.9352713344601362,2.14986314552601,1.1061029975993115,1.8563336127588503,1.1610788037469346,1.8519860679529836,1.156581395293141,1.6118280724107754,1.0890723690721043,1.633061654466015,1.1016256342839463
2022-07-13,2.3760261746515576,0.9481285687150935,2.3525450002104624,1.082641512715658,2.1509403862247374,0.9352713344601362,2.204726675172025,1.1061029975993115,1.8844238185662503,1.1610788037469346,1.880561777567354,1.156581395293141,1.632884153899327,1.0890723690721043,1.6554333707925097,1.1016256342839463
2022-07-14,2.3237404258772028,0.9481285687150935,2.3060497476306807,1.082641512715658,2.1038870846947164,0.9352713344601362,2.1608633126299543,1.1061029975993115,1.849543985869292,1.1610788037469346,1.8445039846969093,1.156581395293141,1.604610330168126,1.0890723690721043,1.6257630303207935,1.1016256342839463
2022-07-15,2.3728322667008652,0.9481285687150935,2.366414264407437,1.082641512715658,2.14907118302759,0.9352713344601362,2.217507149931174,1.1061029975993115,1.8945708327352364,1.1610788037469346,1.8856866468361733,1.156581395293141,1.6436556487182443,1.0890723690721043,1.6610634246985472,1.1016256342839463
2022-07-18,2.4118551942801094,0.9481285687150935,2.4167962148574205,1.082641512715658,2.184040211394776,0.9352713344601362,2.2637437634237685,1.1061029975993115,1.927944700932604,1.1610788037469346,1.9188846859234778,1.156581395293141,1.6699791733009997,1.0890723690721043,1.6882163298636341,1.1016256342839463
2022-07-19,2.4895241372007573,0.9481285687150935,2.50367848368651,1.082641512715658,2.256920785563336,0.9352713344601362,2.3467855039121055,1.1061029975993115,1.9985445603389334,1.1610788037469346,1.9954394988264945,1.156581395293141,1.730291581630861,1.0890723690721043,1.748427533766606,1.1016256342839463
2022-07-20,2.540223571029351,0.9481285687150935,2.567563805377433,1.082641512715658,2.303732369840968,0.9352713344601362,2.405511720197092,1.1061029975993115,2.033270523863657,1.1610788037469346,2.0278704932296927,1.156581395293141,1.7574688270085768,1.0890723690721043,1.7743639570063563,1.1016256342839463
2022-07-21,2.4833470810709417,0.9481285687150935,2.5083681052562223,1.082641512715658,2.2533842664458663,0.9352713344601362,2.3508322421544072,1.1061029975993115,1.9998534578846041,1.1610788037469346,1.9871695025944864,1.156581395293141,1.7304223907181102,1.0890723690721043,1.7410123741269845,1.1016256342839463
2022-07-22,2.4515350223282115,0.9481285687150935,2.4666569990169696,1.082641512715658,2.2235485003728432,0.9352713344601362,2.311405547528638,1.1061029975993115,1.968934706966212,1.1610788037469346,1.9609857630757697,1.156581395293141,1.705263229809299,1.0890723690721043,1.719982662407223,1.1016256342839463
2022-07-25,2.6065912531442983,0.9481285687150935,2.617619572149536,1.082641512715658,2.3610154612252954,0.9352713344601362,2.4510651127396104,1.1061029975993115,2.0653370666268813,1.1610788037469346,2.0533495650512332,1.156581395293141,1.7842633262239511,1.0890723690721043,1.796575813148733,1.1016256342839463
2022-07-26,2.604159063533622,0.9481285687150935,2.607789143560832,1.082641512715658,2.3584736456154722,0.9352713344601362,2.4415929646992254,1.1061029975993115,2.055875331397966,1.1610788037469346,2.040529380980437,1.156581395293141,1.776010977564349,1.0890723690721043,1.7857546254587113,1.1016256342839463
2022-07-27,2.697301238695618,0.9481285687150935,2.705552168518119,1.082641512715658,2.441294024340216,0.9352713344601362,2.5317357841087174,1.1061029975993115,2.134523349285063,1.1610788037469346,2.1201335373795303,1.156581395293141,1.839091878120517,1.0890723690721043,1.8495618187516534,1.1016256342839463
2022-07-28,2.6763864369648114,0.9481285687150935,2.6951731880796017,1.082641512715658,2.4253055627301223,0.9352713344601362,2.5244528782667834,1.1061029975993115,2.1373903167541792,1.1610788037469346,2.1282869868286918,1.156581395293141,1.843464208904688,1.0890723690721043,1.8612380397011379,1.1016256342839463
2022-07-29,2.7463503852961626,0.9481285687150935,2.7758957372475996,1.082641512715658,2.4943866720096235,0.9352713344601362,2.6054872545838887,1.1061029975993115,2.194519705138621,1.1610788037469346,2.1805877499983533,1.156581395293141,1.8926431167956255,1.0890723690721043,1.9064231338875506,1.1016256342839463
2022-08-01,2.681376348476969,0.9481285687150935,2.720493071386554,1.082641512715658,2.4349911592654636,0.9352713344601362,2.5528553037305617,1.1061029975993115,2.151222643075029,1.1610788037469346,2.1415381914708345,1.156581395293141,1.856876085390503,1.0890723690721043,1.8737560126154862,1.1016256342839463
2022-08-02,2.6943846579667965,0.9481285687150935,2.7285275399005826,1.082641512715658,2.449314555191862,0.9352713344601362,2.5610836382360826,1.1061029975993115,2.156634102793939,1.1610788037469346,2.1471345336652234,1.156581395293141,1.8617541154857127,1.0890723690721043,1.8773607406786592,1.1016256342839463
2022-08-03,2.6543655531923016,0.9481285687150935,2.692609334329757,1.082641512715658,2.4090045407444345,0.9352713344601362,2.5221084712513977,1.1061029975993115,2.1317340159285796,1.1610788037469346,2.1199777047840893,1.156581395293141,1.8382419515509378,1.0890723690721043,1.8525420624398925,1.1016256342839463
2022-08-04,2.5377174293025173,0.9481285687150935,2.522387368176647,1.082641512715658,2.2984187423234888,0.9352713344601362,2.367927320141401,1.1061029975993115,2.0472872983292567,1.1610788037469346,2.0332566633602545,1.156581395293141,1.7724034866552019,1.0890723690721043,1.784290112977798,1.1016256342839463
2022-08-05,2.6013720263999214,0.9481285687150935,2.585193300694906,1.082641512715658,2.3550548017803097,0.9352713344601362,2.4273365432291873,1.1061029975993115,2.1025836758649126,1.1610788037469346,2.087679870024887,1.156581395293141,1.8164143934863737,1.0890723690721043,1.8295846890669822,1.1016256342839463
2022-08-08,2.610979302863134,0.9481285687150935,2.587197342174038,1.082641512715658,2.3668493115464737,0.9352713344601362,2.430873199275009,1.1061029975993115,2.1130356076000396,1.1610788037469346,2.099152126131795,1.156581395293141,1.8258836637495168,1.0890723690721043,1.8405432831309787,1.1016256342839463
2022-08-09,2.6570343767592557,0.9481285687150935,2.6459559524298326,1.082641512715658,2.4083182818827895,0.9352713344601362,2.4841311703288267,1.1061029975993115,2.141635920481018,1.1610788037469346,2.129772867740443,1.156581395293141,1.8497228720039904,1.0890723690721043,1.867765048765799,1.1016256342839463
2022-08-10,2.6876082725325707,0.9481285687150935,2.6887330365491064,1.082641512715658,2.4327166789791677,0.9352713344601362,2.523585006804156,1.1061029975993115,2.167596139011461,1.1610788037469346,2.1616742851398874,1.156581395293141,1.8694988798172323,1.0890723690721043,1.8947557998541997,1.1016256342839463
2022-08-11,2.788761243400065,0.9481285687150935,2.797734687904741,1.082641512715658,2.5169673673995665,0.9352713344601362,2.6217648230898893,1.1061029975993115,2.2264023430791378,1.1610788037469346,2.2273414354377006,1.156581395293141,1.912243656016332,1.0890723690721043,1.947087581125948,1.1016256342839463
2022-08-12,2.859043353407307,0.9481285687150935,2.8703480924447877,1.082641512715658,2.5640404597787123,0.9352713344601362,2.6717559997368436,1.1061029975993115,2.2631142590983195,1.1610788037469346,2.2641540899717634,1.156581395293141,1.9367810903002765,1.0890723690721043,1.9736175475382813,1.1016256342839463
2022-08-15,2.8260366315116303,0.9481285687150935,2.829952518088926,1.082641512715658,2.5246810897781162,0.9352713344601362,2.6195240230573895,1.1061029975993115,2.237518871841731,1.1610788037469346,2.230084161439885,1.156581395293141,1.9183376995047348,1.0890723690721043,1.9440309373618136,1.1016256342839463
2022-08-16,2.81876080185522,0.9481285687150935,2.8280893140236376,1.082641512715658,2.5269947042772056,0.9352713344601362,2.626430067647561,1.1061029975993115,2.234760059802069,1.1610788037469346,2.227346054785447,1.156581395293141,1.9196960221495327,1.0890723690721043,1.945609731780784,1.1016256342839463
2022-08-17,2.811340883244355,0.9481285687150935,2.8181876751500043,1.082641512715658,2.5210504565225165,0.9352713344601362,2.617918634365174,1.1061029975993115,2.236930422474105,1.1610788037469346,2.234743239712011,1.156581395293141,1.9215680794233896,1.0890723690721043,1.9521205152667147,1.1016256342839463
2022-08-18,2.9154692837187315,0.9481285687150935,2.945372115717071,1.082641512715658,2.6019714616720955,0.9352713344601362,2.728883374590638,1.1061029975993115,2.309116089134469,1.1610788037469346,2.317780486806526,1.156581395293141,1.9710823053929074,1.0890723690721043,2.0167693516137275,1.1016256342839463
2022-08-19,2.8985848869401227,0.9481285687150935,2.922446190452437,1.082641512715658,2.5957900974338246,0.9352713344601362,2.7157651148326094,1.1061029975993115,2.2924647397937585,1.1610788037469346,2.296239188913476,1.156581395293141,1.9606222497657355,1.0890723690721043,2.0013737804950082,1.1016256342839463
2022-08-22,2.9377783665914476,0.9481285687150935,2.975598280229821,1.082641512715658,2.6217230920372403,0.9352713344601362,2.7582904868024603,1.1061029975993115,2.3050248814148366,1.1610788037469346,2.317594693175322,1.156581395293141,1.962524305969562,1.0890723690721043,2.0147382325515526,1.1016256342839463
2022-08-23,2.973773491531755,0.9481285687150935,3.007176751136953,1.082641512715658,2.657700923993534,0.9352713344601362,2.796829323862267,1.1061029975993115,2.335490381894311,1.1610788037469346,2.3556827612113604,1.156581395293141,1.9846570619465995,1.0890723690721043,2.046991135276447,1.1016256342839463
2022-08-24,3.028136086068358,0.9481285687150935,3.0658264163607742,1.082641512715658,2.7025842618833043,0.9352713344601362,2.851324549865777,1.1061029975993115,2.366974623744885,1.1610788037469346,2.3908966516680215,1.156581395293141,2.0070427623637146,1.0890723690721043,2.073869646944136,1.1016256342839463
2022-08-25,3.0520831207863988,0.9481285687150935,3.1038315243523944,1.082641512715658,2.7245287268702443,0.9352713344601362,2.89061690103667,1.1061029975993115,2.385625753974501,1.1610788037469346,2.4095842627509074,1.156581395293141,2.0247351722038376,1.0890723690721043,2.091401780781788,1.1016256342839463
2022-08-26,3.0058269203408585,0.9481285687150935,3.069968404495617,1.082641512715658,2.681628368181251,0.9352713344601362,2.856106152018504,1.1061029975993115,2.3494504829147855,1.1610788037469346,2.3772137338801267,1.156581395293141,1.9928512403508527,1.0890723690721043,2.0622071195277805,1.1016256342839463
2022-08-29,3.009539482184285,0.9481285687150935,3.06892047276489,1.082641512715658,2.678902158855161,0.9352713344601362,2.8518706309440667,1.1061029975993115,2.3574944755258587,1.1610788037469346,2.389915857027482,1.156581395293141,1.9992536710738649,1.0890723690721043,2.0736321238595385,1.1016256342839463
2022-08-30,2.804695158404077,0.9481285687150935,2.8442597453239795,1.082641512715658,2.52739581672407,0.9352713344601362,2.6682308919653885,1.1061029975993115,2.2446550641223135,1.1610788037469346,2.266425467774432,1.156581395293141,1.9250752229593047,1.0890723690721043,1.9818660183460577,1.1016256342839463
2022-08-31,2.8317168472301923,0.9481285687150935,2.8854261048619785,1.082641512715658,2.542321377659098,0.9352713344601362,2.6993081935476866,1.1061029975993115,2.257021656620122,1.1610788037469346,2.2800884658727982,1.156581395293141,1.928915403310297,1.0890723690721043,1.9892246644171208,1.1016256342839463
2022-09-01,2.7377069998092307,0.9481285687150935,2.7803531856240187,1.082641512715658,2.471468934634669,0.9352713344601362,2.6126346097375457,1.1061029975993115,2.198990700079571,1.1610788037469346,2.2117340378271297,1.156581395293141,1.890078921308169,1.0890723690721043,1.935980144010506,1.1016256342839463
2022-09-02,2.818794770536261,0.9481285687150935,2.873267665599993,1.082641512715658,2.529306056969376,0.9352713344601362,2.6888738090047792,1.1061029975993115,2.2471259305930205,1.1610788037469346,2.269443067472518,1.156581395293141,1.9192837675668124,1.0890723690721043,1.9785392232117045,1.1016256342839463
2022-09-06,2.7687672568826485,0.9481285687150935,2.813560346984212,1.082641512715658,2.4781809472950647,0.9352713344601362,2.6281843074715865,1.1061029975993115,2.217291883687258,1.1610788037469346,2.242548828357097,1.156581395293141,1.8945676536685896,1.0890723690721043,1.9559267407409195,1.1016256342839463
2022-09-07,2.7456107114262163,0.9481285687150935,2.794436938994489,1.082641512715658,2.461047530020512,0.9352713344601362,2.610892810829814,1.1061029975993115,2.207115482649089,1.1610788037469346,2.2266530485837097,1.156581395293141,1.8884942998999439,1.0890723690721043,1.9450628457209191,1.1016256342839463
2022-09-08,2.73706644717121,0.9481285687150935,2.800535266366579,1.082641512715658,2.455353390828271,0.9352713344601362,2.613916563865707,1.1061029975993115,2.2167814603273817,1.1610788037469346,2.2336466968589237,1.156581395293141,1.8955064599094784,1.0890723690721043,1.9500038894227678,1.1016256342839463
2022-09-09,2.809476662843735,0.9481285687150935,2.871976902047923,1.082641512715658,2.5163405352117043,0.9352713344601362,2.680137275361136,1.1061029975993115,2.2692262337842357,1.1610788037469346,2.285963991506127,1.156581395293141,1.936234244791185,1.0890723690721043,1.9917528366284782,1.1016256342839463
2022-09-12,2.849294506022905,0.9481285687150935,2.9172870376194857,1.082641512715658,2.549791990004497,0.9352713344601362,2.723107603121909,1.1061029975993115,2.2994604540662307,1.1610788037469346,2.314689642605702,1.156581395293141,1.9590668465043517,1.0890723690721043,2.0138547745393693,1.1016256342839463
2022-09-13,2.7776321838170004,0.9481285687150935,2.851351909578808,1.082641512715658,2.487565303535753,0.9352713344601362,2.661661974151549,1.1061029975993115,2.239704460192747,1.1610788037469346,2.2588810284549354,1.156581395293141,1.9072123276549422,1.0890723690721043,1.9637417700077229,1.1016256342839463
2022-09-14,2.8684444140258374,0.9481285687150935,2.9387399833214674,1.082641512715658,2.5664903008574087,0.9352713344601362,2.7428899127962203,1.1061029975993115,2.303650481853159,1.1610788037469346,2.3183868804287524,1.156581395293141,1.9549139582578956,1.0890723690721043,2.0086652037556765,1.1016256342839463
2022-09-15,2.7587935957974503,0.9481285687150935,2.8414183608897456,1.082641512715658,2.4751870571135823,0.9352713344601362,2.6562593007642112,1.1061029975993115,2.2440458957747547,1.1610788037469346,2.257227013879794,1.156581395293141,1.9094887706595243,1.0890723690721043,1.9610975536757218,1.1016256342839463
2022-09-16,2.6524485788606387,0.9481285687150935,2.722899467534372,1.082641512715658,2.3820103285306993,0.9352713344601362,2.5449068854703376,1.1061029975993115,2.1868306431947957,1.1610788037469346,2.1970857195382947,1.156581395293141,1.865935622270824,1.0890723690721043,1.9139576630873265,1.1016256342839463
2022-09-19,2.681181583534145,0.9481285687150935,2.7499289884768947,1.082641512715658,2.408405084451559,0.9352713344601362,2.575193972190895,1.1061029975993115,2.2029875283065037,1.1610788037469346,2.210875800232806,1.156581395293141,1.8811961069184389,1.0890723690721043,1.9283307767043534,1.1016256342839463
2022-09-20,2.6500783622717208,0.9481285687150935,2.7246167910725116,1.082641512715658,2.3835383606288514,0.9352713344601362,2.5537393001883792,1.1061029975993115,2.1761619350820376,1.1610788037469346,2.1904476066739784,1.156581395293141,1.8607404922426305,1.0890723690721043,1.9124592419908357,1.1016256342839463
2022-09-21,2.599355583846693,0.9481285687150935,2.6587639691766407,1.082641512715658,2.337574558020837,0.9352713344601362,2.4942636127727544,1.1061029975993115,2.141190984084315,1.1610788037469346,2.1525717967542937,1.156581395293141,1.8331090755118928,1.0890723690721043,1.8822143288364859,1.1016256342839463
2022-09-22,2.550025966683481,0.9481285687150935,2.604261850761571,1.082641512715658,2.2908390122703155,0.9352713344601362,2.440401395547561,1.1061029975993115,2.0986011718621413,1.1610788037469346,2.1209515737892697,1.156581395293141,1.7999127829954882,1.0890723690721043,1.8577037302436552,1.1016256342839463
2022-09-23,2.3724188979324023,0.9481285687150935,2.4231859391925044,1.082641512715658,2.139408044298847,0.9352713344601362,2.2743144519080096,1.1061029975993115,1.968408636793977,1.1610788037469346,1.9925894036657386,1.156581395293141,1.6974972190745494,1.0890723690721043,1.7541683859428234,1.1016256342839463
2022-09-26,2.3130659692026048,0.9481285687150935,2.364013918678445,1.082641512715658,2.08461996902327,0.9352713344601362,2.2161812012278985,1.1061029975993115,1.9223764790935207,1.1610788037469346,1.9439100053224594,1.156581395293141,1.6585414904359859,1.0890723690721043,1.7124702798535136,1.1016256342839463
2022-09-27,2.381381096865643,0.9481285687150935,2.43816189949532,1.082641512715658,2.141106361223831,0.9352713344601362,2.280289558802181,1.1061029975993115,1.9647846835375329,1.1610788037469346,1.990275894816135,1.156581395293141,1.6891629706402926,1.0890723690721043,1.7474547884092533,1.1016256342839463
2022-09-28,2.520268353670381,0.9481285687150935,2.575643988866214,1.082641512715658,2.258966030455046,0.9352713344601362,2.404638383999466,1.1061029975993115,2.0666178364385916,1.1610788037469346,2.092625084156445,1.156581395293141,1.7709765204480337,1.0890723690721043,1.8315028061096073,1.1016256342839463
2022-09-29,2.4818358810233954,0.9481285687150935,2.531327478562227,1.082641512715658,2.225163186562032,0.9352713344601362,2.3658442708916745,1.1061029975993115,2.0389623198980025,1.1610788037469346,2.0668213337923933,1.156581395293141,1.7485106596066156,1.0890723690721043,1.8096305170454308,1.1016256342839463
2022-09-30,2.486597133658947,0.9481285687150935,2.5407955122307713,1.082641512715658,2.2277075961409807,0.9352713344601362,2.3710036485591828,1.1061029975993115,2.0347150364713467,1.1610788037469346,2.0637869684521,1.156581395293141,1.7429633602262034,1.0890723690721043,1.8048452393063883,1.1016256342839463
2022-10-03,2.616939583762309,0.9481285687150935,2.677385176921352,1.082641512715658,2.3404336177637814,0.9352713344601362,2.497322756638321,1.1061029975993115,2.137989196552933,1.1610788037469346,2.1655720605345827,1.156581395293141,1.8254895494014092,1.0890723690721043,1.8876995725849497,1.1016256342839463
2022-10-04,2.745431349082217,0.9481285687150935,2.8118540163078376,1.082641512715658,2.4521861448008937,0.9352713344601362,2.6189644530031275,1.1061029975993115,2.227954885048096,1.1610788037469346,2.256012120503672,1.156581395293141,1.89672304826655,1.0890723690721043,1.9612985146074278,1.1016256342839463
2022-10-05,2.741519033515551,0.9481285687150935,2.8070669459063198,1.082641512715658,2.446964641114249,0.9352713344601362,2.613013583082606,1.1061029975993115,2.2356046591622323,1.1610788037469346,2.2756258277344443,1.156581395293141,1.901607765119522,1.0890723690721043,1.9747486414767814,1.1016256342839463
2022-10-06,2.7298477496019005,0.9481285687150935,2.8019953805192994,1.082641512715658,2.433315943161087,0.9352713344601362,2.6051750333396018,1.1061029975993115,2.2395569439467664,1.1610788037469346,2.285411465975718,1.156581395293141,1.904073359014363,1.0890723690721043,1.9812813123262252,1.1016256342839463
2022-10-07,2.6811494913140304,0.9481285687150935,2.752736850843338,1.082641512715658,2.3893468271403697,0.9352713344601362,2.558691515809954,1.1061029975993115,2.198125532151831,1.1610788037469346,2.2549736395381133,1.156581395293141,1.8698329495703094,1.0890723690721043,1.9548467160360383,1.1016256342839463
2022-10-10,2.661272433753293,0.9481285687150935,2.73354784627505,1.082641512715658,2.380763062856515,0.9352713344601362,2.5503629941857526,1.1061029975993115,2.1733888072571586,1.1610788037469346,2.2299937424868252,1.156581395293141,1.853941509269478,1.0890723690721043,1.9365616717997327,1.1016256342839463
2022-10-11,2.647537530980413,0.9481285687150935,2.7165827525271022,1.082641512715658,2.3752667406419743,0.9352713344601362,2.5420491653747264,1.1061029975993115,2.164346623049928,1.1610788037469346,2.2124432184248155,1.156581395293141,1.8488319545783187,1.0890723690721043,1.9242385120689427,1.1016256342839463
2022-10-12,2.675230860732246,0.9481285687150935,2.746959174808494,1.082641512715658,2.3879804750047384,0.9352713344601362,2.5580021295614754,1.1061029975993115,2.16972647280889,1.1610788037469346,2.228634327193635,1.156581395293141,1.8492282710902705,1.0890723690721043,1.9339056894928566,1.1016256342839463
2022-10-13,2.753087619974934,0.9481285687150935,2.830402507228198,1.082641512715658,2.4560013269638223,0.9352713344601362,2.634371183531123,1.1061029975993115,2.2350583025047435,1.1610788037469346,2.302859751822247,1.156581395293141,1.9054696381246778,1.0890723690721043,1.9974768727084438,1.1016256342839463
2022-10-14,2.6499540968203257,0.9481285687150935,2.7163249200767425,1.082641512715658,2.370976549583893,0.9352713344601362,2.5354431760723855,1.1061029975993115,2.148680269364869,1.1610788037469346,2.2048698624292946,1.156581395293141,1.836972035027319,1.0890723690721043,1.9174901145371235,1.1016256342839463
2022-10-17,2.7166443265740248,0.9481285687150935,2.7820755361827487,1.082641512715658,2.4280833240651862,0.9352713344601362,2.593978087641866,1.1061029975993115,2.1941736357514037,1.1610788037469346,2.250499516364351,1.156581395293141,1.8743822226505609,1.0890723690721043,1.954855109061514,1.1016256342839463
2022-10-18,2.7441056285335335,0.9481285687150935,2.8086305943354417,1.082641512715658,2.456712850650466,0.9352713344601362,2.622808957963155,1.1061029975993115,2.225363644400597,1.1610788037469346,2.2788502973925304,1.156581395293141,1.9028138221767528,1.0890723690721043,1.9808608683501856,1.1016256342839463
2022-10-19,2.7503292391856604,0.9481285687150935,2.815519066717046,1.082641512715658,2.459328579645735,0.9352713344601362,2.626100568922909,1.1061029975993115,2.2400040832820713,1.1610788037469346,2.30566310697718,1.156581395293141,1.912716137385519,1.0890723690721043,2.0011922296425952,1.1016256342839463
2022-10-20,2.727756065543319,0.9481285687150935,2.7993894292954487,1.082641512715658,2.4374999065947387,0.9352713344601362,2.609448437375561,1.1061029975993115,2.230747417172135,1.1610788037469346,2.298042320444077,1.156581395293141,1.9003311623865737,1.0890723690721043,1.9939518999846475,1.1016256342839463
2022-10-21,2.7819053603538384,0.9481285687150935,2.853161344364867,1.082641512715658,2.4955739243950474,0.9352713344601362,2.669529797329421,1.1061029975993115,2.285001649362904,1.1610788037469346,2.3475333725501346,1.156581395293141,1.9482129292041985,1.0890723690721043,2.0405697196280084,1.1016256342839463
2022-10-24,2.786259432055163,0.9481285687150935,2.853428214895659,1.082641512715658,2.5052695298961085,0.9352713344601362,2.676065120644049,1.1061029975993115,2.285147507214923,1.1610788037469346,2.360265243216092,1.156581395293141,1.951949351728487,1.0890723690721043,2.0523158570736184,1.1016256342839463
2022-10-25,2.8439763241380738,0.9481285687150935,2.9132597142318133,1.082641512715658,2.5504678602183155,0.9352713344601362,2.724780779769846,1.1061029975993115,2.3124675413184224,1.1610788037469346,2.39332091110029,1.156581395293141,1.9712008142514175,1.0890723690721043,2.0774832130470253,1.1016256342839463
2022-10-26,2.8791219734278406,0.9481285687150935,2.94713470604143,1.082641512715658,2.5753126749078823,0.9352713344601362,2.7497150969654203,1.1061029975993115,2.339289529301588,1.1610788037469346,2.426077115101974,1.156581395293141,1.98979377653899,1.0890723690721043,2.100816580702885,1.1016256342839463
2022-10-27,2.9032616581360884,0.9481285687150935,2.973214511446056,1.082641512715658,2.601429319383465,0.9352713344601362,2.778986202023754,1.1061029975993115,2.362632030609994,1.1610788037469346,2.431198981556663,1.156581395293141,2.0062535877073984,1.0890723690721043,2.1056897762253763,1.1016256342839463
2022-10-28,2.9145113861039347,0.9481285687150935,2.9838009646587538,1.082641512715658,2.618980147626662,0.9352713344601362,2.797131167950912,1.1061029975993115,2.3849348941133237,1.1610788037469346,2.4460668897915188,1.156581395293141,2.0294031330377993,1.0890723690721043,2.1230263513024203,1.1016256342839463
2022-10-31,2.925662828837428,0.9481285687150935,2.9965236616591477,1.082641512715658,2.623284164071813,0.9352713344601362,2.803068476222525,1.1061029975993115,2.3908468919477226,1.1610788037469346,2.4717675385253304,1.156581395293141,2.0322828818622054,1.0890723690721043,2.1400671796143884,1.1016256342839463
2022-11-01,2.9206034090024797,0.9481285687150935,2.9870511889490827,1.082641512715658,2.6153709274595616,0.9352713344601362,2.789530581619243,1.1061029975993115,2.4052767580282914,1.1610788037469346,2.4800166630428713,1.156581395293141,2.045224721215221,1.0890723690721043,2.148289048681095,1.1016256342839463
2022-11-02,2.8123895035260293,0.9481285687150935,2.8936245632384625,1.082641512715658,2.522796145856607,0.9352713344601362,2.7094709760551767,1.1061029975993115,2.343280978648846,1.1610788037469346,2.4185630304658297,1.156581395293141,1.9927197457156485,1.0890723690721043,2.095772081904002,1.1016256342839463
2022-11-03,2.8259352528756,0.9481285687150935,2.918969256747873,1.082641512715658,2.536624960727361,0.9352713344601362,2.7345295084951338,1.1061029975993115,2.3592418004416236,1.1610788037469346,2.4362897486188113,1.156581395293141,2.0043153560730707,1.0890723690721043,2.1112415747277367,1.1016256342839463
2022-11-04,2.898228373463436,0.9481285687150935,2.9947431599703997,1.082641512715658,2.589768098546535,0.9352713344601362,2.7955966844837072,1.1061029975993115,2.396113760194004,1.1610788037469346,2.471171465033472,1.156581395293141,2.026815569761151,1.0890723690721043,2.138120819287829,1.1016256342839463
2022-11-07,2.9669372878249765,0.9481285687150935,3.067938335125776,1.082641512715658,2.6368558270608182,0.9352713344601362,2.8501116382338427,1.1061029975993115,2.44145821258741,1.1610788037469346,2.5232425909578278,1.156581395293141,2.057001951065308,1.0890723690721043,2.17741464277632,1.1016256342839463
2022-11-08,2.948784591472009,0.9481285687150935,3.0432725719123632,1.082641512715658,2.624926826357227,0.9352713344601362,2.8310962226270413,1.1061029975993115,2.4303246289573557,1.1610788037469346,2.5165643573097656,1.156581395293141,2.0504203032128894,1.0890723690721043,2.1725221737735367,1.1016256342839463
2022-11-09,2.797987380442636,0.9481285687150935,2.890167770756175,1.082641512715658,2.510639376551889,0.9352713344601362,2.7074181388892535,1.1061029975993115,2.326750615147757,1.1610788037469346,2.392446387660928,1.156581395293141,1.976942978108404,1.0890723690721043,2.075428617335983,1.1016256342839463
2022-11-10,2.8665762163165,0.9481285687150935,2.9507048563850997,1.082641512715658,2.5574427014534824,0.9352713344601362,2.75001119882652,1.1061029975993115,2.381868946814652,1.1610788037469346,2.463081570828345,1.156581395293141,2.012589798958281,1.0890723690721043,2.1260763571436123,1.1016256342839463
2022-11-11,2.8523340622087865,0.9481285687150935,2.931905223842085,1.082641512715658,2.536785596524283,0.9352713344601362,2.7225336356963235,1.1061029975993115,2.381000268829962,1.1610788037469346,2.4724844977558513,1.156581395293141,2.004463949142451,1.0890723690721043,2.1288694768568193,1.1016256342839463
2022-11-14,2.8854027200347647,0.9481285687150935,2.9565470064394224,1.082641512715658,2.5643838133517676,0.9352713344601362,2.7454401608272136,1.1061029975993115,2.3886885822155035,1.1610788037469346,2.477142024719046,1.156581395293141,2.010915670006126,1.0890723690721043,2.1344807693822467,1.1016256342839463
2022-11-15,2.9375327783766623,0.9481285687150935,3.008453990135769,1.082641512715658,2.599898727810156,0.9352713344601362,2.783105988910039,1.1061029975993115,2.427396540535919,1.1610788037469346,2.519057722303032,1.156581395293141,2.0374163333337716,1.0890723690721043,2.16590779452311,1.1016256342839463
2022-11-16,2.8772410389448426,0.9481285687150935,2.93970212518777,1.082641512715658,2.558367079148481,0.9352713344601362,2.733539044616862,1.1061029975993115,2.384290602813922,1.1610788037469346,2.459174809953618,1.156581395293141,2.0088645887508747,1.0890723690721043,2.121646288340395,1.1016256342839463
2022-11-17,2.87326953915694,0.9481285687150935,2.939201671808244,1.082641512715658,2.5591036643101353,0.9352713344601362,2.7393314220556557,1.1061029975993115,2.3888690601454887,1.1610788037469346,2.4592495140318116,1.156581395293141,2.015393884956908,1.0890723690721043,2.123836675274507,1.1016256342839463
2022-11-18,2.862910904652496,0.9481285687150935,2.9175260967023346,1.082641512715658,2.554379261272585,0.9352713344601362,2.724515813284284,1.1061029975993115,2.388500767235953,1.1610788037469346,2.444125987042761,1.156581395293141,2.0172012071694914,1.0890723690721043,2.112954642538947,1.1016256342839463
2022-11-21,2.863505055424028,0.9481285687150935,2.9217895341052214,1.082641512715658,2.550972855611124,0.9352713344601362,2.722680885608753,1.1061029975993115,2.3722024061929847,1.1610788037469346,2.4262425884399303,1.156581395293141,2.0052910847215744,1.0890723690721043,2.098350768106614,1.1016256342839463
2022-11-22,2.959944326289307,0.9481285687150935,3.022342604464027,1.082641512715658,2.6315940643568854,0.9352713344601362,2.8116893031657755,1.1061029975993115,2.438869708506805,1.1610788037469346,2.4978667837031083,1.156581395293141,2.055049938534925,1.0890723690721043,2.1562110966843453,1.1016256342839463
2022-11-23,2.937157487001534,0.9481285687150935,3.00470313330231,1.082641512715658,2.6102122548037707,0.9352713344601362,2.790808490490008,1.1061029975993115,2.4261872034026886,1.1610788037469346,2.4771644235341905,1.156581395293141,2.043355897011689,1.0890723690721043,2.137102291699082,1.1016256342839463
2022-11-25,2.9486338749107106,0.9481285687150935,3.0181643835006353,1.082641512715658,2.6230633040170948,0.9352713344601362,2.8054624976278038,1.1061029975993115,2.4321354418484273,1.1610788037469346,2.4832805264828144,1.156581395293141,2.049894999464253,1.0890723690721043,2.1437371874028184,1.1016256342839463
2022-11-28,2.8815901700944266,0.9481285687150935,2.952473995776807,1.082641512715658,2.5682264622804607,0.9352713344601362,2.750605668983404,1.1061029975993115,2.3815326129644365,1.1610788037469346,2.4248884471125844,1.156581395293141,2.011537394861948,1.0890723690721043,2.095985806234561,1.1016256342839463
2022-11-29,2.920160569921016,0.9481285687150935,2.995076715590191,1.082641512715658,2.595331513058496,0.9352713344601362,2.783562438790188,1.1061029975993115,2.4074180625972814,1.1610788037469346,2.4554967530743506,1.156581395293141,2.030025140696531,1.0890723690721043,2.1192882923978904,1.1016256342839463
2022-11-30,2.949647693461537,0.9481285687150935,3.0160221000072163,1.082641512715658,2.625681199388977,0.9352713344601362,2.8053112534333637,1.1061029975993115,2.4367442482689623,1.1610788037469346,2.4819321968997907,1.156581395293141,2.053804289911306,1.0890723690721043,2.1419601247193385,1.1016256342839463
2022-12-01,2.8946255730244386,0.9481285687150935,2.9700153655953434,1.082641512715658,2.579342300870388,0.9352713344601362,2.7596767567504057,1.1061029975993115,2.410376077497547,1.1610788037469346,2.452026138769994,1.156581395293141,2.0322395538866145,1.0890723690721043,2.1171012449930533,1.1016256342839463
2022-12-02,2.8709189242780897,0.9481285687150935,2.9502062055962623,1.082641512715658,2.5637674038295346,0.9352713344601362,2.7446831788222776,1.1061029975993115,2.4080450447498998,1.1610788037469346,2.4477798921743954,1.156581395293141,2.032325760803899,1.0890723690721043,2.1150205918409077,1.1016256342839463
2022-12-05,2.721328103700246,0.9481285687150935,2.8030306173456347,1.082641512715658,2.4380242965859766,0.9352713344601362,2.618579748588302,1.1061029975993115,2.3054098352625605,1.1610788037469346,2.348632877666966,1.156581395293141,1.954428953445941,1.0890723690721043,2.0365688630308654,1.1016256342839463
2022-12-06,2.697254788001525,0.9481285687150935,2.7674261187359943,1.082641512715658,2.4158115160475777,0.9352713344601362,2.580887574127749,1.1061029975993115,2.2699512381435833,1.1610788037469346,2.311161669870193,1.156581395293141,1.9239493140248534,1.0890723690721043,2.002888434399471,1.1016256342839463
2022-12-07,2.649665042326309,0.9481285687150935,2.7246336097600325,1.082641512715658,2.370728087439245,0.9352713344601362,2.542171649980983,1.1061029975993115,2.24334186003231,1.1610788037469346,2.2913458356789147,1.156581395293141,1.9060772301261186,1.0890723690721043,1.989983333490369,1.1016256342839463
2022-12-08,2.622599821552334,0.9481285687150935,2.699088624427966,1.082641512715658,2.3495871796520804,0.9352713344601362,2.5224156314213952,1.1061029975993115,2.2223433048133967,1.1610788037469346,2.2691761928635246,1.156581395293141,1.8901364465886341,1.0890723690721043,1.9728618547692958,1.1016256342839463
2022-12-09,2.5706128093909753,0.9481285687150935,2.647038493431721,1.082641512715658,2.3043070121175715,0.9352713344601362,2.4752427448342478,1.1061029975993115,2.1717399413063774,1.1610788037469346,2.2250207603921823,1.156581395293141,1.8485606920941575,1.0890723690721043,1.9352152850075512,1.1016256342839463
2022-12-12,2.6716070302508403,0.9481285687150935,2.744627456940414,1.082641512715658,2.389920909766818,0.9352713344601362,2.5617562330891963,1.1061029975993115,2.2403794436657187,1.1610788037469346,2.2934072618114083,1.156581395293141,1.901855771137231,1.0890723690721043,1.9886422140667683,1.1016256342839463
2022-12-13,2.7021871510732787,0.9481285687150935,2.7708901702009396,1.082641512715658,2.4090893533137256,0.9352713344601362,2.5821544993182624,1.1061029975993115,2.2750124085174135,1.1610788037469346,2.3193760607046676,1.156581395293141,1.9250624839020198,1.0890723690721043,2.005334513573147,1.1016256342839463
2022-12-14,2.6959529144473127,0.9481285687150935,2.7547101143978887,1.082641512715658,2.404996765384514,0.9352713344601362,2.5671579065986943,1.1061029975993115,2.2617376381168346,1.1610788037469346,2.3046469731098784,1.156581395293141,1.9154869832311032,1.0890723690721043,1.9940097498311313,1.1016256342839463
2022-12-15,2.6964767090445476,0.9481285687150935,2.7602685032511696,1.082641512715658,2.4044672248333594,0.9352713344601362,2.5680578536463554,1.1061029975993115,2.2590762312007033,1.1610788037469346,2.2946770762866513,1.156581395293141,1.9111585455143716,1.0890723690721043,1.9841462446531797,1.1016256342839463
2022-12-16,2.6546970311169833,0.9481285687150935,2.71334259296679,1.082641512715658,2.3688874707425565,0.9352713344601362,2.5284369710964656,1.1061029975993115,2.2282523140799793,1.1610788037469346,2.2669321058990466,1.156581395293141,1.8898538838199095,1.0890723690721043,1.9639956558913003,1.1016256342839463
2022-12-19,2.6374953794046943,0.9481285687150935,2.6969499741026035,1.082641512715658,2.356460519631597,0.9352713344601362,2.5092259048347496,1.1061029975993115,2.2145964911592375,1.1610788037469346,2.2516979076675168,1.156581395293141,1.8801233238591581,1.0890723690721043,1.9522316480414037,1.1016256342839463
2022-12-20,2.702150335334832,0.9481285687150935,2.7483972888371864,1.082641512715658,2.4124090876029047,0.9352713344601362,2.555868112963755,1.1061029975993115,2.2586328407874,1.1610788037469346,2.2902539681117027,1.156581395293141,1.9143138367624886,1.0890723690721043,1.9829869064267982,1.1016256342839463
2022-12-21,2.741165267573192,0.9481285687150935,2.7805497398602648,1.082641512715658,2.4470272630585073,0.9352713344601362,2.584242377203151,1.1061029975993115,2.3011300072762824,1.1610788037469346,2.3296547649060573,1.156581395293141,1.948619658555963,1.0890723690721043,2.015555756681747,1.1016256342839463
2022-12-22,2.6649468553966504,0.9481285687150935,2.697567657181896,1.082641512715658,2.3811331361721177,0.9352713344601362,2.5095128011475203,1.1061029975993115,2.2388359219923997,1.1610788037469346,2.269114509128454,1.156581395293141,1.9005689687207608,1.0890723690721043,1.9675432975692273,1.1016256342839463
2022-12-23,2.752929394052581,0.9481285687150935,2.7813967333689185,1.082641512715658,2.456036554651976,0.9352713344601362,2.582536773693165,1.1061029975993115,2.306262377364275,1.1610788037469346,2.335997538348491,1.156581395293141,1.9527065320558128,1.0890723690721043,2.0209825734872964,1.1016256342839463
2022-12-27,2.7599143096145657,0.9481285687150935,2.7739984740983368,1.082641512715658,2.4624403978695226,0.9352713344601362,2.5735604929986553,1.1061029975993115,2.3091437529645753,1.1610788037469346,2.3386097389278433,1.156581395293141,1.9538682357983248,1.0890723690721043,2.0216133032731998,1.1016256342839463
2022-12-28,2.6264351718378287,0.9481285687150935,2.6441072928333256,1.082641512715658,2.3514959668634865,0.9352713344601362,2.4589339075611902,1.1061029975993115,2.2206365221440776,1.1610788037469346,2.2528636596744365,1.156581395293141,1.8869813011917098,1.0890723690721043,1.9559144633974048,1.1016256342839463
2022-12-29,2.695020899948459,0.9481285687150935,2.70174794153498,1.082641512715658,2.408519331703384,0.9352713344601362,2.5101032381039783,1.1061029975993115,2.2632467084797976,1.1610788037469346,2.28508921798741,1.156581395293141,1.9173075200530214,1.0890723690721043,1.9775386591715296,1.1016256342839463
2022-12-30,2.7017162622806374,0.9481285687150935,2.705711486761549,1.082641512715658,2.4138218833488336,0.9352713344601362,2.514042739176275,1.1061029975993115,2.2707315875789074,1.1610788037469346,2.290568363423835,1.156581395293141,1.9229066796492786,1.0890723690721043,1.9820109064555154,1.1016256342839463
2023-01-03,2.5536908475482503,0.9481285687150935,2.555527320645797,1.082641512715658,2.2879149069033815,0.9352713344601362,2.37878280725477,1.1061029975993115,2.1532791742520554,1.1610788037469346,2.1904614111681333,1.156581395293141,1.8311778387133821,1.0890723690721043,1.9021152506681414,1.1016256342839463
2023-01-04,2.571833674317234,0.9481285687150935,2.5916373774825354,1.082641512715658,2.3016335381976574,0.9352713344601362,2.4074108005135866,1.1061029975993115,2.161953626258654,1.1610788037469346,2.1938663520637554,1.156581395293141,1.8366561722573858,1.0890723690721043,1.9033559848728319,1.1016256342839463
2023-01-05,2.570982920857173,0.9481285687150935,2.5903639656468447,1.082641512715658,2.300967599014628,0.9352713344601362,2.4070112692208303,1.1061029975993115,2.1662110428255885,1.1610788037469346,2.198701230961063,1.156581395293141,1.8426055044104483,1.0890723690721043,1.909812787010819,1.1016256342839463
2023-01-06,2.6407907210420882,0.9481285687150935,2.654076928800022,1.082641512715658,2.3626223015564074,0.9352713344601362,2.464788110566235,1.1061029975993115,2.219155679789782,1.1610788037469346,2.2466037814413258,1.156581395293141,1.8863734665606577,1.0890723690721043,1.9494084541910532,1.1016256342839463
2023-01-09,2.644107300700272,0.9481285687150935,2.6552420078688206,1.082641512715658,2.365972153911011,0.9352713344601362,2.464684764561844,1.1061029975993115,2.23562888656313,1.1610788037469346,2.2562441935685658,1.156581395293141,1.8976579227195702,1.0890723690721043,1.9542381786946714,1.1016256342839463
2023-01-10,2.657729464815721,0.9481285687150935,2.677640505514135,1.082641512715658,2.380104411069469,0.9352713344601362,2.4871811086862654,1.1061029975993115,2.254785350568048,1.1610788037469346,2.267926825486946,1.156581395293141,1.9151828362922074,1.0890723690721043,1.9658674401517091,1.1016256342839463
2023-01-11,2.6510991697153403,0.9481285687150935,2.6825256669496444,1.082641512715658,2.3732296635381576,0.9352713344601362,2.493927390731187,1.1061029975993115,2.2624684975075793,1.1610788037469346,2.2728147574549893,1.156581395293141,1.9223013277299792,1.0890723690721043,1.9709746600251012,1.1016256342839463
2023-01-12,2.7299555605930617,0.9481285687150935,2.7503331547465213,1.082641512715658,2.4441680888026593,0.9352713344601362,2.5539511771038987,1.1061029975993115,2.3195162311774005,1.1610788037469346,2.3294008652546094,1.156581395293141,1.967835808181508,1.0890723690721043,2.016546400711344,1.1016256342839463
2023-01-13,2.7582354933059423,0.9481285687150935,2.783502318194768,1.082641512715658,2.471021219038303,0.9352713344601362,2.5853542692131883,1.1061029975993115,2.3371310787190804,1.1610788037469346,2.347859888131682,1.156581395293141,1.9820229106391627,1.0890723690721043,2.0316556418479372,1.1016256342839463
2023-01-17,2.805792419429545,0.9481285687150935,2.823017825370952,1.082641512715658,2.512729129707996,0.9352713344601362,2.6207974321374907,1.1061029975993115,2.351875493811349,1.1610788037469346,2.369596370564901,1.156581395293141,1.9922788713108246,1.0890723690721043,2.048444896827112,1.1016256342839463
2023-01-18,2.7162936239609237,0.9481285687150935,2.75735642011943,1.082641512715658,2.4359348002885413,0.9352713344601362,2.567202312960705,1.1061029975993115,2.2884071509859263,1.1610788037469346,2.30919053044975,1.156581395293141,1.943217322436044,1.0890723690721043,2.000694809048266,1.1016256342839463
2023-01-19,2.7199910980035362,0.9481285687150935,2.7669991216521352,1.082641512715658,2.4446750787479576,0.9352713344601362,2.576980041902289,1.1061029975993115,2.288745739814437,1.1610788037469346,2.32567528855755,1.156581395293141,1.9444647312616528,1.0890723690721043,2.015514172988137,1.1016256342839463
2023-01-20,2.76268395038567,0.9481285687150935,2.811879070304677,1.082641512715658,2.4830213759300097,0.9352713344601362,2.61819387073661,1.1061029975993115,2.3180530193823525,1.1610788037469346,2.352206715348458,1.156581395293141,1.969241775197342,1.0890723690721043,2.0368345588219006,1.1016256342839463
2023-01-23,2.776002421365824,0.9481285687150935,2.8366892895296254,1.082641512715658,2.4904745273735553,0.9352713344601362,2.6392557884533745,1.1061029975993115,2.333762540174782,1.1610788037469346,2.3721088449691803,1.156581395293141,1.9796555634772466,1.0890723690721043,2.052149286887289,1.1016256342839463
2023-01-24,2.794156876058818,0.9481285687150935,2.8465357915841123,1.082641512715658,2.5045741326375057,0.9352713344601362,2.647235704440648,1.1061029975993115,2.3359448790822914,1.1610788037469346,2.3739231561554552,1.156581395293141,1.9827505357003081,1.0890723690721043,2.0540706998673004,1.1016256342839463
2023-01-25,2.80484213962922,0.9481285687150935,2.835006330898348,1.082641512715658,2.515044330852473,0.9352713344601362,2.6348946644642526,1.1061029975993115,2.3423511809501476,1.1610788037469346,2.376878268250099,1.156581395293141,1.9876858751036763,1.0890723690721043,2.055963196510862,1.1016256342839463
2023-01-26,2.8091387784760027,0.9481285687150935,2.84743608836013,1.082641512715658,2.5220116782660194,0.9352713344601362,2.652219223714426,1.1061029975993115,2.376369056608042,1.1610788037469346,2.4100999210501617,1.156581395293141,2.0209091320569303,1.0890723690721043,2.0892640337086332,1.1016256342839463
2023-01-27,2.799239571968813,0.9466115630051494,2.841752750341073,1.080909286295313,2.5125814990777617,0.933774900325,2.643493231040717,1.1043332328031525,2.356542781529462,1.1592210776609395,2.389775810932554,1.154730865060672,2.001839504506122,1.087329853281589,2.069384036328576,1.099863033269092
2023-01-30,2.7509903309748855,0.930881750882383,2.7951329467572457,1.0640148356049306,2.473769186448742,0.9198019460522507,2.6064396653061443,1.0895279427771207,2.3131007930881617,1.1386954415546673,2.342809837089733,1.132865789534405,1.966797606920946,1.0689985089051641,2.03176013338656,1.0806047423562324
2023-01-31,2.7890032588570146,0.9421638730285897,2.8356548667553674,1.077840205821467,2.5078734839615775,0.9309309367601405,2.6444451135445535,1.103774004132459,2.348527171138096,1.1545053368611058,2.3724918708323015,1.1454857034903538,1.996591334940252,1.08368695940685,2.0568841343019573,1.0923369667491551
2023-02-01,2.794138245274135,0.940656410831744,2.8278775600374297,1.0761156614921525,2.5170304660652016,0.9294414472613243,2.6429613331123765,1.1020079657258472,2.333766708339451,1.152658128322128,2.351803473101386,1.1436529263647692,1.9850285987896519,1.0819530602717988,2.038766142900598,1.0905892276023565
2023-02-02,2.7775180805869075,0.9360260826781897,2.8283236857316036,1.0766688463797334,2.4975351345298353,0.9231880377806532,2.639170246723687,1.1007932883692388,2.299670143456477,1.1367437716528526,2.32052369276797,1.129042334409262,1.9521511536671683,1.0648056603585383,2.0063716181350513,1.0737408505294772
2023-02-03,2.7845700085704395,0.9376943241975177,2.8262582941863235,1.0744469680710946,2.5045177787791904,0.9250420186254863,2.638865890180005,1.0992263930686597,2.3019538108832776,1.1371829704915917,2.3201320586113265,1.1281779488174455,1.9546313175623011,1.065591827885614,2.005049749288459,1.0724166183571278
2023-02-06,2.753542744887815,0.9257624068122042,2.7975380967903027,1.0618268833428939,2.47592939972739,0.9130197466774627,2.614618268461418,1.0873833821251704,2.2785231635692202,1.123807076783066,2.299014598148715,1.116120803517056,1.93620749062182,1.0538589705295207,1.9888178343801013,1.06203287532171
2023-02-07,2.8061898952015567,0.9257624068122042,2.8599355724494426,1.0618268833428939,2.5224114032029825,0.9130197466774627,2.6702541518214433,1.0873833821251704,2.312816660278918,1.123807076783066,2.3395803392715058,1.116120803517056,1.9630016219467494,1.0538589705295207,2.0221311516244618,1.06203287532171
2023-02-08,2.7568204578927347,0.9257624068122042,2.807558868382077,1.0618268833428939,2.4832501321504723,0.9130197466774627,2.625513996077717,1.0873833821251704,2.2954883790391327,1.123807076783066,2.3198221059516784,1.116120803517056,1.9536933807305155,1.0538589705295207,2.0108993989872643,1.06203287532171
2023-02-09,2.738757354986046,0.9257624068122042,2.784731787482589,1.0618268833428939,2.4658097837229915,0.9130197466774627,2.5978997200731944,1.0873833821251704,2.2704220873035705,1.123807076783066,2.2934881579682167,1.116120803517056,1.931133627472775,1.0538589705295207,1.9866591884290445,1.06203287532171
2023-02-10,2.7822101755706874,0.9257624068122042,2.8505415839198,1.0618268833428939,2.503636542706382,0.9130197466774627,2.659024424175626,1.0873833821251704,2.3088645376369197,1.123807076783066,2.349993436661366,1.116120803517056,1.961423363530316,1.0538589705295207,2.0337542098964905,1.06203287532171
2023-02-13,2.7990662492551315,0.9257624068122042,2.8678294772455883,1.0618268833428939,2.517997869361965,0.9130197466774627,2.676742439482593,1.0873833821251704,2.320405163196437,1.123807076783066,2.3572240336136314,1.116120803517056,1.9728926116099943,1.0538589705295207,2.0402105699436066,1.06203287532171
2023-02-14,2.830284149002035,0.9257624068122042,2.907384203269827,1.0618268833428939,2.542590291699559,0.9130197466774627,2.710134542858042,1.0873833821251704,2.324375934749343,1.123807076783066,2.360848606096278,1.116120803517056,1.975308139128164,1.0538589705295207,2.0419918545892344,1.06203287532171
2023-02-15,2.8503529710102273,0.9257624068122042,2.9117679047480833,1.0618268833428939,2.562067790336408,0.9130197466774627,2.7116220041719075,1.0873833821251704,2.3283598685548124,1.123807076783066,2.3607865287188003,1.116120803517056,1.9761394795161424,1.0538589705295207,2.0411654761740894,1.06203287532171
2023-02-16,2.846102397527244,0.9257624068122042,2.918067718665133,1.0618268833428939,2.5561934269149345,0.9130197466774627,2.714181756023837,1.0873833821251704,2.3247016334424497,1.123807076783066,2.354334112681535,1.116120803517056,1.9718313616263237,1.0538589705295207,2.0350338215291406,1.06203287532171
2023-02-17,2.790790764201364,0.9257624068122042,2.837096902434575,1.0618268833428939,2.510938146349569,0.9130197466774627,2.6453055378661907,1.0873833821251704,2.2967230181015035,1.123807076783066,2.3070142650607184,1.116120803517056,1.9552039454938963,1.0538589705295207,2.0010371173520416,1.06203287532171
2023-02-21,2.748059474099916,0.9257624068122042,2.799007702750136,1.0618268833428939,2.4723869609866402,0.9130197466774627,2.6112168113063294,1.0873833821251704,2.2536830952412323,1.123807076783066,2.2648320529646258,1.116120803517056,1.9209219733869307,1.0538589705295207,1.9668463366303686,1.06203287532171
2023-02-22,2.715346126061174,0.9257624068122042,2.7661958109530507,1.0618268833428939,2.4432443070985874,0.9130197466774627,2.5798902153392684,1.0873833821251704,2.2348341637596194,1.123807076783066,2.247641730574639,1.116120803517056,1.9065416286117747,1.0538589705295207,1.9520764313190782,1.06203287532171
2023-02-23,2.814911527678957,0.9257624068122042,2.8628129759308516,1.0618268833428939,2.5271509964642402,0.9130197466774627,2.663570935488293,1.0873833821251704,2.276565261336581,1.123807076783066,2.2977772183706757,1.116120803517056,1.9356749562756486,1.0538589705295207,1.9904844631239564,1.06203287532171
2023-02-24,2.832539086415585,0.9257624068122042,2.882476551489867,1.0618268833428939,2.5425459574583322,0.9130197466774627,2.6758169260924243,1.0873833821251704,2.285383318886503,1.123807076783066,2.313754101945815,1.116120803517056,1.9403401560824525,1.0538589705295207,1.999654885291817,1.06203287532171
2023-02-27,2.883990274889741,0.9257624068122042,2.928099866900317,1.0618268833428939,2.5832995954579063,0.9130197466774627,2.7170019137180543,1.0873833821251704,2.304773138580482,1.123807076783066,2.334026307276603,1.116120803517056,1.9527027695274746,1.0538589705295207,2.0142290120626787,1.06203287532171
2023-02-28,2.905217891990996,0.9257624068122042,2.947419342520768,1.0618268833428939,2.6027386174628573,0.9130197466774627,2.7346660372209284,1.0873833821251704,2.3013588028129632,1.123807076783066,2.3192959735487606,1.116120803517056,1.9462558121635976,1.0538589705295207,1.9973210360232772,1.06203287532171
2023-03-01,3.0040717672186292,0.9257624068122042,3.03477257294123,1.0618268833428939,2.6946361077650374,0.9130197466774627,2.808790986726688,1.0873833821251704,2.340486401282728,1.123807076783066,2.3730827378661545,1.116120803517056,1.9792852601723672,1.0538589705295207,2.0412798326751846,1.06203287532171
2023-03-02,3.0267371812152284,0.9257624068122042,3.042730283126649,1.0618268833428939,2.7212013397181667,0.9130197466774627,2.8173455211510645,1.0873833821251704,2.3442026545057746,1.123807076783066,2.3823534743161496,1.116120803517056,1.981896827033391,1.0538589705295207,2.0477199058498052,1.06203287532171
2023-03-03,3.0961246955610844,0.9257624068122042,3.115667441647012,1.0618268833428939,2.782565460696218,0.9130197466774627,2.8801448699272254,1.0873833821251704,2.3870126777830665,1.123807076783066,2.429760451463117,1.116120803517056,2.014545213679657,1.0538589705295207,2.084663631399169,1.06203287532171
2023-03-06,3.0494435074856976,0.9242811869613047,3.0663326541145386,1.0601279603295453,2.742696033052067,0.9115589150827788,2.841187377693787,1.0856435687137702,2.3566170974970144,1.122008985460213,2.3993728540571464,1.1143350102314287,1.9926746817828078,1.0521727961766736,2.0636452168640633,1.0603336227211952
2023-03-07,3.0429623798132366,0.9223312736909193,3.052458905765323,1.0552366842580014,2.735802839184421,0.9092857670040707,2.828289516490872,1.0806899891965203,2.3317771766193487,1.109227829855941,2.376940778761922,1.103415757418364,1.9698411481853129,1.0393622888102305,2.0430342349921515,1.0493419832239619
2023-03-08,3.0523445557107975,0.9251750401150446,3.0609178959562646,1.0581609617132692,2.7417630394805372,0.9112667304054274,2.833986340313831,1.0828667467172026,2.3324749223619503,1.1095597479326855,2.372446590504913,1.1013294798872217,1.969243504328842,1.0390469494301353,2.03706005154545,1.0462735268081393
2023-03-09,2.965934586120992,0.8989839120747921,2.9847122255952123,1.0318166205129435,2.667602520831385,0.8866183518324243,2.767023704305802,1.0572803101228778,2.2796633654630845,1.0844372579977017,2.320713301526133,1.077314019867222,1.9280042603345522,1.0172875730122979,1.9965163479612498,1.0254494947886994
2023-03-10,2.8681422264469445,0.8693427465271129,2.8910780180835816,0.9994472246527474,2.580729060298019,0.8577446332800566,2.6804061301682225,1.0241837177432154,2.216091459572818,1.0541960634626815,2.2556814377105754,1.0471251384657478,1.8764298905024226,0.9900749954285419,1.9430592387063366,0.997992887316243
2023-03-13,2.7643802005512663,0.8365515293023438,2.7944071892826248,0.9644824222733187,2.4857932200479502,0.8248693539429315,2.5901626801195237,0.9881181547697274,2.1569358171482063,1.0244139990597618,2.195079207319626,1.0173621790525391,1.829031350516011,0.9635216375641424,1.8919091388040026,0.9701664506367302
2023-03-14,2.8340594423673773,0.83521304685546,2.855943244031498,0.9629392503976814,2.5476857843244676,0.8235495629766227,2.6472483983095607,0.9865371657220958,2.2035409031430504,1.0227749366612662,2.23964716998,1.015734399566055,1.8687373187560175,0.9619800029440398,1.9293771093041379,0.9686141843157114
2023-03-15,2.7192874430062455,0.800754766421429,2.7465178010143605,0.9254640448099308,2.44368820897615,0.7892897805364423,2.5466126895167474,0.9484270432760147,2.1262702274154193,0.9862547450118407,2.1598915761581945,0.9788618813890814,1.8043808363264957,0.9282387986739574,1.8629564810773456,0.9346044071952433
2023-03-16,2.771432316967968,0.8161797826351805,2.808995294419057,0.9466887542716653,2.488523957604251,0.8038745652887261,2.6027423448039935,0.9695562459334093,2.167844557335209,1.005532553911147,2.1960249035196355,0.9953626029025959,1.8385566242548999,0.9458058260438502,1.8910783385605292,0.9488629027804951
2023-03-17,2.707100937333772,0.7973520213646667,2.7520425704256053,0.9277355124935005,2.430132711489181,0.7851148964648262,2.5490495046946156,0.9497936893433919,2.123324627685201,0.9848758679638564,2.1399957972843806,0.9699004867772371,1.800258649500789,0.9260878872424809,1.8442752807894447,0.9252823591284537
2023-03-20,2.783012616064932,0.8198255671457099,2.8224659172840685,0.9515323061358709,2.497952028276906,0.8071429924159343,2.6145909311718847,0.9742759126817883,2.171056697483157,1.0071133730770603,2.194325761619539,0.9946226404862805,1.840192238441325,0.9467304652771787,1.8910067772410322,0.9488467449401751
2023-03-21,2.866824782170638,0.8447814996774696,2.8984447117428864,0.9773776725455922,2.5700363127705743,0.8307254782504699,2.6812120857256443,0.9993603639274209,2.2265973201793945,1.0331449660582976,2.25045439357348,1.020255356082617,1.8847913745001543,0.9699382761987935,1.9354421859706339,0.9713402070169644
2023-03-22,2.829820078792733,0.8338405845854562,2.862426155134921,0.9652704771627761,2.5352482767443094,0.8194373677531009,2.646446227729852,0.9864384653330603,2.1823276736408816,1.0126353675675661,2.2062668099003675,1.0002076389731978,1.8453462461733732,0.949682044092539,1.8959252002062779,0.9514793127236313
2023-03-23,2.8067591102917246,0.8266916769628818,2.8439110950609003,0.9586553710676784,2.513166123185395,0.8119648799189093,2.628165483529953,0.9792574687537109,2.1736665033896454,1.0084294544607149,2.1950125156858973,0.9949832027241334,1.8381051326648428,0.9457868884831172,1.8850922611205205,0.9459679008619769
2023-03-24,2.788653065029917,0.8211815982941671,2.832526142877106,0.954656180384262,2.4983018667171835,0.8069713532089371,2.6185375550736913,0.9754851482262129,2.172599980343108,1.0078327109843992,2.19498448903878,0.994845506934733,1.8382078061339302,0.9457422296120401,1.8881377776501538,0.9473634992165894
2023-03-27,2.848330908859787,0.8393636694111681,2.88785462487772,0.973866743792718,2.5525509958552073,0.8250938096193661,2.6691047487763333,0.9948932822977554,2.2123669623404703,1.026669511694874,2.23679367832908,1.0141771081005249,1.8706573960327935,0.9627669671062967,1.9240401158437173,0.9656947729137684
2023-03-28,2.851898313808767,0.8408804858290938,2.8914877066314038,0.9755850316612671,2.5591156048039414,0.8276615197920779,2.675686521753996,0.9978441138203615,2.2154141188122276,1.0283214124605495,2.241444903448867,1.0165578377583557,1.8745620288526623,0.9649561250590445,1.9295761100874411,0.9686819470297108
2023-03-29,2.8762380523110704,0.8481399937986233,2.908692419624751,0.9814152198527055,2.5803393732783246,0.8346099839598959,2.69083799377246,1.0035170544102479,2.2297121498943935,1.0350569276146095,2.2609675163545395,1.0253874899650084,1.885631727818698,0.9707739336343573,1.9466598516588782,0.977229821397903
2023-03-30,2.8545459925962087,0.8417070892927981,2.8877076910665003,0.9742469130087157,2.562077430843089,0.8286881583508057,2.6721780923777976,0.9964890269941118,2.2310439970136176,1.0355764586646337,2.2636884267130144,1.0264443480412753,1.8869143948860507,0.9713895435252355,1.9503964466145187,0.9789433441960774
2023-03-31,2.8963155062975683,0.8537279708719009,2.930446451317347,0.9883283056277424,2.5989853892292816,0.840324676362701,2.7107635774740935,1.0105138681411123,2.265343519650248,1.051312431695627,2.299413562925988,1.0424360711992713,1.9160943570808335,0.986263960298415,1.9808128011260597,0.994035996382131
2023-04-03,2.922883215153408,0.8619703535607905,2.9603102259799727,0.9987210567310765,2.6228728286928242,0.8484434056622125,2.737525909762785,1.0207954762966378,2.2771201365980374,1.0571750481076854,2.3151666983329964,1.0499409522562149,1.924737042444794,0.9910586722505974,1.994490539646672,1.0011895674478837
2023-04-04,2.8250579295733407,0.8325788492413038,2.8649558659012806,0.9659877225716091,2.5302572089786084,0.8179786275087929,2.6440647563303226,0.9853878848591063,2.2135496852557845,1.0271322277368964,2.255284528032959,1.022357798374911,1.8709930692147774,0.9628864429767722,1.9439368842451428,0.9754464420068105
2023-04-05,2.8119111009963897,0.828986900085177,2.8565502031130205,0.9634511522623839,2.5207057766555794,0.8151148891318462,2.6389793881879955,0.9837359273380972,2.2011063112185916,1.0213377694741288,2.2520318425294366,1.0208176572021876,1.8603239694392992,0.9573343448899996,1.9448878207375213,0.9757684683598259
2023-04-06,2.7914983373945024,0.8229689596124131,2.8318853398011092,0.9551322398370543,2.509637319536559,0.8115357073483215,2.6177566734771167,0.9758247071784454,2.18858674020312,1.0155285495057236,2.2365173770939757,1.013785145512306,1.8510746042771036,0.9525745637531322,1.9331049976680001,0.969856915468749
2023-04-10,2.841567192433231,0.8377298903241491,2.8851803782478527,0.9731074765913127,2.551550484312183,0.8250890720351655,2.667258775700345,0.9942776729930779,2.2264961699066257,1.0331189458341856,2.278208565484212,1.0326832358744276,1.882093883485545,0.9685372787575105,1.9674004450866338,0.9870632632295698
2023-04-11,2.848670389698627,0.839824002573874,2.8948581264611937,0.9763715668416042,2.5605455931944547,0.827997799918921,2.677817431135596,0.9982136373066042,2.2438159268240887,1.0411555053623454,2.295026517382326,1.04030660155308,1.8973847855646142,0.9764060725617717,1.982368729616762,0.9945729920243127
2023-04-12,2.8585603674130553,0.8427396928901474,2.8945950809592813,0.97628284741646,2.5683608260406903,0.8305249939746472,2.6769334558842917,0.9978841166527195,2.2415853573291566,1.0401204963484687,2.2965442619129455,1.0409945760242751,1.8966490447247069,0.9760274557259132,1.9846819798038924,0.9957335713482007
2023-04-13,2.8707666862682024,0.8463382698243874,2.909159593425553,0.9811951350781571,2.5848414141998552,0.8358542842530265,2.694631279222076,1.0044813582723344,2.2562153792605244,1.046908988976282,2.3088053143911202,1.0465523566156656,1.9108609409083912,0.983340986350771,1.996560057639737,1.0016929144493085
2023-04-14,2.8582079965068394,0.8426358094974179,2.8941663523120704,0.9761382467338909,2.5751290065322108,0.8327136050938274,2.6833219022475365,1.0002655464719612,2.2496447252476743,1.0438601325538244,2.2984682553350337,1.0418666979989815,1.9075679238616137,0.9816463791914934,1.9891459323536584,0.9979731782272571
2023-04-17,2.901739267908277,0.8554693779993016,2.9338916441418426,0.9895367083277549,2.61074965945275,0.844232174545694,2.717514127883232,1.0130114288172494,2.275433963516677,1.055826625474159,2.319669113268609,1.051476779756139,1.9250142663020973,0.9906243760809387,2.0029010744250737,1.004874262067664
2023-04-18,2.9050472946327024,0.8564446260498924,2.9365067468951374,0.9904187245997605,2.6098428402863925,0.8439389384960555,2.7148844837016815,1.0120311727875566,2.292696049618398,1.063836425103438,2.3340396841650017,1.0579907784652494,1.9388084376502253,0.9977229428939226,2.0145503056840717,1.0107187906939226
2023-04-19,2.8801500775375226,0.8491046120597033,2.906120628520962,0.9801701594849319,2.5890410023632198,0.83721229551792,2.6859071793113856,1.0012292637109874,2.278135233851957,1.0570800449046147,2.3103463342320962,1.047250881491761,1.9276013933269187,0.9919557278218942,1.9961408309744926,1.0014825844977917
2023-04-20,2.8591229040330775,0.8429055357891815,2.8783039874334744,0.9707882221821662,2.5733811289817603,0.8321483979090202,2.6590094187407276,0.9912025490057759,2.2711892905297524,1.0538570500754074,2.2976191356166114,1.0414818027300625,1.9240844837838607,0.9901459041843184,1.9875735166707889,0.9971842825253354
2023-04-21,2.8675288567862913,0.8453837168073085,2.8808468384474284,0.9716458695418227,2.5751036077934555,0.8327053919614912,2.65601805259596,0.9900874533890383,2.2692839075060878,1.0529729311950682,2.2903120143630638,1.0381695767401493,1.9219778730990775,0.9890618291559972,1.9805105702304175,0.9936407360252525
2023-04-24,2.870316219165242,0.8462054664341445,2.888440611424829,0.9742070810749236,2.5796050271657536,0.8341610056973611,2.6661089533046023,0.993849052138435,2.2779163977689603,1.05697850253215,2.3017567094939446,1.043357312832627,1.929849033953705,0.9931123777400487,1.9905907184551876,0.9986980409706832
2023-04-25,2.7927638397653296,0.823342045691511,2.802577787805971,0.9452474512872382,2.5176403351527004,0.8141236242909032,2.588935984689125,0.9650811799124579,2.2108586634647476,1.0258629692063952,2.2402609658187,1.015482067109653,1.8771010924391756,0.9659679572715391,1.9418013859720054,0.9742199750782454
2023-04-26,2.769516316748519,0.8164883823471983,2.7714037568247525,0.9347331406909157,2.50008930786688,0.8084481885487709,2.5575341885122165,0.9533754897428262,2.1934033093436334,1.0177634910700704,2.217991049935971,1.005387394854947,1.8626277525124662,0.9585198860620481,1.9226942288700004,0.9646337350795484
2023-04-27,2.757724201115145,0.8130119177531033,2.742321855678407,0.9249244591774969,2.501345382727659,0.8088543626173064,2.5368011432277977,0.945646804319703,2.1852037197617435,1.01395879045589,2.212537606907398,1.0029154178469035,1.8618719896236897,0.9581309657546689,1.9241783230509701,0.9653783190552538
2023-04-28,2.783705840190384,0.8206716330365923,2.7690388795899947,0.933935519947439,2.5220102463658325,0.8155367125326951,2.560229143007089,0.9543800915866346,2.199791425196207,1.0207276477592577,2.232064919679677,1.0117669026701663,1.8729830714060731,0.963848797903208,1.9391378415160145,0.9728836498328927
2023-05-01,2.7922162370509636,0.8231806054964421,2.7697832035164343,0.9341865639318235,2.5310311497711533,0.8184537815326531,2.5609274167465688,0.9546403880359811,2.2041748076944176,1.0227615859114751,2.227933388447932,1.0098941316227055,1.8775740146508417,0.9662113259982373,1.935537562695903,0.9710773561677722
2023-05-02,2.724799584862867,0.8033053251251222,2.693769750464365,0.9085489088152959,2.4764850623134804,0.8008153373943502,2.491700924406689,0.9288347345537478,2.1772243800958164,1.0102562882483692,2.1903912337356504,0.9928767459463698,1.8585649013293344,0.9564291174434181,1.9069083834837353,0.956713828332186
2023-05-03,2.808199578255866,0.8278926963138799,2.7636200282712804,0.9321078613467725,2.5436341149547004,0.8225291736960136,2.555364717013923,0.9525667729086742,2.1968307947186454,1.0193538823428492,2.206217026383609,1.000050378338757,1.8704047990549997,0.9625220028327194,1.9166144222345989,0.9615834390443252
2023-05-04,2.788313596729351,0.8220300578488958,2.7782722564723987,0.937049733584199,2.523409200597081,0.8159890891780238,2.570201206486722,0.9580973912209252,2.173525215969951,1.008539835018476,2.185991222228334,0.9908822761730133,1.8522277737916466,0.9531679919946034,1.901374680376755,0.9539375175612084
2023-05-05,2.857901169825377,0.8425453531172575,2.841435772550285,0.9583533893994775,2.58250012581954,0.8350971871589429,2.6272835583371092,0.9793760569746344,2.2267577483202055,1.0332403211226513,2.238335372102691,1.0146092197418768,1.8952905286999093,0.975328354886496,1.9451980149761186,0.9759240957198531
2023-05-08,2.8525208264368382,0.8409591599458316,2.8344011074500064,0.9559807525771808,2.57222856777193,0.831775696814164,2.614049217303072,0.974442673709839,2.2289190339941456,1.0342431816742592,2.242660890340175,1.0165699226546818,1.8957377202660761,0.9755584824621594,1.947663871949885,0.977161239300491
2023-05-09,2.8757484359858436,0.8478069525483775,2.8553327167836997,0.9630405210732065,2.5913631756179085,0.8379632113973418,2.629535882803445,0.9802156590221058,2.2372435222081837,1.0381058366406306,2.252649043455572,1.021097426604886,1.8963277046579117,0.9758620921186124,1.9529681809883612,0.9798224609149173
2023-05-10,2.8928973278777637,0.8528626624263821,2.8835281933089427,0.9725502311834048,2.601517479026298,0.8412467853763418,2.6556410143582942,0.9899469043335843,2.2523322362552167,1.0451071675034265,2.2637610028858655,1.0261343377969663,1.9030040561771182,0.9792977843490479,1.958467225716263,0.982581383251914
2023-05-11,2.8799933614288156,0.8490584101719186,2.862954870832133,0.965611304913337,2.594649688963323,0.8390259637367806,2.640234971877332,0.9842039729736596,2.2435738030880437,1.0410431572602792,2.256151685873279,1.0226851302773372,1.8994118707748198,0.9774492232837032,1.956033585462699,0.9813604031020883
2023-05-12,2.9109555164739023,0.8581864444549682,2.895529092172045,0.9765978687236937,2.6164366649420847,0.846071168565489,2.666786737798536,0.9941017107839174,2.2513187185187213,1.0446368840195985,2.2659585091078958,1.0271304396774537,1.9057017202986741,0.9806860191710293,1.9639886410300573,0.9853515291217553
2023-05-15,2.9726493477300293,0.8763745649504107,2.951970856112659,0.9956344263326043,2.6614128826162,0.8606150256957117,2.7072423285083014,1.0091823962265603,2.276256682505425,1.0562083762204022,2.2932201980954288,1.0394878197810895,1.9208081290801797,0.9884598715709648,1.9806942366718734,0.9937328832022555
2023-05-16,2.9447624160836936,0.8681531453578103,2.9097261334195887,0.9813862164774829,2.6363795155971057,0.8525200427860288,2.6668504972966227,0.9941254784985338,2.2482157122022906,1.043197054633015,2.267241108951435,1.0277118260249651,1.9001187461054097,0.9778129857480081,1.9600450418524145,0.9833729884119193
2023-05-17,2.97212957422796,0.8762213291585418,2.940623347587754,0.9918071628902491,2.648287645417876,0.8563707476197772,2.686163964571892,1.0013249859009759,2.274462146902318,1.0553756917740504,2.291813696405603,1.0388502702878966,1.916511709406775,0.9862489071470371,1.9742096429640903,0.9904795016947399
2023-05-18,3.010741978129473,0.8876047534082662,2.961421066786598,0.9988217732075187,2.6908480891217947,0.8701334214202673,2.7101732863857753,1.010274973371532,2.307420029659359,1.0706685153374111,2.327747920929401,1.0551388014707235,1.9431176871527225,0.9999405096281098,2.003291350488602,1.0050700672306592
2023-05-19,3.0172339507271024,0.8895186689076716,2.9867361938545978,1.0073600052038452,2.6908073569946773,0.8701202499650397,2.734529918852985,1.0193544283055913,2.3087640825939224,1.0712921708234033,2.3281917464895647,1.0553399820046652,1.942493022986874,0.9996190535431411,2.0016684368883793,1.004255836249785
2023-05-22,3.0308681432109537,0.8935382010181805,3.0004358421813255,1.0119805933354984,2.707623482366268,0.8755580421480199,2.749269950380999,1.0248490898588825,2.3199560267085597,1.0764853571678619,2.338442144018368,1.0599863580430215,1.9481512653673188,1.0025308204458407,2.0076954452309734,1.0072796428861053
2023-05-23,3.007969950952769,0.8867875247926982,2.9862654514561777,1.0072012342129901,2.684141749374871,0.8679648076018996,2.737905633335304,1.020612797973637,2.282718342461925,1.059206658190445,2.304830716635975,1.044750721535689,1.9145233172129676,0.9852256680932405,1.9773729750346638,0.9920665750757883
2023-05-24,2.983422246417905,0.8795505515187734,2.960513993326885,0.9985158374081078,2.6657500713742226,0.8620175325516803,2.714625837955044,1.011934757061629,2.2632245106755753,1.0501613037822093,2.2843936879357853,1.0354868739452971,1.899765631324972,0.977631270674422,1.9617133645721054,0.9842100015741003
2023-05-25,3.0604010421760015,0.9022448725608511,3.0238551402722154,1.0198794041830217,2.721824066736372,0.8801500527910876,2.76111176988504,1.029263380983443,2.2910529821796857,1.063074023567265,2.315114688868501,1.0494123165641804,1.9190355759813489,0.9875477046648089,1.982699655486396,0.994739020638154
2023-05-26,3.117504130610078,0.9190795841025782,3.0679253913028144,1.0347433243373578,2.771401444577509,0.8961817766109313,2.798337904002248,1.043140217510063,2.328711219835869,1.0805478639965345,2.353672455464119,1.0668900663098846,1.948486818781612,1.0027034983306207,2.0134490649184262,1.010166287868962
2023-05-30,3.1215391636929666,0.9202691628079432,3.06065424867436,1.0322909288793627,2.7717864810064734,0.8963062849645097,2.7854646945595913,1.0383414537586024,2.330259300620185,1.0812661906703356,2.357419020526512,1.0685883370435938,1.949649926278258,1.003302040719812,2.0160150301096436,1.011453656681601
2023-05-31,3.094343196802213,0.9122514483504711,3.017847582599046,1.0178531879603243,2.748841272509035,0.8888865451227135,2.743870169542333,1.022836206228747,2.3081467086695278,1.071005702467168,2.3351432016577216,1.0584909890396865,1.9335544436764671,0.9950192047485498,1.9997019341572722,1.0032692233780818
2023-06-01,3.156349383847541,0.9305316552768544,3.0829035293788793,1.039795118761416,2.796886718748936,0.9044228917077906,2.7966197627176532,1.042499743652077,2.343218447644631,1.087279378787954,2.3706854552947543,1.0746018447586232,1.9577196389428118,1.00745476530654,2.025738930589898,1.016332228790969
2023-06-02,3.2106686493243646,0.9465456606579562,3.1542193570173547,1.0638483688103582,2.847914916171731,0.9209237637532642,2.870146893239489,1.0699085518648885,2.3968175969637997,1.112149979236619,2.426590333286293,1.0999428215155935,2.0033556351346133,1.0309393342501147,2.0749419176123185,1.0410178290470236
2023-06-05,3.185913956831889,0.939247664720379,3.13030065862946,1.0557811212971449,2.82199005821349,0.912540501447884,2.842038260938615,1.059430458861785,2.3712836162449875,1.100301928653951,2.4041624271154696,1.0897765342540715,1.9828266508254266,1.020374990583234,2.0549419846818298,1.030983675038346
2023-06-06,3.206050646079087,0.9451842149872414,3.1472044519263838,1.0614823966018039,2.834361646302284,0.9165410737267963,2.8526819100392387,1.0633981063792801,2.402395203751798,1.1147380507199556,2.4369561506722897,1.1046415159208527,2.0052178219699353,1.0318976272374343,2.0788000282503156,1.0429534793543893
2023-06-07,3.213995989129793,0.9475266024487027,3.1603149477955963,1.0659042766507387,2.8361979540440614,0.9171348763812801,2.8601939894479393,1.0661983944135227,2.4154239041344976,1.120783512368125,2.457057705711076,1.1137532975277087,2.011135031971931,1.0349426604971759,2.0917026017173965,1.0494268215264324
2023-06-08,3.2247903792185535,0.9507089249534293,3.178089635543468,1.0718992853759937,2.841881806190996,0.9189728507119205,2.8701709051066144,1.0699175028011785,2.421700428440839,1.1236958893407483,2.4628471242740586,1.1163775680119965,2.016157686238447,1.0375273497829316,2.095327005090337,1.051245218706066
2023-06-09,3.2374089308631815,0.9544290333194935,3.2029268999836087,1.080276344885685,2.8487297885011706,0.9211872671635465,2.8878759832420884,1.0765174488015727,2.427259145150989,1.1262751956182078,2.465562820929703,1.1176085590865161,2.020299811610518,1.0396589133947896,2.096768098431693,1.0519682287570649
2023-06-12,3.2462554785212627,0.9570371072792035,3.2139416202449556,1.0839913662131861,2.8540875503437317,0.9229197944147393,2.9008310210927113,1.0813467158397034,2.439712843310409,1.1320538498499544,2.4734494228450794,1.1211834563586165,2.032023487611399,1.0456919903579318,2.104536600421999,1.0558657590967102
2023-06-13,3.237036806128361,0.9543193262486493,3.2185408442615104,1.0855425826677172,2.8483233483739676,0.9210558375447901,2.908893499014469,1.0843521766744881,2.4442223626109123,1.1341463168790582,2.481861049941999,1.124996340929863,2.035925654445093,1.0477000698057883,2.1128241130316097,1.0600236819338877
2023-06-14,3.2128476608934466,0.9471880607840703,3.1933060217489357,1.0770314356203516,2.8318719761280704,0.9157359947497798,2.8960254007109127,1.079555318209285,2.426804796399611,1.1260643727524837,2.4679805637074708,1.1187044914225996,2.0243536245056895,1.0417450308539302,2.104455451581023,1.0558250459617808
2023-06-15,3.2118178377162065,0.9468844559072895,3.1841483613028774,1.0739427594615472,2.8312273449602112,0.9155275418363988,2.893778849744992,1.0787178683573972,2.429688056909988,1.127402237645003,2.4693584923088823,1.1193290890948535,2.0295203187955884,1.0444038440362162,2.1080163607217424,1.0576115874893481
2023-06-16,3.1593802285576102,0.9314251865694861,3.148773094443558,1.062011465000117,2.792980410455862,0.903159717686962,2.867615273248157,1.0689648364455915,2.4164526568370652,1.1212608650453788,2.4489147288756965,1.1100621887348565,2.0227551723471766,1.0409224573800906,2.093343808249368,1.0502502302428058
2023-06-20,3.137907561978328,0.9250947733150222,3.130718973765193,1.0559222097328023,2.777411569748381,0.898125257106629,2.8593813982403957,1.0658954836864902,2.4121505839302895,1.1192646554464483,2.4516675263116863,1.1113099971256133,2.019206716728976,1.0390963999350296,2.0959191457118393,1.0515423012118723
2023-06-21,3.1430038785350387,0.9265972317898664,3.1340968268676423,1.0570614848136957,2.7850520649147166,0.9005959466365604,2.8665934415893695,1.0685839268716324,2.4185752437975077,1.1222457689642145,2.4612372260261313,1.115647821421941,2.0263151866559945,1.042754462999606,2.1052514769256327,1.056224419346201
2023-06-22,3.157634675881829,0.9309105755986349,3.1328542426500583,1.0566423886623626,2.7967451502814455,0.9043771130347096,2.860792927285197,1.0664216612838096,2.4154148055789815,1.1207792905373353,2.46309725729286,1.1164909501575868,2.0233209523809546,1.0412136113225692,2.1055912514235944,1.0563948873998998
2023-06-23,3.104439819997282,0.9152280603638601,3.070769269670418,1.0357025015600014,2.764550955189053,0.8939665494511081,2.809715867436794,1.0473815963781976,2.3837750513744385,1.1060980932588231,2.4242506012418374,1.098882250461936,2.0027998632137356,1.0306533305451029,2.079636185185834,1.0433729871345194
2023-06-26,3.0732436480405316,0.9060310349401948,3.0527594617958944,1.029628192020535,2.740274493019551,0.8861163251397005,2.7976570021604896,1.0428863968066024,2.3739386887371143,1.101533911772205,2.418570891018395,1.096307709385567,1.9980995159662327,1.0282345024663035,2.0784422659495103,1.0427739866512258
2023-06-27,3.111144403804083,0.917204656332485,3.075934664988611,1.0374446750620747,2.7704927166037585,0.8958879233145906,2.819910331153218,1.0511818004505291,2.3938876734377867,1.1107904621866997,2.445300423238158,1.1084238695318829,2.012105225299124,1.0354419280487224,2.099593959966658,1.0533859900039444
2023-06-28,3.1485322336184347,0.9282270606779597,3.1110163825367136,1.0492769618387003,2.794766529972064,0.9037372910891849,2.8440832151508024,1.0601927592182396,2.415046166755032,1.1206082380296598,2.4672489729572753,1.1183728705540397,2.023837761484466,1.0414795645181796,2.1130170365320717,1.0601204734642518
2023-06-29,3.1747007520743775,0.9359418703627069,3.1375709587822986,1.0582332326067645,2.821798981002392,0.9124787132450789,2.8709285013530974,1.0701999129819544,2.428655654101585,1.1269231912781101,2.4881277476358004,1.1278369560301338,2.036465742318471,1.0479780024019045,2.131584884414809,1.0694361369673562
2023-06-30,3.220163445122928,0.9493448463552575,3.1837620052310074,1.0738124501107014,2.8596819437789165,0.9247288406853955,2.909435108538272,1.0845540731915804,2.4546246238823604,1.138973081615644,2.5238273379954035,1.1440191305028695,2.056302253875982,1.05818599526163,2.1594716961182154,1.0834272120582342
2023-07-03,3.1820628766734216,0.9381123176600057,3.1464832469941366,1.06123915014241,2.831172756645215,0.9155098897372373,2.880357298884715,1.073714698631651,2.4454164481017444,1.1347003858059201,2.51461241649592,1.1398421227009552,2.0517094918584995,1.055822531214791,2.154450590765131,1.0809080763900418
2023-07-05,3.1682217694240427,0.9340317844637948,3.132636139828229,1.0565688274083809,2.8132977221728686,0.9097296805287328,2.862467505360294,1.0670458960250808,2.428221644616862,1.1267218060579605,2.495140070916039,1.1310155538133861,2.0366640665391955,1.048080061285756,2.135914298236251,1.0716082445040482
2023-07-06,3.108800155184649,0.9165135422373895,3.086624192030177,1.041050015914867,2.7590243218637185,0.8921794146129319,2.8164571822890214,1.0498945654628813,2.3878687644604732,1.107997621587304,2.455016529164916,1.112828057919442,2.00550697661206,1.0320464280239847,2.1032760685716494,1.0552333384399404
2023-07-07,3.1064643195809247,0.9158249084055617,3.111845119680883,1.0495564765328944,2.7465821553576566,0.8881560195518854,2.8371559778692395,1.0576104835772961,2.4012448007728735,1.1142042509636687,2.481607380477114,1.1248813557578246,2.0099122734847454,1.0343134213353313,2.12028486227438,1.0637668098324797
2023-07-10,3.1592085125850407,0.9313745625324232,3.1682065386408813,1.0685659355583221,2.791357846040842,0.9026350327255093,2.8852105929631686,1.0755238676506595,2.4496605537399088,1.136669697948548,2.5334745097400067,1.1483920718942715,2.0492880511250307,1.0545764426751885,2.1608976300496163,1.0841426164910197
2023-07-11,3.156743326322338,0.9306477944929479,3.1698467424399324,1.0691191399929645,2.7903312116804875,0.9023030523093221,2.8869785682046225,1.0761829181803637,2.4569834035113503,1.1400675815553678,2.5369703431342994,1.1499766891222072,2.056736041444896,1.0584092250565096,2.165545462319297,1.0864744775508828
2023-07-12,3.159200673487762,0.9313722514675571,3.175158607857256,1.0709107146172814,2.790343496031209,0.9023070246718523,2.888219737492476,1.0766455905399261,2.468574194008573,1.145445837050134,2.54727698374925,1.1546485594428155,2.0644457067347304,1.0623766670132935,2.173587080828165,1.0905090330105165
2023-07-13,3.2317858457761233,0.9527712768301141,3.234507333141282,1.0909277259401997,2.8466217862323417,0.9205056072683065,2.932763846729438,1.0932503585816198,2.510141158086672,1.1647333699416424,2.5829716861598797,1.170828518269873,2.0945049233236195,1.077845327791612,2.195394077590821,1.1014498078992998
2023-07-14,3.1956358818000212,0.942113810964952,3.2037010434474396,1.0805374463399617,2.8134615027779533,0.9097826418901866,2.9015635957556465,1.0816197986908287,2.48142408197467,1.1514083277514666,2.5577811410088556,1.1594099615696127,2.070346481622262,1.065413242660384,2.1776659788503436,1.092555454420153
2023-07-17,3.25903499475023,0.9608046700373172,3.2744136567995787,1.1043872455625896,2.8611722940725857,0.9252107718673849,2.958446293203178,1.1028240390018762,2.525791428360593,1.1719952691292315,2.5952981703281868,1.1764159582219198,2.103506869464189,1.0824777855531567,2.2036610149744553,1.1055974079525492
2023-07-18,3.285884369426004,0.9687202047332075,3.291141343109409,1.1100291238787228,2.8827817071709783,0.9321985585916538,2.9708831252240944,1.107460133749719,2.5487115442903163,1.182630457425426,2.6110909513477245,1.1835746268591112,2.1230494838546896,1.0925345370933777,2.215609062061393,1.1115918552834456
2023-07-19,3.2228838758330056,0.9501468636809282,3.228755848693369,1.0889878775480648,2.825855864933663,0.9137905785672774,2.9149953813743306,1.0866267836413532,2.526032677988136,1.1721072116352453,2.5834764767527165,1.1710573334849272,2.1048659960239533,1.083177200577684,2.1944904785365806,1.1009964637754037
2023-07-20,3.187461787701279,0.9397039848059672,3.185914663132295,1.0745384939705869,2.7989042289283663,0.9050752893820685,2.8811526439961894,1.0740111805080506,2.490442089004323,1.1555927831491108,2.5458690723577035,1.1540103709495955,2.079089308405734,1.0699123559808266,2.170756797258364,1.0890890531872683
2023-07-21,3.1769249690299315,0.9365975976075863,3.1753770204001706,1.0709843803333292,2.7933528768280675,0.9032801612898995,2.874065513078922,1.071369301099568,2.485814060841695,1.1534453266920601,2.5404910487617487,1.1515725806200265,2.0759862078516096,1.0683154810359712,2.1662923739148674,1.08684921010658
2023-07-24,3.1965760987120864,0.9423909987832523,3.1884312379828765,1.075387278961974,2.8109066682385593,0.9089564908607349,2.8866716811532753,1.0760685194778212,2.48756614737525,1.1542583142987857,2.537782036482116,1.1503446194889255,2.07942599318461,1.0700856160728933,2.1669787358780916,1.0871935643435982
2023-07-25,3.224412760530539,0.950597598195809,3.219848624704435,1.0859836680627055,2.830173385844506,0.915186725476273,2.911992992084041,1.085507578911702,2.5084384804216997,1.1639433085985749,2.5513804070303108,1.1565085895104077,2.0990604792862424,1.0801896453700184,2.1735079951965233,1.0904693550070692
2023-07-26,3.2176468314435454,0.9486029168639434,3.222503547653713,1.0868791148053751,2.828743263876396,0.914724270190822,2.9179796248033822,1.0877392241136894,2.5116546325274722,1.1654356388877833,2.5451840219320196,1.1536998462236991,2.0990931124013232,1.0802064385750516,2.1664085933877724,1.0869075185066128
2023-07-27,3.227870970736988,0.9516171222333475,3.2379047059915584,1.0920735845999552,2.8388158645532946,0.9179814241435189,2.9369187064338282,1.0947991712713103,2.499734712219709,1.1599046635062717,2.5346791998916425,1.1489381427601553,2.0892123846288286,1.0751217542918252,2.161512592067432,1.084451148705487
2023-07-28,3.2959702680591816,0.9716936550103261,3.324754107176805,1.1213659651623682,2.889630287146903,0.9344131683090925,3.005387849474716,1.1203225066277194,2.548872872345385,1.1827053154343627,2.587899706759375,1.1730623279114683,2.1224924438002866,1.0922478807989253,2.1980041313862553,1.1027592963783528
2023-07-31,3.309822790835391,0.9757775536479965,3.3500697110628477,1.1299043579788661,2.9045131333051772,0.939225800393573,3.0289486111364625,1.1291052837217173,2.5741256936062387,1.1944229049065453,2.6054960741871733,1.1810385395412013,2.1458725445422964,1.1042794268065061,2.2153877076075106,1.1114807996769847
2023-08-01,3.2973214759563074,0.9720920081608267,3.311320255535483,1.1168350243691525,2.894246139899845,0.9359057861067774,2.9902941343448943,1.114696001958273,2.548664633739456,1.1826086904089324,2.580627779843315,1.1697660550712665,2.1250341292204213,1.0935558480060212,2.195874672905009,1.1016909270778077
2023-08-02,3.3372475501716745,0.9838627190074959,3.2855113712282864,1.108130258985622,2.9101849149781622,0.9410598715225286,2.9565587838914413,1.1021204295945985,2.5287325608885602,1.1733599872805223,2.566080029910253,1.163171743337401,2.1030944132091256,1.0822655329857418,2.1788313327470696,1.0931401234045435
2023-08-03,3.344634003360771,0.9860403386803522,3.26437671132567,1.10100200602733,2.922800009536931,0.9451391859343442,2.93765059772333,1.0950719993803937,2.5289035205052923,1.17343931444102,2.568042448508942,1.164061282960479,2.107771098419965,1.0846721844325462,2.1852804005175672,1.0963756812159864
2023-08-04,3.360885759355911,0.9908315615673694,3.2593101184510584,1.099293156402433,2.930269927378038,0.9475547162629007,2.9278279419216005,1.0914103946489253,2.533580293502688,1.1756093890426655,2.5689114605535326,1.1644551951701936,2.108533559471708,1.0850645516564625,2.182730503138727,1.0950963737755797
2023-08-07,3.394645339299332,1.0007843120350348,3.2690949034897554,1.1025933478046002,2.9548670395384553,0.9555086284319768,2.935239364416372,1.094173160668782,2.5438030509860075,1.180352862028352,2.5738316577898614,1.166685458579844,2.1198677167568283,1.0908971798533142,2.191275446663586,1.099383452118387
2023-08-08,3.4050950416697194,1.003865016247829,3.276588807964626,1.1051208759024398,2.985854105435394,0.9655288453954242,2.963694277766005,1.1047803373282958,2.5498896671556266,1.183177119516797,2.568343860803234,1.1641979093554977,2.1294320659904726,1.0958190537625399,2.1904084842790255,1.0989484889554268
2023-08-09,3.3428299482273807,0.9855084804462566,3.2309173550496384,1.08971690579595,2.9472607889601767,0.9530490124965347,2.936408201809998,1.094608869769987,2.525254198081958,1.1717459883145431,2.5370261416290725,1.150001981876792,2.114060500775154,1.0879087502040812,2.1685014643427376,1.0879575315019256
2023-08-10,3.357337987386542,0.9897856335911784,3.2482387775841435,1.095559038198001,2.9617681306850523,0.9577402185671452,2.95193682861137,1.1003974970533639,2.525382790423269,1.1718056565887998,2.539608454412039,1.1511725117225464,2.113386063225656,1.0875616804247183,2.17145142813099,1.0894375560137193
2023-08-11,3.3536422077631203,0.9886960710895996,3.2495609246461514,1.0960049691355924,2.9622242455903156,0.9578877114058093,2.954912655005394,1.1015067998961319,2.5170154734397845,1.1679231285978353,2.524527537011436,1.1443365218938901,2.1074556793940946,1.0845098678299228,2.160261114961653,1.083823270899028
2023-08-14,3.3964050659130294,1.0013031016617666,3.279611102604744,1.1061402289844635,2.9905578557410935,0.9670498864246633,2.974487953991487,1.1088039106606942,2.537642227394953,1.177494171472362,2.542798435796574,1.1526184900883865,2.122371567393787,1.0921856770444556,2.1743971942137694,1.09091547449729
2023-08-15,3.3873653804907917,0.9986380882503285,3.2564741289839647,1.0983366399313073,2.987882667113981,0.9661848167678277,2.961356725483633,1.103908964792196,2.527470487236515,1.1727743710919163,2.5269857394604935,1.1454507940891514,2.1155973593841466,1.0886996272522722,2.16324859221304,1.085322116267261
2023-08-16,3.3416806209859065,0.9851696442622978,3.209375043645534,1.0824511610097873,2.9464127666145417,0.9527747894409736,2.9200757885055886,1.088520613901223,2.4906484401346582,1.155688532364908,2.493763811975182,1.1303917129772232,2.084912300585494,1.0729089041602222,2.1352211127309064,1.071260466831924
2023-08-17,3.2619318736714638,0.9616587065237435,3.1322973105006953,1.0564545477763705,2.8750976347094497,0.9297137775709702,2.8508584926858935,1.0627183886182976,2.428894010906675,1.1270337914823838,2.4314274164485616,1.1021354103627623,2.034030852179124,1.0467249927139555,2.0828531172212017,1.0449869521208281
2023-08-18,3.3254863614345744,0.9803953720529538,3.182840134808102,1.073501523623145,2.9263133120863762,0.9462752745824516,2.8961666452914696,1.0796079701432322,2.458195100070595,1.1406298222135267,2.4653289631633637,1.1175025543077897,2.0553526335204513,1.0576973146899165,2.108937965874909,1.058073965442025
2023-08-21,3.343180118001985,0.9856117149175917,3.200123888377102,1.0793309511169535,2.9368738735809505,0.9496902193140183,2.9060440628532964,1.083289988490318,2.468365903913373,1.1453491881331093,2.4730680499016127,1.1210105848088818,2.0598480050628285,1.0600106609894093,2.1132796063732946,1.0602522072172615
2023-08-22,3.3565583643910464,0.9895557908873882,3.2096833326572725,1.0825551400693063,2.9486957564278797,0.953513034660159,2.9142471545375863,1.0863478661081587,2.4736259664937514,1.1477899155781015,2.4779060654848406,1.1232035963107228,2.0636067123239945,1.0619449152443745,2.116707592060244,1.0619720598008646
2023-08-23,3.4748952839445,1.0244430090755756,3.2848519658484294,1.1079078561472824,3.033503845240501,0.9809372332914258,2.9757976737358116,1.1092921366669308,2.5298992192430356,1.1739013297115652,2.5301222965589605,1.146872555899296,2.1034174144669104,1.0824317514523094,2.1529461373116097,1.080153277976268
2023-08-24,3.3845160101680296,0.997798057898649,3.1973909852864253,1.0784092033987216,2.954954737250885,0.9555369870416196,2.899802499194778,1.0809633123362203,2.4718220104994737,1.146952859965643,2.4745061889100683,1.1216624750999589,2.0581406608564916,1.0591320509869977,2.1069964850294447,1.0570999062851274
2023-08-25,3.403256454347299,1.0033229774883499,3.2069642265060327,1.0816380457533443,2.9714592926753998,0.9608740275600383,2.9106428565126072,1.0850042870427536,2.472072084793482,1.1470688972148855,2.477839376658357,1.1231733671059982,2.0564970583925715,1.0582862428837292,2.1088742007647956,1.0580419738879785
2023-08-28,3.4405045257775733,1.0143041792973944,3.247356626428183,1.0952615081399772,3.0026585348906667,0.9709628554965684,2.9458597036467107,1.098132118934301,2.498249994844839,1.1592157381580406,2.5036100000444077,1.134854865960846,2.0807050639955413,1.0707438339085855,2.1340825408550153,1.0706892346386787
2023-08-29,3.511249512069998,1.0351606945913325,3.316360903887814,1.1185351234809795,3.0616737025541543,0.9900464559280888,3.0069645182366687,1.1209102435814773,2.5515425224905344,1.183944062745488,2.560088181821757,1.1604557140999372,2.1239756300088675,1.0930111376943195,2.180767618810395,1.0941115762905
2023-08-30,3.559381730659962,1.0493506804230246,3.3619123012634686,1.133898601511546,3.1021714947600114,1.0031421348088498,3.04627611126783,1.135564479457189,2.575688300876243,1.195147972031007,2.5805812653890414,1.1697449706552567,2.1434274356446976,1.1030211584816758,2.1950218547258236,1.1012630601953985
2023-08-31,3.577601057220784,1.0547219679583753,3.373741972886941,1.1378884878941131,3.118169570083952,1.0083153960100435,3.0583604760397938,1.1400691845103805,2.585153863190552,1.1995400980503825,2.5865410048897055,1.1724464454744445,2.150320144124616,1.1065681893566954,2.1966029464563794,1.1020563087518502
2023-09-01,3.6144781359860096,1.0655937964450395,3.407295383291001,1.1492053105009394,3.1474347002986507,1.0177787945515555,3.088224287333757,1.1512015579683217,2.619013520877985,1.2152513551947481,2.6166918351279604,1.1861134369020372,2.1766418221365327,1.1201134894172753,2.221964441881542,1.1147804089711326
2023-09-05,3.582109737453709,1.0560511838245676,3.380887761380643,1.1402986041772356,3.116255467047068,1.0076964368680663,3.0623934330121125,1.1415725553532285,2.57316568945097,1.1939774523186217,2.569549353655435,1.1647443440754326,2.133637202642753,1.0979830433731221,2.1781155850439093,1.0927810260660762
2023-09-06,3.596985033524791,1.0604366089446744,3.3944647798889727,1.1448778319856194,3.136061602114226,1.0141011016801638,3.0806762075296645,1.14838785001784,2.5776168761170957,1.1960428523576483,2.5718885303981014,1.165804663417786,2.1409259334883832,1.1017338698333565,2.1834593187931377,1.0954620274278046
2023-09-07,3.5898675578681347,1.0583382872449054,3.3617113300415262,1.1338308183669883,3.1315956325198293,1.0126569512582804,3.0518392701861234,1.1376382657557527,2.562199121946427,1.1888888432238263,2.557938855725837,1.1594814516635148,2.128935221609652,1.0955633745380409,2.1722035689634143,1.0898149121266123
2023-09-08,3.597420039615295,1.0605648542332107,3.3783272487503364,1.1394349999453326,3.137632991855443,1.0146092384038377,3.0674790117314066,1.1434683134329873,2.5549853898639694,1.185541591436337,2.554060820427494,1.1577235871284577,2.121274156598102,1.0916209425882968,2.16766390207746,1.0875373186546697
2023-09-11,3.6057592854399068,1.0630233692064417,3.379245438286773,1.1397446849513617,3.1473631938884776,1.0177556716864677,3.072933167580903,1.1455014665096905,2.568238029866072,1.1916909635545325,2.568091735787652,1.1640836242628665,2.133307754907427,1.0978135075089106,2.180956166589265,1.0942061724802852
2023-09-12,3.5691198680335576,1.052221606289451,3.350756894469027,1.130136129730602,3.126661355981062,1.0110613654857983,3.0584994953235967,1.1401210069174375,2.539368072722075,1.178294982867921,2.54219192961911,1.1523435684805,2.112432149723122,1.087070790572719,2.162575542117365,1.084984440719097
2023-09-13,3.507382252559645,1.0340205776537186,3.2983559304897256,1.1124624445034004,3.0734141941150424,0.9938429519593333,3.012944985080497,1.1231395903216834,2.5068580216931666,1.1632099581991338,2.5134612831707606,1.1393203284696625,2.087657708945194,1.074321708465637,2.1405898799425356,1.0739540277166255
2023-09-14,3.5444623612109147,1.0449522619145564,3.326619007241936,1.1219949546737882,3.1045110522407597,1.0038986721858818,3.038318347031628,1.1325980528850534,2.5375723933939995,1.1774617677204835,2.5346427305807047,1.1489216116810428,2.1140603262814546,1.0879086604085333,2.1601810366657617,1.083783094866612
2023-09-15,3.460958285651487,1.0203342059888343,3.2446891497659665,1.094361827307816,3.0392631822201115,0.9827996169805833,2.971800215853372,1.1078019988679855,2.4839198921055035,1.1525664113656309,2.4775904025668885,1.1230605102875648,2.071868430179289,1.0661964469026206,2.1163243965029133,1.061779806994265
2023-09-18,3.4641964826651,1.0212888673589,3.2452857687383627,1.0945630536807291,3.045927141956249,0.9849545264713323,2.9755012543030896,1.1091816399927865,2.4893032212156645,1.1550643358491939,2.4824536620561934,1.1252649645339416,2.079301983932563,1.0700218001365203,2.1221572884423567,1.0647062236097493
2023-09-19,3.4234103635653357,1.0092646044200617,3.2147515190946363,1.084264527167645,3.0067001580950268,0.9722697859922433,2.9442731085817404,1.0975406817390978,2.4771877097877497,1.1494426040160899,2.4714820022608825,1.1202916493985349,2.070131765082438,1.0653027481866444,2.1132569248256776,1.060240827672004
2023-09-20,3.3868790909822897,0.998494723962584,3.1700235018321274,1.069178757023289,2.9782569190898567,0.9630721605402909,2.9061266084980937,1.0833207591423337,2.450586559302825,1.1370993748121005,2.4435505053729982,1.1076306538136693,2.0503524637593493,1.055124196071215,2.091937834665104,1.0495448401034662
2023-09-21,3.3091700030456686,0.9755851035644857,3.0994320125973998,1.0453698102843174,2.9196109829972814,0.9441079576813775,2.848794392182572,1.0619489510729183,2.3991395546739693,1.1132273933971406,2.3915103869818473,1.0840415238851548,2.0104568841155377,1.0345936813706884,2.048304093341399,1.0276533826701553
2023-09-22,3.3426806819707724,0.985464474868944,3.1193438858797533,1.0520856443826225,2.948357102767576,0.9534035249969022,2.863476338704742,1.0674219601997657,2.4053480439124515,1.116108201342816,2.4000936233674617,1.0879321967845819,2.0140154935842958,1.0364249640507261,2.053844667469382,1.0304331406968403
2023-09-25,3.384621847254745,0.9978292600082751,3.157283385310059,1.0648817977296041,2.979854738899125,0.9635888438949082,2.8921865188403597,1.07812429300546,2.4259880629205175,1.1256853993491818,2.4149046562709247,1.094645851371399,2.0287552202350048,1.044010119533761,2.0645251570764085,1.035791642546694
2023-09-26,3.393491278963195,1.0004440804750032,3.1734982760033423,1.070350721435278,2.9825743886206135,0.9644682908346256,2.9026394415640104,1.0820208431926157,2.4073238730810873,1.1170250080166568,2.40122248883887,1.0884438972783566,2.009037743815327,1.0338633829001382,2.048264102186806,1.027633318732663
2023-09-27,3.499030721494515,1.0315584408364509,3.2684155931395664,1.1023642314603743,3.0714516554369444,0.9932083302943099,2.9890046956070178,1.1142153361303286,2.455746591318087,1.1394936869641397,2.4472891862846184,1.1093253507611784,2.0463544140947643,1.05306677471915,2.083637377663621,1.0453804229434305
2023-09-28,3.542929679719288,1.0445004080568328,3.2943414779022793,1.1111084585076836,3.1001220480260776,1.0024794098836398,3.0061720213624836,1.1206148234463567,2.496793688034112,1.158539995627044,2.4897510674628642,1.1285727864528905,2.080545266629303,1.0706616011849128,2.120159509399851,1.0637039191191549
2023-09-29,3.492135992531632,1.029525787674748,3.2380695322252726,1.092129176840071,3.0514977937880863,0.9867558954737571,2.951120397191383,1.100093154805128,2.462213411605559,1.1424943633850533,2.4596652219016835,1.114935251760568,2.051310951094164,1.0556174396459008,2.094220897749615,1.0506902742747273
2023-10-02,3.4598637260384257,1.0200115159933116,3.2112057071769806,1.0830686032962393,3.016808434805666,0.9755384764227617,2.921717530366719,1.0891326082424586,2.4440451418475853,1.1340640844770162,2.4450162364893715,1.1082950512595888,2.0352835477297115,1.047369637675785,2.0810719327725087,1.0440933151702365
2023-10-03,3.3609461982612787,0.9908493797198676,3.1418965444395197,1.059692156899822,2.937115547920827,0.949768368995183,2.86653655661636,1.0685627217830571,2.3743517650832824,1.101725583783623,2.3838799419394667,1.0805827392958463,1.982215125597336,1.0200602958777776,2.0324650320814075,1.019706777019625
2023-10-04,3.3601335411900384,0.9906097981534089,3.136547787881328,1.0578881397102955,2.9235816973519033,0.9453919585437215,2.851651229844369,1.0630138983245192,2.3924023409854254,1.1101012514356836,2.4013009482273535,1.0884794619305187,1.9950813080628875,1.0266813138102642,2.04477015952952,1.0258803749181737
2023-10-05,3.3694664629519804,0.9933612613406441,3.1380630931742117,1.058399218643502,2.927823123992464,0.946763499021749,2.846825275632662,1.0612149208247348,2.3875450993027267,1.1078474373601344,2.402654757058061,1.0890931264146364,1.988775111450165,1.02343610560881,2.0424366932317946,1.0247096529819146
2023-10-06,3.4395933530206264,1.0140355540627792,3.191040556753237,1.0762673444245667,2.9885066314739954,0.9663865867026,2.890594227963614,1.0775307325747727,2.429204973528976,1.1271780815920585,2.4438088143644943,1.1077477420246595,2.0208672318337646,1.0399509113890224,2.074857903736522,1.040975678497244
2023-10-09,3.4690021082474867,1.0227056264638021,3.219142358679562,1.085745460166087,3.020632711652978,0.9767751241217012,2.921114584114034,1.0889078471497138,2.4478213610370902,1.1358162921120576,2.4669995987758924,1.1182598323798885,2.036618391190402,1.0480565564657176,2.093514557932387,1.050335896960906
2023-10-10,3.522650593343866,1.038521877318445,3.272066424262632,1.1035955759851088,3.0646320941781506,0.991003104293374,2.9617605267376184,1.1040594903335579,2.4768703393032494,1.1492953405872022,2.491665394791407,1.1294405269091923,2.058327115673838,1.0592280018016667,2.1117229526757093,1.059471219451251
2023-10-11,3.5546045151133123,1.0479422969554069,3.2968174252432014,1.111943540739374,3.094886584675022,1.0007864300172582,2.9827196016894515,1.1118724331424998,2.493997089852719,1.1572423430174712,2.5033546866803817,1.1347391356300405,2.074545956965125,1.0675743189257485,2.122920079944525,1.0650889232635872
2023-10-12,3.490573201786417,1.02906505722886,3.2371505539479526,1.0918192258092003,3.046643461232844,0.9851861610052519,2.938472038359333,1.0953782089208803,2.4453966372343947,1.1346911933434911,2.4428045798745854,1.107292535184369,2.041038120579806,1.050330976840397,2.076372897745337,1.0417357652065098
2023-10-13,3.4403843267426857,1.0142687431040927,3.1910269995628004,1.0762627718843283,3.008949158133483,0.9729970400152953,2.9102995936157776,1.0848763284669327,2.408039732462159,1.117357174718371,2.408560230855288,1.091770003274239,2.0121693925367707,1.0354749489103707,2.0501091363373063,1.0285589896777474
2023-10-16,3.4861151118198506,1.0277507560120207,3.231473843990287,1.0899045971974528,3.042789010365267,0.9839397560020633,2.942310551767245,1.0968090967723858,2.435719465481478,1.130200878194892,2.438529059882231,1.1053544958460737,2.032661704813001,1.0460204209198292,2.0722113710049563,1.0396478881936548
2023-10-17,3.499776011989929,1.0317781618856818,3.2512868797171683,1.0965870955761186,3.05345610491459,0.9873891500850445,2.9585457559118153,1.1028611158507344,2.449232827010503,1.1364712279966287,2.4573751081449493,1.113897172051513,2.0469380381087783,1.053367111285413,2.090755425512822,1.048951614337335
2023-10-18,3.400343697143753,1.0024642598837954,3.159508722724094,1.0656323547803388,2.97649952822456,0.9625038770565167,2.886618616977818,1.0760487386731332,2.3817746081050086,1.105169865368901,2.3883038332373605,1.0825880334773712,1.9940822046559519,1.0261671689509455,2.035844444218507,1.0214022597975085
2023-10-19,3.330451532636137,0.9818591672210578,3.0851789250336763,1.0405625593486956,2.922067389515092,0.94490228026554,2.82681396344166,1.0537552768261569,2.338970977817972,1.0853085056245122,2.3469832443355507,1.063857931193567,1.962060854154795,1.0096887817946707,2.0042309725595637,1.0055414844400457
2023-10-20,3.2809980288472116,0.9672796498281339,3.038549243458535,1.024835399926033,2.88228667642368,0.9320384816257345,2.7882249025897905,1.0393703802513161,2.307367827995522,1.070644293185746,2.3170936047284334,1.050309334187903,1.9383565456693135,0.9974903964554448,1.9825885842199351,0.9946832951416006
2023-10-23,3.281465107137371,0.9674173504061213,3.03225375373724,1.0227120705970303,2.8855535956199114,0.933094897849754,2.7860621281218183,1.0385641598782447,2.311137243389151,1.0723933437839512,2.324439610518706,1.0536391860483443,1.9421142254076114,0.9994241219407184,1.9890878925314404,0.9979440591038691
2023-10-24,3.3450751993462777,0.9861704088280996,3.0740622443242156,1.036813149018994,2.9353283670667594,0.9491904523905507,2.815189989004451,1.0494221921027505,2.3342523067345287,1.0831189898457043,2.3473962958463432,1.0640451622387008,1.9564045873119997,1.0067780315159964,2.0030899181102733,1.004969006716432
2023-10-25,3.283252104593192,0.967944179821474,3.0013582909932124,1.0122917149008575,2.8858096664715602,0.9331777028981594,2.751166664921799,1.0255561307118881,2.2834645577071773,1.059552910350212,2.296891206042754,1.0411518414266032,1.9170237884330594,0.9865124262153354,1.9634180992208092,0.9850652829427171
2023-10-26,3.2225278428623985,0.9500419006653745,2.957862557511024,0.9976215667983515,2.842596983695734,0.9192041160336738,2.7272753153783635,1.0166501199246616,2.2628334195514537,1.049979833157946,2.2766452579419156,1.0319746082641623,1.906492261013626,0.9810928363651804,1.953448295194285,0.9800633387168958
2023-10-27,3.2525841642763167,0.9589028837555081,2.972655902899792,1.002611034739468,2.8653950503760823,0.9265762749610154,2.7344199551228363,1.0193134369766952,2.2609420984001436,1.0491022391425215,2.2818248754141144,1.0343224635978745,1.9005554389069375,0.9780377105937539,1.9574146784458442,0.9820533104103965
2023-10-30,3.2664502709984196,0.9629907871119596,2.971188054496856,1.002115961964758,2.8785043165038746,0.9308153885082272,2.731616636970598,1.0182684402652922,2.276538082519071,1.0563389489513997,2.2948569671499586,1.0402297465691872,1.9179172001249318,0.9869721814573293,1.9731164271925048,0.9899310250845986
2023-10-31,3.319134797181505,0.9785228507065367,3.009215539147886,1.0149417907790907,2.9159335722856543,0.9429188017504225,2.7596189695220525,1.0287069077665676,2.3046509565015265,1.0693836346444106,2.3225047018926186,1.0527621163492034,1.9367621355951332,0.9966699030634735,1.9923147702528412,0.9995630139341798
2023-11-01,3.410563413069271,1.0054771611884794,3.0890363330041453,1.0418635776713716,2.99445988569265,0.9683116769679345,2.828179404021079,1.054264273963699,2.353156245700307,1.091890627435028,2.373786901995618,1.076007691467946,1.97799566661352,1.017888935905848,2.0380650726580223,1.0225163699215571
2023-11-02,3.447619643087033,1.0164018057266306,3.1537694225347717,1.0636966158689223,3.0482768892341747,0.9857143588998813,2.893451830796018,1.0785959650600594,2.399238735372651,1.1132734143426308,2.42425284200564,1.0988832661719312,2.0220355144134072,1.0405521169082765,2.081658356063138,1.0443875292374993
2023-11-03,3.49800189589663,1.031255130058661,3.2286168194970206,1.0889409860776205,3.0869932124805652,0.9982339682183655,2.9558350309852712,1.1018506352417126,2.453521340570807,1.138461145908234,2.482780575229489,1.1254131501560847,2.063663284450523,1.0619740276143603,2.1274321997830463,1.0673526961233604
2023-11-06,3.496803672484311,1.030901878666099,3.206282657577837,1.081408167640751,3.0829478994533184,0.996925844553063,2.934179779348668,1.0937781777053541,2.4322764850468896,1.1286032970424134,2.462983439065724,1.1164393577894067,2.0469508256418965,1.0533736918299,2.1113632268711973,1.0592907416398538
2023-11-07,3.484697026479693,1.0273326865468173,3.1787483499193914,1.0721214551540015,3.0490567787993634,0.9859665500133188,2.88579601273384,1.075742095372922,2.434314823343951,1.129549108645944,2.465013414748205,1.117359520187306,2.042304915089478,1.0509828772147136,2.106392838827226,1.05679705132152
2023-11-08,3.5167003509617842,1.0367676707273015,3.1997815213929948,1.0792154783116872,3.0665152261114623,0.9916120483800887,2.8960997710552365,1.0795830413434502,2.436983389173294,1.1307873528224952,2.4720668388599902,1.1205567484596013,2.0431599060460672,1.0514228609061345,2.111897249233092,1.059558665669498
2023-11-09,3.508247634180689,1.034275703083241,3.1409668361138414,1.0593785868611547,3.0731361426793904,0.9937530390995125,2.859509212552643,1.0659431292010961,2.4235410557790775,1.124549960864005,2.4532403413901602,1.112022934382227,2.0350078376247933,1.0472277555321328,2.0968161426119005,1.0519923329730696
2023-11-10,3.5926408792871216,1.0591558974194415,3.215765340723876,1.0846064667617092,3.140821441738846,1.0156402801847868,2.9259177114811883,1.0906983154556809,2.484998719525339,1.153066999267728,2.516014522951119,1.1404776798896739,2.0839450303183114,1.0724111408336323,2.148344885925001,1.0778447869825063
2023-11-13,3.576890274307605,1.0545124201801332,3.2004028671485134,1.0794250444812072,3.1358030120407996,1.0140174819967465,2.9184769466867904,1.0879246114669783,2.486058874837737,1.1535589231046375,2.5171283719917423,1.1409825736245902,2.0882473226999907,1.0746251273899536,2.1534003164218825,1.0803811438974118
2023-11-14,3.7316465852120064,1.1001365348257912,3.346696008561623,1.1287664828038888,3.2582076789336463,1.053599200500983,3.0356877324487708,1.1316174351175485,2.5868717162616592,1.2003372009504059,2.6223376735851547,1.1886726243335701,2.16824542859609,1.1157926528094992,2.2384599646245977,1.123056367507231
2023-11-15,3.70060033623844,1.0909837085907264,3.318643456020993,1.1193049777900028,3.2227791697231347,1.042142764123252,3.0031474773069506,1.1194873600548036,2.5639456222047405,1.1896992387368115,2.599528177600654,1.1783333672177787,2.1473079247515687,1.1050180824357876,2.217715910290521,1.112648880808353
2023-11-16,3.650319277177531,1.076160217453637,3.264305356901191,1.10097793975942,3.1829404603134677,1.0292602113460294,2.9534000838622734,1.1009429566987188,2.5350406515750747,1.1762870114040596,2.5698980820747774,1.164902418273722,2.1254790681371962,1.0937848163542263,2.1953410569119787,1.1014232069272363
2023-11-17,3.6810892496211802,1.0852315938789903,3.2984290810905574,1.1124871165818335,3.209947812798216,1.037993517442371,2.989362766720308,1.1143488147850926,2.571290509384375,1.1931073479457366,2.603783118894043,1.180262078491138,2.1558097577794353,1.1093931788629707,2.222961586041521,1.1152806855523023
2023-11-20,3.727962188776858,1.0990503282318576,3.3401185837933656,1.1265480630243268,3.2471077717039414,1.0500098487667557,3.024185073773995,1.1273295734355164,2.598462121733192,1.205715277788977,2.629033093953293,1.191707574019943,2.1771896664184545,1.12039541350972,2.2419402387235814,1.124802453677769
2023-11-21,3.6553607444617104,1.0776465056703275,3.2770182877193372,1.105265729916942,3.1907971489713325,1.0318008108731966,2.977062162707174,1.109763501936557,2.56056100055699,1.1881287367094409,2.590514666165464,1.1742476560601152,2.1505484353008866,1.106685669423217,2.214203566439177,1.1108867049421491
2023-11-22,3.666781446738691,1.0810134729169223,3.284371318417911,1.107745744408352,3.2003978500085015,1.0349053677135753,2.9789318806184877,1.1104604792193578,2.570205230898926,1.192603766677564,2.597864537597016,1.1775792601670392,2.1571238243897826,1.1100694057558265,2.2186657458534276,1.1131254222224793
2023-11-24,3.682566381148353,1.085667070905734,3.2966845901718345,1.111898738410176,3.215290285864423,1.0397211007967555,2.9934704507054777,1.1158800417179178,2.584536521739783,1.1992536447622726,2.6119772517683937,1.183976375671858,2.1699171262061427,1.116652918850611,2.230941982965835,1.119284525568529
2023-11-27,3.688906770967705,1.0875362978879854,3.3159081895549813,1.118382432957585,3.21491564873117,1.0395999552397592,3.0045719326692817,1.1200183562130481,2.589554942717925,1.2015822478206406,2.6121756761479964,1.18406631894286,2.17348921542074,1.118491138292129,2.22979828643979,1.1187107222902177
2023-11-28,3.6423407396356198,1.0738080438370037,3.2684495755325726,1.1023756929693167,3.1750411567423664,1.0267058315313724,2.9629923153701583,1.1045186658535107,2.5575831159163305,1.186746965169765,2.5785347862090418,1.1688173274298848,2.147160136637733,1.1049420297484787,2.201417392778437,1.1044717616451143
2023-11-29,3.599919577168819,1.0613017494669923,3.2631530891604057,1.1005893053565086,3.138925457025275,1.0150271799237762,2.9544326445971483,1.1013278657649284,2.5535309451147814,1.1848667129225705,2.573179416902583,1.166389806004286,2.1430789728244677,1.1028418373358961,2.195932302497506,1.101719840385096
2023-11-30,3.589625375451671,1.0582668888103646,3.266308330947886,1.1016534985684816,3.1367681644970626,1.0143295811495578,2.9659168341992252,1.1056088427056705,2.556421536530935,1.1862079794367728,2.5808511231913323,1.1698672937966559,2.149169937773188,1.1059762859774889,2.2073690482080304,1.1074577630179543
2023-12-01,3.6512483914402125,1.0764341320707003,3.3359068435074852,1.1251275362549955,3.1869280331232863,1.0305496636886557,3.0192715702502366,1.1254979600598838,2.608438659559003,1.2103445021195565,2.6343009526386645,1.194095427983693,2.1922524016415084,1.1281467912234417,2.2523732101347678,1.1300367733263308
2023-12-04,3.680536035835458,1.0850684994692317,3.3590055140618498,1.1329182065317087,3.205421833069671,1.0365299616800079,3.030993441196765,1.129867537797904,2.6164561622323985,1.214064712386305,2.6442499180227803,1.1986051686290966,2.1990006699105327,1.131619492262936,2.261014233796937,1.1343720559755377
2023-12-05,3.633102771359551,1.0710845741364323,3.351802278821456,1.1304887147325406,3.1688150377354694,1.0246925056005844,3.032184882883878,1.1303116731322636,2.5853814521548886,1.1996457018569828,2.6171886501001422,1.1863386368687454,2.176866538252066,1.1202291297351912,2.2418931830793674,1.1247788454195484
2023-12-06,3.549891121042813,1.0465527288648662,3.2993764339952047,1.112806637746413,3.1005662857301566,1.0026230620187924,2.984936063637869,1.1126986666705054,2.5520331462332444,1.1841717176099897,2.5859765112165323,1.1721905676053699,2.1518143977021604,1.1073371415893496,2.2178310681183833,1.112706656571107
2023-12-07,3.572150489148556,1.0531150716634332,3.3178572415704757,1.119039805059115,3.126901139044964,1.0111389035893559,3.0041763559684225,1.119870896549515,2.5720065945829576,1.1934396194292836,2.6069388213611644,1.1816925186556515,2.1714186725624582,1.1174256239928115,2.238080963020173,1.1228662188461558
2023-12-08,3.660383592166606,1.0791273045999268,3.3758037186698617,1.1385838691088586,3.1994916886665354,1.034612344383113,3.051068126193817,1.1373508053633832,2.6152051040655184,1.2134842075051315,2.6523146320960667,1.202260801898053,2.20430984693315,1.1343516279502406,2.2732231897879402,1.140497403751687
2023-12-11,3.663447180647655,1.080030489169717,3.382045946835329,1.1406892344940527,3.206034532060534,1.0367280887580008,3.052656294186183,1.1379428289008655,2.6264374615776354,1.2186961461147716,2.661363105264836,1.2063623607690077,2.2154619565792477,1.1400905732939406,2.2833300324481267,1.145568101545837
2023-12-12,3.6955931244740223,1.0895075193338244,3.388769333625663,1.1429568840327144,3.237149266084638,1.0467895894731196,3.061164733303968,1.1411145312958137,2.633715819180804,1.2220733848614724,2.670991420394214,1.2107267546943337,2.2229927668413176,1.143965975335287,2.293976287998247,1.1509094278481264
2023-12-13,3.775519299406369,1.113070764974611,3.4783563941328866,1.1731726164848943,3.290470775591592,1.0640320446269966,3.1277675470703405,1.165942152556159,2.686805165322238,1.2467074309748165,2.7333324208316148,1.2389851446568265,2.2604849547969885,1.1632596896477747,2.340291374855597,1.1741461414944756
2023-12-14,3.87548139285566,1.1425408523984948,3.5861320809529538,1.2095229699775463,3.363781775790349,1.0877384558839422,3.2103391462537303,1.196722479624282,2.7529326655921467,1.2773913253793425,2.815717111557102,1.2763290868638155,2.310720885428578,1.1891114136115457,2.4063141185611476,1.2072703714966195
2023-12-15,3.910162085112271,1.1527651584074676,3.6147105516585096,1.219161855546986,3.3941161659524712,1.0975476185807036,3.2353820329349823,1.2060577504728809,2.745100673597685,1.2737571941275303,2.8125894890619842,1.2749113749967877,2.3054928081355746,1.1864210123521137,2.4046762828796524,1.2064486539675585
2023-12-18,3.9858675832712667,1.1750840952387183,3.6876822851387177,1.2437736059819935,3.4510331666929828,1.1159527395503843,3.2932402401653067,1.227625632889319,2.775834915209091,1.2880182235080213,2.8429297724301437,1.2886642431409376,2.326437641701299,1.1971993546461794,2.4266086970348515,1.2174523519389595
2023-12-19,4.096960343875585,1.2078356438928155,3.801681938399421,1.2822231655842875,3.54646314074937,1.1468117130344029,3.3930929421974723,1.264847860114926,2.8385676114041565,1.3171268911259406,2.9052937167068147,1.3169330332566644,2.376920760712798,1.2231782832956033,2.478193716402446,1.2433330401729685
2023-12-20,4.006831492264519,1.1812645203324652,3.7150216586930958,1.252994571510411,3.4787157206883625,1.1249043840222626,3.3274579012286236,1.240380996833475,2.7815749525963547,1.290681664593046,2.84842518045949,1.2911552423550468,2.3330073724074873,1.200580179139673,2.4347629805477364,1.2215434324882333
2023-12-21,4.091020901465104,1.2060846212696765,3.7970015014728613,1.2806445578129015,3.548132955710233,1.147351677297309,3.3954285741148773,1.2657185167939715,2.835735432584999,1.3158127287053583,2.914408051356051,1.3210644463068204,2.375349954855237,1.2223699367810714,2.48689234438024,1.2476972234478199
2023-12-22,4.051514517289522,1.1944376403463874,3.7729362307110312,1.272527874682417,3.522867008085773,1.1391814853266904,3.383665761207929,1.2613336770658115,2.8306992377676887,1.3134758783882545,2.9129573543060463,1.320406863613747,2.3725783395716626,1.2209436462287941,2.4882841983858044,1.2483955296620435
2023-12-26,4.0829290111426975,1.2036990298219867,3.8233449108280793,1.2895296066631359,3.555844488839397,1.1498453382115765,3.428583789586981,1.278077831453469,2.8617672043743907,1.327891759872243,2.9472121919819063,1.3359341498997341,2.398544325591333,1.2343059049664782,2.517123582322608,1.262864519180311
2023-12-27,4.091172390708138,1.2061292822114589,3.8358992605394633,1.293763910923623,3.5623378371622407,1.15194507747797,3.4399137317506066,1.2823013093672826,2.875706546534585,1.3343597694169287,2.9609846201336127,1.3421770180396528,2.4073104500738225,1.2388170074284843,2.5269324366155024,1.2677857134145936
2023-12-28,4.074696031355046,1.2012718434183303,3.817542571927036,1.2875726061896504,3.5473073828401667,1.1470847136775615,3.4209943734338286,1.2752487144960598,2.862435921809214,1.328202052187435,2.948855256703256,1.3366789304342734,2.3951142423589,1.2325407626911622,2.516590383308518,1.2625970082319864
2023-12-29,4.008578182467511,1.1817794666607027,3.7609716256955235,1.268492478253538,3.4952680723448704,1.1302568802994228,3.374853481811434,1.2580487117178913,2.827053934959991,1.311784417408067,2.909332463371512,1.3187637462290267,2.368820888209218,1.2190100382671623,2.4861993378782072,1.2473495355833364
2024-01-02,3.920017879411719,1.155670771021352,3.694596649541206,1.2461056680418445,3.4266187767969125,1.1080579138640003,3.324404992847202,1.2392429600336732,2.7731597279667697,1.2867769069223236,2.846341577579378,1.2902107714241964,2.327485043945482,1.1977383543890978,2.4359855718583305,1.2221568180202151
2024-01-03,3.8302385210461405,1.1292026824830108,3.607560499827086,1.21675030133442,3.3528377191574386,1.0841995012024392,3.2531514316469794,1.2126816733418615,2.714698573176775,1.259650281947523,2.7813608228136495,1.2607558140872364,2.2805536271230733,1.173587153890411,2.3837879323837092,1.195968772530355
2024-01-04,3.833785366089328,1.1302483371896594,3.6022028641137758,1.214943289402417,3.3565364036443768,1.0853955363856904,3.25207506638317,1.2122804352019625,2.7029394610551574,1.2541939233499952,2.7757982237612735,1.2582343580290385,2.270665904843045,1.1684988701898806,2.3796178214013155,1.193876588722737
2024-01-05,3.837813186693642,1.131435789565265,3.60745070186612,1.2167132689126223,3.361513653779533,1.087005018432215,3.2575937878740375,1.214337656500408,2.7021558519362756,1.2538303200176444,2.784066181974652,1.2619821193056926,2.270101633080654,1.1682084924132872,2.385627353906969,1.1968916275676904
2024-01-08,3.964890404968872,1.1688997581850777,3.7234841577706708,1.2558487851273898,3.4679533269765233,1.1214241732660273,3.358552973016796,1.251972348936526,2.756953751391846,1.2792571538405104,2.840925565633748,1.2877557614543946,2.314882602430315,1.191253059198511,2.4336564779762444,1.2209882897659083
2024-01-09,3.9381218830052243,1.1610080598896932,3.696637619957096,1.2467940421851664,3.4491157777971506,1.1153327178676775,3.337442157901177,1.2441028417408346,2.743945727722526,1.2732212864169445,2.8407906417825455,1.2876946021727695,2.3074916437777597,1.1874496256697344,2.4329464341586613,1.2206320541203541
2024-01-10,3.966842971861772,1.1694753995612155,3.7241627042234726,1.256077643825936,3.4859346814077896,1.1272387629176326,3.3716065777654634,1.2568383588909853,2.7613740690469855,1.2813082303156706,2.8582219059966127,1.2955959745961232,2.3290582492578715,1.1985479356780855,2.450162188798321,1.2292693597568445
2024-01-11,3.946755845169317,1.1635534609613445,3.698549176409847,1.2474387678633674,3.481112582103567,1.1256794516421373,3.358656947126674,1.252011107506547,2.749262755236977,1.2756884462238844,2.8437414121268314,1.2890321491882746,2.323453591503642,1.1956637437590323,2.4440919092763966,1.226223843563845
2024-01-12,3.9046753668365533,1.1511476045760487,3.6673850257576457,1.2369277896833164,3.4538820659981453,1.1168739816337647,3.3400631822850837,1.2450798845568642,2.7405721833986787,1.271655924390867,2.8438634939944145,1.289087487360541,2.3205626673548583,1.194176056118833,2.4457335652191015,1.2270474777538
2024-01-16,3.8740273347637686,1.142112177711833,3.634040974366198,1.2256815792371716,3.4348524354657903,1.110720413325534,3.3164258354415432,1.236268558700731,2.7241196235016454,1.2640217539095369,2.818733847166273,1.2776965351026863,2.308985174101476,1.1882182057114463,2.4278624144504084,1.2180813537298545
2024-01-17,3.8466667849809153,1.1340459421394933,3.606328877794951,1.2163349024855856,3.4138596605818585,1.1039320274970266,3.294379993443556,1.2280505002653712,2.7077526967148726,1.256427318142236,2.797718180472797,1.26817039820114,2.2963382960854437,1.1817100432197096,2.411708201030911,1.2099766332838566
2024-01-18,3.877423169823582,1.143113312768499,3.620774545804095,1.221207106542578,3.4517504763656164,1.1161846943464162,3.3166961291446895,1.2363693164512117,2.7350580445641333,1.2690973027426804,2.823339654806996,1.279784289670156,2.3249312096877803,1.1964241353142382,2.438592645780412,1.2234648114688476
2024-01-19,4.004728001391314,1.180644384661136,3.730225890683507,1.25812262240707,3.5476543578785176,1.1471969142058955,3.403925043209041,1.2688857571069718,2.78207914204985,1.2909156140979827,2.8819592629736475,1.3063558194081983,2.359113701198324,1.214014659144783,2.4853840486616847,1.2469404973336267
2024-01-22,4.087059177115885,1.2049166549047061,3.7987898592765887,1.2812477313138548,3.608101794026886,1.1667436640371094,3.456153040670851,1.288354858588429,2.8277163662694997,1.3120917928913107,2.936589271922726,1.3311189140923734,2.3956446933391846,1.2328137360818456,2.527621590522885,1.2681314683961935
2024-01-23,4.049886834443176,1.1939577788896596,3.7635879966433956,1.2693749222595025,3.5781243846944584,1.1570499374186534,3.4288387480026463,1.2781728726480277,2.799877178317729,1.2991741005555453,2.9043572941498796,1.3165085647111174,2.370687490327476,1.2199706033866835,2.5014563864841817,1.2550041400243757
2024-01-24,4.013425532678523,1.1832085267130035,3.7306647649304674,1.258270644975857,3.559585777400375,1.1510551501772703,3.4128461694150913,1.2722112974277837,2.7747616710197174,1.2875202262868546,2.8901438256216716,1.3100657785259153,2.354128824477009,1.2114494104199616,2.496322452760099,1.2524283973037962
2024-01-25,4.048015304731598,1.1934060282978758,3.757810839413185,1.2674264150061796,3.597270794664053,1.1632412684276794,3.442229275557286,1.2831644777740359,2.787625559496606,1.293489213380657,2.9049359662377756,1.316770869476928,2.3667611422401484,1.2179500801145329,2.5110887746623503,1.2598367995531379
2024-01-26,4.049194002529812,1.1937535232928396,3.754217478570243,1.2662144539347957,3.5949135991850913,1.1624790274913155,3.436622601465967,1.2810744702653778,2.784081355182929,1.2918446632242908,2.899779283316513,1.3144334100861643,2.360646538801578,1.214803466958282,2.5052007877030196,1.2568827412492254
2024-01-29,4.167774263824154,1.2287124816990473,3.8688211243449913,1.3048677268423827,3.689749767911732,1.1931459834975289,3.531846144622301,1.3165710796555847,2.850657526394227,1.3227367459276616,2.95954236408138,1.341523261544506,2.4118091854607204,1.2411320847833969,2.5503566388709187,1.2795378554731787
2024-01-30,4.147573158806269,1.2227569408495738,3.84588673201871,1.2971324639756163,3.6758386785211195,1.188647586187004,3.5142598055502643,1.3100153961769836,2.8330204472981646,1.3145529453850884,2.932890867603651,1.3294424740167552,2.4009040693194286,1.2355202438414035,2.5304338958887396,1.2695424283858336
2024-01-31,4.1563266840898185,1.2253375906386286,3.8628330741651933,1.302848090065391,3.67734163990742,1.1891335953893112,3.5284670388867436,1.3153114458254684,2.7984457674156684,1.298509910002612,2.9050881526115155,1.3168398536425006,2.3699459692596423,1.2195890120093977,2.5053527046830966,1.2569589594235524
2024-02-01,4.250717327957617,1.2531651443722032,3.953604438631895,1.333463262027909,3.757522184402527,1.2150613955482703,3.6085767936964865,1.3451740678259758,2.8514921571495537,1.3231240238658668,2.971854627015495,1.3471042551902903,2.413592018618297,1.2420495418720516,2.561854679406969,1.2853065302951254
2024-02-02,4.390471570875758,1.2943664599363425,4.086644825939523,1.3783348397475241,3.912930371098106,1.2653153871254303,3.7660725023692665,1.403883956852192,2.900927008893928,1.3460623439994954,3.0096500588203963,1.3642364481812603,2.4621472956352264,1.2670363909787503,2.600939019808319,1.304915510599099
2024-02-05,4.40365228439657,1.2982523007222255,4.093657785100609,1.3807001556370033,3.9188461614751344,1.2672283627935772,3.7669342050507573,1.4042051749300066,2.8803336338367043,1.3365067893042553,2.998513565328058,1.3591884160079994,2.444622169702508,1.2580178516116693,2.5907347739617004,1.2997959447123908
2024-02-06,4.4923057258687455,1.3243884547428342,4.17904068674358,1.4094979183655485,3.960272890614491,1.2806244298959917,3.809499964309646,1.4200724707659713,2.9045400934246253,1.3477388553414038,3.0221112091529267,1.3698849306086718,2.4537500461965136,1.2627151139203736,2.598294802285545,1.3035888818574841
2024-02-07,4.520315109795717,1.3326459748140362,4.275095699764566,1.4418951480290747,3.9957288821427097,1.2920897531682414,3.9069140398776403,1.4563856478955828,2.956749838825062,1.3719647569438445,3.0627171042211514,1.3882910711833034,2.498550976847018,1.2857699529158042,2.6354296856030306,1.3222198012509137
2024-02-08,4.605958270711359,1.3578946601141502,4.3780485430572496,1.476618863156129,4.063373474200891,1.3139638309231747,3.982855875363959,1.4846945889544925,3.0182654314323503,1.4005086749823257,3.1314214933220383,1.419433905044258,2.54416880600527,1.3092451729903387,2.687228903856862,1.3482079550759565
2024-02-09,4.672099270223336,1.3773938619681994,4.458442060534462,1.5037338170482173,4.121968327260285,1.3329115151779292,4.044498530405567,1.5076732051166202,3.0484092520103983,1.414495742447308,3.1704851565598213,1.4371409713632406,2.5658929457544706,1.3204245511184223,2.7157825132530937,1.3625335688258227
2024-02-12,4.742976744733189,1.3982894364616356,4.539394619463538,1.5310373232473427,4.169219799373236,1.3481911161568918,4.1011034802561,1.5287739090790622,3.0777507984001895,1.428110545780491,3.2072426818106012,1.4538026943915028,2.5807392559485653,1.3280645551592147,2.7382097629027116,1.3737855304077675
2024-02-13,4.6386658427266365,1.3675372653603293,4.4463492517983685,1.4996551803422427,4.088111742221422,1.3219633883414237,4.0305599278167925,1.50247729331646,3.0125849709834296,1.3978728782582344,3.138853991719699,1.4228029629137673,2.5327752891620023,1.3033819979937646,2.6872452035640224,1.348216132791977
2024-02-14,4.78170611019111,1.409707342455125,4.637832822176003,1.5642383500406425,4.203117433034786,1.359152516793076,4.183228074785376,1.5593876056157345,3.098874357062327,1.4379121115555669,3.236524372569976,1.4670757158450214,2.5974147161519583,1.3366458512301158,2.767533817126483,1.3884976835566207
2024-02-15,4.913373856122643,1.4485246565950731,4.762235991129211,1.6061967851987022,4.282641905243468,1.3848681643501872,4.256794113459819,1.586810917673388,3.157835824213825,1.4652708870215712,3.297701657269559,1.4948066081271123,2.6367660688934427,1.356896303364353,2.807932589888724,1.4087661269092455
2024-02-16,4.7782594843588395,1.4086912336373765,4.657642121904511,1.5709195883497549,4.209027068479547,1.361063502154786,4.193954410139828,1.5633860762002643,3.1086254687220167,1.4424367356419365,3.250371042538629,1.4733522368650698,2.6052575026847506,1.3406817982107622,2.7788241524214277,1.3941621507102278
2024-02-20,4.692588316854766,1.3834342916413387,4.560981108278868,1.5383179680964203,4.134474690056718,1.3369556692472635,4.111530379692789,1.5326607585302263,3.060168616992466,1.419952218374891,3.1956469218963033,1.4485464825362127,2.569335676791555,1.322196202033082,2.7355564347238235,1.3724543307644959
2024-02-21,4.63277415038492,1.3658003200604287,4.4913399097661815,1.514829533382807,4.098611374702517,1.3253586305965945,4.057166611284256,1.512395502814954,3.0205199599345978,1.4015548012416368,3.1742033118680153,1.43882636431335,2.5394286220347384,1.30680584468482,2.7232903486841837,1.3663003203068995
2024-02-22,4.821957927412649,1.4215740864533457,4.719756483206656,1.5918693874827707,4.243236675199581,1.37212578480875,4.242034386148555,1.5813089140962495,3.1163368390482584,1.4460148971003135,3.279483397892093,1.486548500712823,2.6132260372056253,1.3447824558922172,2.8039770807766073,1.4067816108735336
2024-02-23,4.901240088491662,1.4449474686778598,4.766433468823756,1.6076125015116864,4.290859196476821,1.387525371111353,4.267521489491539,1.5908097761925954,3.1546978992692565,1.4638148550037944,3.313145046822574,1.5018069020150806,2.640555788727045,1.3588465168829753,2.8266760057786597,1.4181698745288998
2024-02-26,5.037468613323864,1.4851093580291306,4.939115806393477,1.665854431559196,4.407291149685503,1.4251757067871884,4.406862206142996,1.6427520042087056,3.2196089698042805,1.493934312504108,3.378455202297032,1.5314111725426518,2.684481714176704,1.3814510727317677,2.8719104907470188,1.4408644400683568
2024-02-27,5.147272005399068,1.5174807845592957,5.029044381172744,1.6961853492157386,4.490379983990236,1.4520439540017656,4.46388468656146,1.6640083516074988,3.266057254144406,1.515486832199343,3.417155446732628,1.5489535056979076,2.715269936669084,1.3972948845055595,2.895306671574542,1.452602523513645
2024-02-28,5.007312532526188,1.476218964612949,4.962260663099323,1.67366067940245,4.4029304777504175,1.4237656062297075,4.42389340986294,1.6491007491288496,3.2352557649486866,1.5011945991930136,3.387532269992234,1.53552569295213,2.702389571136541,1.3906665678781296,2.882017690028226,1.4459353167826205
2024-02-29,5.141340694914576,1.515732159330625,5.152275581521759,1.737748505305748,4.509720278728212,1.4582979810870051,4.579260885682276,1.70701729390651,3.2977747526335475,1.5302041036891796,3.4502568249933434,1.563957943365323,2.7492434290451038,1.414777856074874,2.9283637276823486,1.4691875587341172
2024-03-01,5.28440331621222,1.5579088266177121,5.273048469618549,1.7784825270891227,4.6189045739398535,1.4936046580941313,4.682966513444629,1.7456757814845536,3.383485736570341,1.5699749519700037,3.5499156033782793,1.6091320118439807,2.8200237732061435,1.4512018636787336,3.0128835297537067,1.5115919364745114
2024-03-04,5.293974311818192,1.560730476980454,5.348134353802894,1.803807333758793,4.627559249108189,1.496403300702738,4.726025168894935,1.7617268149025995,3.39096535548516,1.5734455782001142,3.5523687677300915,1.6102440003332443,2.8246065310720714,1.4535601795266384,3.009110009068541,1.5096987257401813
2024-03-05,5.218337202720586,1.5384317021080862,5.239088507964341,1.7670285837448476,4.571437699545753,1.4782554029698316,4.659246684854573,1.736833708795853,3.333008714175685,1.546553053082389,3.5004245952650224,1.5866983614840444,2.7836398002409246,1.4324784437285774,2.972696535063298,1.491429744167618
2024-03-06,5.297622233353274,1.56180593031326,5.343020808151679,1.8020826480016732,4.646513961818525,1.5025326430053974,4.745235914145962,1.768888030476682,3.3780009335129084,1.5674299424481413,3.550398052776535,1.6093507000770442,2.818122384083267,1.4502233969491571,3.01232351526339,1.5113109719501576
2024-03-07,5.32568256943156,1.5700784717220706,5.382095811022344,1.8152617815241197,4.66967770809839,1.5100230509124397,4.780231685625965,1.781933451696675,3.405373783379331,1.58013124873409,3.5824272336309795,1.6238691241705576,2.8428905867463823,1.462969268883357,3.045283952404805,1.5278475325286243
2024-03-08,5.242147803079177,1.5454513677630348,5.314843341191121,1.7925790121189933,4.584040292521933,1.4823306747733425,4.69923904481924,1.7517417150850931,3.357245897756622,1.557799375393457,3.5479738060483874,1.6082518195822058,2.7964544658943273,1.4390729507874642,3.0164851671737574,1.5133989117619688
2024-03-11,5.110319935751865,1.506586847813673,5.18579692840352,1.7490545135962476,4.481945360958504,1.4493164691516687,4.59790237328396,1.7139663065342279,3.293526265080149,1.5282327582892279,3.4788619485218453,1.5769242854182592,2.7481704461827055,1.4142256923859,2.9645382344458224,1.4873366481992787
2024-03-12,5.221138267048719,1.5392574912425632,5.2887947741367425,1.7837934070503423,4.5803026600725865,1.4811220450761442,4.697699142766496,1.7511676837074155,3.3530458628609563,1.5558505125647109,3.529999248264085,1.6001041790293045,2.801432066515747,1.4416344551857905,3.008640627792694,1.509463232749929
2024-03-13,5.276246757616408,1.555504170146421,5.3523116284115195,1.8052162360181043,4.616479180317059,1.4928203640792344,4.745546924227122,1.7690039661266423,3.366358108616078,1.5620275424141692,3.552358858427171,1.6102395085710925,2.805628329154344,1.4437938781734536,3.0239596425823927,1.5171489262067674
2024-03-14,5.183276398045034,1.5280953341581256,5.236827692374792,1.7662660606908422,4.555495582666217,1.4731002369234272,4.664483727409527,1.7387859282551514,3.313821280877403,1.5376498709748636,3.479950383153021,1.5774176591216102,2.769944287857555,1.425430647435645,2.9665799123626146,1.4883609771670014
2024-03-15,5.17833842644485,1.526639557775972,5.221521512605143,1.7611036250649137,4.560414413060265,1.4746908279112507,4.658621916916225,1.7366008132037352,3.2909672548835522,1.5270453491427771,3.477101163445223,1.5761261437300242,2.7455841157887737,1.4128947505961813,2.9651056401243525,1.4876213209521107
2024-03-18,5.22107494851912,1.5392388241404802,5.261558803671117,1.77460731709488,4.611926896953248,1.491348302570211,4.708795527855123,1.7553040982334704,3.3037487468297773,1.5329761033314204,3.4838710530336283,1.5791948493755856,2.761532322514077,1.4211017974806759,2.9758853863131742,1.4930296207603664
2024-03-19,5.224495329823695,1.5402471957400594,5.259905888587073,1.7740498254251802,4.64110676151185,1.5007841289506,4.738235792662351,1.7662785856928456,3.3182778869493936,1.5397177856783903,3.5044564748642073,1.5885259617021366,2.7801113746082753,1.4306626938393017,3.001099159484462,1.5056796073388157
2024-03-20,5.335072211251548,1.5728466566986523,5.403652458306008,1.8225323614851259,4.73744601557863,1.531937134241792,4.85829892126754,1.811034681055393,3.385701906786146,1.5710032795584763,3.577174412780544,1.6214880866678978,2.836134638360633,1.4594926156077814,3.0619067522236163,1.536187347167858
2024-03-21,5.46019525577549,1.6097345102201832,5.526270301931615,1.8638886459293051,4.840272463148085,1.5651878885291888,4.963766634409145,1.8503500235912145,3.4542278908449444,1.6028000970737943,3.6431487031759087,1.6513934011865983,2.8923580052939553,1.4884255117241743,3.116687978263196,1.5636716022789032
2024-03-22,5.4262121516192385,1.5997158619920155,5.481057875844025,1.8486394954108947,4.80471023379439,1.5536882113731432,4.918175321217297,1.833354887910318,3.439244376184485,1.595847579894502,3.6288586286032105,1.6449158904467136,2.8790828414242924,1.4815940294042953,3.1036485281431156,1.5571295878057492
2024-03-25,5.418076738275979,1.59731743940819,5.50234668877501,1.855819740773396,4.777869567678897,1.5450088062686,4.902912695534776,1.827665418224949,3.4401897230212746,1.596286231323897,3.6231692027487163,1.6423369453972128,2.8759315338764515,1.4799723468390968,3.090800686747733,1.5506837052276232
2024-03-26,5.404295843683992,1.5932546576637159,5.477457864762331,1.8474252913611864,4.76979119601063,1.5423965216109747,4.887121326132773,1.8217788480258221,3.4289654372959646,1.5910780381129648,3.6124113307300885,1.637460537567116,2.8644766224822718,1.4740775778228035,3.082146602208366,1.546341869813778
2024-03-27,5.396052561212055,1.5908244338986341,5.450650036558023,1.838383604313311,4.770745231872252,1.5427050260158823,4.875814528698911,1.8175639978043283,3.423088161645452,1.5883509169499004,3.617680186395689,1.639848843449441,2.863363627543546,1.4735048236692074,3.0943196019983543,1.5524491780265022
2024-03-28,5.4212229686391575,1.5982449878483949,5.464406962489435,1.8430235109131543,4.793486452853793,1.5500588028789986,4.889639232652754,1.8227174514557962,3.4320176544642917,1.592494300770866,3.6262796375588344,1.6437468663032062,2.8746459583300594,1.479310781625871,3.1024776138898478,1.5565421291383092
2024-04-01,5.417711404967823,1.5972097345356853,5.444013978101328,1.8361454086885274,4.78916052588994,1.5486599377237757,4.878926976057336,1.8187242290293741,3.4350022993820826,1.5938792091541965,3.6266468393212468,1.6439133142351345,2.8773977610208603,1.480726876494046,3.102155845794856,1.5563806950659311
2024-04-02,5.342220528521039,1.574954070895338,5.364937415061096,1.809474634376549,4.733508941458572,1.530664011545523,4.816665221478668,1.7955148302927675,3.379882830824732,1.5683031636974039,3.5667673099293733,1.6167706780814972,2.8334324644467355,1.4581020600184669,3.051468686864002,1.5309504718375733
2024-04-03,5.448961455214018,1.6064226439594285,5.472090399947077,1.8456149642906703,4.82553650074112,1.560422753909019,4.912445365187422,1.831218924426145,3.438368999433228,1.5954413953617415,3.626495346450406,1.643844644425688,2.8831687319286012,1.4836966542016385,3.105263288584537,1.5579397282703522
2024-04-04,5.317239134954202,1.5675892406183638,5.357297768132036,1.8068979505749978,4.710173461723059,1.5231180705818428,4.80547440943005,1.7913432161007097,3.3667659479016026,1.5622167843712969,3.5531020264252278,1.610576377260228,2.8224719368630287,1.4524617040017895,3.045466440159391,1.5279390883473667
2024-04-05,5.428850635872451,1.60049372046742,5.4524648522185934,1.8389957014637177,4.806071733850536,1.5541284765471253,4.892754394748002,1.8238786946569723,3.43691988419791,1.5947689898015882,3.6216144203194722,1.6416321821132716,2.88272362554133,1.4834675996720699,3.106798917044429,1.558710167477335
2024-04-08,5.3914820835411055,1.5894769993673625,5.436045108233814,1.833457685277358,4.7781753041203245,1.5451076715657193,4.875153034757942,1.8173174118103788,3.4261029571866604,1.589749815557289,3.617015354206405,1.639547483395342,2.871522269995598,1.477703312080546,3.101809557919055,1.5562069591894572
2024-04-09,5.246353290925181,1.5466911986849912,5.332195218114996,1.7984314161124537,4.649117907814953,1.5033746750949184,4.785396773848149,1.7838588486417122,3.3691694734673012,1.5633320469225125,3.5568325200307207,1.6122673630050337,2.824183912530328,1.453342697382966,3.049946199936673,1.5301866258607828
2024-04-10,5.207498861708429,1.5352364223161508,5.278128877824593,1.7801960363195035,4.616608475939544,1.4928621741103631,4.72110046776514,1.7598910273801713,3.320986752058772,1.5409747291683624,3.4996301522494324,1.586338250475557,2.780695818636201,1.4309634523898498,2.996361526864098,1.5033026926004258
2024-04-11,5.291962341920666,1.5601373228484392,5.349086176708463,1.8041283625557407,4.684117577616918,1.514692438649271,4.778877924719967,1.7814288084068428,3.3716230091176675,1.5644705147083247,3.55312754651228,1.6105879451941183,2.8191076275566314,1.4507304094000117,3.0387025290742207,1.5245455706908069
2024-04-12,5.141097647015966,1.5156605057410177,5.215893108847452,1.759205289065134,4.568904631985727,1.4774362906789502,4.678957271419927,1.7441812508949077,3.3001836737928203,1.5313218698557283,3.4683091752280952,1.5721408462557767,2.7683143810272397,1.4245918871910508,2.9745857311498685,1.4923775715703964
2024-04-15,4.99850014869472,1.4736209625807295,5.070995606140363,1.7103345687847937,4.454620035712529,1.4404803409273288,4.5611320338319175,1.7002593772034054,3.2296494526092188,1.4985932080150515,3.3958051657805632,1.5392756923692916,2.7148627940109544,1.3970853663483451,2.91831653176257,1.4641467862692892
2024-04-16,5.03946656320616,1.4856983788836164,5.12097321681743,1.727190910585357,4.475899178235223,1.4473613288073262,4.5865616586376206,1.7097388129474154,3.2333346118214528,1.5003031628095087,3.408715459242505,1.5451277657177789,2.7090264742068895,1.3940819596901615,2.9195609889703293,1.4647711421270448
2024-04-17,4.956756038662108,1.4613142718178223,5.037869230211621,1.6991617754538575,4.410903361110072,1.4263437793730986,4.51818272253167,1.6842491041525456,3.183466807898222,1.4771639480573924,3.3593770709030077,1.522763295978183,2.6693692529829094,1.3736741057226298,2.882593093675496,1.4462240021914132
2024-04-18,4.91162518984189,1.448009127694159,5.0171065470729195,1.6921589820241323,4.367569382265282,1.4123309692748982,4.503981354940923,1.678955241086056,3.155670081425919,1.4642659583195932,3.3317109215195138,1.5102225790735122,2.6473784306338337,1.3623574910614262,2.859622924347982,1.4346996527129046
2024-04-19,4.750019264311432,1.4003656601629773,4.858746893435336,1.638747776226758,4.270965478644639,1.3810923848598937,4.39967622056165,1.6400732746129598,3.085520354127829,1.4317157059112096,3.2596665897999606,1.477565791308892,2.603983934150018,1.3400264118808,2.8143539745003903,1.4119877958201543
2024-04-22,4.844020233791947,1.4280783329665525,4.952506816238546,1.670370922762863,4.350477606104729,1.4068040405237527,4.4820209863814116,1.6707690447003356,3.1287296464782797,1.4517652973574908,3.3074991080118425,1.49924766909455,2.6378183713585663,1.357437824791601,2.8537492399415916,1.4317527701340012
2024-04-23,5.045261931248211,1.4874069265636378,5.13908855951118,1.7333008146832782,4.515407786277892,1.4601371374569108,4.645061492832004,1.7315458755178639,3.232194128351887,1.4997739658157099,3.4157410671839368,1.5483123852705545,2.7182924033428417,1.3988502647514767,2.9445479958948706,1.4773073579517761
2024-04-24,5.039637455736171,1.4857487601594155,5.1347835887046385,1.7318488433230355,4.506201789733813,1.4571602153099985,4.642163530451748,1.730465598149161,3.2184126839457363,1.4933792225821962,3.410250583132144,1.5458236180334268,2.705067430779376,1.3920446111915499,2.9375758124236175,1.4738093480849197
2024-04-25,5.09822910401115,1.5030223179390856,5.16949362956434,1.743555771779924,4.559503533513013,1.4743962788654847,4.666508888895256,1.739540850450107,3.2354511673984345,1.5012852680994464,3.4235350881830358,1.5518453167798842,2.718034815804647,1.3987177085939575,2.9453680950717547,1.4777188094037303
2024-04-26,5.2216149673130055,1.539398028500025,5.313144595795058,1.7920060628995278,4.647250462585692,1.502770803581984,4.769374098255673,1.777886054120106,3.2815621482458064,1.5226812752286278,3.4618689510290555,1.5692215737772228,2.7493350641780268,1.4148250120871528,2.9686451662922115,1.4893971344415593
2024-04-29,5.25112189732777,1.5480970440682282,5.32570678218796,1.796243010299222,4.685373880826552,1.5150986865584553,4.786684526866074,1.7843388860815428,3.296712870344582,1.5297113785159695,3.4747554048777847,1.5750628409294365,2.765426113213355,1.4231055665173966,2.9837887163866887,1.4969947956144363
2024-04-30,5.103308742959545,1.5045198596444005,5.173883426279544,1.7450363530414925,4.564559744234173,1.4760312942169689,4.659366226230282,1.7368782703966812,3.2172438091779774,1.4928368517107795,3.3923987303498744,1.5377315981117876,2.7058179773486093,1.3924308471482807,2.9199797896494792,1.4649812583573412
2024-05-01,5.108907632981834,1.506170483123163,5.178029594900892,1.7464347639398403,4.567975667751953,1.4771358936292696,4.656950989092878,1.7359779391717616,3.2131386460277347,1.4909320104253645,3.385819086564955,1.5347491284917303,2.7022292549601956,1.390584068171531,2.9141280371040725,1.4620453791988786
2024-05-02,5.303238783838581,1.5634617603195275,5.36212544325874,1.8085262185320954,4.708653376875447,1.5226265242048296,4.795367629869712,1.7875756981702198,3.2893263195131293,1.5262839369099679,3.4626996597495303,1.5695981235727627,2.752419358297882,1.416412209123361,2.965470658386937,1.4878044540393802
2024-05-03,5.403647458915873,1.5930635056465723,5.475782564927017,1.8468602498103814,4.796876567386854,1.55115505649866,4.900556291823071,1.8267870184159583,3.3254160987989456,1.5430299952392372,3.5177024517301683,1.5945301961078433,2.780152311093137,1.4306837600103344,3.0089664267683336,1.5096266891529493
2024-05-06,5.53462651288023,1.6316777846981132,5.572523378034268,1.879488784662459,4.905819135897168,1.586383566892619,4.986895461829763,1.8589717879720618,3.383693141099524,1.5700711899745652,3.5887267910319096,1.626724634162015,2.8314253365360145,1.4570691794476167,3.071430122256409,1.5409653112701773
2024-05-07,5.434587199739781,1.6021849319341819,5.438728239453328,1.8343626460451736,4.840775717390179,1.5653506247079008,4.8580067000084135,1.8109257493401163,3.338500475938305,1.5491012915207303,3.551739394462608,1.60995871336159,2.794604365400607,1.4381208775070935,3.0399333376226836,1.525163078888129
2024-05-08,5.455881624817005,1.608462797343089,5.431156558913444,1.8318088858022183,4.884195095846957,1.579391050284236,4.870322159592327,1.8155165999199283,3.3564888460835642,1.5574480950108665,3.562730742095918,1.6149409527458796,2.8172094002337134,1.4497535697524613,3.05673244603161,1.5335913492013096
2024-05-09,5.5496590526529275,1.6361095672470576,5.486702817704405,1.8505434093466309,4.967742892792028,1.606407711203087,4.912717369456041,1.8313203198264367,3.3942385853981114,1.5749643932256505,3.60863908917189,1.6357506280013956,2.8491106815574962,1.46617016855942,3.096475912970536,1.5535310194737055
2024-05-10,5.516150424348858,1.6262308004915749,5.460039831914142,1.84155057443885,4.954538717690379,1.6021379071570399,4.910339690796974,1.83043398932645,3.3901650723431844,1.5730742379359046,3.597145363869121,1.6305406671498124,2.851362094926555,1.4673287599543345,3.0919465106921677,1.551258575851701
2024-05-13,5.444835521934513,1.6052062667282574,5.406813405835953,1.823598479117733,4.88053151763288,1.5782063673365279,4.852433374928368,1.808848173387641,3.3556241644870846,1.5570468731486817,3.564049871315839,1.6155388973994138,2.8192157567784153,1.4507860533735342,3.0609232202228487,1.5356938999346865
2024-05-14,5.534647466063586,1.6316839619611552,5.498225479176707,1.85442974800104,4.960692897846925,1.604127970385544,4.93554995436569,1.8398316534845003,3.4027312897856645,1.5789051023644038,3.612070070293648,1.6373058485113712,2.8543305131247227,1.4688563265168186,3.0978463969835976,1.5542186041621784
2024-05-15,5.751829427989109,1.6957119468100572,5.7153770612554835,1.9276701698712382,5.121265143580197,1.65605185197881,5.0904499305043975,1.8975739277718673,3.5002035262762785,1.6241333024270646,3.7139659870844777,1.6834939836400706,2.924539305490043,1.5049862099934197,3.1728198049656453,1.5918334664150657
2024-05-16,5.595850554067426,1.649727405148945,5.560157094512106,1.875317910964651,4.9995418468362525,1.616690466588626,4.970591611773977,1.8528941796642426,3.4214188684928506,1.5875763463912784,3.6345714445027917,1.6475054379089196,2.8626064698305136,1.4731151855765463,3.108495093770489,1.5595611552558628
2024-05-17,5.61353702286968,1.6549415994883885,5.570602480578507,1.8788409084707105,5.022199094798567,1.6240170892876618,4.983258651988975,1.8576160894329605,3.420639970206818,1.5872149289376787,3.6307122001584484,1.645756091076533,2.86118908312499,1.472385789516785,3.1039948203588295,1.5573033258595994
2024-05-20,5.663140102640516,1.6695652137695551,5.634649060030449,1.9004424020149826,5.057070204358315,1.6352932806091303,5.025568164724138,1.8733878639045782,3.448650042289789,1.600211913407816,3.6631526469847415,1.6604609368528767,2.8805977803134057,1.4823736264276006,3.126646735863656,1.5686680044091206
2024-05-21,5.693230908830697,1.6784363634071893,5.652533870658221,1.90647455275,5.07991928765075,1.642681936662193,5.033072194580363,1.8761851512962224,3.4657720569312507,1.6081567183241834,3.672450204998152,1.664675402745282,2.892715882263687,1.488609677450143,3.1338223716616955,1.5722680882172992
2024-05-22,5.61310144068335,1.6548131843595282,5.605250106611391,1.8905267857880979,4.999436209296851,1.6166563068179718,4.985091529902491,1.8582993338197937,3.423953838072339,1.5887526004244445,3.6312993960671758,1.6460222595829217,2.8533962928284606,1.468375570911882,3.096422843741733,1.553504394143672
2024-05-23,5.573464279543527,1.6431276487357898,5.552137026082783,1.872612919411892,4.97483193356654,1.6087000781816054,4.947296285769192,1.844210349380257,3.399032170351399,1.577188669871909,3.6100118213208416,1.6363728701872278,2.8353146207971776,1.4590706294431104,3.0813373463645757,1.5459358585637781
2024-05-24,5.754211471385639,1.6964142032826957,5.72732370302306,1.9316995076942154,5.125697021035925,1.657484978103417,5.092833182000428,1.8984623356658523,3.4817722243481857,1.6155809736713853,3.706199451345778,1.679973510852948,2.902049518582342,1.4934128250509628,3.160584271930652,1.585694784686577
2024-05-28,5.826409800072472,1.7176991822666403,5.7798246811923155,1.949406925493821,5.184533641575568,1.6765108421579253,5.1231638538001425,1.9097687413479998,3.48414655673032,1.616682690261265,3.7131018576687174,1.6831022846644792,2.8953818288229844,1.4899815902162967,3.156285464089575,1.5835380324574075
2024-05-29,5.878695377748119,1.733113630803487,5.82447417932635,1.9644662128742052,5.238322652843557,1.693904472292098,5.169447316410572,1.927021890506832,3.478960712216518,1.6142764008232806,3.706310736539044,1.6800239550287925,2.8875778731029556,1.4859656258146585,3.147008009882408,1.5788834466322084
2024-05-30,5.774100762314572,1.7022778174013018,5.742472205105863,1.9368087621266494,5.134950890239559,1.660477380723277,5.100424700548025,1.9012922363356908,3.456547323696364,1.6038763396718225,3.6931416289777936,1.6740545645103082,2.870579310772713,1.4772180593693365,3.1392165198061086,1.5749743829541258
2024-05-31,5.661342484840804,1.669035253342715,5.572569451436178,1.8795043242010636,5.085750965066659,1.6445677129135687,4.999603270080663,1.8637088948968383,3.4181739774808118,1.586070680930446,3.6507542135182023,1.6548408831905475,2.855181359295341,1.4692941772754666,3.1194427940670617,1.5650537192158749
2024-06-03,5.5930396177946635,1.6488987056405322,5.5553970621206,1.8737124574048272,5.017319625548324,1.6224392264233134,5.001208841535827,1.8643074059467626,3.37920068266985,1.5679866393789734,3.6209919411786733,1.6413500201623734,2.8202609568749093,1.4513239198774848,3.095015507828599,1.5527983205111544
2024-06-04,5.502495741164773,1.6222052274638894,5.476093793571634,1.8469652203429996,4.921189199437475,1.591353749352877,4.926470013660626,1.8364469116673985,3.3118080101175726,1.5367156909869648,3.5551320939394717,1.6114965812843038,2.7605371021163942,1.4205896508421934,3.0341885696684994,1.5222808749029089
2024-06-05,5.668268708989212,1.6710771916828173,5.6966077001591495,1.9213396798431666,5.0586148899299666,1.6357927820662777,5.125631299166277,1.9106885343051838,3.413074194551384,1.583704325023238,3.662631176258451,1.660224560743508,2.8403349428358053,1.4616541185498149,3.122222104000275,1.5664481250873665
2024-06-06,5.582684434948592,1.6458458669770564,5.635046378896004,1.900576408873472,4.975811209624357,1.6090167444513028,5.065514667732315,1.888278776033924,3.360811959388731,1.5594540675882835,3.607031198680745,1.63502179150219,2.792262889788965,1.4369159395191025,3.0670293358884844,1.5387573954572336
2024-06-07,5.526579086681086,1.6293053018354346,5.584505936079502,1.8835302362508648,4.938314224881831,1.596891429849241,5.031403765368378,1.8755632086749952,3.3303949163912323,1.5453402218868173,3.573981996374448,1.620041004537466,2.7717506106359493,1.4263601924300229,3.0439898837585018,1.527198286146652
2024-06-10,5.616388017679099,1.6557821087592475,5.673150642316641,1.9134281334672556,5.000774687737504,1.617089127544557,5.085199278238961,1.895616635002326,3.373202818973071,1.5652035640234339,3.62278837303587,1.6421643200870715,2.8020062038237183,1.4419299098338152,3.0798705341160186,1.5451999450957183
2024-06-11,5.568098403616313,1.6415457207546502,5.62501882674407,1.8971943374977893,4.962820986758438,1.6048161256527058,5.045441373258815,1.8807960268157957,3.3426159591343674,1.5510109214220027,3.5929336098905917,1.628631532142094,2.7785573018315493,1.4298629582727769,3.0575769582345393,1.534015048897497
2024-06-12,5.703002157608672,1.6813170509337414,5.7585176823772155,1.9422205464351632,5.0850209827699056,1.6443316601999212,5.161569043334167,1.9240850959621933,3.4078935924877256,1.5813004681403333,3.6733348270126474,1.6650763907576618,2.829544617019622,1.4561013494267567,3.125199517064171,1.567941921158305
2024-06-13,5.736275718976755,1.6911265169881788,5.781923597653358,1.9501148435555071,5.105929712360042,1.6510928684930861,5.166416176085432,1.9258919682149063,3.3952415917754952,1.5754297993221327,3.665641610660579,1.661589152724629,2.814714589955831,1.4484697247866174,3.1148468587417395,1.5627478953399405
2024-06-14,5.623211214485201,1.6577936733378562,5.666972920147651,1.9113445245267981,5.006910171780663,1.6190731450534335,5.065658900841243,1.8883325420056463,3.3321394071313946,1.546149684961065,3.5933305230298758,1.6288114478667772,2.7636127703586295,1.4221724089478507,3.0539925023775436,1.5322166937614365
2024-06-17,5.687384337048176,1.6767127202179004,5.749707681029055,1.939249127994462,5.05813107183685,1.635636330910819,5.134077187627105,1.913836919606863,3.3703277487101944,1.5638694994966993,3.6351883474306788,1.6477850722327694,2.794203997036213,1.4379148454437867,3.0881199502389975,1.549338754568097
2024-06-18,5.787503202072738,1.706229025881813,5.850860887271981,1.9733658653805493,5.154032965598735,1.6666479079957768,5.2265947506050825,1.9483248170942677,3.404237343571666,1.57960392804432,3.6714182390825076,1.6642076255991414,2.8209457923134384,1.451676340475548,3.117120237296303,1.5638884706916585
2024-06-20,5.676163250941057,1.6734046023388418,5.73551230611432,1.9344613422578434,5.063505126915722,1.637374126868749,5.132656083745257,1.9133071727845468,3.3616402425930025,1.5598384001923167,3.619731176224488,1.6407785312950733,2.7918706901038743,1.4367141111092336,3.079278909710731,1.5449031215804305
2024-06-21,5.621388915460069,1.6572564365740996,5.67643465640958,1.9145357587274172,5.016127214240788,1.6220536390930729,5.085047534666751,1.8955600693450145,3.350659407395501,1.5547431707295596,3.6032792268829716,1.6333210699634644,2.7843363589679426,1.4328368972041878,3.066653045364053,1.5385686069704285
2024-06-24,5.565228049127162,1.6406995040057413,5.609499536217731,1.8919600243309487,4.983432496002817,1.6114812224792232,5.040989680055617,1.879136563099984,3.343764928131337,1.5515440557947398,3.5949736934040035,1.629556276292389,2.78554878813248,1.4334608208320203,3.0676414178853064,1.5390644827381468
2024-06-25,5.642706486805499,1.6635411257951525,5.675272099474793,1.9141436540071255,5.041822604278387,1.6303626988792916,5.087834379578631,1.8965989253042554,3.3564884103090997,1.5574478928066762,3.611934913675492,1.6372445837194214,2.790752677264859,1.4361387747127774,3.0765452120851147,1.5435315998316368
2024-06-26,5.566241562454998,1.6409983005329642,5.6141748735692145,1.8935369121285424,4.9746490493755555,1.608640939337065,5.041092996416186,1.879175076479902,3.3356191445426,1.5477643217588433,3.5870901045067862,1.6259827447834556,2.771869160219582,1.426421198786898,3.0539439384255536,1.532192328771053
2024-06-27,5.62214947620541,1.6574806594858345,5.655483135997022,1.9074692746652329,5.012246680364427,1.6207987996867073,5.064562757624262,1.8879239312113074,3.350106143766288,1.5544864502621705,3.6023522765539564,1.6329008950594786,2.7776714370940243,1.4294070867406716,3.0596755091990624,1.5350679116069
2024-06-28,5.5970338155631865,1.6500762455795737,5.630299637681342,1.898975438133392,5.002014225761038,1.6174899541336758,5.060753986509481,1.8865041304347696,3.356565247200512,1.5574835459774885,3.606144816214713,1.634620005499317,2.786724543880834,1.4340658720906145,3.0667654248598146,1.5386249888178993
2024-07-01,5.603368780871894,1.651943873347589,5.678464056766377,1.915220230545916,5.008318277574872,1.6195284810188453,5.107644204567101,1.9039834606449495,3.358640260733338,1.558446375297655,3.606631847001071,1.634840770417879,2.78825201195081,1.4348519167087195,3.066166391139215,1.5383244479795979
2024-07-02,5.621146575179685,1.6571849915992807,5.690997274867942,1.9194474075821712,5.024220201585618,1.6246706499887595,5.117788017248602,1.9077647834622649,3.376332701286446,1.56665586417103,3.623765911706841,1.6426074260490218,2.8020410354429792,1.4419478344028438,3.0789513176399006,1.5447387655647309
2024-07-03,5.728128103814925,1.6887244971541602,5.798193273642013,1.9556022451286088,5.120731430978466,1.6558792665496753,5.210769154212283,1.9424254880533396,3.4254107477132245,1.5894286226753305,3.6796351196675157,1.6679322340304668,2.8413179673112294,1.4621599890904562,3.1250107503931015,1.5678472151482497
2024-07-05,5.6376028460662075,1.662036508058797,5.69556889773425,1.9209893147796897,5.036364047273424,1.6285975777258728,5.120047770431197,1.9086071547223766,3.3814326141903406,1.5690222803878329,3.633702043596352,1.6471113494330316,2.8040710758949556,1.4429925059106665,3.0855355113761345,1.5480421173410572
2024-07-08,5.701365393768635,1.6808345122854034,5.744718676578366,1.9375664472274934,5.095064812655936,1.647579510607466,5.157241559861458,1.9224719340761547,3.40498858905479,1.579952514290314,3.6573582356010066,1.6578344031858563,2.8219604505585467,1.4521984899518348,3.103455051621878,1.5570325188196736
2024-07-09,5.69051320110433,1.6776351488515013,5.712273248910931,1.9266233226719467,5.090009346924524,1.6459447361616206,5.128912073871383,1.9119115131436542,3.3789551975733936,1.567872731568354,3.6343365917332457,1.64739898210778,2.8037263796784146,1.4428151230826924,3.08774961930501,1.5491529560637358
2024-07-10,5.730945968626381,1.689555239283271,5.748744446203834,1.9389242502096273,5.139541700586898,1.661961900615265,5.170116384193019,1.9272712998119435,3.3944494729036983,1.575062247369937,3.669339091390806,1.6632651741490603,2.818129635069122,1.4502271283518087,3.123217209767628,1.5669473789878288
2024-07-11,5.758854722066099,1.6977830922161152,5.780984615292349,1.9497981455900106,5.168244082835324,1.671243324627903,5.198087423226613,1.9376981019861037,3.43625150080815,1.5944588524870207,3.7275463019373407,1.6896497692423726,2.8558980931571845,1.4696630130015864,3.1784712196719296,1.5946688341998907
2024-07-12,5.79151898435447,1.7074129292079079,5.824883730843241,1.964604345535216,5.193906492637347,1.6795417196704154,5.234015670794549,1.9510911235826631,3.4549846795223162,1.6031512554234757,3.7480438553524316,1.6989410519233792,2.8701620578437885,1.4770033384035648,3.1943608362925007,1.6026408039491797
2024-07-15,5.828620335639227,1.7183508760653403,5.891277624689048,1.9869975362654946,5.223465166142381,1.689100040637533,5.298172725370234,1.9750070358708711,3.505357616012889,1.626524857295828,3.7968539422409298,1.7210660492721688,2.9134858341501335,1.499298024538741,3.237828241806288,1.6244488091459408
2024-07-16,5.882811940316666,1.7343272454307412,5.9589432982914285,2.0098196701561504,5.277916042038262,1.706707696429829,5.368662908801454,2.001283757195912,3.5578425261138196,1.6508784383747248,3.8642948941408983,1.751636182970049,2.960619647635408,1.523553379625465,3.3023346848797073,1.6568122968936414
2024-07-17,5.536070595636255,1.6321035185298,5.610050526351781,1.892145861106707,4.95967015854085,1.6037972495041923,5.065234687596656,1.8881744074588511,3.387932932737284,1.5720385003731043,3.682137827066416,1.6690666797587008,2.8239140487570853,1.4532038237981435,3.1492678554918077,1.580017232378359
2024-07-18,5.484820155841991,1.6169942417116265,5.562949474612611,1.8762597189617447,4.922821993977294,1.5918817424064995,5.02596376419865,1.8735353320574752,3.351238169205108,1.5550117226357845,3.6487017796339045,1.6539105407727523,2.7992293177464607,1.4405009068981562,3.1250869497213607,1.5678854450662072
2024-07-19,5.4974943802746035,1.6207307631185992,5.563851308521045,1.8765638875764894,4.928205647167411,1.5936226420838147,5.012753668661255,1.8686109868193614,3.35111583645435,1.5549549588810507,3.6455898677249006,1.6524999503164461,2.7979292814799157,1.4398319001079347,3.1206166401655095,1.5656426488175508
2024-07-22,5.551812271876943,1.6367443634641543,5.634504286406466,1.9003935730762564,4.981305909021702,1.6107935528878752,5.083229307991153,1.8948822865200183,3.406746704015814,1.580768299154325,3.708545207259675,1.6810368124507196,2.8499166096012467,1.4665849041691659,3.1814747302790174,1.596175723653118
2024-07-23,5.605926048972066,1.6526977882755178,5.700745725078843,1.9227353440512136,5.032525949444597,1.6273564607676003,5.149905266196423,1.9197371739320996,3.433062253008243,1.592979006094479,3.741798369776805,1.6961100520089905,2.8712131803256904,1.4775442526040699,3.2089126407182325,1.6099415807677546
2024-07-24,5.307147191428302,1.5646140082305404,5.395260405017991,1.8197019076736112,4.7741761324348975,1.5438144685210897,4.887795531085986,1.822030172321052,3.287144707774138,1.5252716448384775,3.590279145082909,1.627428296692695,2.7556858716910195,1.4180931773367815,3.0843032627491125,1.547423886642809
2024-07-25,5.211251810022233,1.5363428388695557,5.327107216521198,1.7967153458004714,4.679116584916781,1.5130752790235529,4.841413493775544,1.8047402773375416,3.239183457696775,1.5030170922412036,3.5616507217449707,1.6144513931297313,2.7149132988020352,1.3971113564295765,3.062340708132021,1.5364050669188707
2024-07-26,5.348838318152451,1.5769050788450643,5.435701040395628,1.8333416388116632,4.799190337167024,1.5519032549656553,4.913076271824325,1.8314541083492522,3.3150792915062524,1.5382336018755964,3.6381509082883063,1.649127963739402,2.7773536869716433,1.4292435705412114,3.1264515983888006,1.5685701021070293
2024-07-29,5.292432093361247,1.5602758115049276,5.391518806681419,1.818439949376941,4.749416334036469,1.5358079488735485,4.884148005859434,1.820670479393061,3.2867151720743495,1.5250723355042146,3.606975145261498,1.6349963831935548,2.75639056066567,1.4184558146886521,3.1026012699494974,1.5566041685436884
2024-07-30,5.163634183212396,1.5223045611926718,5.254260589258465,1.772145790923324,4.64096684232465,1.5007388836015318,4.762154757882575,1.7751948908133777,3.23490587461381,1.501032246192456,3.5619865167868636,1.6146036047909935,2.7203517268456547,1.3999100055003295,3.0732835116695094,1.5418951741289049
2024-07-31,5.491466269600629,1.6189535999717206,5.547948143376415,1.8712001019981663,4.9264911623387215,1.593068233027432,4.995319764729843,1.8621121267949694,3.365529311856632,1.5616429715148372,3.6952189207954342,1.6749961747160635,2.8190662816049503,1.450709132514793,3.176766519743307,1.5938135702506635
2024-08-01,5.296679458346199,1.56152798833625,5.3476350803671355,1.803638939880596,4.744841023818166,1.534328441223004,4.806063391601981,1.791562771784122,3.2457533885208965,1.506065613096061,3.56389467552671,1.6154685491037661,2.7235302236840733,1.4015456798444377,3.067122476459882,1.5388041249558317
2024-08-02,4.941584911619945,1.4568416319918265,4.991765500719261,1.6836120080264916,4.436685118928215,1.4346807677119129,4.494378674917903,1.675375637024098,3.0776146066773915,1.4280473513088463,3.39003308322482,1.5366592800786383,2.588486681128844,1.3320514285916836,2.9211906907391367,1.4655887787957917
2024-08-05,4.816806051346297,1.4200552483334814,4.844911199596736,1.6340813029553911,4.316522406327782,1.3958240248638691,4.341723258705288,1.6184700703860002,3.000071695376592,1.3920665794293439,3.3019558038138244,1.4967349591507029,2.5243409449385577,1.2990416317272573,2.843276726192981,1.426498611723731
2024-08-06,4.980916516618968,1.4660875864695448,5.011771853167981,1.6876551323236955,4.472188955649529,1.4438477040752236,4.503780283326903,1.676194078887908,3.1017269929952684,1.4369329890780191,3.4038020405327996,1.540431934008945,2.6134285258714613,1.342734839173036,2.9348944417046696,1.470108136709402
2024-08-07,4.81140173470656,1.4660875864695448,4.834024558312041,1.6876551323236955,4.355300113200133,1.4438477040752236,4.374116293948182,1.676194078887908,3.0156893747137583,1.4369329890780191,3.2938280806254854,1.540431934008945,2.5551758095514723,1.342734839173036,2.8502773451698777,1.470108136709402
2024-08-08,5.112336494754332,1.4660875864695448,5.1324356768841985,1.6876551323236955,4.651316602951314,1.4438477040752236,4.66985752458251,1.676194078887908,3.1693775008764633,1.4369329890780191,3.4603109300975126,1.540431934008945,2.6853469187486385,1.342734839173036,2.9992873127836455,1.470108136709402
2024-08-09,5.168009359087328,1.4660875864695448,5.194756047908676,1.6876551323236955,4.703890661469872,1.4438477040752236,4.726441502978225,1.676194078887908,3.1993182673106517,1.4369329890780191,3.5012751873133,1.540431934008945,2.711298810046005,1.342734839173036,3.033198550681945,1.470108136709402
2024-08-12,5.2230307191675385,1.4660875864695448,5.217474698741705,1.6876551323236955,4.744667430148079,1.4438477040752236,4.742306984032894,1.676194078887908,3.2226321663603,1.4369329890780191,3.5200610175445513,1.540431934008945,2.7256910223963646,1.342734839173036,3.042654304757559,1.470108136709402
2024-08-13,5.39892456844973,1.4660875864695448,5.4106017081889854,1.6876551323236955,4.894432141428784,1.4438477040752236,4.907414815592685,1.676194078887908,3.3091655811447547,1.4369329890780191,3.611830072289812,1.540431934008945,2.794075052965417,1.342734839173036,3.1183564778771724,1.470108136709402
2024-08-14,5.4247177986616215,1.4660875864695448,5.431208704430417,1.6876551323236955,4.91913867006894,1.4438477040752236,4.925595760176687,1.676194078887908,3.3206174721914254,1.4369329890780191,3.6286253327990807,1.540431934008945,2.803855563137854,1.342734839173036,3.1367338941783633,1.470108136709402
2024-08-15,5.646140113855336,1.4660875864695448,5.656158209432019,1.6876551323236955,5.109484930879515,1.4438477040752236,5.11787621443792,1.676194078887908,3.4259904667125767,1.4369329890780191,3.7390451089820935,1.540431934008945,2.8822662306717564,1.342734839173036,3.220229382480779,1.470108136709402
2024-08-16,5.6791637223118725,1.4660875864695448,5.67429817632397,1.6876551323236955,5.135952390932185,1.4438477040752236,5.129144488713117,1.676194078887908,3.426839644052841,1.4369329890780191,3.7515702381709644,1.540431934008945,2.8809246451139403,1.342734839173036,3.2303065277817664,1.470108136709402
2024-08-19,5.734999559150896,1.4660875864695448,5.727495403255377,1.6876551323236955,5.175710771284795,1.4438477040752236,5.169685906051876,1.676194078887908,3.458658100023166,1.4369329890780191,3.785849721487191,1.540431934008945,2.902478567252168,1.342734839173036,3.255233224935054,1.470108136709402
2024-08-20,5.663237919357021,1.4660875864695448,5.636457127026167,1.6876551323236955,5.106186385689832,1.4438477040752236,5.085552841695997,1.676194078887908,3.434075588155515,1.4369329890780191,3.744675102414828,1.540431934008945,2.8850112485823223,1.342734839173036,3.220619810437459,1.470108136709402
2024-08-21,5.781403306523925,1.4660875864695448,5.777680503925841,1.6876551323236955,5.21356243313901,1.4438477040752236,5.213776302956703,1.676194078887908,3.498085003542019,1.4369329890780191,3.8087828911742783,1.540431934008945,2.9371802052603484,1.342734839173036,3.2727410268518033,1.470108136709402
2024-08-22,5.67510145822019,1.4660875864695448,5.662658172128269,1.6876551323236955,5.124767133344875,1.4438477040752236,5.116387120176641,1.676194078887908,3.438590888382951,1.4369329890780191,3.7512510322194967,1.540431934008945,2.89304857282343,1.342734839173036,3.227846890697026,1.470108136709402
2024-08-23,5.855460569528727,1.4660875864695448,5.8401061729877135,1.6876551323236955,5.27726750576777,1.4438477040752236,5.269933484326457,1.676194078887908,3.533921204789852,1.4369329890780191,3.872049984857186,1.540431934008945,2.966963731244033,1.342734839173036,3.32385160876256,1.470108136709402
2024-08-26,5.779809577557394,1.4660875864695448,5.7375752805362845,1.6876551323236955,5.22056736321518,1.4438477040752236,5.186854000085724,1.676194078887908,3.484434569311879,1.4369329890780191,3.8311690163155765,1.540431934008945,2.9309051397942127,1.342734839173036,3.2950087920366715,1.470108136709402
2024-08-27,5.811564960854929,1.4660875864695448,5.76769731651003,1.6876551323236955,5.258270181668278,1.4438477040752236,5.22034338888153,1.676194078887908,3.4963111704780903,1.4369329890780191,3.8342491963750827,1.540431934008945,2.941653821558912,1.342734839173036,3.301301792305942,1.470108136709402
2024-08-28,5.594858474843577,1.4660875864695448,5.566616515248047,1.6876551323236955,5.0830005252519745,1.4438477040752236,5.056517953492073,1.676194078887908,3.4121956525514405,1.4369329890780191,3.7484834699890413,1.540431934008945,2.8826691187972644,1.342734839173036,3.242980745877975,1.470108136709402
2024-08-29,5.618835725045069,1.4660875864695448,5.590256484328519,1.6876551323236955,5.112982345183519,1.4438477040752236,5.086535652695015,1.676194078887908,3.4387403911097425,1.4369329890780191,3.7812359719622717,1.540431934008945,2.904680290457194,1.342734839173036,3.2730420017395176,1.470108136709402
2024-08-30,5.695966592855144,1.4660875864695448,5.674935707203815,1.6876551323236955,5.192399954044155,1.4438477040752236,5.17182421769945,1.676194078887908,3.483508704038066,1.4369329890780191,3.8334005112286587,1.540431934008945,2.944588569433632,1.342734839173036,3.319849504978103,1.470108136709402
2024-09-03,5.383370718835307,1.4660875864695448,5.384704613363108,1.6876551323236955,4.925676561401019,1.4438477040752236,4.923832531689697,1.676194078887908,3.2965750363740582,1.4369329890780191,3.621929057591723,1.540431934008945,2.797583441094919,1.342734839173036,3.149499282985014,1.470108136709402
2024-09-04,5.355910460173843,1.4637418463311935,5.36263101839341,1.6849548841119775,4.914959988196036,1.4415375477487031,4.919672969974787,1.6735121683616874,3.295325978596449,1.4346338962954943,3.615961282738351,1.5379672429145306,2.8009075110030364,1.3405864634303593,3.1469231915548264,1.467755963690667
2024-09-05,5.333161896908535,1.4568479716800091,5.331416681928523,1.67402643219048,4.899627883077321,1.436581664831188,4.894836853685641,1.6640852840513345,3.2774200494711883,1.4265059031889868,3.5942480413901063,1.5279072449627564,2.783893917297379,1.3322449091832995,3.1262209093436577,1.4575358462756751
2024-09-06,5.099213662532005,1.3919895471670511,5.1208127694773475,1.607550327409746,4.697719888758286,1.3765276075842976,4.712289056767265,1.6018458865236749,3.176960161872846,1.3834487010236343,3.48076627897741,1.479880391086715,2.7096867852197732,1.2975042367090939,3.0355457771373944,1.4154516808139963
2024-09-09,5.200882330451175,1.4197431837831738,5.211044609826048,1.6358763434203127,4.781774585388011,1.4011573456695376,4.783885109178853,1.6261834941418107,3.2295322755232214,1.4063419129727595,3.5334720417376837,1.5022887398682132,2.7479676608195476,1.3158346203337135,3.0738475856933767,1.4333115199595967
2024-09-10,5.198892801885305,1.4192000798556348,5.201421005345363,1.632855254927096,4.7823408707276105,1.4013232788077807,4.7819284461018565,1.6255183667136242,3.21244116682249,1.3988993669771115,3.5239626510316615,1.4982457333262278,2.731880252777502,1.3081313388304503,3.06334907536731,1.4284161452302828
2024-09-11,5.337547923983217,1.45705032371571,5.342984614958061,1.6772955883715512,4.884701453719964,1.4313170144399492,4.8889018424766055,1.6618817758521776,3.265887045386133,1.4221730712436293,3.6110399696066127,1.5352674710527097,2.764901406881071,1.323943161652227,3.1236640826060533,1.4565405698452514
2024-09-12,5.512739507390151,1.5048743352188896,5.5332339310485965,1.73701957441411,5.017830451733163,1.4703265223447817,5.039800319443276,1.7131766140295228,3.3410875964878293,1.4549201311490243,3.705990862271686,1.575636732562707,2.8158140674542436,1.3483221390145361,3.192888232524892,1.4888192592636469
2024-09-13,5.633271721788708,1.5377773656944504,5.676110462502203,1.7818720666369128,5.111159683637085,1.497673888163212,5.159085595842124,1.7537251939278486,3.407939000594686,1.484031446198917,3.7895079237353144,1.6111447936260654,2.868266944665189,1.3734386324705374,3.2618152626260075,1.5209594039931218
2024-09-16,5.655044463746463,1.5437209152736833,5.694732605037339,1.7877180197457354,5.1346301161267185,1.5045512029135517,5.182830073680594,1.7617966415183954,3.4127007489752743,1.48610501158094,3.8018370453213004,1.616386635166711,2.8751598724882967,1.3767392364748803,3.273844417052812,1.5265685063102172
2024-09-17,5.686992062102131,1.5524420095268896,5.721636917761694,1.7961639518029608,5.1703730425697065,1.5150246083505947,5.209311251692351,1.770798374128053,3.431431376317035,1.4942615073331686,3.827770412088644,1.6274124489898476,2.8885228973712747,1.3831379765416245,3.291080705327636,1.5346056551462994
2024-09-18,5.711125108927432,1.5590298779994252,5.752879205836926,1.805971682076507,5.19004444537019,1.520788730025788,5.2357863721476665,1.779798047595805,3.4465828907769533,1.5008594317420658,3.842063551416409,1.6334893110721935,2.900819729312791,1.389026181639441,3.3035234213052145,1.5404075980380862
2024-09-19,5.890795447355995,1.6080765054953863,5.938030082187607,1.864095141241392,5.342565279152821,1.5654804407716714,5.39085372027496,1.832510007906288,3.5420585245742164,1.5424355406090924,3.953247194854553,1.6807600786406571,2.975007783690109,1.4245503298151014,3.390672556057779,1.5810445702083191
2024-09-20,5.989528671818951,1.6350288211867996,6.0216139466892376,1.890334192500336,5.41582302345071,1.5869464519182088,5.451856728757053,1.8532467277945301,3.5746085740318834,1.5566098838007048,4.012717936614154,1.7060446216175762,2.9921642082085977,1.432765498306508,3.4322070900065125,1.600411804375021
2024-09-23,6.046556461844727,1.6505963366641763,6.087623505975155,1.911056232812908,5.457802593838553,1.5992473210551013,5.506947641487539,1.871973752151288,3.609691774954922,1.571887320807065,4.054476192577829,1.7237985353290073,3.0176992360262087,1.444992670450002,3.4629583948183846,1.6147509016177701
2024-09-24,6.100894214674301,1.6654295225161606,6.149537779992608,1.9304926613543596,5.514469482182822,1.6158518734952005,5.573910387843804,1.8947363625321323,3.618495817313932,1.5757211557765742,4.070705096910609,1.7306984060373496,3.0228843544619317,1.4474755083834814,3.4734273208093063,1.6196324813988339
2024-09-25,6.092231760057418,1.6630648351197277,6.134129875239979,1.925655737325927,5.503857584907159,1.6127423714570406,5.554091905917462,1.887999476622032,3.605776024058114,1.5701821560534328,4.057661904865523,1.7251529707516549,3.0119467089039764,1.4422381349983069,3.459373378628813,1.6130792361039457
2024-09-26,6.020351001846362,1.6434427383232284,6.083212358705797,1.9096714641138117,5.45336831686591,1.5979479875875768,5.527132302185833,1.8788351130145409,3.5870454072745885,1.5620256648989237,4.047935481245255,1.721017690633029,2.9995011845303035,1.4362787301360953,3.4521856010903287,1.6097276306447919
2024-09-27,6.084196117231484,1.660871255568304,6.160740073861208,1.9340093396604963,5.485787364756186,1.6074474289100258,5.573231609648843,1.8945056258251176,3.607270965389194,1.570833147736428,4.064581531924479,1.7280949150183602,3.0106385873910764,1.4416117551471823,3.4604795449468226,1.61359503296192
2024-09-30,6.083287537342863,1.660623230325311,6.153948757771821,1.9318773768462902,5.496030479119555,1.6104488700437474,5.5790105430771355,1.8964700555596024,3.629296766386784,1.5804245697960475,4.084921336584186,1.736742573511327,3.035571806443633,1.453550757666569,3.4815851328387373,1.6234364064905875
2024-10-01,5.978543026691579,1.6320299464193926,6.0476456667377745,1.8985061960417449,5.42052480853849,1.5883241707119036,5.50281666439085,1.8705695113269367,3.591625595561422,1.5640201675722365,4.050581679592596,1.7221427466498052,3.0104168418783077,1.4415055747045358,3.4587675489247434,1.612796742366124
2024-10-02,6.009663389160747,1.6405252208142331,6.083395712222601,1.9097290233371693,5.444569401119312,1.5953697260630901,5.528458803160208,1.8792860297778533,3.609991772775198,1.5720179587671348,4.072100192235244,1.731291543883775,3.021893619941732,1.4470011058641838,3.471477954371817,1.6187235068014973
2024-10-03,6.039916551433314,1.6487837658447335,6.116057900837797,1.9199824956600087,5.463859441167746,1.6010221006845775,5.55194868137415,1.8872709314548657,3.6004750617828947,1.5678737829545686,4.073991829682921,1.732095791265385,3.0040415019416313,1.4384528120666475,3.4681137915251097,1.617154823505147
2024-10-04,6.144615442712568,1.6773645965189943,6.219820845924552,1.9525562615554246,5.5582065760303045,1.6286677328018897,5.647632734975379,1.9197967603716903,3.6704242680232766,1.5983340763105434,4.155720854687103,1.766843651877807,3.060348059129039,1.4654145985371958,3.534979089190754,1.6483335982354752
2024-10-07,6.036721494570173,1.6479115753364642,6.110749098037558,1.918315930592341,5.455807723975645,1.5986627835550253,5.543019586629925,1.8842356690772581,3.620013485571553,1.5763820441958856,4.1054387311323355,1.745465736009017,3.0168356403785554,1.4445791470059843,3.4875217696154377,1.6262046146221378
2024-10-08,6.128661806502211,1.6730095535037728,6.183678428797731,1.9412102590552147,5.53430358110996,1.621663668449194,5.603169880979538,1.9046825263087235,3.660271938769031,1.5939131122431571,4.150854277626745,1.7647745810508355,3.0496581326794305,1.460295842770245,3.5239222762610978,1.6431778912902522
2024-10-09,6.109949603466591,1.667901473561675,6.172679915750972,1.937757552610893,5.532193403662447,1.6210453434783179,5.614416715951151,1.9085056568761951,3.663052621495453,1.5951239967710773,4.160139090266552,1.768722106124136,3.057479406617381,1.4640409752801375,3.5354412962963426,1.6485491218587442
2024-10-10,6.096041002120075,1.6641046866507205,6.159801272586259,1.933714626620818,5.516288519869197,1.616384888586314,5.601676133149287,1.904174757411577,3.636169356424736,1.5834173286838604,4.137791993066261,1.7592210284033605,3.0314831768695614,1.451592961576029,3.512633202935078,1.6379138831061242
2024-10-11,6.221418260101359,1.6983303230159472,6.273258351808908,1.9693316220201518,5.6302167742319,1.649768187532986,5.692904580955873,1.9351859946452223,3.716957180766431,1.618597439528611,4.229003457032166,1.7980004367711957,3.095539509920744,1.4822656444762472,3.584520349521522,1.6714343074169893
2024-10-14,6.294878429900909,1.7183835695087237,6.362031605180293,1.9971997513477873,5.688660684703712,1.6668934436497145,5.755828121436274,1.956575559943489,3.7524576170970314,1.634056567130131,4.272726444044225,1.8165896742933128,3.1205385217168504,1.494236151139939,3.617511630812014,1.6868178884871696
2024-10-15,6.316547873378692,1.724298920543264,6.375563455504423,2.0014477352906237,5.708342707097208,1.672660677081953,5.767024290455032,1.9603814676608375,3.751835702256862,1.633785746208892,4.263032002287988,1.8124679915637845,3.121438515340583,1.4946671033614916,3.6132497582825676,1.6848306100607813
2024-10-16,6.395487349517461,1.7458479147443524,6.495815640075323,2.0391978830466444,5.768923627366953,1.6904121205947356,5.868696490328336,1.9949428439216967,3.7926804382946253,1.6515721187587395,4.316012891773806,1.834993313050013,3.15119706042012,1.5089166611072833,3.650553580198989,1.7022250957015734
2024-10-17,6.37512251337082,1.7402886970057057,6.469888197708648,2.0310586148597896,5.741911285494678,1.6824969542559185,5.844067118596519,1.986570594825556,3.761441962172569,1.637968917267054,4.293908789573149,1.8255955469296927,3.1273254921612748,1.4974860185984555,3.6323437557538747,1.6937339944267074
2024-10-18,6.420520341834453,1.752681451431705,6.558971989525023,2.0590242299189656,5.7488571303000935,1.6845322282524648,5.88626419525934,2.000914624417415,3.7801050603365502,1.6460960065588555,4.306795199481494,1.8310743248212287,3.1297858984345894,1.4986641575557202,3.6315191524617427,1.693349488245104
2024-10-21,6.419625844722089,1.7524372705221012,6.552183931340917,2.0568932898421517,5.751968886317747,1.6854440361439096,5.891503774676971,2.0026957118329234,3.7613881750966405,1.6379454949839483,4.289740478626311,1.8238233504821943,3.1127591465672477,1.490511081412095,3.6120704971930992,1.6842807296722924
2024-10-22,6.36718636251774,1.7381222768940328,6.481422733692949,2.034679592218815,5.723017885221223,1.6769608031670067,5.842114033399726,1.985906683624264,3.7379234677613984,1.627727482409406,4.257068492385559,1.809932549463014,3.0978126814430147,1.4833541280961997,3.5904283342873966,1.6741891553359587
2024-10-23,6.325592526358491,1.7267679409136294,6.4060080212111945,2.0110050406975866,5.697160827864704,1.669384158721408,5.78967339405164,1.9680805652740394,3.7067130631447784,1.6141365050205572,4.220283937359261,1.7942932512983993,3.076418807402003,1.4731099026900583,3.5673384793154486,1.6634225333083985
2024-10-24,6.283784021428577,1.7153550043911332,6.382570425647937,2.0036473972691855,5.642240008985909,1.6532912401975282,5.752017097241308,1.955280080537068,3.7039183490800696,1.6129195103635408,4.216811666240927,1.7928169827044418,3.0702068777434492,1.470135387298067,3.5611708251361227,1.6605466035363754
2024-10-25,6.275147869293748,1.7129974970782391,6.369385052207589,1.9995081810265236,5.614626175266555,1.6451998244967123,5.718799054383159,1.9439882890807956,3.697346833833336,1.6100578584168284,4.209990999475709,1.7899171123336717,3.0587454365009616,1.4646472000093966,3.5480231463308547,1.6544159418926334
2024-10-28,6.35416117893113,1.7345666464375726,6.472684125885478,2.0319363261643053,5.686414654412786,1.6662353110287533,5.81021183467637,1.9750621863575526,3.7489227753478267,1.6325172742283987,4.269264543232936,1.8151178147325444,3.0980396957482057,1.483462831443164,3.5948523361116345,1.6762520334072442
2024-10-29,6.32963381349577,1.7278711363913015,6.435446902871653,2.0202466369015957,5.698293390963395,1.6697160227766508,5.808530964744148,1.9744908091448483,3.758071035423818,1.636501003288223,4.2919565260753245,1.8247655238149223,3.1089874114808507,1.488705026822672,3.618358241613383,1.6872126566012986
2024-10-30,6.295710914519832,1.7186108221724496,6.3788796786652355,2.0024887801145432,5.657741691593987,1.6578335489301308,5.7634600922506705,1.9591698916807487,3.732737652389107,1.625469251529886,4.267522929796055,1.8143773514645376,3.0862765229608864,1.4778301632647084,3.5992796877352773,1.6783164734642633
2024-10-31,6.250412220301902,1.7062451295334076,6.212729441939912,1.9503300936968284,5.638549274421925,1.6522097797997406,5.616757491800029,1.9093013555524925,3.6408879402683056,1.5854720975057668,4.1657909591070865,1.7711250511080088,3.018303676915322,1.4452821004382732,3.51612359029241,1.639541423922288
2024-11-01,6.238261930641899,1.7029283286850634,6.181696474199941,1.940588074275959,5.624493576380479,1.6480911739960569,5.569822656747626,1.893346822297494,3.6308909343255733,1.5811187709983783,4.167540067653037,1.7718687009918481,3.0087378609087057,1.4407016128100116,3.5148113497892624,1.6389295362545744
2024-11-04,6.253345382213659,1.7070458276393363,6.216430390911906,1.9514919135093236,5.648227240119315,1.6550456208637407,5.61405297788715,1.9083820115915848,3.663936107307078,1.5955087221803326,4.199927218510136,1.7856384015793485,3.0428611207965424,1.4570411670774255,3.555264425884351,1.6577924949304559
2024-11-05,6.404709159639469,1.748365295686852,6.390531299942991,2.0061465134555387,5.777768542800699,1.6930038609644487,5.766644711675985,1.9602524376504744,3.756777875173608,1.6359378798062727,4.329322640369026,1.8406520773500825,3.11042508446433,1.4893934409955725,3.651899922752981,1.702852884893669
2024-11-06,6.741993892661272,1.8404376923065786,6.741735047901573,2.1163980937092677,6.051955144647657,1.7733461197643503,6.072808615360218,2.064326568887037,3.9547275173955723,1.7221376309667145,4.550503993725327,1.9346894017412444,3.270672470356316,1.5661261701252032,3.8192096463009553,1.7808681239311226
2024-11-07,7.10717311091715,1.9401247594302593,7.103033415793966,2.229818625906797,6.366540387732765,1.8655260032609229,6.375096240906481,2.1670830389794036,4.088763469123652,1.7805053327509777,4.682981894406712,1.9910136222598123,3.371554511734584,1.6144324455257921,3.9185621916185487,1.8271954527173004
2024-11-08,7.500538190797555,2.047506037339325,7.536038900251776,2.3657498031721227,6.625358071060161,1.9413648559102108,6.674758259610074,2.2689469879488304,4.223897208674158,1.8393510805476394,4.818894768370755,2.048798253848095,3.456004518606442,1.65487041876463,3.99043402651865,1.8607087373064284
2024-11-11,7.516848138367333,2.051958346662779,7.565015950896391,2.3748464191485485,6.632693603071823,1.9435143161950894,6.7007080499994025,2.2777680862495817,4.2622779763743335,1.8560644859772495,4.8798440253147595,2.074711401406292,3.4869035090717966,1.6696660664599703,4.033993858267506,1.8810203522816562
2024-11-12,7.298005851655002,1.9922185130841175,7.36663157385524,2.3125686354017256,6.462954404345355,1.89377727382793,6.5568817603331455,2.228877292900435,4.1745369988806775,1.817856533986884,4.784549788610161,2.034196163961466,3.424604774662304,1.6398349906770269,3.971179071852003,1.8517302998365766
2024-11-13,7.193659887521287,1.9637340248912698,7.279520858319446,2.2852224179974994,6.3694567755861815,1.866380564301111,6.479396099942945,2.202537634007404,4.128170446030676,1.7976656143521024,4.729016974565103,2.0105858678426203,3.3882295872456525,1.6224171252463682,3.9348129127908007,1.8347730391832813
2024-11-14,7.032193265629741,1.9196566700746054,7.131190085218932,2.238657703840413,6.2242868323901615,1.8238428142153806,6.337882435305306,2.154432970041352,4.059298674283498,1.7676745038860961,4.6460985565293935,1.9753323256406938,3.329053182214632,1.5940811431469697,3.8642838524123917,1.801885880040193
2024-11-15,6.931773571654673,1.8922439798847221,7.071035204490503,2.2197735925550575,6.1397605656427725,1.799074896481024,6.291164755071881,2.1385522541072617,4.037146933800354,1.75802823983639,4.6230029916510125,1.965513029874984,3.311961288992892,1.5858968747696975,3.8405452793317827,1.7908167657411616
2024-11-18,7.044525088023622,1.9230230259494208,7.15727740613242,2.2468471618744363,6.22772510151523,1.8248502970975093,6.359338352567842,2.1617264684652713,4.08240200490366,1.7777351502610066,4.683526736144243,1.9912452668285636,3.343616681232445,1.6010547172810705,3.8788567877076843,1.8086811278382893
2024-11-19,7.300850977226344,1.9929951789227707,7.3754773243446445,2.3153455362054784,6.445269462844806,1.8885952257726015,6.544961352053245,2.2248251949202786,4.180773558874456,1.8205723253039403,4.78944314185198,2.0362766189328223,3.4136946104276205,1.6346107764265423,3.958407821942987,1.8457751640959252
2024-11-20,7.16351638085017,1.9555054137802146,7.162745315516268,2.248563674450847,6.362588256466746,1.8643679483054774,6.38426546422854,2.170199928135421,4.135785904761837,1.8009818650925937,4.749935771868594,2.019479690482057,3.389179372717028,1.6228719197561237,3.942021656072781,1.838134420807596
2024-11-21,7.412170382205887,2.023383285478683,7.405168479555255,2.324666327343262,6.553390396486274,1.9202768614681278,6.564934716243637,2.2316147298751576,4.23411508392442,1.8438005874731107,4.842684382716008,2.0589126312464523,3.4601259464738994,1.6568439199635456,4.010742739551883,1.8701785342090373
2024-11-22,7.465706558073181,2.03799765587664,7.475266872917091,2.346671954237373,6.618515702390097,1.939359902528858,6.631663632016241,2.2542978543513663,4.288836681095816,1.86762982003109,4.906392175457193,2.0859985961405956,3.509232138072891,1.6803578891779507,4.071754079712873,1.8986276535173372
2024-11-25,7.352727495864601,2.0071564940719027,7.411626042071817,2.3266935166206446,6.514739173590257,1.9089512659360104,6.5874949723350475,2.2392836256036683,4.291449259062897,1.8687675011510045,4.921218601333258,2.0923021899947436,3.514435377353101,1.682849404082002,4.089313752818798,1.9068155942163443
2024-11-26,7.416870014133625,2.0246661967179214,7.388880874375323,2.3195532434992696,6.5879413457216165,1.9304009933058957,6.590453668589017,2.240289373631177,4.312173804864493,1.8777922746790492,4.9369459691604245,2.0989888277593645,3.5328832439058218,1.6916829656364072,4.107981109438283,1.9155200392299592
2024-11-27,7.328987527838964,2.0006759287281555,7.28498980170873,2.2869392551739014,6.509797185812847,1.9075031628619574,6.493692243951728,2.2073973145570793,4.261453209467154,1.855705330480093,4.8871667360662965,2.0778247204809586,3.4927656139576,1.6724730720396745,4.065876348529267,1.8958869126114126
2024-11-29,7.3934401220359245,2.0182702762780913,7.372627174179158,2.3144508032718694,6.562200561660981,1.9228584193041713,6.571801341721383,2.233948898183452,4.289967446871124,1.868122226722804,4.903974732552442,2.084970797643201,3.5144356667751,1.6828495426685983,4.0768957981217735,1.9010251973194972
2024-12-02,7.278197438694188,1.98681118842345,7.266289880273254,2.2810688853362633,6.485042502877367,1.9002495365741858,6.501422496088509,2.210025055011436,4.260356846112851,1.8552279047708993,4.887501116633337,2.07796688551149,3.4946918709409696,1.6733954393813708,4.0750569837495565,1.9001677723010821
2024-12-03,7.339134361651013,2.0034458237625596,7.288348477916048,2.287993627063638,6.5446265103779195,1.9177088643411084,6.53287382914591,2.220716289754631,4.283567371069546,1.8653352303164885,4.907246537019141,2.086361835962258,3.5104135198341817,1.6809235810685434,4.084208555718776,1.9044350800200054
2024-12-04,7.445540128638657,2.032492599443566,7.430358506137422,2.332574102398227,6.64720637351161,1.9477668535208477,6.673761253587146,2.268608076227282,4.3323952766426075,1.8865979780680788,4.983551348138118,2.11880354122772,3.547438396245321,1.6986525430537902,4.144381127186975,1.9324930879291737
2024-12-05,7.359087707633473,2.00889271241574,7.330074446836766,2.301092445165287,6.57569655518666,1.9268130202850284,6.5846840425906885,2.2383281077663564,4.27608735381218,1.8620779593306802,4.926088990872762,2.0943728817329372,3.500182439562212,1.6760245388355453,4.101251369986662,1.9123820134126648
2024-12-06,7.39480944192455,2.0186440748866272,7.325928351932975,2.2997908829875455,6.584267954559437,1.929324614878076,6.565557533813515,2.231826443916964,4.282166015875911,1.8647249919365514,4.941374015082146,2.100871452964611,3.498481408869906,1.6752100186695695,4.108027100552603,1.915541484533323
2024-12-09,6.9820050909034315,1.9059562410998887,6.943102974876661,2.1796124878906182,6.242209713070659,1.8290945832966283,6.243026255762894,2.1221885599084134,4.114773796407036,1.7918318687035661,4.755650812224577,2.0219094934275064,3.3634975250166534,1.610574444498277,3.9603395273308313,1.8466759034814597
2024-12-10,6.832948856557364,1.8652666889686722,6.795352362689045,2.13322990065507,6.14376469957284,1.8002481892761928,6.136415140344832,2.0859483007407635,4.055980310766114,1.7662294792513056,4.678333540409281,1.9890373310123408,3.326853970588757,1.5930280744242105,3.906246589280392,1.8214527819392554
2024-12-11,7.029812673846684,1.9190068132344331,6.963186227442887,2.1859171197316267,6.308754530704526,1.8485935702059753,6.270980360146493,2.1316909835880504,4.136206294044998,1.801164929083981,4.776616198437845,2.030823123778374,3.3888419032364343,1.622710326141977,3.9865458994780356,1.8588957335308616
2024-12-12,6.942425266800512,1.8951516925800256,6.857011794330945,2.1525863278446447,6.238679136208651,1.82806005236751,6.187570905723482,2.1033376525730927,4.096656438515358,1.7839424291248065,4.720687057133076,2.0070443254122976,3.3605284678467786,1.6091527435555872,3.942174550239484,1.8382057141831971
2024-12-13,6.938726278729185,1.8941419383176745,6.830618034770203,2.144300671107428,6.231965184134298,1.8260927276642087,6.1599182226057545,2.0939376908623695,4.066484950416629,1.7708038614716548,4.728246831182365,2.010258434168797,3.3337857538442006,1.596347283932463,3.953920159303677,1.8436826014755296
2024-12-16,7.052347508677843,1.9251583998530906,6.901840781305923,2.1666592603913335,6.309992852829741,1.8489564238100236,6.202710616130532,2.1084840861951704,4.101557403576031,1.7860766182242862,4.7824946431720186,2.0333223996259755,3.356552672298818,1.607248976819186,3.9973830574900155,1.8639490170750708
2024-12-17,6.8858201306002,1.879699553657948,6.7588762667475315,2.1217791480864707,6.172165287336039,1.8085701399359622,6.08413606010214,2.068177101090409,4.026172035159688,1.7532490772108993,4.700353534321192,1.9983993377057798,3.2985325528689913,1.5794666695853026,3.9340875585148525,1.8344348120556224
2024-12-18,6.454384681085331,1.7619257799455887,6.376683313577274,2.0017992865565497,5.8336180437319145,1.709368902244495,5.7877737683003545,1.9674348265133281,3.8226314949369726,1.6646146966618012,4.455009188069237,1.8940888905277742,3.147485891604955,1.5071396080223718,3.7443179935179653,1.7459467214574658
2024-12-19,6.5413252560968855,1.785658923847757,6.451041331983108,2.0251421155594613,5.903348631254727,1.7298013846170432,5.845183567374264,1.9869501086585577,3.855880481830341,1.6790934012675465,4.488141864490425,1.9081755582928785,3.173536624210569,1.5196137198309874,3.768682641182166,1.757307769526145
2024-12-20,6.663904920576725,1.8191208697365777,6.580775348014766,2.065868845736155,5.98634147424676,1.7541199779592787,5.940643857609784,2.0193998738147356,3.9201363722737916,1.7070744660709247,4.565948655982637,1.9412558445844719,3.216715875323497,1.5402896376391069,3.8249731684129746,1.7835556100241692
2024-12-23,6.6261334664598825,1.8088099722548203,6.550345235897081,2.056316077669828,5.9618177735398605,1.7469340341689805,5.9181718388017455,2.01176097253854,3.909813702013946,1.7025793247929606,4.560072413146998,1.938757504894662,3.2103315647864963,1.5372325795261879,3.82355881576738,1.782896108248723
2024-12-24,6.676193025780303,1.822475291639616,6.584308094002069,2.066977862453656,6.017498771994464,1.7632497007914278,5.963166951047435,2.0270561368623254,3.948225962074143,1.7193064439811132,4.601767217199252,1.9564844414315383,3.2434209273842245,1.553077063248344,3.8608797956578558,1.8002985945210317
2024-12-26,6.7103992945310935,1.8318129604842366,6.599216856719803,2.0716580933988338,6.032569362412504,1.767665690732137,5.961388159771225,2.0264514732997854,3.961266148827157,1.7249849632276149,4.62105131658729,1.9646832569384813,3.2508559473196232,1.5566372422029067,3.874046467382771,1.8064381124173268
2024-12-27,6.537522628512069,1.784620877944969,6.448770547209982,2.0244292598137332,5.883582786318939,1.724009589472669,5.830559211669455,1.9819788592834446,3.883116076804845,1.6909534960025314,4.5241235409761025,1.9234735051246392,3.1924315144503286,1.5286613338474744,3.79634518039289,1.7702065990929075
2024-12-30,6.460256914148074,1.7635287892687574,6.3671345841675775,1.9988017032079843,5.816300449367435,1.704294494381928,5.759539910676298,1.95783730646501,3.840854655826794,1.6725502095348066,4.478131517126325,1.9039195653347853,3.1613157820777418,1.51376190163193,3.761094115775549,1.7537692984140991
2024-12-31,6.392897391263823,1.745140904790412,6.329529218000685,1.9869964446649884,5.76529543675442,1.689348986848579,5.735805986027889,1.949769446214689,3.8210375502803497,1.6639205926905978,4.453228432885029,1.893331785779216,3.1480105742213373,1.5073908466235995,3.7452817379321632,1.7463961080755912
2025-01-02,6.614436169099659,1.805616829795391,6.52738574777364,2.0491085240427966,5.949945003555152,1.7434550707464154,5.903307516174307,2.006708151336384,3.8936285931112744,1.6955313082153376,4.53760958265709,1.9292072220816237,3.1999390584525407,1.5322562401677486,3.804178686642198,1.7738593028902803
2025-01-03,6.8214756102807,1.862134708246519,6.684913634812368,2.0985604407179537,6.120452599352019,1.793417269105426,6.031846681583066,2.0504024007524966,3.986037365321552,1.7357719122404547,4.647823545904909,1.9760657210332733,3.271830266770812,1.566680568427344,3.89147408259811,1.8145644755362496
2025-01-06,6.938158075206161,1.8939868294289206,6.7828899316546405,2.1293176339912514,6.231138060307631,1.8258503635366619,6.129508651600716,2.0836005817337573,4.0335742758127076,1.7564724793608488,4.705713534903326,2.0006781921653913,3.308757445415939,1.5843627488930383,3.9384769542327507,1.83648155356532
2025-01-07,6.697190885205312,1.8282073128426617,6.599317914548863,2.0716898179616146,6.033625675374904,1.7679752119444327,5.983194065760046,2.033863943203336,3.951772724375936,1.7208509278428068,4.599310464018935,1.955439929802232,3.2547184802180915,1.5584867743434945,3.859979006197606,1.799878563314396
2025-01-08,6.703588951276162,1.8299538646998934,6.5995408337804635,2.071759797845644,6.059432111546284,1.7755370233517658,6.002228050093435,2.040334155268279,3.9798380347509563,1.7330723329608546,4.633371041550208,1.9699211034168054,3.2807713041835105,1.5709618875771536,3.892139197832917,1.8148746136616993
2025-01-10,6.6453823921498465,1.8140645673998539,6.511410008358798,2.0440933426090946,6.024882252967909,1.7654132110987033,5.939644045656457,2.019060008274774,3.9461504670135907,1.718402642611502,4.58408120095396,1.9489650659434685,3.2517752652765632,1.557077447672601,3.8487859227443657,1.7946593144706757
2025-01-13,6.5657685949058475,1.7923314962033638,6.462772871564303,2.028824937241046,5.96091688327719,1.7466700549732572,5.904811543832807,2.0072194146500224,3.9168768531086657,1.7056550659761174,4.549737859441496,1.9343636725733797,3.232060996176854,1.5476374829430894,3.823669179835099,1.7829475701658282
2025-01-14,6.710398659319824,1.8318127870834926,6.599146596244002,2.071636036890235,6.078537466143168,1.7811352813743933,6.014911590619452,2.0446456643827253,4.00391406096915,1.7435565523089924,4.650851569571788,1.9773531136615654,3.3004019754851295,1.5803618224043914,3.9060575502762824,1.8213646345035863
2025-01-15,7.002856007940195,1.9116481497910838,6.861382372510339,2.1539583608986805,6.3045778700306805,1.8473697235609645,6.207285154494551,2.11003910656274,4.119912445326651,1.794069560336648,4.784577094587901,2.0342077733537014,3.3814236966410194,1.619158198073583,4.0019978211368965,1.8661008459190747
2025-01-16,7.05016804775848,1.9245634479607043,6.89762641016453,2.165336264606649,6.345384596815889,1.8593269256345508,6.235471737443892,2.1196205565562884,4.148359488737758,1.806457196079571,4.814883715751329,2.047092917251679,3.4066099774951293,1.6312183765021029,4.028156517548435,1.8782984451391163
2025-01-17,7.125358936020272,1.9450891480841712,6.971904725206241,2.188654072743761,6.4365149300256945,1.8860299693498315,6.323606789316587,2.149580257372621,4.18704736631268,1.823304336506046,4.8465841977977355,2.0605706741616467,3.4399551923412868,1.6471853723087255,4.05459540786428,1.8906266966246559
2025-01-21,7.365798385071896,2.0107246013042817,7.221548153723087,2.2670233460044407,6.669943072790768,1.9544291694963054,6.563982767284917,2.2312911343772304,4.303245508584604,1.8739043317205561,4.999347620032429,2.125519474201975,3.5392702115095616,1.6947412960570236,4.1893360110541344,1.953455204992211
2025-01-22,7.516323544132612,2.051815142290581,7.37611978530332,2.315547220658898,6.781210036154653,1.9870326559768383,6.676173146358876,2.2694279496409444,4.35303630899338,1.89558638457571,5.045641583271662,2.1452017863518043,3.5756386537653544,1.7121559316402921,4.220017165730811,1.9677615917657185
2025-01-23,7.524852144459163,2.054143289980049,7.3739474456305905,2.3148652692755247,6.793251385584318,1.9905610166102952,6.677946347310121,2.270030712887323,4.3523113412260654,1.895270687914476,5.040954650514449,2.143209092983211,3.5767014085245763,1.7126648202728068,4.218011539819809,1.9668263838079956
2025-01-24,7.4712945697658295,2.0395230781045344,7.298394998746506,2.291147479504133,6.727456999978418,1.9712819215694652,6.594696049256765,2.241731483811566,4.318131069834791,1.8803864433386746,4.998333768013083,2.125088425518255,3.548168069852426,1.6990019393758293,4.1808865892964615,1.9495153045239384
2025-01-27,6.602732718322894,1.8024220075688302,6.474016217227529,2.0323545027252266,5.982768610318173,1.7530730560583765,5.901081926546644,2.00595160785036,3.9367824858135956,1.7143232331250748,4.55069371146863,1.934770062017071,3.252221397284723,1.5572910731638843,3.8247511607079128,1.7834520895364694
2025-01-28,6.797427809903137,1.852601198276239,6.6620958680856095,2.088051141154514,6.162076030504649,1.8027248001412743,6.072770853635259,2.0610108305920645,4.01847049531641,1.7470955087822988,4.643827306578844,1.971207695755387,3.3183406489686833,1.5864092398601006,3.9011314770707792,1.8161571361724227
2025-01-29,6.964225258765053,1.852601198276239,6.828584326860539,2.088051141154514,6.33647264549651,1.8027248001412743,6.242406915188593,2.0610108305920645,4.0774010072730436,1.7470955087822988,4.713522052183216,1.971207695755387,3.366051414062634,1.5864092398601006,3.96019740722056,1.8161571361724227
2025-01-30,7.121513215193193,1.852601198276239,6.966665405379268,2.088051141154514,6.473997670383256,1.8027248001412743,6.362707375042925,2.0610108305920645,4.175059653067338,1.7470955087822988,4.83161511650296,1.971207695755387,3.4431784716970424,1.5864092398601006,4.056045514983923,1.8161571361724227
2025-01-31,7.046090532622734,1.852601198276239,6.910540573474002,2.088051141154514,6.40595617982348,1.8027248001412743,6.306480245987661,2.0610108305920645,4.131791181266563,1.7470955087822988,4.776753293994952,1.971207695755387,3.407616727989389,1.5864092398601006,4.009915720410735,1.8161571361724227
2025-02-03,7.007793990096367,1.852601198276239,6.870334372505898,2.088051141154514,6.388267387546766,1.8027248001412743,6.284117248716216,2.0610108305920645,4.105757649758746,1.7470955087822988,4.745645162337565,1.971207695755387,3.391072824504582,1.5864092398601006,3.987358908536947,1.8161571361724227
2025-02-04,7.201350078763856,1.852601198276239,7.076146409176399,2.088051141154514,6.545407038988621,1.8027248001412743,6.451089939186251,2.0610108305920645,4.168089436418549,1.7470955087822988,4.813898924215179,1.971207695755387,3.4357703799653403,1.5864092398601006,4.035557628149466,1.8161571361724227
2025-02-05,7.308569790342349,1.852601198276239,7.165161879518269,2.088051141154514,6.655044232242736,1.8027248001412743,6.543797923033369,2.0610108305920645,4.235554394436128,1.7470955087822988,4.874818505717101,1.971207695755387,3.495073777992812,1.5864092398601006,4.087767624461584,1.8161571361724227
2025-02-06,7.367315356998596,1.852601198276239,7.223977455172573,2.088051141154514,6.701920409133012,1.8027248001412743,6.582386869240657,2.0610108305920645,4.257997228044419,1.7470955087822988,4.907174804872307,1.971207695755387,3.5150882625720445,1.5864092398601006,4.120324130406544,1.8161571361724227
2025-02-07,7.271649381856888,1.852601198276239,7.113061954928662,2.088051141154514,6.599261152733234,1.8027248001412743,6.464508564307591,2.0610108305920645,4.213289451942134,1.7470955087822988,4.861947755205588,1.971207695755387,3.4775120254737315,1.5864092398601006,4.078911051567037,1.8161571361724227
2025-02-10,7.290960281365438,1.852601198276239,7.113631479595145,2.088051141154514,6.6244548119749345,1.8027248001412743,6.473799853312981,2.0610108305920645,4.234869027204277,1.7470955087822988,4.891140406878357,1.971207695755387,3.4925522940701375,1.5864092398601006,4.097596538347835,1.8161571361724227
2025-02-11,7.160632122730558,1.852601198276239,6.962527996723332,2.088051141154514,6.514208418334987,1.8027248001412743,6.341364454938794,2.0610108305920645,4.145488388801527,1.7470955087822988,4.79619334619268,1.971207695755387,3.4208760530299736,1.5864092398601006,4.025496707698747,1.8161571361724227
2025-02-12,7.183126083341842,1.849637036358997,6.995797898977689,2.084710259328667,6.487444094410063,1.7998404404610484,6.325103513132795,2.057713213263117,4.15485248590918,1.7443001559682472,4.764457098664161,1.9680537634421784,3.419686500059315,1.5838709850763244,3.991528543315451,1.8132512847545468
2025-02-13,7.37289545143836,1.896055103372486,7.174344840533133,2.1350209624658123,6.6085044823980565,1.8324748513438118,6.436309800965105,2.0927465590122005,4.2616336335485645,1.7873252527002836,4.840271754264275,1.9973357651466956,3.4987156725300554,1.619536538042759,4.041945034591501,1.835028125584243
2025-02-14,7.4967067720319625,1.927012596832836,7.288912392161535,2.168085069399619,6.711086616602709,1.85989639124562,6.530255228569829,2.1221128463897516,4.279012808519491,1.7946348242639958,4.867553777314145,2.0083573654815536,3.5098804294827652,1.6246564661474658,4.066463688679411,1.8459760122895474
2025-02-18,7.596305833487601,1.9516472409333534,7.384292472994909,2.1954172245385246,6.792247652834101,1.8821018502360873,6.6082067393307335,2.1471860065219746,4.3245004153033255,1.8136284273696242,4.907928646750297,2.024423525677968,3.5482572003478308,1.642535339655429,4.094505875728375,1.8584003705744871
2025-02-19,7.5074885806437,1.9289900382709162,7.22331942463546,2.1478183831170443,6.717258952648861,1.8593257320418195,6.4633477518625275,2.097981532365472,4.252745216060062,1.783405724896726,4.80952905906331,1.9841820572310331,3.4895094167687937,1.6147849273532944,4.00941699380071,1.819607026808088
2025-02-20,7.201728927265185,1.8535502540177153,6.937316227866077,2.0664682541966006,6.448066084914113,1.7868982932434043,6.213532299022359,2.019423826559988,4.1180994137988955,1.7283528364058927,4.6483322000192135,1.9192545761547026,3.3822634366156783,1.5659058621581863,3.8790101098153835,1.7614025552460721
2025-02-21,6.871950591699377,1.768676706331176,6.598193947668803,1.9653760002267142,6.093986700389231,1.689560801334737,5.850510569091611,1.902338127793447,3.9248722974321932,1.647130009861846,4.4173429457533215,1.824019907000939,3.218353892293145,1.4900956557594949,3.6816095960550377,1.6721600464852249
2025-02-24,6.709241326894521,1.7274717757353169,6.438534525600492,1.9185430114497686,5.98754566615236,1.6606498978148523,5.745094981876519,1.8686477017306427,3.8431899396956246,1.612718637243046,4.32467176631307,1.7857599125544417,3.1679624259145904,1.4667273074499978,3.62308312641339,1.6455756654776765
2025-02-25,6.638944443280084,1.7098651712959623,6.36821610235574,1.897925133938891,5.942712928712876,1.6487193523406392,5.697898816407212,1.8536087040228637,3.802551328590778,1.5960245238071564,4.298283410179875,1.7752116592516938,3.1413334183308472,1.4546751367862718,3.601607511799846,1.6360184104441031
2025-02-26,6.807625612295729,1.754573335766829,6.532139431533776,1.9479847758906186,6.092243717193488,1.6912835281532785,5.841758941283833,1.901400333311833,3.8892465767352187,1.6334124887754056,4.412436145636908,1.8234266619273338,3.2057084376808156,1.4851794295462053,3.6904528822436755,1.6772625491034878
2025-02-27,6.546451380396181,1.6852122977755872,6.27601877664503,1.8690292465223102,5.881008106184877,1.630901598406583,5.632139310628392,1.8308894374036382,3.746625997942247,1.5724743594346742,4.262241859810887,1.7602886994753826,3.0998629541752547,1.435314095151347,3.5846380658481554,1.6283376201399928
2025-02-28,6.878013803893934,1.7725421216239252,6.603008623690048,1.968548375994179,6.186236087313061,1.7168670844471468,5.932790712135882,1.9300126826883741,3.871664010730456,1.6258520280859952,4.397640536655883,1.81710528779162,3.1992844865510834,1.481926405940391,3.697688445991861,1.6803126993511646
2025-03-03,6.59029220569703,1.6985576785945438,6.302186519901043,1.8791402712559084,5.961603389532296,1.6542643321186579,5.6943373709393805,1.852198349423644,3.721494909457426,1.562786459811578,4.212401714300138,1.7400462217230697,3.087912179191263,1.4302432116950106,3.5568592676426247,1.6157413051251721
2025-03-04,6.510046909568772,1.679350465870813,6.196684617204958,1.8496962769831158,5.891337302351804,1.6354805569315756,5.601663963029626,1.8232311606255471,3.65104102739795,1.533795138765746,4.153683790314793,1.7161427688334268,3.021473852946134,1.3996847228794724,3.4967833994470285,1.5883605040030397
2025-03-05,6.574207975909971,1.696857517065956,6.26506914397365,1.8710660499536211,5.943095583296947,1.650484328858298,5.657061225739566,1.8418639731849435,3.7160360701009254,1.5618843888774991,4.217465404404647,1.7430839413086194,3.066278030036506,1.420909794687622,3.5452659043221013,1.6108183393283355
2025-03-06,6.032481933042772,1.5581662982244784,5.765869775621163,1.723230907889506,5.512749852509394,1.5317955559923686,5.265008351411209,1.715040426350921,3.4860155135740873,1.465439104563836,3.959846313494598,1.6368722863404903,2.89762688157921,1.3427791754636988,3.3551211629783015,1.5244159019582413
2025-03-07,6.091469816681744,1.5712590819049583,5.805787784483347,1.7330756047563467,5.544479326338551,1.538543755621827,5.280752134560796,1.7181757746994573,3.48858791177762,1.4643306127860998,3.984552484364121,1.6443458320347004,2.88835951859597,1.3364286179650062,3.3656610022181517,1.5265899478698155
2025-03-10,5.678920587960493,1.5712590819049583,5.398939427674704,1.7330756047563467,5.2216744919570575,1.538543755621827,4.963102867154202,1.7181757746994573,3.273618234887846,1.4643306127860998,3.7578849420449307,1.6443458320347004,2.7333863762084,1.3364286179650062,3.19767446571008,1.5265899478698155
2025-03-11,5.860168226295679,1.5712590819049583,5.564267259278427,1.7330756047563467,5.371187880247073,1.538543755621827,5.097689414048419,1.7181757746994573,3.3594489568979156,1.4643306127860998,3.864952262691997,1.6443458320347004,2.794092750019031,1.3364286179650062,3.274460622687943,1.5265899478698155
2025-03-12,6.154880230481168,1.5712590819049583,5.837788248369717,1.7330756047563467,5.607360970478411,1.538543755621827,5.318545747803014,1.7181757746994573,3.4620422698685775,1.4643306127860998,3.9840228967303983,1.6443458320347004,2.8604557763509035,1.3364286179650062,3.352770771158514,1.5265899478698155
2025-03-13,5.870864123730182,1.5712590819049583,5.558713488279118,1.7330756047563467,5.354017958029228,1.538543755621827,5.068275688708779,1.7181757746994573,3.3451099894818284,1.4643306127860998,3.859212566958994,1.6443458320347004,2.7719126123317115,1.3364286179650062,3.258415937541564,1.5265899478698155
2025-03-14,6.2243844804384825,1.5712590819049583,5.907093257206126,1.7330756047563467,5.641973392703015,1.538543755621827,5.353046402370277,1.7181757746994573,3.4833809970274054,1.4643306127860998,4.024021176840865,1.6443458320347004,2.8711052426967,1.3364286179650062,3.3814637218281103,1.5265899478698155
2025-03-17,6.276639480057382,1.5712590819049583,5.946652336323454,1.7330756047563467,5.7052368323250136,1.538543755621827,5.402385394006225,1.7181757746994573,3.5136447278220895,1.4643306127860998,4.063820001506729,1.6443458320347004,2.9029637391360117,1.3364286179650062,3.4201782130101943,1.5265899478698155
2025-03-18,6.126864591167122,1.5712590819049583,5.792210451789747,1.7330756047563467,5.578226432533195,1.538543755621827,5.271021670597269,1.7181757746994573,3.443653126632055,1.4643306127860998,3.999805722657251,1.6443458320347004,2.848214336196323,1.3364286179650062,3.371164117817731,1.5265899478698155
2025-03-19,6.390162605919195,1.5712590819049583,6.066502245133369,1.7330756047563467,5.8037259058884585,1.538543755621827,5.513636095303095,1.7181757746994573,3.571059027630773,1.4643306127860998,4.139793744596702,1.6443458320347004,2.9467419348814405,1.3364286179650062,3.481689705866361,1.5265899478698155
2025-03-20,6.383525727552193,1.5712590819049583,6.087319690264239,1.7330756047563467,5.794634000618673,1.538543755621827,5.535894082472795,1.7181757746994573,3.5667583010620283,1.4643306127860998,4.138022107850963,1.6443458320347004,2.9444835507380014,1.3364286179650062,3.4808627292607306,1.5265899478698155
2025-03-21,6.4114593519958705,1.5712590819049583,6.069847113251232,1.7330756047563467,5.809964217298563,1.538543755621827,5.506510781672622,1.7181757746994573,3.567756500949431,1.4643306127860998,4.132305770834083,1.6443458320347004,2.942950833529385,1.3364286179650062,3.473859188811263,1.5265899478698155
2025-03-24,6.713309198425283,1.5712590819049583,6.388507354278641,1.7330756047563467,6.068239775576845,1.538543755621827,5.786099085969393,1.7181757746994573,3.722774823751999,1.4643306127860998,4.289610175429434,1.6443458320347004,3.0634269278270545,1.3364286179650062,3.5987546468733806,1.5265899478698155
2025-03-25,6.687216204121547,1.5712590819049583,6.3787906390302656,1.7330756047563467,6.047994009447334,1.538543755621827,5.781516107752946,1.7181757746994573,3.720754686914117,1.4643306127860998,4.279716783366583,1.6443458320347004,3.064702086788179,1.3364286179650062,3.5941374733649387,1.5265899478698155
2025-03-26,6.445009936587775,1.5712590819049583,6.136007387205151,1.7330756047563467,5.85085022090129,1.538543755621827,5.584678849851061,1.7181757746994573,3.618394394642021,1.4643306127860998,4.174733502666161,1.6443458320347004,2.992654269967537,1.3364286179650062,3.520366770750882,1.5265899478698155
2025-03-27,6.265645877712384,1.5712590819049583,5.973295252677178,1.7330756047563467,5.714599528039661,1.538543755621827,5.469004781754816,1.7181757746994573,3.555840088927387,1.4643306127860998,4.104737243383283,1.6443458320347004,2.953154417001133,1.3364286179650062,3.4769833424637513,1.5265899478698155
2025-03-28,6.198144292560072,1.5712590819049583,5.889777321478674,1.7330756047563467,5.655417677670908,1.538543755621827,5.390495147869336,1.7181757746994573,3.4899459213408153,1.4643306127860998,4.031222605095941,1.6443458320347004,2.8992954344616595,1.3364286179650062,3.4139511164503573,1.5265899478698155
2025-03-31,6.488829351054512,1.5712590819049583,5.856284271630914,1.7330756047563467,5.985699542174385,1.538543755621827,5.3793341300632935,1.7181757746994573,3.54979896423176,1.4643306127860998,4.1020059383567915,1.6443458320347004,2.9494261572870104,1.3364286179650062,3.47359393811302,1.5265899478698155
2025-04-01,6.453458760838278,1.5712590819049583,5.957371441090559,1.7330756047563467,5.928817327761314,1.538543755621827,5.469182952973731,1.7181757746994573,3.5571652632309445,1.4643306127860998,4.1141593212378265,1.6443458320347004,2.9573228159284697,1.3364286179650062,3.48630198128319,1.5265899478698155
2025-04-02,6.59353592837026,1.5712590819049583,6.144690680779013,1.7330756047563467,6.037451032058649,1.538543755621827,5.628653945085426,1.7181757746994573,3.639977379084956,1.4643306127860998,4.207417136147473,1.6443458320347004,3.0218050367970046,1.3364286179650062,3.559481529116976,1.5265899478698155
2025-04-03,5.913585231397379,1.5712590819049583,5.440619213315904,1.7330756047563467,5.456640017633838,1.538543755621827,5.013424141468137,1.7181757746994573,3.325761990441778,1.4643306127860998,3.8440701588779853,1.6443458320347004,2.779795124060785,1.3364286179650062,3.276792537918865,1.5265899478698155
2025-04-04,5.4441450602465595,1.5712590819049583,5.006981879631179,1.7330756047563467,5.047780985460614,1.538543755621827,4.639524364107449,1.7181757746994573,3.09487339502072,1.4643306127860998,3.5710739830097045,1.6443458320347004,2.6011551459967914,1.3364286179650062,3.0643986229587936,1.5265899478698155
2025-04-07,5.5850765117744094,1.5712590819049583,5.149344411588368,1.7330756047563467,5.16143368179463,1.538543755621827,4.756534402695244,1.7181757746994573,3.134059010512319,1.4643306127860998,3.6243627731421677,1.6443458320347004,2.6234891322878213,1.3364286179650062,3.096766260785044,1.5265899478698155
2025-04-08,5.513741609562306,1.5712590819049583,5.055054978378621,1.7330756047563467,5.094538922273429,1.538543755621827,4.661002718706936,1.7181757746994573,3.065940772367678,1.4643306127860998,3.552654937339827,1.6443458320347004,2.564011034037466,1.3364286179650062,3.0334674386561393,1.5265899478698155
2025-04-09,6.234002637122853,1.5712590819049583,5.831203247522653,1.7330756047563467,5.709337750297026,1.538543755621827,5.342991994862273,1.7181757746994573,3.4525360226711914,1.4643306127860998,3.9874195267231625,1.6443458320347004,2.8667175511440357,1.3364286179650062,3.3800326280553548,1.5265899478698155
2025-04-10,5.978434462189275,1.5712590819049583,5.569703780558642,1.7330756047563467,5.520388310870184,1.538543755621827,5.136663078065089,1.7181757746994573,3.319590161875129,1.4643306127860998,3.8144990655023827,1.6443458320347004,2.7764658654026184,1.3364286179650062,3.2544925578745323,1.5265899478698155
2025-04-11,6.050335953105842,1.5712590819049583,5.65653730623375,1.7330756047563467,5.582331810056197,1.538543755621827,5.212622681147653,1.7181757746994573,3.382413867753127,1.4643306127860998,3.8878589609973098,1.6443458320347004,2.8263893818087786,1.3364286179650062,3.3142854456578967,1.5265899478698155
2025-04-14,6.074929699502174,1.5712590819049583,5.671420730855775,1.7330756047563467,5.623178022883021,1.538543755621827,5.237512038298928,1.7181757746994573,3.4322998780918126,1.4643306127860998,3.928568755877633,1.6443458320347004,2.870600501596968,1.3364286179650062,3.3523692645050165,1.5265899478698155
2025-04-15,6.156135736663102,1.5712590819049583,5.752251052111394,1.7330756047563467,5.680043837797149,1.538543755621827,5.29342094460717,1.7181757746994573,3.462723935019672,1.4643306127860998,3.9689632180856593,1.6443458320347004,2.8926199023225694,1.3364286179650062,3.383412386350516,1.5265899478698155
2025-04-16,6.07722669311188,1.5712590819049583,5.657043690233966,1.7330756047563467,5.621424284197002,1.538543755621827,5.221034236149092,1.7181757746994573,3.4168997380633503,1.4643306127860998,3.9074998725670786,1.6443458320347004,2.855705275045579,1.3364286179650062,3.3344786464577356,1.5265899478698155
2025-04-17,6.085261959327976,1.5712590819049583,5.676014978304122,1.7330756047563467,5.61509407246619,1.538543755621827,5.2215359641518795,1.7181757746994573,3.424287033147445,1.4643306127860998,3.9182388117138705,1.6443458320347004,2.860353876062365,1.3364286179650062,3.3416361729433164,1.5265899478698155
2025-04-21,5.819960857723025,1.5712590819049583,5.422584048344638,1.7330756047563467,5.38874673940445,1.538543755621827,5.008860801363297,1.7181757746994573,3.2979635008929,1.4643306127860998,3.7781223117209235,1.6443458320347004,2.764106091602504,1.3364286179650062,3.2288598692807433,1.5265899478698155
2025-04-22,6.06691735839598,1.5712590819049583,5.669479555488848,1.7330756047563467,5.606419147116891,1.538543755621827,5.2305267269191935,1.7181757746994573,3.403403998713113,1.4643306127860998,3.9026833743575167,1.6443458320347004,2.846699060609435,1.3364286179650062,3.328158366614784,1.5265899478698155
2025-04-23,6.270115384374156,1.5712590819049583,5.881061218329891,1.7330756047563467,5.761989055393685,1.538543755621827,5.4000891490769725,1.7181757746994573,3.486119152917091,1.4643306127860998,4.001362268842268,1.6443458320347004,2.9015122088939975,1.3364286179650062,3.398754727864152,1.5265899478698155
2025-04-24,6.434788382914695,1.5712590819049583,6.091204927880264,1.7330756047563467,5.867091651865247,1.538543755621827,5.556086514255421,1.7181757746994573,3.5647351390726487,1.4643306127860998,4.095469418601865,1.6443458320347004,2.9497130684445048,1.3364286179650062,3.45931739150851,1.5265899478698155
2025-04-25,6.537186570543479,1.5712590819049583,6.172242986319656,1.7330756047563467,5.946506805122027,1.538543755621827,5.617074154907842,1.7181757746994573,3.581390167319419,1.4643306127860998,4.140571241328253,1.6443458320347004,2.948468213916141,1.3364286179650062,3.490353732981934,1.5265899478698155
2025-04-28,6.590633364356056,1.5712590819049583,6.237257820276339,1.7330756047563467,5.990589872420373,1.538543755621827,5.674397910969186,1.7181757746994573,3.6068288794192584,1.4643306127860998,4.162544752726468,1.6443458320347004,2.9728604151026947,1.3364286179650062,3.510363461907919,1.5265899478698155
2025-04-29,6.613996266903118,1.5712590819049583,6.257495856954778,1.7330756047563467,5.999982095990206,1.538543755621827,5.676190374103947,1.7181757746994573,3.6199389107890902,1.4643306127860998,4.186964716805687,1.6443458320347004,2.9809589911802497,1.3364286179650062,3.5285764454360202,1.5265899478698155
2025-04-30,6.571281062795174,1.5712590819049583,6.212065529188154,1.7330756047563467,5.981476222306627,1.538543755621827,5.647025455155783,1.7181757746994573,3.612881847103032,1.4643306127860998,4.17042221073854,1.6443458320347004,2.983721760335142,1.3364286179650062,3.520447918542198,1.5265899478698155
2025-05-01,6.632271879302272,1.5712590819049583,6.268404065947661,1.7330756047563467,6.012817644508246,1.538543755621827,5.684925106835895,1.7181757746994573,3.635390298633949,1.4643306127860998,4.207508773671914,1.6443458320347004,2.9935083233428137,1.3364286179650062,3.5451319047069907,1.5265899478698155
2025-05-02,6.83705565140547,1.5712590819049583,6.450698829128408,1.7330756047563467,6.183860668681384,1.538543755621827,5.8365385908114025,1.7181757746994573,3.7299853687255635,1.4643306127860998,4.335757144316951,1.6443458320347004,3.0614155592194305,1.3364286179650062,3.6446366688959078,1.5265899478698155
2025-05-05,6.841864319759283,1.5712590819049583,6.451239602520329,1.7330756047563467,6.183678417386943,1.538543755621827,5.83673051940125,1.7181757746994573,3.7124297993949664,1.4643306127860998,4.318917308865897,1.6443458320347004,3.0456835108412723,1.3364286179650062,3.628205242145651,1.5265899478698155
2025-05-06,6.772411403433611,1.5712590819049583,6.400760228759629,1.7330756047563467,6.1511449464567525,1.538543755621827,5.810791507720805,1.7181757746994573,3.6704875862643327,1.4643306127860998,4.281016939883572,1.6443458320347004,3.0168424352844134,1.3364286179650062,3.6041702103484075,1.5265899478698155
2025-05-07,6.741828765592244,1.5712590819049583,6.371442626794979,1.7330756047563467,6.131861348788284,1.538543755621827,5.788098790398741,1.7181757746994573,3.665467281132852,1.4643306127860998,4.283048533492399,1.6443458320347004,3.017701689402303,1.3364286179650062,3.6105676229855352,1.5265899478698155
2025-05-08,6.991943851344067,1.5712590819049583,6.680778473226928,1.7330756047563467,6.264776972856861,1.538543755621827,5.988797315225007,1.7181757746994573,3.775425880690505,1.4643306127860998,4.431210830986582,1.6443458320347004,3.065353420931036,1.3364286179650062,3.678500518624794,1.5265899478698155
2025-05-09,7.115440732323396,1.5712590819049583,6.740333678548539,1.7330756047563467,6.391941470134101,1.538543755621827,6.040487161384452,1.7181757746994573,3.8055448835690435,1.4643306127860998,4.473477985131496,1.6443458320347004,3.093025061421267,1.3364286179650062,3.7174580864357734,1.5265899478698155
2025-05-12,7.26366761526877,1.5712590819049583,6.866170090633959,1.7330756047563467,6.491626950627421,1.538543755621827,6.130465707043932,1.7181757746994573,3.848818245262997,1.4643306127860998,4.543325460974327,1.6443458320347004,3.110256028750274,1.3364286179650062,3.7579918828309897,1.5265899478698155
2025-05-13,7.383677141953188,1.5712590819049583,6.9927567830396,1.7330756047563467,6.56174154805957,1.538543755621827,6.212239302656367,1.7181757746994573,3.890800550992714,1.4643306127860998,4.609389258274902,1.6443458320347004,3.1301395676334276,1.3364286179650062,3.797913836244063,1.5265899478698155
2025-05-14,7.48256809769705,1.5712590819049583,7.0627319942018,1.7330756047563467,6.631012662045275,1.538543755621827,6.24484492547452,1.7181757746994573,3.926582320048447,1.4643306127860998,4.65260785625723,1.6443458320347004,3.1568521582205853,1.3364286179650062,3.828404352518957,1.5265899478698155
2025-05-15,7.451751221147178,1.5712590819049583,7.040646649693053,1.7330756047563467,6.63862711064051,1.538543755621827,6.258742028412544,1.7181757746994573,3.9462585092047906,1.4643306127860998,4.669533407357239,1.6443458320347004,3.1855069901884483,1.3364286179650062,3.858840664818282,1.5265899478698155
2025-05-16,7.531461486503467,1.5712590819049583,7.094657715887386,1.7330756047563467,6.708589589894869,1.538543755621827,6.304887835658493,1.7181757746994573,3.986043569561002,1.4643306127860998,4.712427769557609,1.6443458320347004,3.2177230788232083,1.3364286179650062,3.8940532771738217,1.5265899478698155
2025-05-19,7.532017620666994,1.5712590819049583,7.079335654828266,1.7330756047563467,6.707569883249963,1.538543755621827,6.280620900291124,1.7181757746994573,3.999250297924777,1.4643306127860998,4.7236319323163585,1.6443458320347004,3.230566297966486,1.3364286179650062,3.905061291171598,1.5265899478698155
2025-05-20,7.496336522201189,1.5712590819049583,7.0613677381155595,1.7330756047563467,6.675776382086678,1.538543755621827,6.255696023446937,1.7181757746994573,3.993549077876042,1.4643306127860998,4.709860881187839,1.6443458320347004,3.228637205917982,1.3364286179650062,3.895588285970396,1.5265899478698155
2025-05-21,7.302811960410484,1.5712590819049583,6.890015231408192,1.7330756047563467,6.49882258296471,1.538543755621827,6.103242174527002,1.7181757746994573,3.929203189260316,1.4643306127860998,4.621600160481979,1.6443458320347004,3.18287521098201,1.3364286179650062,3.828357648209968,1.5265899478698155
2025-05-22,7.387475233464151,1.5712590819049583,6.978455374769467,1.7330756047563467,6.532205844961207,1.538543755621827,6.149612837355377,1.7181757746994573,3.9437875696916245,1.4643306127860998,4.652355487859562,1.6443458320347004,3.1818262314693566,1.3364286179650062,3.8365232064146007,1.5265899478698155
2025-05-23,7.461864508261766,1.5712590819049583,7.05883681484548,1.7330756047563467,6.576349496448421,1.538543755621827,6.197588330324099,1.7181757746994573,3.9713001241010533,1.4643306127860998,4.689294216056327,1.6443458320347004,3.198310239060082,1.3364286179650062,3.857258047615835,1.5265899478698155
2025-05-27,7.681038316392094,1.5712590819049583,7.269297633178584,1.7330756047563467,6.754928179611343,1.538543755621827,6.368267228267365,1.7181757746994573,4.044606332940912,1.4643306127860998,4.7902422560162154,1.6443458320347004,3.2442566289505232,1.3364286179650062,3.9262515985915503,1.5265899478698155
2025-05-28,7.688982184785071,1.5712590819049583,7.275839997223456,1.7330756047563467,6.7519466721868735,1.538543755621827,6.368052334082949,1.7181757746994573,4.0323451250186695,1.4643306127860998,4.767186437542504,1.6443458320347004,3.231423222201205,1.3364286179650062,3.9059020806128073,1.5265899478698155
2025-05-29,7.654036494116944,1.5712590819049583,7.242470016171806,1.7330756047563467,6.732499961842414,1.538543755621827,6.347725296681161,1.7181757746994573,4.015632212935996,1.4643306127860998,4.738419361053919,1.6443458320347004,3.221599430659502,1.3364286179650062,3.8849486294283317,1.5265899478698155
2025-05-30,7.737890161404,1.5712590819049583,7.309608001070741,1.7330756047563467,6.801947882456251,1.538543755621827,6.405742585807777,1.7181757746994573,4.056317189580497,1.4643306127860998,4.786180869468358,1.6443458320347004,3.2541279590966212,1.3364286179650062,3.922755442383824,1.5265899478698155
2025-06-02,7.819188132731724,1.5712590819049583,7.362084709708871,1.7330756047563467,6.89711933403415,1.538543755621827,6.458052002273684,1.7181757746994573,4.0988506889256655,1.4643306127860998,4.838637382101998,1.6443458320347004,3.2861974178555995,1.3364286179650062,3.9634492117649116,1.5265899478698155
2025-06-03,7.827843262332181,1.5712590819049583,7.395581394729865,1.7330756047563467,6.880391695009289,1.538543755621827,6.4700389182731675,1.7181757746994573,4.096860444665006,1.4643306127860998,4.842669213742778,1.6443458320347004,3.275731163497592,1.3364286179650062,3.9563749637548806,1.5265899478698155
2025-06-04,7.853609865991133,1.5687450673739105,7.413577916574998,1.7303026837887365,6.872969629298938,1.536082085612832,6.459333796027688,1.715426693459938,4.111385252946915,1.461987683805642,4.845291786267325,1.6417148787034448,3.280770467107658,1.3342903321762623,3.9459620812311362,1.524147403953224
2025-06-05,7.82737653973896,1.5627884721257157,7.403024796479464,1.7274029267470647,6.8593491372102084,1.5330406340110598,6.469872778697989,1.7184963428742588,4.115159671660966,1.4629771997989016,4.8458723928117635,1.641608067358433,3.287170167336285,1.336799172030481,3.9513519424805583,1.5262167440768835
2025-06-06,8.056807774902616,1.6059471015827584,7.623321732551103,1.7757471251183117,7.023722368583433,1.567982175268208,6.622714849102777,1.7570054603222305,4.185461893961258,1.4868412995774931,4.931482926358661,1.6694927941927475,3.3304785862350275,1.3539583105586408,4.008258830358743,1.5476999891275953
2025-06-09,7.902225414962197,1.5782431755697048,7.4999038980687365,1.75046835448335,6.88651839803791,1.5399089717759813,6.527549895854935,1.7343360439351803,4.131866418386679,1.4686291296810912,4.8784056415817165,1.6525316885682382,3.2900854705866442,1.337863877828769,3.9670097555582013,1.5321837856426082
2025-06-10,7.701274949933165,1.5425083572938805,7.327581476538822,1.7149962318245364,6.732177625262289,1.5084417364943377,6.394163212045136,1.7019648459643468,4.057863928451223,1.4444492165582268,4.791455767085539,1.6252918586604137,3.239614608269192,1.3185221203418156,3.9073133375627043,1.5104031498059207
2025-06-11,7.806572335199363,1.5635986440100693,7.434403283043631,1.7399975226623117,6.809816906284663,1.5258379399822093,6.472669688030235,1.7228612882158496,4.079725228289044,1.4522310293495044,4.8188137088011604,1.6345718441390507,3.2506684814769105,1.323021043239197,3.9191407553243263,1.5149751325208691
2025-06-12,7.8056398625960535,1.5634118766510412,7.4229954705886785,1.7373275618524253,6.789228559295967,1.5212248231555474,6.442292363754178,1.7147756112761499,4.088627335413188,1.455399849666773,4.835368946043908,1.6401874844823614,3.2547970722805624,1.3247013783897297,3.9297031251654735,1.5190581008674608
2025-06-13,7.6928026872190225,1.540811425795301,7.311764039493213,1.7112942129500701,6.7213972519096465,1.5060262379728648,6.365476246216753,1.694329099775492,4.038000409508898,1.4373785397488938,4.778394848871797,1.620861513255733,3.223013284647936,1.3117653868816979,3.8923460905538385,1.5046174410405677
2025-06-16,7.8068467753966955,1.5636536123498206,7.462758033204352,1.7466338582439302,6.793482239310046,1.5221779216660278,6.467802214100458,1.721565689520226,4.0962369660561455,1.4581085962423908,4.846788178116873,1.6440609596478502,3.259733715248538,1.3267105905154226,3.934527674657756,1.5209230689721385
2025-06-17,7.7854591033611715,1.5593698199813708,7.4620142650407,1.7464597817628844,6.7803628302108505,1.5192383283657698,6.464256853405161,1.720622003994919,4.087299486466284,1.4549271846378606,4.850034837415946,1.6451622468522265,3.2536612958046462,1.324239117723465,3.933280850548032,1.520441099163248
2025-06-18,7.781073007176271,1.5584913173873085,7.484415897437114,1.7517028098028429,6.780041335885713,1.5191662929137837,6.484259722960629,1.7259462629593574,4.109795566726961,1.4629349557413547,4.877354446245836,1.6544292295755199,3.268407766038668,1.330240926441974,3.952096427783382,1.5277144106861522
2025-06-20,7.774533562423584,1.5571815150170962,7.466297169233806,1.747462181337145,6.782695746076407,1.519761051896731,6.475555622379545,1.7236294510930552,4.101863946498377,1.4601115928028183,4.873608537169466,1.6531585937142992,3.261799476040387,1.3275513545039646,3.9491162879809654,1.526562413864919
2025-06-23,7.8531188913601975,1.5729215746089775,7.533683583514311,1.763233748932436,6.871116248022632,1.5395729438166608,6.558763827635698,1.7457773749957453,4.147254819696513,1.4762690619506227,4.92571525561345,1.6708335195375286,3.3014167086929023,1.3436755556560818,3.99513601629807,1.5443517070693202
2025-06-24,7.967158792224463,1.5957629224756225,7.687978216548963,1.7993458979535566,6.907506725622539,1.547726756487419,6.630785598469095,1.7649477524224009,4.2019691106073465,1.49574532237586,4.983267014668278,1.6903554372991307,3.3306670429736935,1.3555804324516647,4.024964474090289,1.5558821354509147
2025-06-25,7.844119310899824,1.5711190252697431,7.587074041768849,1.7757296092671293,6.822484934777253,1.528676394931113,6.559727616219048,1.7460339111887397,4.117814065271398,1.4657892441415348,4.889847386909633,1.6586669134316616,3.2667020999076426,1.3295467208664298,3.9540039978857076,1.5284517971310345
2025-06-26,7.9494942995675,1.592224855372725,7.697841287648608,1.801654317153571,6.88494514794478,1.5426715087942235,6.623434563107295,1.7629910923634808,4.162719467008952,1.4817739034358646,4.940864772795852,1.6759723308166259,3.2989739473579176,1.3426813525657906,3.9892212071199884,1.542065290383156
2025-06-27,8.00466129210086,1.6032743955570046,7.705326556860265,1.8034062196787477,6.956770997172375,1.5587651288329298,6.649943940081853,1.7700472193660135,4.194017227904702,1.492914746747273,4.982697404208172,1.690162221857224,3.327250815213108,1.3541900288342217,4.028912666745923,1.5574083408273263
2025-06-30,8.172653823304197,1.6369220558507531,7.8649556854497735,1.8407668897575402,7.077570632649218,1.5858320337854672,6.747435778488416,1.7959970858667367,4.24721523754407,1.5118512672173843,5.048894767873051,1.71261678294665,3.3567593028996185,1.3661999739842363,4.0690633048547475,1.5729288903781635
2025-07-01,7.959893260842507,1.5943076903290352,7.746672879301725,1.8130831898242095,6.903218331697013,1.5467658798231554,6.666249004705903,1.7743872159974783,4.157198681870596,1.4798087084691298,4.944274733779514,1.6771290109769996,3.2921687041190206,1.3399116207211792,3.9945864625155663,1.5441392726694207
2025-07-02,8.032191064925064,1.6087884052413508,7.847233258554546,1.836619014303488,6.920040446670746,1.5505351179114775,6.707406175606945,1.78534221600451,4.169675072530163,1.4842498412994671,4.960595869313675,1.68266524255196,3.288909725470422,1.3385852174425503,3.990967601330925,1.5427403730010874
2025-07-03,8.17281356578974,1.6369540510879792,7.971149358074378,1.8656211679362154,7.035763490391264,1.576464539079325,6.812824260045693,1.8134018491251778,4.223506061673836,1.503411679021515,5.023785538551167,1.704099574820796,3.331432382314413,1.355891925321135,4.040241354614558,1.5617875355224273
2025-07-07,8.117092256633297,1.6257934853878913,7.859732411453499,1.8395443997381415,7.003806435651984,1.5693040989026912,6.732906288770047,1.7921297024562102,4.194652854647694,1.4931410063181034,4.992043650560885,1.693332527260113,3.312976946326023,1.3483805687143535,4.019837497752445,1.5539002618358115
2025-07-08,8.000707130993232,1.6024824063611571,7.744518266434202,1.8125789098021212,6.903574776240873,1.5468457463769862,6.644650330847658,1.7686381942088358,4.1447591126290115,1.4753806826993776,4.9303510009334355,1.6724059934355773,3.27744875554057,1.3339206063080946,3.9772157887274036,1.5374245001039175
2025-07-09,8.082286276537628,1.6188221052553275,7.805918778639786,1.826949496796182,6.967870350481899,1.5612520994258263,6.691543037469633,1.7811198490487343,4.1637178281923255,1.4821292830283277,4.968163530247176,1.6852322406214841,3.2870989568614255,1.3378482351917336,4.001563429619756,1.5468362749776188
2025-07-10,7.9792839604244685,1.5981915038993075,7.73368823564623,1.8100441768822102,6.891581324452057,1.544158440092167,6.653211496625096,1.7709169604383606,4.1385327832559335,1.4731643401251682,4.944881685523241,1.6773348928165976,3.270557805334929,1.3311159917551405,3.9897750772784386,1.5422793933126202
2025-07-11,7.916829091483438,1.5856822560252175,7.6932417310700245,1.800577806134814,6.859556238869317,1.5369827566214085,6.63615522294239,1.7663770109174555,4.095330767683041,1.457786023195794,4.913324149944732,1.6666303787506493,3.236385156496766,1.3172077344924462,3.96126776726418,1.5312596651469512
2025-07-14,8.117028498388972,1.6257807150835768,7.875452923177319,1.843223733561316,7.025543696021673,1.5741746463843331,6.7862314529810615,1.8063235151386043,4.171996001571046,1.4850760060486814,5.010537929298672,1.6996059026444434,3.2910578509102484,1.3394595038167545,4.038686269362154,1.5611864049090034
2025-07-15,8.034463962617014,1.609243649822007,7.806187288915161,1.8270123407388856,6.956008521927391,1.558594285229775,6.730437391601864,1.7914725443497939,4.169966969076399,1.484353745655297,4.97077797791026,1.6861190776723265,3.2841995203570953,1.3366681654520407,4.011427606280843,1.5506493511790898
2025-07-16,8.093946915778307,1.621157644967527,7.916102349074667,1.8527375973734057,6.9851681719361265,1.5651279264292721,6.805081195184769,1.8113408407091767,4.210119063113487,1.498646403516098,5.010108683666853,1.6994602998329644,3.310109983865456,1.347213715900196,4.036856394617285,1.5604790522245315
2025-07-17,8.0851470980502,1.6193951066246532,7.92253039109375,1.8542420593675901,6.986161102960752,1.5653504069819817,6.816811007900018,1.8144630207707502,4.234185635737858,1.5072132117150567,5.024626988316533,1.70438499986062,3.3283399485353455,1.3546333057517008,4.049916331443738,1.5655274750191182
2025-07-18,8.221116957706098,1.6466288628822607,8.040006425566194,1.8817369370560864,7.121353491613925,1.595642216386351,6.919407883400837,1.8417717192849254,4.265233492695724,1.5182650984834027,5.0607342810004825,1.7166328200827379,3.347517708153431,1.3624386478471766,4.075730677944832,1.5755062166497427
2025-07-21,8.013111686520578,1.6049669469981083,7.878064505629895,1.8438349658048074,6.960708648830275,1.559647416620802,6.810096529806571,1.812675796188726,4.205437498397217,1.4969799399269006,5.004959612034768,1.697713702429149,3.312370153176814,1.3481336040946548,4.04324172971314,1.5629473544588648
2025-07-22,7.929237801585161,1.5881676287926587,7.802975600537717,1.8262606556866283,6.892856236985865,1.5444441026791371,6.754605980321513,1.797905612604906,4.170333222805873,1.4844841184134583,4.973699345737356,1.6871100239684709,3.2774130801418733,1.3339060864321148,4.011993455694045,1.5508680847850684
2025-07-23,8.152649169648132,1.632915271824749,8.019882846493097,1.8770270798690076,7.0914792489042275,1.588948460360015,6.9385365098340985,1.8468632767978264,4.2569286881627715,1.5153088957588163,5.078132241034229,1.722534317284151,3.3379213866157196,1.3585329480182253,4.092800105985476,1.5821045402676936
2025-07-24,8.185584591601827,1.639511993009859,8.045242523205786,1.8829624284068298,7.091628253976787,1.5889818471009636,6.930960060710646,1.8448466172854348,4.223590275365641,1.5034416559757195,5.028863874644422,1.705822178286036,3.308688045565756,1.3466349874622117,4.043732446965769,1.5631370451286426
2025-07-25,8.278552705251528,1.6581328178990875,8.14408430041015,1.906096019755499,7.167955796643429,1.6060841366440046,7.002400789829943,1.863862336074417,4.254825560719126,1.5145602603087718,5.0754953713873086,1.7216398745557149,3.3288821477452206,1.3548539806585325,4.076575538865894,1.5758328043805128
2025-07-28,8.305854169833733,1.6636010991328052,8.169252705919249,1.9119866019001444,7.199473929748925,1.6131462300822863,7.025846861720049,1.8701030885872312,4.256504046159807,1.5151577389385487,5.063677626710288,1.7176312214145906,3.327738274298107,1.3543884245275526,4.065152511046624,1.5714171418246892
2025-07-29,8.245329662459834,1.651478488389483,8.092589284001772,1.8940437813217308,7.167039733266683,1.6058788793992205,6.978283564125619,1.8574429393574825,4.21840891123136,1.5015972823110455,5.01565186005611,1.7013405800430978,3.311044148868197,1.3475939207606813,4.04114565408884,1.5621370997002466
2025-07-30,8.377512367179822,1.6779537055510334,8.237765782243724,1.9280218610239621,7.28335562771398,1.6319411373443435,7.127579384433914,1.8971817182074602,4.300452819794834,1.530801874071005,5.115293054967383,1.7351394985239823,3.371327562589107,1.3721292510675172,4.117032420407519,1.5914717347740268
2025-07-31,8.331924923448803,1.6688228780711798,8.305979041493924,1.9439869489522394,7.223316838869373,1.6184885786117968,7.195257164240191,1.9151958348734561,4.293665894033986,1.5283859799525845,5.110775222205486,1.7336070213054413,3.3664741051510876,1.3701538954261916,4.111337378455188,1.5892702708626527
2025-08-01,8.035522670145298,1.6094557011019475,8.037257751885697,1.881093619063696,7.023086696719381,1.5736241201652668,7.016437732595066,1.86759861591883,4.163934004584081,1.4822062338145578,4.991168700146736,1.6930357385900394,3.2755268572049268,1.3331383942937003,4.028383475818707,1.5572037778516294
2025-08-04,8.206739276693014,1.6437491198182397,8.238125707381418,1.9281061003131272,7.1479250911960746,1.6015959674675353,7.18635947278972,1.9128274940043313,4.251757781920009,1.5134682447160632,5.095430058743743,1.7284018455808718,3.33703734434661,1.3581731430944652,4.102952859912834,1.586029168314199
2025-08-05,8.256685860182841,1.6537530507195781,8.259032553767256,1.932999278626578,7.199478244018173,1.6131471967566908,7.202551238101015,1.9171373332186352,4.251278236639086,1.513297544362984,5.071861269775718,1.7204071644880485,3.330477750215124,1.355503390358831,4.0787783464320855,1.5766843172229579
2025-08-06,8.318536633437166,1.6661413026999479,8.333711030621089,1.950477529371763,7.239275784962865,1.6220644112320701,7.255956584252389,1.9313524883096054,4.276429829615899,1.5222505796079127,5.105193466969169,1.7317136549083354,3.3536227498330202,1.3649233978787387,4.099935985179723,1.5848629713123736
2025-08-07,8.438401816701948,1.6901494115048536,8.432148190991239,1.973516421487372,7.3221439612915,1.6406322243171292,7.3123538754233905,1.9463640236423043,4.321778408321324,1.5383929934833052,5.159339707227548,1.750080399327338,3.3748573074624124,1.373565856113913,4.134579408419954,1.598254663009857
2025-08-08,8.322994841709924,1.6670342488113377,8.308283666546398,1.944526338830525,7.306304152346206,1.6370830860974959,7.287011375009956,1.939618489726115,4.315148916211307,1.5360331399117355,5.144572341178698,1.7450712161104278,3.377915253487275,1.3748104391783005,4.140080007038802,1.6003809632990758
2025-08-11,8.17710963136985,1.637814521218429,8.162084000084457,1.910308789987293,7.184385137522752,1.6097653680174113,7.173621720915373,1.9094370259809448,4.285078273195825,1.5253291051015558,5.11030637271635,1.73344798461708,3.359859177038665,1.3674616217778266,4.115068893094988,1.5907127176230178
2025-08-12,8.306507705918087,1.6637319975721496,8.224087327978916,1.9248204640014313,7.305229744726505,1.6368423495356021,7.223459146670426,1.9227024907236463,4.396444661776205,1.5649714133632908,5.240330241238188,1.77755289661309,3.4527022487394814,1.4052487225785009,4.223194748839033,1.6325096299722932
2025-08-13,8.171007686324838,1.636592346800704,8.115735637729731,1.8994611089285296,7.197108757210943,1.6126162789774736,7.146361784867658,1.9021811190987048,4.36835351878975,1.5549720072238904,5.216016037844975,1.769305366270377,3.4267609285623397,1.3946906134759174,4.201203406799802,1.6240087012228135
2025-08-14,8.118261589544396,1.6260276941130123,8.082631217962954,1.8917131288700968,7.139392517851634,1.599684121038506,7.105865958388586,1.891402152283185,4.322171094461382,1.538532775200323,5.155454853191078,1.7487626324638867,3.387962717622623,1.3788997539017178,4.149610651905545,1.6040651101239587
2025-08-15,8.113251926420263,1.6250242956775016,8.084953252050466,1.8922565932755087,7.134862441297811,1.598669091886919,7.109170089798354,1.892281628661779,4.313474054836909,1.5354369513152824,5.158652702997898,1.749847363182251,3.3807312662940574,1.3759565554994908,4.15207862655826,1.6050191254196517
2025-08-18,8.163767416492648,1.6351421743555155,8.114980790721521,1.8992844394805226,7.209150988116123,1.615314514928604,7.159669076562503,1.9057231842460187,4.347650903737139,1.5476026432874153,5.202551341753537,1.7647380568762077,3.4151151474750927,1.3899507842588867,4.1956738550200265,1.6218712088582006
2025-08-19,7.8521501790672925,1.5727275487084178,7.788719420796971,1.8229240439254515,6.95182077427899,1.557655959819131,6.899400849869811,1.8364463519753007,4.232460388936734,1.5065990877734454,5.083386782549767,1.72431669073417,3.335387822471988,1.3575017882135094,4.114871068032864,1.5906362467666695
2025-08-20,7.819816380032688,1.5662513281399824,7.7786442655347,1.8205659871279718,6.92043893893255,1.5506244058644747,6.902850414394939,1.8373645389781907,4.213438713142,1.4998280759347578,5.069100295858323,1.7194706248124156,3.3221153673069344,1.3520999031615952,4.108851546578228,1.5883093527144316
2025-08-21,7.854643977606336,1.573227038093344,7.8238919472727755,1.831156057525421,6.943712349945589,1.5558391501087323,6.946317259340982,1.848934315915349,4.226472612274131,1.504467661125898,5.084594170372707,1.7247262442590818,3.332090205317491,1.3561596590752083,4.1212944360026125,1.5931192509118968
2025-08-22,8.045066860519436,1.6113673317749757,7.93560077793632,1.8573011402191995,7.106060581760434,1.5922156188157695,7.017888381891671,1.8679847421443847,4.339542144900081,1.5447162255671643,5.185433873559783,1.7589317042667774,3.4122287604736603,1.3887760256627433,4.193990407253101,1.621220458690495
2025-08-25,8.048619811917215,1.612078961636234,7.926384752769085,1.855144159981612,7.101004824336758,1.5910828032645508,6.999630680608337,1.8631250029225557,4.320312027368715,1.5378710161929046,5.175394408644327,1.7555262547780262,3.400762330310274,1.3841091922149662,4.1837605117494885,1.6172660109521213
2025-08-26,8.237740984257709,1.649958532327183,8.119442956498975,1.9003287946362604,7.274832232024019,1.6300313473014985,7.160585038681937,1.9059669902415506,4.385845207446273,1.5611984003266857,5.251920073249414,1.7814842403480113,3.448380305551872,1.403489693068887,4.239288728636097,1.6387308862879082
2025-08-27,8.142882713738686,1.6309591230105083,8.033861655662449,1.880298773964472,7.196035629044229,1.6123758290955215,7.093000029313598,1.8879775667244283,4.37034292856764,1.5556801633981119,5.234684703337193,1.7756378947359386,3.4392735802889742,1.3997832587688446,4.226646211792807,1.6338438205186983
2025-08-28,8.388239931683563,1.6801023573012972,8.244596833896292,1.9296206460911838,7.387429843329854,1.6552604701466742,7.237847835438572,1.9265323964753125,4.452468901325141,1.5849139669707062,5.317065363105531,1.8035819314006034,3.4975777207225507,1.4235130254741057,4.282307020101645,1.6553599501267873
2025-08-29,8.202012939541664,1.6428024694775187,8.079333672871888,1.8909413493377147,7.2223258374855535,1.6182665304230108,7.104737124982906,1.8911016853245377,4.375490568037289,1.5575125323316596,5.243019620716907,1.778465151005927,3.4385907207521726,1.3995053351534674,4.228314633159581,1.6344887621115198
2025-09-02,8.06900530173485,1.616162024325939,7.946375216955801,1.859822862069389,7.117968547172962,1.5948837706419463,7.002793415910552,1.8639668432264316,4.3326068023909015,1.5422475005851088,5.193000529071452,1.7614983612909092,3.40947718312966,1.3876561345545126,4.192113403200726,1.6204948877961292
2025-09-03,8.010936001483259,1.604531173392476,7.874146730021101,1.8429180233691975,7.0914591981145545,1.5889439676906774,6.963554109487452,1.8535223303328079,4.325575728622454,1.5397446988215542,5.185485680902681,1.7589492776425382,3.411829441761729,1.388613503073358,4.194056837866222,1.6212461379740941
2025-09-04,8.074915743534497,1.617345842061382,7.926168386787841,1.8550935202386467,7.1678324363665045,1.6060564959903112,7.0274875951052,1.8705398103990647,4.37554573542775,1.5575321698787374,5.241609106759933,1.7779866958218986,3.455696878774542,1.4064675360550762,4.242859010615712,1.6401110072768925
2025-09-05,8.02415383897686,1.6071786083862638,7.87197439205422,1.842409594846175,7.110670701332021,1.5932485827628158,6.971084298142941,1.8555266764763316,4.3905399242070295,1.5628695455564439,5.235183879857455,1.7758072185435376,3.4699961347341324,1.4122873287054196,4.238690039583417,1.6384994582572379
2025-09-08,8.1034049900566,1.6230520272241038,7.965500945937007,1.8642991757396883,7.181735357819904,1.6091716465622181,7.0578324246709725,1.8786168380671162,4.419915573259984,1.5733261882651677,5.277665522407507,1.7902172582340663,3.4960079769425554,1.4228741402524177,4.278074253433508,1.6537237403950296
2025-09-09,8.201688596803354,1.6427375060282559,8.096192275663789,1.8948870496147454,7.24681207727891,1.6237530264916091,7.154534264323459,1.9043564268406052,4.430153168364157,1.576970392824118,5.3008574673416335,1.7980841114662036,3.493334063015785,1.4217858581304208,4.288806785906456,1.6578724864647896
2025-09-10,8.408868223458736,1.6842340514255512,8.28298180680903,1.9386045221647292,7.42963700425663,1.6647175948193764,7.310395262174274,1.9458426902345873,4.489924921909236,1.5982469225705087,5.346142836972905,1.8134451929737772,3.5411318797148716,1.4412395544006267,4.320590631027831,1.6701587854218662
2025-09-11,8.443428507017172,1.6911562203606831,8.341833386313699,1.9523785398826607,7.453251599974479,1.6700087864298854,7.367117985743709,1.9609408474572045,4.536697295098536,1.6148961545312357,5.418354427335343,1.8379398174933692,3.577289166601764,1.4559555587210864,4.379553888868527,1.6929515032490365
2025-09-12,8.459878652569211,1.6944510627286917,8.356925035260813,1.9559106904509187,7.473074282704689,1.674450345108808,7.3707661520901855,1.961911897251841,4.526526792806039,1.6112758325274836,5.388330249169674,1.8277554278824186,3.5670770203776265,1.4517992184396467,4.351978751779168,1.6822921139659448
2025-09-15,8.669458724213657,1.7364283994859788,8.514402447850692,1.9927677585099814,7.6437493726144,1.7126925667688018,7.475711317134565,1.9898456511671305,4.59335382511706,1.6350637801197545,5.425508079321568,1.8403663811304112,3.6106567710992623,1.4695361631918982,4.368897510343633,1.6888321950955822
2025-09-16,8.669276126025206,1.7363918264206697,8.515305781814419,1.9929791808392776,7.6402734114300985,1.711913727407054,7.464779659792929,1.9869359199190226,4.571044190899545,1.6271223768998855,5.407972960838094,1.8344183589222929,3.5906217897600516,1.4613819321272052,4.352038523054089,1.6823152190292232
2025-09-17,8.658398097055802,1.734213037751874,8.550882783983713,2.0013058606387855,7.627019548654984,1.70894400781666,7.5023366545063315,1.9969326439003354,4.560132110375938,1.6232380805209874,5.419252158367393,1.8382443334919678,3.5834365944009123,1.4584575598898957,4.362291512568913,1.6862785939419127
2025-09-18,9.041616359931,1.8109688187096447,8.925266744198746,2.088929189438346,7.9451428106419835,1.7802241243617454,7.7967676183474035,2.0753027344662005,4.716492912274344,1.6788967329018654,5.580845267275509,1.893057729898159,3.6965115096026024,1.5044790145927618,4.482689918437205,1.732819558472931
2025-09-19,9.211860955212025,1.8450675507653511,9.10479933885816,2.1309481999831474,8.078349743755712,1.8100710637450972,7.926400675641566,2.1098077821280947,4.756724544826339,1.69321770352711,5.616224224028574,1.9050584940028084,3.717756972942158,1.5131259114485212,4.497844315639097,1.7386776116387985
2025-09-22,9.32961653906281,1.8686531224257206,9.224270966037631,2.158910139550624,8.18848311279644,1.8347480374806633,8.030732642866617,2.1375783182621797,4.797490932177014,1.7077290270482663,5.6573432110236626,1.919006312379546,3.754249177465976,1.5279782271412197,4.528660425570643,1.7505898248360157
2025-09-23,9.245600639447435,1.851825359731258,9.177056965224828,2.1478598586711053,8.11430372960902,1.8181270741288607,8.002183102414092,2.1299791512394957,4.775017367028845,1.6997292704906506,5.655575362914918,1.9184066472092585,3.741913581745487,1.5229576435867616,4.536848853540482,1.7537551270089184
2025-09-24,8.957779443363695,1.794176904994638,8.90671960808318,2.0845882935163873,7.866784124564941,1.7626667277696044,7.784008385127195,2.071906548650776,4.671459105970147,1.6628663663391394,5.559021984960466,1.885655135613652,3.6697922950117583,1.493604302709977,4.463584774854447,1.7254343127677854
2025-09-25,9.0389164768933,1.8104280521253526,8.967227623708785,2.0987499946350088,7.898213734410118,1.7697089862914677,7.788294466183095,2.0730473952388575,4.672447201778698,1.6632180918384947,5.572406130568536,1.8901951217784738,3.657604676357004,1.4886439457744438,4.456381158726482,1.722649697470857
2025-09-26,9.07303432691629,1.817261604898821,9.002661492933619,2.1070431746418254,7.963082346806023,1.7842437368243824,7.85016733885201,2.089516392152003,4.7199346559892374,1.6801218661493647,5.632360907505026,1.9105321582825074,3.7041920689386227,1.5076049998118966,4.515746486758442,1.745597838738858
2025-09-29,9.26607621710496,1.8559264663483417,9.181310872650378,2.1488554716477344,8.119432069679206,1.8192761528714916,7.987217305809321,2.125995633949041,4.779126896417968,1.7011921106970271,5.709064654837103,1.9365505506308103,3.744522915597739,1.5240196416388665,4.568735535720157,1.76608117845149
2025-09-30,9.257497317368822,1.8542081762437286,9.139472968263068,2.1390634483721955,8.123356787631675,1.820155542675655,7.950131510598052,2.116124331381207,4.773654222875611,1.6992440416759558,5.717821742388377,1.9395210096717637,3.741809870984069,1.5229154333396846,4.580474591506254,1.770619004139698
2025-10-01,9.313566655068827,1.8654384494845173,9.202360019218666,2.1537819548486805,8.167655596969357,1.8300813314176538,7.997066046486378,2.1286171201159556,4.7927064007667814,1.7060259111308873,5.744724397916676,1.9486465592191153,3.7550114096812566,1.528288455411619,4.599652880708677,1.7780325248678042
2025-10-02,9.47362133331229,1.8974962165970477,9.377359299068793,2.1947399580419438,8.278529812654796,1.8549243025557594,8.121308811700883,2.1616874080876727,4.859204329937241,1.7296967101982372,5.8054858818248825,1.9692572357893812,3.7972470995420475,1.5454783678188548,4.63602508491721,1.7920924906437312
2025-10-03,9.402370026144487,1.8832251072691826,9.319732617527887,2.181252623644963,8.197687982111795,1.8368105215426045,8.065011778902413,2.146702559003025,4.815219619324231,1.7140397828330662,5.760431783055816,1.9539746028093032,3.7586299611554153,1.5297612047164584,4.594698887198026,1.776117519144902
2025-10-06,9.446736877113924,1.8921114590553578,9.36247212826901,2.1912556649084047,8.22587188214695,1.8431255318522966,8.095644585070167,2.1548562387734362,4.848812824313673,1.7259977191966938,5.76908858414943,1.956911044054603,3.780789945250349,1.5387803112302423,4.600446948281136,1.778339478024356
2025-10-07,9.47190924184157,1.8971532973506626,9.378759645579798,2.195067704515636,8.245241210458055,1.8474655099186355,8.110642302047866,2.158848252461432,4.804268524196965,1.7101415987007393,5.737059235968525,1.9460464881936832,3.7459917975906034,1.5246174761451121,4.5772782281313305,1.7693834243711146
2025-10-08,9.64594182910439,1.9320107361565202,9.508962585056379,2.225541272266436,8.425266219334102,1.8878027161121231,8.22731321468162,2.189903104404399,4.906232852280684,1.7464371217676322,5.8206838030242345,1.9744124660147246,3.8247415253191153,1.5566685904091053,4.641046752009885,1.79403365612978
2025-10-09,9.552561737209933,1.9133073950748822,9.433468534121292,2.2078721391024607,8.332671875986357,1.867055614677231,8.159726716965714,2.1719132847267235,4.870563678279775,1.7337402173496075,5.784249989463114,1.9620538878624183,3.7979382357058644,1.5457596600188088,4.613160699560636,1.7832540800333119
2025-10-10,9.165438941065037,1.8357695650097885,9.020810545120275,2.1112909003356255,7.998164267698696,1.7921043484446584,7.819732710119274,2.081415462212412,4.684382113648588,1.6674664782812434,5.547749911589055,1.8818315776030325,3.663323064675201,1.4909713280102814,4.43092675127086,1.7128100931504633
2025-10-13,9.586372260625346,1.9200793926040962,9.536325414021205,2.2319454519697914,8.363808606294631,1.874032249304149,8.255644553337453,2.197444191616641,4.880166921833968,1.7371586162591939,5.762129367235561,1.9545504340140256,3.8026272045774454,1.547668068865649,4.580137371307882,1.7704886489811031
2025-10-14,9.602508661390207,1.9233113942139928,9.583644542604247,2.2430203376565587,8.37277767551025,1.8760418989443464,8.296151552118888,2.20822613221704,4.905617325016562,1.7462180168666015,5.79743046944087,1.9665247893676023,3.825514708825064,1.556983275851342,4.608391206155602,1.7814103942984898
2025-10-15,9.594876462858855,1.9217827213519447,9.616673500410759,2.250750656092542,8.347908709010373,1.8704696474233629,8.300227281627246,2.2093109885328457,4.943785065663654,1.759804318439935,5.834818110004635,1.9792069116236892,3.851419672821801,1.567526588000006,4.640956579172127,1.7939987990997925
2025-10-16,9.456595906740569,1.8940861496997994,9.426904273082023,2.2063357954967153,8.247279500654482,1.8479222183084794,8.147646815214747,2.1686979198007683,4.8815074637620555,1.737635799519138,5.745968549381148,1.9490685832018988,3.8073328227661563,1.5495832539792924,4.575099765062757,1.768541322088486
2025-10-17,9.21337930535642,1.8453716650584064,9.194928855890238,2.1520427156266906,8.04070350602738,1.8016358798607162,7.961516649430454,2.1191547679554046,4.814408669846272,1.7137511148642128,5.673668815529882,1.9245440598578687,3.764888464341439,1.5323084135325746,4.532491247869255,1.7520706597643394
2025-10-20,9.416153583585492,1.885985851780215,9.410155845214648,2.2024158812967167,8.19741618051154,1.836749620464128,8.141548382471182,2.167074670940702,4.890219367132969,1.7407369143472171,5.755772820784632,1.9523942535757428,3.818422784890781,1.5540968650544318,4.58724530729733,1.773236278356989
2025-10-21,9.227057829300376,1.8481113721375801,9.249043744322046,2.164708126450616,8.049601149497855,1.803629525529978,8.027196162029583,2.1366369963309984,4.8669482929592816,1.7324532741238552,5.722369995320789,1.9410638056030034,3.811553822547939,1.551301199554679,4.565559592863997,1.7648534923973844
2025-10-22,8.926095836650317,1.7878309131345458,8.83184275313972,2.0670636130348314,7.817979053565291,1.751731245946875,7.682261907974501,2.0448242047111687,4.744610635267117,1.6889056005387375,5.574954327654552,1.8910594862179033,3.7336649510906743,1.519600453520654,4.469653933821949,1.7277803945967152
2025-10-23,9.213880327436454,1.8454720160717972,9.1171209431106,2.1338320307437653,8.058153466960933,1.805545795914266,7.908897720074926,2.105148937164804,4.864545794942144,1.7315980738411882,5.690032938332529,1.9300948729840097,3.8185900455822086,1.5541649401029116,4.549946040667268,1.7588179492043448
2025-10-24,9.465595905183987,1.8958887827579427,9.446009144688066,2.210807227567277,8.25966689200082,1.8506977924470733,8.173749923925556,2.175645908446489,4.987142324884238,1.7752378963561826,5.853800010764915,1.9856456914574745,3.9004976203603,1.5875012971167364,4.665632657669813,1.8035375341506683
2025-10-27,9.534915432516193,1.909772970886367,9.425555267117225,2.206020065108217,8.337344435467083,1.86810256918873,8.162871211594918,2.1727502698238745,5.00524121601438,1.7816804310430185,5.873297805287283,1.99225946569217,3.91640163735149,1.5939742269990897,4.685942328784218,1.8113883995849351
2025-10-28,9.50160756717463,1.9031016520479933,9.379355567935512,2.1952071781738653,8.31262411907179,1.8625636248729893,8.118833285807511,2.1610284855819324,4.970794071630402,1.7694185238929934,5.834428576425164,1.979074779389528,3.8884945745767965,1.582616061281391,4.649174304747643,1.7971754264959574
2025-10-29,9.642084217810407,1.931238085173553,9.461622405529825,2.214461459675899,8.459491860691005,1.895471465921592,8.182365090793216,2.1779390484031382,4.991761284310555,1.7768820747816545,5.82183059650709,1.9748014655593,3.8961757047101706,1.5857422788148678,4.634499958372638,1.791502940807881
2025-10-30,9.430281083817036,1.8888154854858672,9.208316058474534,2.155175946155787,8.279330314230402,1.8551036665081075,7.94245971352746,2.1140822926520544,4.890752656441127,1.740926745582802,5.687502997966416,1.9292367013385159,3.821093441107079,1.5551838212892972,4.533424751476118,1.7524315130326473
2025-10-31,9.537750426757148,1.910340799244396,9.39713346582597,2.199368036431056,8.34986305588682,1.8709075470986414,8.10702637976871,2.157885785223614,4.8855556684865356,1.7390768104169518,5.7520473215652395,1.9511305408660649,3.788095775223367,1.5417537817172233,4.57314650340155,1.767786273206912
2025-11-03,9.507829934506171,1.9043479461581836,9.425576403729435,2.206025012062463,8.365337750484208,1.874374876169493,8.152925855996262,2.1701030672035784,4.898528959528747,1.7436948213735814,5.766722418700804,1.9561084258886772,3.8031865619753447,1.5478957271495772,4.591147839337518,1.774744833258142
2025-11-04,9.16124774080509,1.8349300986266126,9.108618873811102,2.131842149517874,8.052547640885587,1.8042897295282803,7.870390930950748,2.094899401885996,4.731102702281336,1.6840972768584312,5.581102131787414,1.893144859952212,3.6716982935590172,1.4943800435155299,4.448745442430753,1.719698050406051
2025-11-05,9.319369301383933,1.8666006765824528,9.218243286074916,2.1574993809728045,8.193373984641626,1.8358439080339657,7.957778102427931,2.1181596611115117,4.823700221619839,1.7170585630479318,5.666494209128417,1.9221103883517066,3.7443455020065404,1.523947434363393,4.5168968870963875,1.7460425351693356
2025-11-06,8.87012858856476,1.776621087687727,8.773194758133041,2.053337243595944,7.8246259422597495,1.753220577465243,7.596269901878145,2.0219353032933487,4.659337012353371,1.6585513501294953,5.458558894112696,1.8515774248743857,3.6316578815172007,1.4780836084858884,4.3689656510723465,1.688858535438009
2025-11-07,9.007187516616673,1.8040729762823096,8.88882660823243,2.0804004960257245,7.918629517494779,1.7742834376803547,7.6827411119571,2.044951756715298,4.696420016231911,1.6717515256022166,5.508697308431834,1.8685846895889675,3.656499827832881,1.4881942727747706,4.4029175553453435,1.7019829149605985
2025-11-10,9.265863741553582,1.8558839090684276,9.18273173497855,2.1491880197806417,8.131758314462779,1.8220380262385896,7.935782697516031,2.1123050395306486,4.828623465383824,1.7188110554240228,5.63798726520533,1.9124406541152403,3.746237781721179,1.524717591608411,4.490550656292461,1.7358581894171776
2025-11-11,9.05601590355372,1.8138529406925168,9.023815001877816,2.111994083512007,7.956928197214008,1.7828648106263574,7.798424802003233,2.0757438349248543,4.732013254207969,1.6844213996087893,5.54085887555746,1.8794940949455003,3.67337216145801,1.4950613072207,4.415480294644435,1.7068391420834974
2025-11-12,9.008140439216422,1.8042638396242254,9.007852488207675,2.1082581099329487,7.9225386420721104,1.775159333563356,7.787627409086562,2.072869841477577,4.743451648182236,1.6884930440764534,5.54069338248154,1.879437958655814,3.688772370139114,1.501329187280287,4.4171062796019696,1.7074676795436992
2025-11-13,8.47377979144691,1.697235357930997,8.441140482970113,1.975621037711511,7.462836490093278,1.6721564196475012,7.298898975316464,1.942782668861619,4.478699086424643,1.5942509410499732,5.255927787422013,1.7828436821404832,3.4909307685914426,1.4208077180602718,4.199449360461256,1.6233306606138953
2025-11-14,8.513625059501619,1.7052160701341805,8.545577118355737,2.0000640871302373,7.501109650578849,1.680732074640225,7.405345118466321,1.971115945260987,4.506102993363793,1.6040057166183108,5.304577877559106,1.7993460979544993,3.5095583403927164,1.428389133888421,4.236895428562203,1.6378057370465402
2025-11-17,8.352606182322674,1.6729651811131678,8.411808112226366,1.9687558932628186,7.356410315944073,1.6483100965291593,7.299384915313761,1.9429120138228313,4.413986744056503,1.571215744729089,5.196121500175131,1.7625570142708167,3.4411254539558165,1.4005369707651976,4.149770383588088,1.6041268556804582
2025-11-18,8.33819186969645,1.6700781010082317,8.445557777961959,1.9766548910081458,7.33944406634944,1.6445085629950045,7.32235503400354,1.9490260796077001,4.399660678954072,1.5661161963266703,5.189942674061522,1.7604611176860017,3.4275744066664777,1.3950216988068649,4.145133473572475,1.6023344211127921
2025-11-19,8.505459933762198,1.7035806558977982,8.648020925133942,2.024040721598364,7.456256912513391,1.670682170157595,7.484274288048062,1.992124897878309,4.444245770128834,1.581986836928003,5.2462303535562365,1.779554251729748,3.459349557722627,1.4079541752310032,4.185999717663046,1.618131593866191
2025-11-20,7.987793973273523,1.59989599647043,8.114218399255613,1.8991060042771208,7.0529438792531165,1.5803140536125082,7.054122398748794,1.8776293228148853,4.232626467388179,1.506658205549029,5.008600160570203,1.6989485993338311,3.30586220393951,1.3454848708146077,4.0121190787014775,1.5509166453610264
2025-11-21,8.121192062400798,1.6266146461308528,8.191189027630498,1.9171207255117795,7.178927006438246,1.6085423948296222,7.114208695744228,1.8936227783803854,4.296135544632308,1.5292650840661783,5.080605169820617,1.7233731502440979,3.357853622739808,1.3666453618128789,4.074580310223089,1.5750615328273199
2025-11-24,8.59432114726874,1.7213788990931418,8.731434875728901,2.043563481107757,7.5711434405185125,1.6964241578843522,7.565652474581078,2.0137857169901228,4.514963601675245,1.6071597648957716,5.327910640186645,1.8072607174317579,3.521432608881064,1.4332219574053913,4.258475482290864,1.6461476790176144
2025-11-25,8.725678313149213,1.7476887669368846,8.818369018366056,2.0639101299327445,7.706924716925182,1.7268479161045331,7.650260239508962,2.036306168349828,4.5823432016438135,1.6311444061017555,5.425716764342575,1.8404371683988627,3.576624980035703,1.4556852349988918,4.339776244676547,1.6775751374731367
2025-11-26,8.986695688628968,1.7999686148443967,9.084772091628647,2.1262608889457475,7.924429857489682,1.7755830877224654,7.881019362335917,2.097728422038505,4.705610627721802,1.6750230427847395,5.534123861016208,1.8772095357564014,3.6708174831007163,1.4940215539377466,4.421008570011912,1.7089761410407505
2025-11-28,9.179279735071557,1.8385417735811516,9.309613812941024,2.178884350867294,8.069205377899646,1.8080221363580193,8.061265174868712,2.145705307580808,4.775497965182614,1.699900345627455,5.617873942372973,1.9056180888158594,3.715054430289577,1.51202597744418,4.476655528821649,1.7304869170144481
2025-12-01,8.99421105095317,1.8014738862791315,9.048705801035693,2.1178196928074517,7.906255129439928,1.77151077711723,7.830133928248055,2.084184003931374,4.6751981812394545,1.6641973386040156,5.509349976132726,1.8688060785680636,3.640223357377891,1.4815697544505186,4.387781657691931,1.6961320129428161
2025-12-02,9.042187207582487,1.8110831552680544,9.08280563050841,2.1258006452183955,7.930137390835751,1.776861943093027,7.848650416781007,2.0891126257867585,4.685143354329023,1.6677374517598664,5.524346198662003,1.8738928913390227,3.644530123641816,1.4833226069569965,4.3949658320465375,1.6989091128671139
2025-12-03,9.144919059102294,1.8316595845683676,9.203717619237183,2.154099696647054,8.030588600638811,1.7993694890584946,7.963706788326856,2.1197377276462745,4.726284568058742,1.6823821995848214,5.588525458206405,1.895662898848832,3.6788805855098405,1.4973032340665728,4.450890220138744,1.7205271313437496
2025-12-04,9.400410681674986,1.882832665077637,9.492164098831637,2.221609642073305,8.222915620998897,1.8424631387979358,8.205524132270787,2.1841034006653413,4.7985415156040405,1.708102995824661,5.676558438246688,1.925524238013425,3.728143196248946,1.5173531010475096,4.512139704781844,1.744203608384784
2025-12-05,9.417722481220197,1.8863000903613583,9.46226917792376,2.2146128346175495,8.198337296616486,1.836956009845722,8.162281343841414,2.172593261917298,4.8017746044318566,1.7092538556629266,5.684562767771582,1.9282393568088885,3.7238354630978217,1.5155998550182488,4.503110188373302,1.7407131767642698
2025-12-08,9.539933468463328,1.9107780463363364,9.572663879964942,2.2404503498495796,8.290035194330017,1.8575022496746936,8.235477154322268,2.1920761390630696,4.850408788335229,1.7265658232586445,5.7226968727257255,1.941174684469645,3.7572048637246502,1.5291811905131287,4.52472123078172,1.7490670976567844
2025-12-09,9.664771447584704,1.9357821693360056,9.67467784913859,2.2643263822466846,8.377704752859612,1.877145881864348,8.298442500123176,2.2088359247478104,4.902696932652937,1.7451784653843316,5.772737313538762,1.958148715956254,3.7925525231249915,1.543567676702781,4.557009066716443,1.761548218284453
2025-12-10,9.876918990069974,1.9782737514948456,9.843393257621864,2.3038136661105297,8.580034917621985,1.9224808807410971,8.464892588614877,2.253140736781208,4.99126302108506,1.776704711533799,5.8786671499038725,1.9940807810743622,3.863976339044295,1.5726371471788188,4.64578439160078,1.7958650285185636
2025-12-11,10.108115106868912,2.024580622065587,10.067271936406172,2.3562117311105943,8.786415632380265,1.968723463910728,8.665984239509617,2.306666258306068,5.073056553872365,1.8058201787937478,5.977196807870551,2.0275026592496546,3.9220585819679443,1.5962766016677636,4.7164238416720305,1.8231712716249147
2025-12-12,9.496768895881887,1.9021325020103994,9.490663281782027,2.2212583808020385,8.303847124504557,1.8605970123349422,8.213510530507692,2.186229178283823,4.84922469686538,1.7261443305654143,5.701250222111436,1.933899846021093,3.7661041663261776,1.532803203855635,4.5164439994697885,1.74586746784337
2025-12-15,9.331223639756484,1.8689750127967455,9.330619291636097,2.183800613746805,8.178570622182013,1.832527000635274,8.09472276104192,2.1546108724857453,4.8040549312132335,1.7100655675120495,5.646962770686024,1.9154852018882473,3.7418956657275735,1.5229503517731409,4.483829564048469,1.7332600975779922
2025-12-16,9.304410235605877,1.8636044864541987,9.34465828108236,2.187086392837226,8.163456522321797,1.8291404680290724,8.110897449654948,2.158916166314019,4.783296984019515,1.7026765073833698,5.6241507465260305,1.9077472201663892,3.728564211067935,1.5175244539456028,4.467814733249629,1.7270694369392257
2025-12-17,8.969759858434774,1.7965764934382564,8.94570148258332,2.0937118724341017,7.860775254941895,1.7613203536492086,7.758837134504083,2.065206597106095,4.624246745591649,1.6460605152403767,5.42607551834211,1.8405588600063938,3.609757744820506,1.4691702597809553,4.3123052510786035,1.6669560056876849
2025-12-18,9.225018037569148,1.8477028169550922,9.212402969327918,2.1561324741365113,8.090058091415536,1.812694488327536,7.99148651651985,2.127131990077026,4.726244416112515,1.6823679069795725,5.549636142611632,1.8824713990004467,3.684815733696645,1.4997188375003379,4.405728064421749,1.7030693396710908
2025-12-19,9.654908215695919,1.9338066370095692,9.632381955874209,2.254427168187814,8.448568385723954,1.8930239034143246,8.335723916779603,2.218759296806481,4.87527305794311,1.7354165820294272,5.719885266454395,1.9402209699818813,3.785210060217659,1.5405792966231273,4.522706220749822,1.7482881794497867
2025-12-22,9.894345682515596,1.9817641889759268,9.8663535459624,2.309187445728225,8.652045578598269,1.9386159105242633,8.530909889498098,2.2707128758715958,4.976755232126628,1.7715404761714268,5.843904620717269,1.982289113067835,3.8555908191371935,1.5692242432303511,4.612020051162835,1.7828131532931173
2025-12-23,9.835214864533812,1.969920723899886,9.814577560667857,2.297069447455064,8.600467297334946,1.9270590508445231,8.485532655819195,2.2586346016756673,4.959972470727173,1.7655664349067217,5.824999338734886,1.9758763228042326,3.845050692777053,1.5649344151373512,4.6005846762952345,1.7783927178872356
2025-12-24,9.868306934187252,1.9765488204595372,9.820418267221106,2.298436445524221,8.627378293812626,1.9330888487074402,8.488985729068434,2.259553722612347,4.968878572959999,1.768736677334664,5.836606298842929,1.9798134764970599,3.851854454633308,1.5677035440596963,4.609672135973936,1.7819055479411998
2025-12-26,9.778934894039015,1.9586482624696866,9.736525648360093,2.2788016552888366,8.552371032779753,1.9162823873542012,8.418961651094667,2.240915080599283,4.954634722585694,1.76366639432944,5.817344326613238,1.9732796946636306,3.8428777258152604,1.5640500182715686,4.596398988591272,1.7767747069047541
2025-12-29,9.672113755223643,1.9372527791984668,9.599675718554284,2.246772381415341,8.484986653243157,1.9011839428183122,8.326905930475268,2.216412171435346,4.896038730993153,1.7428083922767197,5.747126426559251,1.9494613424054414,3.805166054944551,1.5487013801616047,4.5494040404166505,1.758608434682474
2025-12-30,9.606085011885082,1.924027710741169,9.514805987009144,2.2269089011849412,8.427395491531525,1.8882798103347849,8.255592403939117,2.1974303107631576,4.866725364088524,1.7323739197052759,5.706857055033509,1.935801718926549,3.7844467415261787,1.5402686261572587,4.518243184540172,1.7465629571892756
2025-12-31,9.48907383023884,1.9005912373313048,9.412753441885881,2.203023840214296,8.324050825630914,1.8651239436946099,8.166078425965937,2.173603949333129,4.8052844204085465,1.710503220113579,5.63826288436027,1.9125341458618828,3.7388712893357536,1.5217194315387788,4.467173956208992,1.7268217394609615
2026-01-02,9.925727095830917,1.9880496537356287,9.803514138602882,2.2944800900779727,8.663774474504036,1.9412439392383096,8.463376041068427,2.2527370701049465,4.985030801248761,1.7744862721729204,5.845266268587642,1.982750992568691,3.861790018210224,1.571747315291246,4.616553638416156,1.7845656476225344
2026-01-05,10.069775419042399,2.016901466435785,10.010354281708564,2.3428903421034266,8.769487091449502,1.9649303795479371,8.616071874494331,2.293380846623905,5.049102181099221,1.7972933095848744,5.915547011431767,2.006590661495582,3.910838451207842,1.5917100119991783,4.671538326495796,1.8058204175607924
2026-01-06,10.612517073242635,2.125608601669626,10.419822872235061,2.4387251126961305,9.227510558411646,2.067557159813946,8.959908054657049,2.3849013586911036,5.203286845485152,1.8521773376361925,6.082065369164195,2.063074733204887,4.019033512284279,1.6357453676173677,4.788517720319041,1.851039735703123
2026-01-07,10.384161944628811,2.0798707599995527,10.219898745974417,2.3919335315604453,9.032461221020279,2.02385353558207,8.788403096284119,2.3392510678900416,5.112587869738368,1.8198918626251865,5.971219569519517,2.0254751424987023,3.9477933078574923,1.6067506269606766,4.699212639105829,1.8165181439327918
2026-01-08,10.121962421604623,2.027354136690734,9.959576580857364,2.3310059890055674,8.83477711297265,1.9795595528889025,8.594391762245106,2.287610147991248,5.031649161384328,1.791080681192632,5.868409762242984,1.9906014108230727,3.8960900927994193,1.585707434794285,4.628210999750913,1.78907189366868
2026-01-09,10.617374256448223,2.1265814595063124,10.408306171122641,2.436029666855768,9.237160069233331,2.0697192722343853,8.956053237605156,2.383875303694949,5.192590184624188,1.848369722675997,6.054069714922889,2.0535784316364087,4.003363631086989,1.6293677309290355,4.754446786006925,1.83786934416909
2026-01-12,10.946721904584246,2.1925473551544474,10.783162840102758,2.5237636315798064,9.52765317321535,2.134808452378113,9.289942381333843,2.472748165745901,5.30951451295784,1.8899904515708164,6.181111020930391,2.0966716397144185,4.088393267945687,1.6639747662216444,4.849340344611109,1.8745512064692482
2026-01-13,11.131031598475541,2.2294632223330457,10.93553513954957,2.5594258647767227,9.684984787279738,2.17006087534363,9.413570264652172,2.5056547876776682,5.40430088296838,1.9237308875036643,6.274763392110317,2.128439111610659,4.163424221196801,1.694512340450198,4.9231917704252055,1.9030990644295869
2026-01-14,11.202998998137911,2.2438777596860953,10.999883998265299,2.574486502529167,9.757119641724294,2.1862237324690583,9.481769460174313,2.5238076920456836,5.405946827923385,1.9243167829261505,6.263329291493303,2.1245605929417417,4.165434330232333,1.6953304541915313,4.916636658118455,1.9005651334596116
2026-01-15,11.288609331460819,2.261024875648037,11.086495101465088,2.5947575450412694,9.81614019557218,2.19944814092808,9.541236127270668,2.539636217772709,5.4923829089648075,1.9550848253603137,6.378070572525105,2.1634815553753963,4.227386455497074,1.7205449495686171,5.010989337374107,1.9370379145315435
2026-01-16,11.42146370961833,2.287634624026495,11.26443760006361,2.636404398857224,9.895357700543821,2.2171979683110905,9.675108682954766,2.575269712892841,5.534816847489146,1.9701897353173001,6.410978104553988,2.1746439967074354,4.245989144557383,1.7281162381290696,5.01578707163738,1.93889251699547
2026-01-20,11.411480417208555,2.2856350444665523,11.221653208120461,2.6263908532967486,9.869233271756098,2.211344412311974,9.629914536749872,2.563240171961011,5.5182353629951075,1.964287341173707,6.357538896986197,2.1565170822131323,4.226926502344981,1.7203577487812765,4.97091968421417,1.9215486703589353
2026-01-21,11.512695405891648,2.3059076573705277,11.327994429200366,2.651279664703839,9.956413692638218,2.2308784461393434,9.720002021493777,2.587219186416983,5.630475442999027,2.0042406512123647,6.501188612879107,2.2052439671284527,4.311039848468577,1.7545918540346719,5.0873869067148325,1.966570004589549
2026-01-22,11.720950535675163,2.3476196180820694,11.53878674474887,2.700614909630247,10.127792412503558,2.269278326264577,9.90753490154881,2.637135705393987,5.684728990476301,2.0235529040455846,6.549535392967123,2.2216434982708013,4.343710904084388,1.7678889633310708,5.117233045983327,1.9781072678868925
2026-01-23,11.63202098468017,2.3298076873937146,11.417225104510603,2.6721638094124565,10.068353669553906,2.2559602164907693,9.813426780888696,2.612086499145769,5.572757149885334,1.9836950772997928,6.4712999372128,2.195105540815454,4.262674806650581,1.7349072973205777,5.0551067933583385,1.9540918691861167
2026-01-26,11.500176171088885,2.3034001473237202,11.29429088308558,2.6433914611033678,9.971924591563504,2.2343538873133317,9.723064846760069,2.588034433191218,5.574745907900719,1.984403001470711,6.435053754096924,2.1828106080874035,4.27032118377224,1.7380193703892848,5.029976448395398,1.9443775338081892
2026-01-27,11.820312432375108,2.3675210703808944,11.582228169866456,2.7107822316341426,10.208419237299804,2.2873439321314355,9.94517351256878,2.6471541535759546,5.681792086346685,2.0225074749863716,6.5434462902403245,2.2195780364217317,4.3401568271960995,1.766442455162277,5.1049694189399375,1.9733666649932589
2026-01-28,12.153534542394457,2.4342629920602925,11.927590382714769,2.7916131163599993,10.44877028963323,2.341198060606833,10.212111817686559,2.7182063923577124,5.755244612464482,2.0486538529023934,6.6371898018710445,2.2513764237307146,4.364815535989333,1.7764785418375115,5.147077751235076,1.9896439768536178
2026-01-29,11.899284838348763,2.3833386586376317,11.649166273164061,2.726448873525254,10.24641607563092,2.295857673150152,9.978825742197154,2.656111527655477,5.734104553441926,2.041128775119714,6.571623245565099,2.229135836455237,4.360073749563567,1.774548636262833,5.109585917858972,1.9751512094886678
2026-01-30,11.343646272781296,2.2720483675371903,11.109299718331924,2.600094890264935,9.805984150961162,2.1971725322882447,9.548685918562548,2.5416191641674253,5.518919125171216,1.964530735175332,6.330575152597155,2.1473708109409317,4.222286770500251,1.7184693793887815,4.944282077110288,1.9112516907729329
2026-02-02,11.555602025639164,2.3145015356535446,11.27075389202204,2.6378827061189707,9.981807832675662,2.236568370384824,9.685464381289448,2.57802613839162,5.645863464858855,2.0097182168754126,6.435063969081516,2.1828140730742676,4.318995667909568,1.7578298700294195,5.022834268952468,1.9416166673521074
2026-02-03,11.892875721077129,2.3820549598970144,11.711530281476856,2.741044963599497,10.240739265787358,2.2945857018245532,10.05739775316296,2.6770254136646137,5.72689896290106,2.0385638518509426,6.535600551104543,2.216916712481281,4.369335958819096,1.7783183524986703,5.090787046253392,1.967884355660258
2026-02-04,11.280085230625197,2.259317561357502,11.12073372533892,2.60277098182317,9.748484993938188,2.184289014785494,9.517118356250933,2.5332166759065764,5.454182721367784,1.9414869738749494,6.203358732999377,2.1042182032344106,4.171926309871569,1.6979726878502177,4.827617603893933,1.866154107704167
2026-02-05,10.919753710035726,2.1871458254411653,10.720417501568381,2.5090782924272435,9.451599352682988,2.117767494236965,9.174106959359166,2.4419157003269767,5.391732241593098,1.9192569168363782,6.122683700047449,2.076852725887284,4.14710836932148,1.6878717939003343,4.791392363407962,1.852150951927923
2026-02-06,11.651620689451386,2.3337333631560577,11.459988945558427,2.682172545103785,10.042415503217724,2.2501483952870607,9.779502203836401,2.603056633056576,5.762176494247334,2.051121345994093,6.534087150751363,2.2164033575861315,4.419844637110591,1.7988753685790948,5.0972785888269625,1.970393713242605
2026-02-09,11.928085659929307,2.3891072499778625,11.796357861327078,2.760898578364984,10.250706475484309,2.296818999271558,10.054884322590924,2.676356401890201,5.902651467365947,2.10112523189193,6.675177723942053,2.2642621652403334,4.521521592766929,1.840257857354055,5.196334998214589,2.008684758731387
2026-02-10,11.649275572451968,2.33326365358278,11.51182421019013,2.6943044175099304,10.055943341057734,2.2531795029521096,9.83903693730963,2.618903276334999,5.802772449877378,2.065572002137123,6.555349789782412,2.223615778151129,4.4647110232288485,1.8171359735305965,5.114844421174241,1.9771839259064405
2026-02-11,11.598839948512842,2.323161771499983,11.371685370896087,2.661505385238361,10.034244771151307,2.2483176246281817,9.740466454568228,2.5926663019394174,5.827981670713355,2.0745455507648263,6.590854156521535,2.2356590821098927,4.48818438842149,1.8266896257355094,5.149090022122605,1.9904218362225023
2026-02-12,11.450577411435354,2.2934658829617347,11.153183490878334,2.610365742222883,9.91706993466138,2.222062908299092,9.56128514941829,2.544972761392199,5.713338300035188,2.0337367582869383,6.4184052902559054,2.1771633446970395,4.416706936746114,1.7975983255237238,5.020717596201511,1.9407984506098206
2026-02-13,11.655623629675194,2.33453512244775,11.329551605996068,2.6516441167874443,10.08673451066479,2.2600787097075106,9.689484550768178,2.579096206029984,5.808041967362421,2.0674477551286254,6.513405716000587,2.2093880851595853,4.481031941643777,1.8237785821604775,5.089025231797225,1.9672033122234835
2026-02-17,11.580209100781655,2.319430150629976,11.232363426295498,2.628897544470504,10.036233997055525,2.2487633394539435,9.616060066930297,2.559552461808732,5.788997393575925,2.06066859245323,6.486384545280909,2.2002223345157295,4.468470737917094,1.8186661762188954,5.072954665396213,1.9609911065429435
2026-02-18,11.810749356332398,2.365605657048271,11.409875832876981,2.6704437366710363,10.206741038392988,2.2869679074015354,9.743512092616816,2.5934769739101395,5.846940905510586,2.0812943359218123,6.571689738945364,2.229158391427016,4.508425447830239,1.8349277305092893,5.138488236233539,1.9863236312880588
2026-02-19,12.002720224598525,2.404056000735848,11.578820298183038,2.7099846305273765,10.363605505485953,2.322115659333698,9.874863162632302,2.628439313192477,5.91198647909106,2.1044481502082273,6.630373166578656,2.2490641782707272,4.555005671036345,1.8538858666131763,5.1797613648851435,2.002278088515341
2026-02-20,12.142352896217293,2.432023391112566,11.74955554315126,2.749944650446315,10.474378869844205,2.346936033273752,10.017561459398781,2.666421997809915,5.970072995575034,2.1251247979981134,6.69635463799419,2.2714455073546302,4.594206103972513,1.8698404304126424,5.2247933122430625,2.0196855471077755
2026-02-23,12.080433163853868,2.419621327133171,11.666393428375677,2.730480832278298,10.426103776649104,2.3361193006410033,9.945580474408382,2.647262476545152,5.931799362748259,2.111500802732069,6.669358552369119,2.2622882657322543,4.567292068646942,1.8588864265524774,5.204855799149456,2.0119785423261574
2026-02-24,12.19703152839258,2.4429751163326237,11.843677231459722,2.7719735205856364,10.535912568467845,2.3607235481569693,10.100481912456187,2.688493329340722,6.061861142602233,2.1577979776316596,6.823102804598273,2.3144392807077847,4.668628772205491,1.9001304328313149,5.3244558027848425,2.0582108781030386
2026-02-25,12.348984257724942,2.473410123059766,11.961915333849083,2.7996467577519635,10.633675604926745,2.3826287700167796,10.174925505943289,2.7083083348262926,6.115404832770576,2.176857547562782,6.8795985367369425,2.3336029875137223,4.703518707073461,1.914330625281146,5.3607924493286525,2.0722570987799274
2026-02-26,12.380684347365934,2.479759416328228,11.988634003362142,2.8059001740641496,10.690668267046007,2.39539880001302,10.227424368559126,2.7222822068815056,6.039536561681766,2.1498512539393078,6.803467352818151,2.307778812267573,4.658904556588598,1.896172680152612,5.313174005856027,2.0538498094748987
2026-02-27,12.255060871286942,2.454597964103252,11.762306624021365,2.7529289987901633,10.51731738538255,2.356557028521725,9.965056903257906,2.6524466102820528,5.926471893411384,2.109604421028402,6.671150861323258,2.2628962281747707,4.57636524856251,1.8625792079067727,5.21699508183553,2.01667107891624
2026-03-02,12.483440453605674,2.5003407036693783,12.087953408290186,2.829145552603305,10.67122696687082,2.391042695609904,10.197976433066508,2.714443909776382,5.982114504050064,2.1294111288829374,6.736798846684476,2.285164436696695,4.60763375573611,1.875305480431048,5.255903489245075,2.031711434277647
2026-03-03,11.776460689320661,2.3587378908965717,11.440836879568158,2.677690067343541,10.117452755198759,2.2669615765458704,9.70266126770521,2.582603515472728,5.73775159124087,2.0424269854550823,6.460686908685948,2.1915055349510735,4.437766816975989,1.8061696901125732,5.0643161967198305,1.9576518375437395
2026-03-04,11.940063335328931,2.3915062896855726,11.66827424070158,2.730921030188348,10.250076258145647,2.296677789964612,9.895711853354905,2.6339887084014397,5.845536450642226,2.0807944020230766,6.595888679071235,2.2373668237462625,4.520677877925437,1.8399144656805726,5.165681464334848,1.9968353906043028
2026-03-05,11.422930398394172,2.2879283909298977,11.165522077104203,2.6132535475582674,9.834915378026423,2.2036549920245228,9.496407398833824,2.527703941826881,5.64193339785278,2.008319258628403,6.386582036661184,2.1663686974128282,4.378475323203075,1.7820380709106634,5.018038099463515,1.939762669764181
2026-03-06,10.971124356923921,2.197434985698368,10.715129614249822,2.5078406798732678,9.524060438184259,2.1340034481475754,9.176450935138444,2.4425396075129258,5.443858613961236,1.937811974141592,6.1675519401658265,2.0920723144469373,4.245064152722607,1.7277397667450425,4.869890136078267,1.8824948923419607
2026-03-09,11.452556703035718,2.2938623204159128,11.18834988450121,2.6185963204488907,9.856146470784918,2.2084121253342746,9.509779946341745,2.5312633764244516,5.659336227116652,2.014514021079614,6.396491163438406,2.1697299353873247,4.39044796180497,1.786910931032718,5.022321381482179,1.9414184066077813
2026-03-10,11.60861311935739,2.325119265266012,11.432016747493732,2.6756257445761635,9.958262948060575,2.231292798554832,9.69630337869622,2.580911205903986,5.723094984211463,2.0372097763730834,6.472125415481838,2.1953855482235114,4.427884030061722,1.8021473989660197,5.064250787916762,1.95762655324897
2026-03-11,11.600804023438767,2.3235551611669254,11.398956456660775,2.667888092748874,9.948505619128154,2.2291065279277555,9.671701587166964,2.574362829995835,5.732848397195327,2.040681630035928,6.485366569361549,2.199877030696918,4.430370896080868,1.8031595526488067,5.069061483623966,1.9594861660624767
2026-03-12,11.284806875939557,2.2602632719580114,11.077662087015602,2.592690207196577,9.6955220242213,2.172421895636728,9.409679512031623,2.5046191675402216,5.56245726362519,1.9800286993971734,6.307964962176888,2.1397012924899297,4.307181612301449,1.7530215531356457,4.937961522581436,1.908808429983705
2026-03-13,11.28483221883276,2.260268347951899,11.082139674126054,2.5937381716643437,9.680497887414942,2.1690555205535063,9.400682239493403,2.5022243206991575,5.533064663781813,1.9695660228350798,6.291003869625096,2.1339479834793846,4.27240344559419,1.7388668502918552,4.9140943352170385,1.8995823782551062
2026-03-16,11.698129766651874,2.3430487869966807,11.50643153882698,2.6930422805965604,10.040362915414978,2.2496884833117945,9.768053654950235,2.6000093183266593,5.709702837708491,2.032442668390824,6.469298560236511,2.1944266611880954,4.405283018728767,1.7929487945059304,5.038541974323222,1.9476886062058811
2026-03-17,11.938851056040361,2.3912634791189937,11.79999745884364,2.7617504141372997,10.225528973552299,2.291177615925937,9.992017562531945,2.659622857241467,5.796876779983834,2.063473362086847,6.625480324448864,2.2474044955217223,4.4635520814142575,1.8166642845788212,5.15570832034562,1.9929801922126145
2026-03-18,11.857409049269673,2.374951248105911,11.69327551193727,2.736772495108569,10.139074735917418,2.271806293954888,9.886371020588728,2.6315024144998205,5.74921853100069,2.046508791164798,6.580019675079066,2.2319839580271035,4.425570833444084,1.8012059286746869,5.1158945373539435,1.9775898566953125
2026-03-19,12.155045439595593,2.4345656135839935,11.943667818046404,2.7953759869741908,10.37808612452206,2.3253602514018525,10.084493193912245,2.684237536050594,5.862734534806505,2.0869162828045447,6.672075562455596,2.2632098926006035,4.514625996314457,1.8374513517801112,5.1911920378191505,2.0066967063512715
2026-03-20,11.477551131144269,2.29886851932374,11.190041361558514,2.618992205064952,9.841118961373997,2.2050449945702346,9.49227312153617,2.5266035015674224,5.562019601909833,1.9798729080416706,6.3727381085768995,2.1616727501473196,4.300912473646845,1.750470015687183,4.979798048140427,1.9249806727812715
2026-03-23,11.736843579330028,2.3470415924611894,11.431133255667032,2.671138295887501,10.063919101075188,2.2513586407646606,9.695744264655998,2.5766331640454254,5.702950083470239,2.0267908757674986,6.477116389847738,2.1935631924138406,4.408485124028413,1.7913812470689734,5.061155042045696,1.9532995801906332
2026-03-24,12.00937092970213,2.3470415924611894,11.706102124725128,2.671138295887501,10.28439228797599,2.2513586407646606,9.925501687054235,2.5766331640454254,5.879836537376238,2.0267908757674986,6.610913738537239,2.1935631924138406,4.539911528820607,1.7913812470689734,5.15440343586027,1.9532995801906332
2026-03-25,12.111314389231273,2.3470415924611894,11.830834504051762,2.671138295887501,10.431769885307931,2.2513586407646606,10.085624057178471,2.5766331640454254,5.940997092399134,2.0267908757674986,6.710808594326957,2.1935631924138406,4.5936653289575275,1.7913812470689734,5.239243892378294,1.9532995801906332
2026-03-26,11.240070320505248,2.3470415924611894,10.959723361706885,2.671138295887501,9.722017321563225,2.2513586407646606,9.385134981482322,2.5766331640454254,5.53904098645868,2.0267908757674986,6.3456078894953585,2.1935631924138406,4.303469585948197,1.7913812470689734,4.992046968089572,1.9532995801906332
2026-03-27,11.477173753128154,2.3470415924611894,10.946593288781152,2.671138295887501,9.913445347900666,2.2513586407646606,9.36738649702106,2.5766331640454254,5.566658390665272,2.0267908757674986,6.346545501878275,2.1935631924138406,4.31705358926124,1.7913812470689734,4.97266932205764,1.9532995801906332
2026-03-30,10.768305760389559,2.3470415924611894,10.267712460587479,2.671138295887501,9.333002992547355,2.2513586407646606,8.81721495106336,2.5766331640454254,5.258655442556364,2.0267908757674986,6.042836204207044,2.1935631924138406,4.096331475219294,1.7913812470689734,4.7768184409040675,1.9532995801906332
2026-03-31,11.561582421507074,2.3470415924611894,11.062183640282516,2.671138295887501,10.01132589679815,2.2513586407646606,9.488342264277469,2.5766331640454254,5.630696002398024,2.0267908757674986,6.419773077837071,2.1935631924138406,4.375081249422481,1.7913812470689734,5.042560289342934,1.9532995801906332
2026-04-01,12.058782004465352,2.3470415924611894,11.461458536267514,2.671138295887501,10.404287215951438,2.2513586407646606,9.802158306081395,2.5766331640454254,5.828717608179111,2.0267908757674986,6.575085787143915,2.1935631924138406,4.521768811354383,1.7913812470689734,5.139997622490715,1.9532995801906332
2026-04-02,12.28938286813618,2.3470415924611894,11.698618946557078,2.671138295887501,10.565151523562701,2.2513586407646606,9.975620865288546,2.5766331640454254,5.886240618995816,2.0267908757674986,6.613824767394212,2.1935631924138406,4.554727803390643,1.7913812470689734,5.158650831569346,1.9532995801906332
2026-04-06,12.262678977259514,2.3470415924611894,11.676453265420877,2.671138295887501,10.549364617840714,2.2513586407646606,9.951680948345043,2.5766331640454254,5.885265919133294,2.0267908757674986,6.604934602792356,2.1935631924138406,4.553938635507361,1.7913812470689734,5.15680846231107,1.9532995801906332
2026-04-07,12.417191053361451,2.3470415924611894,11.766260495163216,2.671138295887501,10.670188478288184,2.2513586407646606,10.0116041079255,2.5766331640454254,5.934543727596537,2.0267908757674986,6.635477350100939,2.1935631924138406,4.585021450065203,1.7913812470689734,5.169574122108695,1.9532995801906332
2026-04-08,13.225381189611829,2.3470415924611894,12.550535244358429,2.671138295887501,11.333367671983565,2.2513586407646606,10.645581261566912,2.5766331640454254,6.312785164275784,2.0267908757674986,7.003865815095852,2.1935631924138406,4.859506346720813,1.7913812470689734,5.4250207070286915,1.9532995801906332
2026-04-09,13.391909744393494,2.3432863259132515,12.657408486761451,2.6668644746140813,11.482897128714708,2.247756466939437,10.745524450163206,2.572510550982953,6.392148443922248,2.0235480103662704,7.043726819969047,2.1900534913059784,4.923605371189296,1.788515037073663,5.455480155477689,1.9501743008623282
2026-04-10,13.66214913356373,2.392952935903511,12.93188405346034,2.7261003968541626,11.702810697296725,2.2928053255857357,10.97078607037221,2.6274306987194684,6.480094778088733,2.0515687030352554,7.145786023002327,2.221326322240473,4.981302482040305,1.8093570367755736,5.5119150105165,1.969542473988876
2026-04-13,13.740166738348407,2.4071362405889274,13.061380208797841,2.755079378587428,11.735291874640954,2.2999413571139757,11.047979763254302,2.6478325165366345,6.550825309209418,2.0746491415038766,7.237085638526902,2.2497126086639723,5.029165765809206,1.8272395665799523,5.5732291335569535,1.9913075635527737
2026-04-14,13.950155963730001,2.4400139197015807,13.307859783199506,2.8025788041198245,11.935799806932282,2.3354951266318795,11.28092158082214,2.699335048732126,6.601710376827341,2.0874192407623773,7.325121715354842,2.2734360811693004,5.066275503748003,1.837777438156677,5.6361454757862965,2.010565431298024
2026-04-15,13.842809049188359,2.4361098974300583,13.220855967352412,2.798094678033233,11.885327958114107,2.3317583344292685,11.243132618297167,2.6950161126541547,6.568059555264739,2.0840793699771574,7.282541062972918,2.2697985834394294,5.044058531139425,1.8348369942556262,5.607608913041425,2.0073485266079474
2026-04-16,13.994288017024248,2.4601707027675013,13.354008037732472,2.8231562809772854,11.968883136228198,2.345869402887567,11.301889041295905,2.7062525509722666,6.626811248183087,2.0998915200665196,7.346761609900306,2.2867218474951865,5.082542579224435,1.8462931377464569,5.645321595306225,2.018057590637915
2026-04-17,14.390625408474152,2.4562344296430734,13.72209397825501,2.818639230927722,12.295557674628798,2.342116011842947,11.601001500005683,2.701922546890711,6.706800527109801,2.096531693634413,7.486472482914582,2.2830630925391944,5.14362645929141,1.8433390687260625,5.750151036757056,2.0148286984928943
2026-04-20,14.40733675168469,2.4579739430337675,13.697330657736913,2.8127461112283507,12.308990655803647,2.3437775725726535,11.583717027934568,2.6973447830368955,6.695933369033264,2.0929798162381568,7.497439629240524,2.285820006794291,5.139409869415818,1.8417291094325927,5.759506247295488,2.01759969418942
2026-04-21,14.295582328024766,2.4368253400120286,13.583036036814848,2.786890999107513,12.215365413566671,2.32429959729322,11.496260978326523,2.675137034872829,6.683426687303015,2.0894929309700347,7.4408284011227055,2.2686981508620057,5.127608425845904,1.8380485389379666,5.709672131800586,2.0003687552209866
2026-04-22,14.712244760805287,2.5077153803690573,14.058733065883207,2.8842072256618065,12.554250202524932,2.388600265320631,11.863042234928347,2.760070062754881,6.8298778975388,2.134719159114993,7.630455889739179,2.3266209110836296,5.21989741623968,1.8707073339567306,5.835551510231589,2.0444700478472737
2026-04-23,14.718442976789875,2.5082293150018433,14.085707441825539,2.890155347210696,12.581616809516794,2.393338080504355,11.912725344784963,2.772198408600755,6.859396147342279,2.143838983038834,7.633748230351637,2.328814834634559,5.2412386658614025,1.878353048861648,5.832230856323049,2.0440604455684594
2026-04-24,15.026403711187003,2.561328520718676,14.289070655231912,2.932715713591625,12.804288219772381,2.436221320131825,12.052892876407652,2.8054601213284482,6.925137262203536,2.1636696144535223,7.745895322620912,2.362213043257658,5.281026235083482,1.8921288247051191,5.903621774160001,2.068578817805403
2026-04-27,14.937768171719823,2.5481128099637154,14.328440997198513,2.942527476878399,12.747593224979527,2.426998087948846,12.097540782908595,2.8172593600224833,6.908410800688427,2.1600693724339908,7.740621249716101,2.361518797434958,5.2681095993479214,1.8886202693338014,5.8958692535968735,2.066318149019934
2026-04-28,14.275447383449059,2.4351267344594594,13.700218081954077,2.813506599427301,12.205727885021249,2.323814166736805,11.598878978285095,2.7011782194443965,6.682269247585175,2.0904934515376308,7.461934956064811,2.276456482333115,5.118266226743463,1.835841583980132,5.713814365225454,2.002693612460373
2026-04-29,14.4281476952078,2.460096324901193,13.783415499266027,2.8295469207830726,12.301327701090155,2.3409123588260776,11.640810713251888,2.709800150417158,6.675091805942126,2.087795864953861,7.426879896377816,2.2659190950035835,5.1061929088399,1.8312037310960585,5.677337621204936,1.9901443489543718
2026-04-30,15.203241358690018,2.5917791913910517,14.648626660483947,3.0075677515929797,12.950947836762666,2.464184962180035,12.365055706725414,2.8790115452009704,7.024300543643986,2.19530814434402,7.752216835644299,2.3647945062492073,5.346692238127397,1.9160516471333706,5.897808176536432,2.0669813941408304
2026-05-01,15.470916839536685,2.637853402628092,14.916043531222398,3.0635494958968073,13.167130832637916,2.5054777201731104,12.58354579262532,2.9305961084366086,7.064909695127331,2.2073576051085424,7.834711445689694,2.3898273528179117,5.364986357793282,1.9220194148479315,5.946839649094892,2.083938412210717
2026-05-04,15.48164661239595,2.641574044852948,14.917204242712248,3.0655342915552035,13.176945484684385,2.5087283364727133,12.581760319551119,2.9313127356186253,7.072213688706792,2.2108496438139467,7.817539488322554,2.384799372560472,5.369983038509994,1.9246500277166856,5.933942775409614,2.079486148289724
2026-05-05,16.014575063765868,2.7329531758611427,15.749716422640384,3.240284303690174,13.59501557646255,2.588801075195952,13.294261424543082,3.1011754367955393,7.300006708636036,2.280494711695552,8.081652044966464,2.465297200121108,5.526390518891568,1.9795901595586622,6.106411878702793,2.1397919198392885
2026-05-06,16.600493024567655,2.8318400384244073,16.441017486061774,3.3818795278122304,14.12065225863303,2.68791789532418,13.891530303532397,3.2399960390242986,7.524888370359679,2.3490785827384406,8.363794080451921,2.5501355769898946,5.68916483083861,2.0364428737021214,6.316233938151729,2.2125649310632474
2026-05-07,15.896637164024837,2.712038525379009,15.546730821684967,3.1970629871425014,13.544366339997838,2.5783293488661876,13.132889638540753,3.0617277230450637,7.219592581807705,2.2538619890820377,8.0150229379176,2.4438490981113334,5.479099911165348,1.9612802348281262,6.071505553412115,2.1268981537952647
2026-05-08,16.37528888539881,2.795073488892614,16.0595735174507,3.305224036892522,13.888103247169358,2.6447176233356853,13.507597413135754,3.1512267357397916,7.378342820976675,2.3037055205753645,8.21268832165783,2.504392525020842,5.577972827067639,1.99681053336123,6.193318020446361,2.169530765752954
2026-05-11,17.41260198153121,2.967660658425743,17.00743346655787,3.4950402036706696,14.717686595959734,2.7991274274611215,14.245099394451145,3.318937274192812,7.694737067511623,2.3998062625836276,8.516364322834011,2.594768810177872,5.783196223961309,2.068436584269322,6.373010433208174,2.2309453549470377
2026-05-12,17.009553615692248,2.900856133785364,16.6349136070376,3.4191797225559473,14.426815828582237,2.7455499415793536,13.98626807402151,3.2592002616152653,7.569256262453715,2.3620353644744028,8.361171342322242,2.5487658683683696,5.705999948688241,2.0418048411958942,6.280329775031026,2.1994593449678685
2026-05-13,17.273989220115997,2.9459537102659237,16.86457296050534,3.466384452500561,14.60654708046316,2.779754379617857,14.139268158257748,3.294853654781391,7.662630681300438,2.3911734556957587,8.460573073168797,2.5790668547332896,5.760326792254738,2.0612448715496385,6.336495042683579,2.2191292074155644
2026-05-14,17.097906574822137,2.9159240908417767,16.71668759770644,3.435987743164426,14.4879817433044,2.757190353128752,14.05172643532513,3.274453930939817,7.673967672666318,2.394711237163906,8.489420350489395,2.5878604738112663,5.774191697966372,2.0662062160745798,6.353865323300901,2.2252125226867423
2026-05-15,16.447333420307775,2.8049735527860338,16.04270656522926,3.297456078133214,13.956239840200169,2.6559951920932354,13.503412805010395,3.1466811814178532,7.4347525655779645,2.3200626160751985,8.274074886325772,2.522215943099408,5.611725545502554,2.008070187400525,6.194097695788186,2.1692596644860047
2026-05-18,15.695618868558695,2.6767740822082,15.386284826735109,3.1625335921664344,13.369284713126685,2.5442924689148056,12.996474127023337,3.028549978499815,7.145179351926805,2.229699422185023,7.908206729864701,2.410687039871379,5.430607102790335,1.943259721840552,5.9713935115942425,2.091265543693772
2026-05-19,15.68588120615807,2.6751133944357983,15.355969958545074,3.156302602029914,13.351161051484635,2.540843376699741,12.960346546349975,3.0201312194885497,7.096264758774137,2.2144353070778884,7.839701517768393,2.3898043502041304,5.389024604060769,1.928380060435268,5.915374869669493,2.0716470316271534
2026-05-20,16.162954850538263,2.756474848053891,15.790281922466807,3.245572116461079,13.76149169665635,2.618932907491937,13.323374524797599,3.1047271156967606,7.295742115638383,2.2766835062388044,8.075965607472597,2.461825580616082,5.5459103837946895,1.9845192380476258,6.1028573372817405,2.1373060145434373
2026-05-21,16.549792638593303,2.8224472301406367,16.08888418490924,3.3069475359535225,13.996237734724902,2.6636071432181754,13.480557605247483,3.141355266552478,7.380549231290971,2.303148115096631,8.223975394130347,2.506943935087332,5.575478311692468,1.9950996689744942,6.168178738315332,2.160182482989557
2026-05-22,16.670692586064963,2.8430658402535993,16.137250830026133,3.3168889312705248,14.095018559629889,2.6824060030129835,13.512006215242241,3.148683691646284,7.450170456003537,2.3248738684846924,8.302249563421919,2.5308045310370186,5.614444168912991,2.0090430052222468,6.210328780269374,2.1749440173336914
2026-05-26,17.65977346478637,3.0117464181614073,17.08662807649985,3.512026189382022,14.882443228111594,2.8322598431282042,14.251899749930534,3.3211000352385134,7.728511247651206,2.411731912452472,8.690939559058107,2.649290297407955,5.794351513789481,2.0734200979384774,6.4541640060845875,2.260338524511298
2026-05-27,17.610847966869166,3.0034025289601827,17.041255866236014,3.5027002773294322,14.835736681622796,2.823371176529326,14.207560845011011,3.310767802955489,7.681838290855451,2.3971673144664045,8.675632923197654,2.644624320663383,5.759932575287038,2.0611038070350283,6.438936000812245,2.2550054640349777
2026-05-28,17.568551156262465,2.9961891143544754,17.083793685289365,3.511443601868697,14.84487537906844,2.8251103510315945,14.284107827672827,3.328605438027037,7.666030604461129,2.392234423704187,8.683782330622236,2.647108533776689,5.7544385029026826,2.059137837232515,6.445002363359883,2.257129989063649
2026-05-29,17.376805511521894,2.9634882838541867,16.9513715890366,3.4842252491304992,14.693836537811515,2.796366331095636,14.182869239935606,3.305013953158276,7.626598179559655,2.3799292805177577,8.622921364141405,2.6285560669354626,5.729675094976998,2.0502766303201687,6.401581949250128,2.2419235526188994
2026-06-01,17.33927353174973,2.957087476625787,16.994632530430035,3.493117205956084,14.648396696129831,2.7877187295627084,14.207214242518072,3.3106870346669295,7.574226479240606,2.3635863527634333,8.54072080783529,2.603498576340402,5.693373527717286,2.0372866694999057,6.347681889974649,2.223046997833656
2026-06-02,18.07951900572588,3.083330979083695,17.560451284969503,3.6094169390274207,15.18405897080811,2.889659971789942,14.595924326437062,3.401267595578272,7.8876577622910515,2.461394611491585,8.940398723054011,2.7253338296731218,5.894299062757299,2.1091848002138542,6.5998777652894,2.3113695214260788
2026-06-03,18.104910825056486,3.0876613699050743,17.49917710925295,3.596822499159832,15.20301593001223,2.893267647860242,14.537847575984124,3.3877340525868034,7.909895578810159,2.4683340659406783,8.918370325197124,2.718618834094897,5.903721910522212,2.112556622218283,6.580425613901386,2.3045571058869787
2026-06-04,17.808819175568143,3.0371650842889433,17.25935085534719,3.547528040308888,15.007618727990012,2.856081841721786,14.397278529016766,3.3549774464481006,7.854492000055869,2.4510450209145223,8.846157719603292,2.6966060063620323,5.861680451876337,2.0975127290240985,6.528782111000142,2.2864708287117566
2026-06-05,16.187450567521704,2.7606524151122858,15.726791217204937,3.232522085836915,13.705800320386208,2.6083343487606325,13.192592457759122,3.074251155644336,7.276202445452096,2.270586025800852,8.122707121922298,2.476073964220208,5.466479377412811,1.95609606685414,6.052927051700287,2.119819730040407
2026-06-08,16.706596042572695,2.849188914638013,16.15581083421422,3.320703798691515,14.112008258641803,2.685639292165896,13.51463057506998,3.1492952425040155,7.439165690367321,2.3214397602038774,8.298404322465277,2.5296323724357066,5.577732383904773,1.9959062542526003,6.1692121598426715,2.1605444016653315
2026-06-09,16.221943817282746,2.766534988953093,15.747692128938985,3.2368181089646675,13.73107190442472,2.613143753476473,13.204272399055027,3.0769729158398214,7.348798086020226,2.2932399648911637,8.157204795264223,2.4865900137965347,5.524613904363978,1.9768986184904764,6.0915305240520095,2.1333392060955934
2026-06-10,15.820762591490894,2.693799451179548,15.364968153696207,3.153099069090901,13.376112641920471,2.541518936804417,12.865419758116179,2.9932137474252563,7.185560573188432,2.2387129623817184,7.961516908458982,2.423054672504804,5.39813748855455,1.928550341275311,5.947729809167231,2.0796454189694384
2026-06-11,17.116304884693317,2.693799451179548,16.575811337645675,3.153099069090901,14.461927804945276,2.541518936804417,13.864016120968552,2.9932137474252563,7.711025297565214,2.2387129623817184,8.55525624963028,2.423054672504804,5.768278814337947,1.928550341275311,6.337879496807996,2.0796454189694384
2026-06-12,17.539477206832082,2.693799451179548,16.965644587313662,3.153099069090901,14.776897339611201,2.541518936804417,14.135960547978593,2.9932137474252563,7.921942249705818,2.2387129623817184,8.761823058885327,2.423054672504804,5.907945701037357,1.928550341275311,6.47061650807544,2.0796454189694384
2026-06-15,18.493658160080116,2.693799451179548,17.745496456005245,3.153099069090901,15.597655237401526,2.541518936804417,14.760687098013019,2.9932137474252563,8.221679581534973,2.2387129623817184,9.098253485207318,2.423054672504804,6.0964514663681655,1.928550341275311,6.686310486591712,2.0796454189694384
2026-06-16,17.758730219087692,2.693799451179548,17.1557573017909,3.153099069090901,15.039691445346891,2.541518936804417,14.359818043427559,2.9932137474252563,7.908866912213547,2.2387129623817184,8.794540167225303,2.423054672504804,5.898793076779089,1.928550341275311,6.5066710149913485,2.0796454189694384
2026-06-17,17.875945312238045,2.693799451179548,17.242824302486742,3.153099069090901,15.16062739221733,2.541518936804417,14.435591685017835,2.9932137474252563,7.936765999192004,2.2387129623817184,8.867901019680202,2.423054672504804,5.91127132888782,1.928550341275311,6.555677472530843,2.0796454189694384
2026-06-18,18.443534722739884,2.693799451179548,17.723003339473692,3.153099069090901,15.59627387905035,2.541518936804417,14.771249265389969,2.9932137474252563,8.228874562088775,2.2387129623817184,9.194514786367431,2.423054672504804,6.097866068596861,1.928550341275311,6.758394572606083,2.0796454189694384
2026-06-22,19.235175513990534,2.693799451179548,18.392973152360717,3.153099069090901,16.175951556301268,2.541518936804417,15.221471292917814,2.9932137474252563,8.529228091392028,2.2387129623817184,9.484214406087268,2.423054672504804,6.297984241514919,1.928550341275311,6.945427422174215,2.0796454189694384
2026-06-23,17.967156377866605,2.693799451179548,17.23656880659069,3.153099069090901,15.156754988900126,2.541518936804417,14.338823632216204,2.9932137474252563,8.022248493614681,2.2387129623817184,8.928938112265243,2.423054672504804,5.9712868845096825,1.928550341275311,6.596265987117813,2.0796454189694384
2026-06-24,17.689899694054997,2.693799451179548,16.96875653836536,3.153099069090901,14.938446918998457,2.541518936804417,14.121313846785991,2.9932137474252563,7.931694282753902,2.2387129623817184,8.821579985413386,2.423054672504804,5.921058607628335,1.928550341275311,6.5421875883613865,2.0796454189694384
2026-06-25,18.49763619113726,2.693799451179548,17.780573577175318,3.153099069090901,15.552597737658326,2.541518936804417,14.708837854292488,2.9932137474252563,8.275741440985861,2.2387129623817184,9.171332086588171,2.423054672504804,6.138452932297286,1.928550341275311,6.755105914731728,2.0796454189694384
2026-06-26,17.400848804818626,2.693799451179548,17.021877327607083,3.153099069090901,14.591086809918957,2.541518936804417,14.095269509088048,2.9932137474252563,7.887620895744257,2.2387129623817184,8.783833706972366,2.423054672504804,5.875056730729992,1.928550341275311,6.4976328811756,2.0796454189694384
2026-06-29,18.291593966178574,2.693799451179548,17.787590804558654,3.153099069090901,15.304305767646671,2.541518936804417,14.671806447895381,2.9932137474252563,8.2283951858686,2.2387129623817184,9.189435628887685,2.423054672504804,6.096694778047473,1.928550341275311,6.756747832210864,2.0796454189694384
2026-06-30,19.11804218782836,2.693799451179548,18.426380456011156,3.153099069090901,15.88412899123944,2.541518936804417,15.064547763765013,2.9932137474252563,8.57925144834188,2.2387129623817184,9.56970195388284,2.423054672504804,6.3032082415743185,1.928550341275311,6.977330115353652,2.0796454189694384
2026-07-01,17.73643304495041,2.693799451179548,17.24662971754848,3.153099069090901,14.828712205398872,2.541518936804417,14.215809435423626,2.9932137474252563,8.053433660544718,2.2387129623817184,9.013178286833572,2.423054672504804,5.976846839563136,1.928550341275311,6.644236393678436,2.0796454189694384
2026-07-02,16.048747522113608,2.693799451179548,15.92421241938042,3.153099069090901,13.566518731854737,2.541518936804417,13.312894870102665,2.9932137474252563,7.356040983599265,2.2387129623817184,8.30201427824418,2.423054672504804,5.535295872837733,1.928550341275311,6.213735588276757,2.0796454189694384
2026-07-06,16.262200132015288,2.693799451179548,16.137929435898148,3.153099069090901,13.749930553570001,2.541518936804417,13.47138540806808,2.9932137474252563,7.404769861898298,2.2387129623817184,8.395487304132232,2.423054672504804,5.553970612410793,1.928550341275311,6.261025360011351,2.0796454189694384
2026-07-07,15.305353312179097,2.693799451179548,15.256127633656414,3.153099069090901,12.99832145431861,2.541518936804417,12.834681324741837,2.9932137474252563,6.984146193374938,2.2387129623817184,7.9389743532219335,2.423054672504804,5.284870686300771,1.928550341275311,5.976535591190178,2.0796454189694384
2026-07-08,15.509088141738559,2.693799451179548,15.35921893228521,3.153099069090901,13.16340385688107,2.541518936804417,12.883519394374204,2.9932137474252563,7.072232023787854,2.2387129623817184,8.026259849496224,2.423054672504804,5.338804169033396,1.928550341275311,6.024565018517906,2.0796454189694384
2026-07-09,16.12859171611636,2.693799451179548,15.940407077559716,3.153099069090901,13.610833354586108,2.541518936804417,13.296951139279852,2.9932137474252563,7.365049871404844,2.2387129623817184,8.339483363072535,2.423054672504804,5.534011117418317,1.928550341275311,6.229255609870863,2.0796454189694384
2026-07-10,15.910272385386637,2.693799451179548,15.790744618242096,3.153099069090901,13.425144420432286,2.541518936804417,13.153420885534938,2.9932137474252563,7.282196266574859,2.2387129623817184,8.259625249413629,2.423054672504804,5.480559310659293,1.928550341275311,6.179112760228563,2.0796454189694384
2026-07-13,15.098201710974097,2.693799451179548,15.074919839539888,3.153099069090901,12.74869885328521,2.541518936804417,12.593728423053879,2.9932137474252563,6.968029878849798,2.2387129623817184,7.876740593490517,2.423054672504804,5.289376114898196,1.928550341275311,5.942941429549545,2.0796454189694384
2026-07-14,15.513458958954123,2.693799451179548,15.38389934778379,3.153099069090901,13.057538580620687,2.541518936804417,12.783344606919307,2.9932137474252563,7.157863213028886,2.2387129623817184,8.099473221096453,2.423054672504804,5.41162414181044,1.928550341275311,6.085196076883467,2.0796454189694384
2026-07-15,15.084656126671309,2.693799451179548,14.8526866763897,3.153099069090901,12.748142833741158,2.541518936804417,12.418922140720863,2.9932137474252563,6.957926393395052,2.2387129623817184,7.899411783757992,2.423054672504804,5.281581611326876,1.928550341275311,5.962896060403242,2.0796454189694384
2026-07-16,14.04733881405295,2.693799451179548,13.857853499712693,3.153099069090901,11.941630478065166,2.541518936804417,11.681817844518765,2.9932137474252563,6.526632804747593,2.2387129623817184,7.409251112339118,2.423054672504804,4.9824422804014254,1.928550341275311,5.643621586074925,2.0796454189694384
2026-07-17,14.19639434325069,2.693799451179548,13.98038429616748,3.153099069090901,12.102020293511995,2.541518936804417,11.81163902615584,2.9932137474252563,6.525951316066343,2.2387129623817184,7.41311070863162,2.423054672504804,4.992248981823138,1.928550341275311,5.646279799625901,2.0796454189694384
2026-07-20,14.306671143790016,2.693799451179548,14.11750768245337,3.153099069090901,12.146462706241836,2.541518936804417,11.881505316322528,2.9932137474252563,6.557806668617174,2.2387129623817184,7.453015315397964,2.423054672504804,5.006323473973401,1.928550341275311,5.6467857054170425,2.0796454189694384
2026-07-21,15.496105553293711,2.693799451179548,15.282713699051804,3.153099069090901,13.115550268764173,2.541518936804417,12.775889860878397,2.9932137474252563,7.0381158909659405,2.2387129623817184,7.982516013527976,2.423054672504804,5.345986401585043,1.928550341275311,5.990645867245473,2.0796454189694384
2026-07-22,15.64802675556498,2.693799451179548,15.393012113504687,3.153099069090901,13.320982632350187,2.541518936804417,12.917654575069465,2.9932137474252563,7.051417798235854,2.2387129623817184,8.000467941631017,2.423054672504804,5.357315222087119,1.928550341275311,6.012659513254111,2.0796454189694384
2026-07-23,15.639322572255118,2.693799451179548,15.424060361541686,3.153099069090901,13.298259458945335,2.541518936804417,12.910712144173655,2.9932137474252563,7.048280547781487,2.2387129623817184,7.993304563378703,2.423054672504804,5.35278595290589,1.928550341275311,6.006501863146522,2.0796454189694384
2026-07-24,14.59911490254173,2.693799451179548,14.425136908409836,3.153099069090901,12.51481621768161,2.541518936804417,12.226138195301488,2.9932137474252563,6.6716578332882355,2.2387129623817184,7.561277799579444,2.423054672504804,5.108572315404208,1.928550341275311,5.737929739523213,2.0796454189694384
2026-07-27,14.126863001185965,2.689489372057661,14.007754575062224,3.1480541105803557,12.140576941608185,2.53745250650553,11.943018233423864,2.9884246054293757,6.452458436590472,2.235131021641908,7.325026926084368,2.419177785028796,4.959789832242383,1.9254646607292707,5.581662578421318,2.0763179862990873
2026-07-28,13.304233203253853,2.515865387505186,13.176984348320543,2.945436040210665,11.487063290933241,2.384806665874743,11.331474227709103,2.8200411212403056,6.022787633290025,2.0751434961879083,6.868807087941371,2.2562284266374064,4.660289132507144,1.799140454075234,5.294302975695457,1.9592251989780307
2026-07-29,12.717522495072014,2.5118400028851777,12.62678634931015,2.940723342546328,11.023043321453082,2.3809909752093437,10.909100933202545,2.815529055446321,5.697621274239619,2.0718232665940075,6.513309021681074,2.2526184611547864,4.418423325262502,1.7962618293487136,5.054836175571008,1.9560904386596658
2026-07-30,14.051852838222748,2.803900218151238,14.042281186329067,3.2918308851136375,12.071956546345177,2.634513667937318,11.989059733894328,3.11555286830245,6.328018173309251,2.3186867428947573,7.182092706306192,2.504018975560486,4.865075499729251,1.9935251509607321,5.486214146559915,2.140945472974488
2026-07-31,14.0004575068009,2.7918241217059125,14.003971881781203,3.280220304954117,12.020150097528886,2.623408165815486,11.94237089222894,3.1034284834064754,6.32453305456045,2.3184880899804674,7.202189299832378,2.5100196146807936,4.833532235034214,1.9839637539417743,5.506986297408724,2.1483044403225366
2026-08-03,14.43061427751918,2.7918241217059125,14.393049483687353,3.280220304954117,12.368372380062189,2.623408165815486,12.251510316802763,3.1034284834064754,6.4900259637574305,2.3184880899804674,7.394533547171435,2.5100196146807936,4.9521068151865615,1.9839637539417743,5.631771347746708,2.1483044403225366
2026-08-04,15.178232864901407,2.7918241217059125,15.329190531828605,3.280220304954117,12.987435836332267,2.623408165815486,13.004695880111793,3.1034284834064754,6.823166143288051,2.3184880899804674,7.776997881548525,2.5100196146807936,5.1992236033783765,1.9839637539417743,5.890351802313291,2.1483044403225366
2026-08-05,14.809672618994162,2.7918241217059125,14.952769845159779,3.280220304954117,12.689353964024367,2.623408165815486,12.72631893569564,3.1034284834064754,6.679798960084516,2.3184880899804674,7.591918521761448,2.5100196146807936,5.122323296728071,1.9839637539417743,5.781145952145498,2.1483044403225366
2026-08-06,14.805802039478182,2.7918241217059125,14.821160195104058,3.280220304954117,12.669960940069885,2.623408165815486,12.588174414608279,3.1034284834064754,6.671822365672901,2.3184880899804674,7.608725200215723,2.5100196146807936,5.095258714756488,1.9839637539417743,5.786699634764599,2.1483044403225366
2026-08-07,15.076592653738965,2.7918241217059125,15.087791866875472,3.280220304954117,12.885344931837437,2.623408165815486,12.833119597241456,3.1034284834064754,6.855004264244085,2.3184880899804674,7.796617578738577,2.5100196146807936,5.235916765905381,1.9839637539417743,5.92596262133387,2.1483044403225366
2026-08-10,14.677586174295936,2.7918241217059125,14.70963662079916,3.280220304954117,12.56805079182259,2.623408165815486,12.571556531950243,3.1034284834064754,6.6518744107348455,2.3184880899804674,7.5973230285255156,2.5100196146807936,5.093837917911885,1.9839637539417743,5.80566001631203,2.1483044403225366
2026-08-11,14.657255163546814,2.7918241217059125,14.785402218788521,3.280220304954117,12.56249347240845,2.623408165815486,12.638653166723618,3.1034284834064754,6.70420309667391,2.3184880899804674,7.655329163176562,2.5100196146807936,5.1275703655301905,1.9839637539417743,5.84951448203191,2.1483044403225366
2026-08-12,15.323962548684403,2.7918241217059125,15.594631984905595,3.280220304954117,13.071164594642338,2.623408165815486,13.254999346770667,3.1034284834064754,6.945308129077661,2.3184880899804674,7.918395411660376,2.5100196146807936,5.291681123724727,1.9839637539417743,6.0272221288171535,2.1483044403225366
2026-08-13,15.542164379585033,2.787357203111183,15.913250530140402,3.27497195246619,13.18213380400521,2.6192107127501814,13.467894088670791,3.098462997833025,6.968723931525436,2.3147785090364987,7.938266598591798,2.5060035832973044,5.287409124529809,1.9807894119354674,6.02709432953542,2.1448671532180206
2026-08-14,15.72466664025108,2.8190026431094606,16.105741015004227,3.3131280190849304,13.28810715554049,2.63976671274237,13.568048150345673,3.120453949940022,7.055324992346958,2.3432159407258197,8.064013488866959,2.5454053476456835,5.340786486341056,2.0006652674731877,6.110232041028051,2.17438702755251
2026-08-17,16.29189095163723,2.919756753677498,16.72442868377927,3.439575447344897,13.751531046626502,2.731323458595178,14.049633855178632,3.230607542593622,7.261912897854264,2.4115738851651956,8.305043941336788,2.621432863876998,5.472793623391416,2.0499281999744183,6.269131939230708,2.2310341831298612
2026-08-18,15.151843793044208,2.7170359205861523,15.468524969563356,3.1823261845254898,12.837810702599759,2.5513517538344903,13.05758960557442,3.0036010944349254,6.807248051823114,2.2608799118257945,7.7659634522957885,2.451645774463574,5.1774242055878466,1.939593037330847,5.924213055580569,2.108515786192171
2026-08-19,14.438349579401958,2.590463913250604,14.627137856998775,3.0092748805119567,12.29453137415662,2.445099752087139,12.414370233397989,2.856124457597945,6.544911898816385,2.174587828045586,7.4514993612474685,2.3531070619887386,5.016154598290411,1.880019117484528,5.726068563606733,2.0386311267217834
2026-08-20,14.360693857549261,2.5754263642526745,14.587598345362824,3.000755350008003,12.192955483443372,2.4236676579203342,12.353046722314296,2.841658540510881,6.49545496831264,2.157835628824859,7.395119170496742,2.3347082607241747,4.966767521903394,1.8612568110987346,5.672948802149423,2.019247299769005
2026-08-21,14.325147509485426,2.568541654834813,14.557376114360789,2.9945217578660106,12.156086103625094,2.4157290882345395,12.329025138728953,2.8361539069851496,6.496488440979928,2.1579381554339405,7.374509710319842,2.327989854026947,4.972656964340487,1.8632094159920158,5.6626607824181665,2.0153920261436555
2026-08-24,13.776394519687978,2.472233142554607,13.940782751228065,2.868862275720509,11.74259554744269,2.335666729993443,11.85615526319378,2.7284882500627514,6.295636307514852,2.0922021887350395,7.148530521968846,2.2574970453908825,4.845829663865451,1.8165385406855161,5.521585130744372,1.965785137835748
2026-08-25,14.051736655764433,2.522044052019377,14.254876048857179,2.9344232740465515,11.975593733062462,2.3821344797919233,12.123600974073003,2.790663586360761,6.402987884368841,2.1282210648544972,7.258046141095319,2.292167407776669,4.920128714037595,1.84460827261112,5.594917228455442,1.9918925891969899
2026-08-26,14.235833391452642,2.5554738292555856,14.440588396903996,2.973007315863546,12.131230421281378,2.413323462890426,12.277383900904901,2.826225492731298,6.495392257326841,2.159161025577686,7.354205665464995,2.322837155261005,4.989066954394691,1.8705269739170798,5.661434649636254,2.0157472943272388
2026-08-27,14.291482385245665,2.5655331645814297,14.56396365790209,2.9990828035424735,12.13220430585301,2.413362926507879,12.341593662218669,2.841398512927778,6.540451150286716,2.1741080680442244,7.419438460996766,2.3434323320964277,5.010140279979105,1.8783109131998916,5.701593052576398,2.029991087428743
2026-08-28,13.671154748397564,2.4527357882610272,13.944979300305864,2.8698327451791896,11.604342014812895,2.3073572631782877,11.831844651168087,2.7227949920690873,6.013416134820089,1.9986561124278723,6.790887721052977,2.144655051193168,4.640449922480109,1.7399013787661965,5.262068943512005,1.873580545462632
