,N20|EW|band-|gate-,N20|EW|band-|gate+,N20|EW|band+|gate-,N20|EW|band+|gate+,N20|IVOL|band-|gate-,N20|IVOL|band-|gate+,N20|IVOL|band+|gate-,N20|IVOL|band+|gate+,N50|EW|band-|gate-,N50|EW|band-|gate+,N50|EW|band+|gate-,N50|EW|band+|gate+,N50|IVOL|band-|gate-,N50|IVOL|band-|gate+,N50|IVOL|band+|gate-,N50|IVOL|band+|gate+
2020-01-02,1.0,1.0,1.0,1.0,1.0,1.0,1.0,1.0,1.0,1.0,1.0,1.0,1.0,1.0,1.0,1.0
2020-01-03,0.9984,0.9984,0.9984,0.9984,0.9984,0.9984,0.9984,0.9984,0.9984,0.9984,0.9984,0.9984,0.9984,0.9984,0.9984,0.9984
2020-01-06,1.00341462695848,1.00341462695848,1.00341462695848,1.00341462695848,1.006832217173875,1.006832217173875,1.006832217173875,1.006832217173875,1.0009000426828076,1.0009000426828076,1.0009000426828076,1.0009000426828076,1.00174075652576,1.00174075652576,1.00174075652576,1.00174075652576
2020-01-07,1.0063713974657664,1.0063713974657664,1.0063713974657664,1.0063713974657664,1.0125727143168906,1.0125727143168906,1.0125727143168906,1.0125727143168906,1.0030947919621096,1.0030947919621096,1.0030947919621096,1.0030947919621096,1.0040009438071777,1.0040009438071777,1.0040009438071777,1.0040009438071777
2020-01-08,1.011569720097471,1.011569720097471,1.011569720097471,1.011569720097471,1.0178317293799344,1.0178317293799344,1.0178317293799344,1.0178317293799344,1.007734717983964,1.007734717983964,1.007734717983964,1.007734717983964,1.0085533484414795,1.0085533484414795,1.0085533484414795,1.0085533484414795
2020-01-09,1.017430101718129,1.017430101718129,1.017430101718129,1.017430101718129,1.0237938419489603,1.0237938419489603,1.0237938419489603,1.0237938419489603,1.0177023853267912,1.0177023853267912,1.0177023853267912,1.0177023853267912,1.0186741963251311,1.0186741963251311,1.0186741963251311,1.0186741963251311
2020-01-10,1.0109992391977998,1.0109992391977998,1.0109992391977998,1.0109992391977998,1.0195090278332395,1.0195090278332395,1.0195090278332395,1.0195090278332395,1.0153153708299683,1.0153153708299683,1.0153153708299683,1.0153153708299683,1.0175626752810676,1.0175626752810676,1.0175626752810676,1.0175626752810676
2020-01-13,1.020610831966809,1.020610831966809,1.020610831966809,1.020610831966809,1.0325408270553047,1.0325408270553047,1.0325408270553047,1.0325408270553047,1.0282685468861033,1.0282685468861033,1.0282685468861033,1.0282685468861033,1.031856492078098,1.031856492078098,1.031856492078098,1.031856492078098
2020-01-14,1.0240977310007007,1.0240977310007007,1.0240977310007007,1.0240977310007007,1.0331863830084038,1.0331863830084038,1.0331863830084038,1.0331863830084038,1.028551023877267,1.028551023877267,1.028551023877267,1.028551023877267,1.0303049307330536,1.0303049307330536,1.0303049307330536,1.0303049307330536
2020-01-15,1.0196002403358355,1.0196002403358355,1.0196002403358355,1.0196002403358355,1.0278273577491266,1.0278273577491266,1.0278273577491266,1.0278273577491266,1.0283775756757447,1.0283775756757447,1.0283775756757447,1.0283775756757447,1.0302099125715858,1.0302099125715858,1.0302099125715858,1.0302099125715858
2020-01-16,1.0299716501566876,1.0299716501566876,1.0299716501566876,1.0299716501566876,1.0374632509949597,1.0374632509949597,1.0374632509949597,1.0374632509949597,1.0384078030394983,1.0384078030394983,1.0384078030394983,1.0384078030394983,1.040536547176443,1.040536547176443,1.040536547176443,1.040536547176443
2020-01-17,1.029908418657074,1.029908418657074,1.029908418657074,1.029908418657074,1.0383081586422618,1.0383081586422618,1.0383081586422618,1.0383081586422618,1.0391823185598055,1.0391823185598055,1.0391823185598055,1.0391823185598055,1.0421971169290851,1.0421971169290851,1.0421971169290851,1.0421971169290851
2020-01-21,1.0245782087484878,1.0245782087484878,1.0245782087484878,1.0245782087484878,1.03551048495962,1.03551048495962,1.03551048495962,1.03551048495962,1.037840433118323,1.037840433118323,1.037840433118323,1.037840433118323,1.0424584635415486,1.0424584635415486,1.0424584635415486,1.0424584635415486
2020-01-22,1.0234336697770547,1.0234336697770547,1.0234336697770547,1.0234336697770547,1.03415350319516,1.03415350319516,1.03415350319516,1.03415350319516,1.0430868239110649,1.0430868239110649,1.0430868239110649,1.0430868239110649,1.0482981276805343,1.0482981276805343,1.0482981276805343,1.0482981276805343
2020-01-23,1.0258284096799164,1.0258284096799164,1.0258284096799164,1.0258284096799164,1.035951488199058,1.035951488199058,1.035951488199058,1.035951488199058,1.0495428472342772,1.0495428472342772,1.0495428472342772,1.0495428472342772,1.0563374269622123,1.0563374269622123,1.0563374269622123,1.0563374269622123
2020-01-24,1.0096202169222375,1.0096202169222375,1.0096202169222375,1.0096202169222375,1.0198704268654701,1.0198704268654701,1.0198704268654701,1.0198704268654701,1.03439699901738,1.03439699901738,1.03439699901738,1.03439699901738,1.0411726276735507,1.0411726276735507,1.0411726276735507,1.0411726276735507
2020-01-27,0.9876884721689668,0.9876884721689668,0.9876884721689668,0.9876884721689668,1.0002967245428618,1.0002967245428618,1.0002967245428618,1.0002967245428618,1.0188208904417673,1.0188208904417673,1.0188208904417673,1.0188208904417673,1.02714115600252,1.02714115600252,1.02714115600252,1.02714115600252
2020-01-28,1.0113899918698097,1.0113899918698097,1.0113899918698097,1.0113899918698097,1.0218089695065893,1.0218089695065893,1.0218089695065893,1.0218089695065893,1.039634059105242,1.039634059105242,1.039634059105242,1.039634059105242,1.0468020735236518,1.0468020735236518,1.0468020735236518,1.0468020735236518
2020-01-29,0.9950184939459646,0.9950184939459646,0.9950184939459646,0.9950184939459646,1.00743229308826,1.00743229308826,1.00743229308826,1.00743229308826,1.0344706860867365,1.0344706860867365,1.0344706860867365,1.0344706860867365,1.0432060940857204,1.0432060940857204,1.0432060940857204,1.0432060940857204
2020-01-30,0.9867250320322045,0.9867250320322045,0.9867250320322045,0.9867250320322045,0.9985494617002434,0.9985494617002434,0.9985494617002434,0.9985494617002434,1.0321173071933094,1.0321173071933094,1.0321173071933094,1.0321173071933094,1.0413835046715159,1.0413835046715159,1.0413835046715159,1.0413835046715159
2020-01-31,0.951732927505241,0.951732927505241,0.951732927505241,0.951732927505241,0.9631064123565444,0.9631064123565444,0.9631064123565444,0.9631064123565444,1.0026122817879632,1.0026122817879632,1.0026122817879632,1.0026122817879632,1.0130183852775734,1.0130183852775734,1.0130183852775734,1.0130183852775734
2020-02-03,0.9697641248688532,0.9697641248688532,0.9697641248688532,0.9697641248688532,0.9772993966842964,0.9772993966842964,0.9772993966842964,0.9772993966842964,1.0122434429069154,1.0122434429069154,1.0122434429069154,1.0122434429069154,1.021052945509958,1.021052945509958,1.021052945509958,1.021052945509958
2020-02-04,1.0003658715007904,1.0003658715007904,1.0011464096508187,1.0011464096508187,1.0026758922723447,1.0026758922723447,1.0034735069859226,1.0034735069859226,1.0351403598438964,1.0351403598438964,1.0357072499935844,1.0357072499935844,1.041009819804936,1.041009819804936,1.041668490056781,1.041668490056781
2020-02-05,0.9928824056130604,0.9928824056130604,1.0004518804511164,1.0004518804511164,0.9973518868186538,0.9973518868186538,1.0027094846624731,1.0027094846624731,1.0308706097761442,1.0308706097761442,1.0288802062943854,1.0288802062943854,1.038151242494161,1.038151242494161,1.0322768906378563,1.0322768906378563
2020-02-06,0.9915463291868397,0.9915463291868397,0.986222034286746,0.986222034286746,0.9942793802117253,0.9942793802117253,0.9848335787546282,0.9848335787546282,1.0287009321375553,1.0287009321375553,1.0249063456943124,1.0249063456943124,1.035484322100321,1.035484322100321,1.0278010378186389,1.0278010378186389
2020-02-07,0.977798701207465,0.977798701207465,0.9727240685722316,0.9727240685722316,0.9828225601841868,0.9828225601841868,0.9722795172914981,0.9722795172914981,1.0150652890318064,1.0150652890318064,1.0132548198771174,1.0132548198771174,1.023752568846924,1.023752568846924,1.0184490525171688,1.0184490525171688
2020-02-10,0.9967951873893895,0.9967951873893895,0.9874006063624657,0.9874006063624657,0.9937568937669019,0.9937568937669019,0.9831348948220052,0.9831348948220052,1.0319464664479023,1.0319464664479023,1.0306944207376483,1.0306944207376483,1.0371976102282523,1.0371976102282523,1.03264769168237,1.03264769168237
2020-02-11,1.0066054434379654,1.0066054434379654,1.0003130493419932,1.0003130493419932,1.0070625865982432,1.0070625865982432,0.9959146503883991,0.9959146503883991,1.0427631786147582,1.0427631786147582,1.0407547502788683,1.0407547502788683,1.0491894779033704,1.0491894779033704,1.043271350510565,1.043271350510565
2020-02-12,1.0265772408228213,1.0265772408228213,1.0192939467351987,1.0192939467351987,1.0247063747367915,1.0247063747367915,1.014177415677005,1.014177415677005,1.0603610825849399,1.0603610825849399,1.0544760608439525,1.0544760608439525,1.065247755695452,1.065247755695452,1.0542537728415002,1.0542537728415002
2020-02-13,1.016940019584564,1.016940019584564,1.0200716740283169,1.0200716740283169,1.0167626838988308,1.0167626838988308,1.017805024718031,1.017805024718031,1.0600379218748637,1.0600379218748637,1.0548627656976246,1.0548627656976246,1.0673434163179942,1.0673434163179942,1.057603228269386,1.057603228269386
2020-02-14,1.0129638896972426,1.0129638896972426,1.0145207356202617,1.0145207356202617,1.012765534046,1.012765534046,1.0130502423411616,1.0130502423411616,1.0530967810582492,1.0530967810582492,1.0492525224349705,1.0492525224349705,1.0606061123396842,1.0606061123396842,1.0525993328664895,1.0525993328664895
2020-02-18,1.0106028664729236,1.0106028664729236,1.0054459142467147,1.0054459142467147,1.009982516710525,1.009982516710525,1.0047781150503707,1.0047781150503707,1.0488026549351568,1.0488026549351568,1.0441202647108603,1.0441202647108603,1.0548694464320232,1.0548694464320232,1.0484518889859922,1.0484518889859922
2020-02-19,1.0472687386949708,1.0472687386949708,1.050779307924517,1.050779307924517,1.042015066657652,1.042015066657652,1.0427404921415637,1.0427404921415637,1.0743516278748502,1.0743516278748502,1.0679928629695405,1.0679928629695405,1.0763920109276532,1.0763920109276532,1.0671656126918012,1.0671656126918012
2020-02-20,1.0503800774959837,1.0503800774959837,1.0511304789496172,1.0511304789496172,1.0423984459487787,1.0423984459487787,1.0418177915681066,1.0418177915681066,1.0689542936118932,1.0689542936118932,1.0647097909528742,1.0647097909528742,1.0674918550612402,1.0674918550612402,1.060706318266091,1.060706318266091
2020-02-21,1.0292036285604567,1.0292036285604567,1.0307295464976054,1.0307295464976054,1.0226224572844302,1.0226224572844302,1.01907174831906,1.01907174831906,1.0456343132786932,1.0456343132786932,1.0409450858959282,1.0409450858959282,1.0438890018048839,1.0438890018048839,1.0365688848846344,1.0365688848846344
2020-02-24,0.9934449387972416,0.9934449387972416,0.9932474171633227,0.9932474171633227,0.9858292721224773,0.9858292721224773,0.9847399084083867,0.9847399084083867,1.0100006073431715,1.0100006073431715,1.005303985817606,1.005303985817606,1.009532520168303,1.009532520168303,1.0030768759372557,1.0030768759372557
2020-02-25,0.9552313313926182,0.95370296126239,0.9490480617531485,0.9475295848543435,0.9493028289750067,0.9477839444486467,0.9418606803809656,0.940353703292356,0.9731328185941402,0.9715758060843896,0.9660852494244799,0.9645395130254008,0.9736317203389968,0.9720739095864545,0.9653426061077659,0.9637980579379934
2020-02-26,0.9503687723401526,0.95370296126239,0.9431214781397786,0.9475295848543435,0.9423548761481078,0.9477839444486467,0.9317286282265328,0.940353703292356,0.9691516454676856,0.9715758060843896,0.9600313447790308,0.9645395130254008,0.9687891104709082,0.9720739095864545,0.9584072417111171,0.9637980579379934
2020-02-27,0.9067686867304149,0.95370296126239,0.9055987329453906,0.9475295848543435,0.9029383885272055,0.9477839444486467,0.8991606799644256,0.940353703292356,0.9283962575160826,0.9715758060843896,0.9166184147875505,0.9645395130254008,0.9298749904843957,0.9720739095864545,0.9171537693283532,0.9637980579379934
2020-02-28,0.9168985701187274,0.95370296126239,0.918358118970147,0.9475295848543435,0.9143466668958402,0.9477839444486467,0.9118096894204352,0.940353703292356,0.9379991895922222,0.9715758060843896,0.9244607407250298,0.9645395130254008,0.9361529187990412,0.9720739095864545,0.9204383339920275,0.9637980579379934
2020-03-02,0.9371295228626555,0.95370296126239,0.9413036414785891,0.9475295848543435,0.9294845303947444,0.9477839444486467,0.9319892191862374,0.940353703292356,0.9625310920955205,0.9715758060843896,0.9468611534121408,0.9645395130254008,0.9620472295376871,0.9720739095864545,0.9449762224357804,0.9637980579379934
2020-03-03,0.9176943508857124,0.95370296126239,0.9179188421313078,0.9475295848543435,0.9102443650330956,0.9477839444486467,0.908253983765812,0.940353703292356,0.9394818180487678,0.9715758060843896,0.9255906532612171,0.9645395130254008,0.9389645195178751,0.9720739095864545,0.9242584074041071,0.9637980579379934
2020-03-04,0.9408968248947248,0.95370296126239,0.9499991782552322,0.9475295848543435,0.9332074884232495,0.9477839444486467,0.9412221627202236,0.940353703292356,0.9711948992054583,0.9715758060843896,0.9578654834318018,0.9645395130254008,0.972439427563562,0.9720739095864545,0.9585694366003396,0.9637980579379934
2020-03-05,0.9215463278310372,0.95370296126239,0.9316866561149587,0.9475295848543435,0.9110554252784689,0.9477839444486467,0.9198625532343525,0.940353703292356,0.9398646511444885,0.9715758060843896,0.9297785985893664,0.9645395130254008,0.9376047715972377,0.9720739095864545,0.9279951713041933,0.9637980579379934
2020-03-06,0.8845045791228011,0.95370296126239,0.8854413275722411,0.9475295848543435,0.8790223511813086,0.9477839444486467,0.8783442204989222,0.940353703292356,0.9059385084025136,0.9715758060843896,0.8951360172625077,0.9645395130254008,0.9055632945400858,0.9720739095864545,0.8958055490571031,0.9637980579379934
2020-03-09,0.7855734028395768,0.95370296126239,0.7831514923191378,0.9475295848543435,0.7878236015071033,0.9477839444486467,0.781330758529721,0.940353703292356,0.8092001043819175,0.9715758060843896,0.7999002299595442,0.9645395130254008,0.8111741349649567,0.9720739095864545,0.8021180171357318,0.9637980579379934
2020-03-10,0.8157733039722993,0.95370296126239,0.8159243290910313,0.9475295848543435,0.8166424112720446,0.9477839444486467,0.8140543977363411,0.940353703292356,0.842622374670469,0.9715758060843896,0.8365129186556611,0.9645395130254008,0.8447099539511824,0.9720739095864545,0.8388870633044645,0.9637980579379934
2020-03-11,0.7663590112698195,0.95370296126239,0.7652937377117349,0.9475295848543435,0.7680948427105654,0.9477839444486467,0.7655000452197506,0.940353703292356,0.7880256180739073,0.9715758060843896,0.7806525427281471,0.9645395130254008,0.7896155485723789,0.9720739095864545,0.7827914052214684,0.9637980579379934
2020-03-12,0.6704034669020689,0.95370296126239,0.6595103736077925,0.9475295848543435,0.6764349077439817,0.9477839444486467,0.6636985348593597,0.940353703292356,0.6870107042672396,0.9715758060843896,0.6865571978713958,0.9645395130254008,0.6904081626160647,0.9720739095864545,0.6903830761477587,0.9637980579379934
2020-03-13,0.7173814657985835,0.95370296126239,0.7047683331436567,0.9475295848543435,0.7278768451735808,0.9477839444486467,0.7137946739663615,0.940353703292356,0.7401142223192625,0.9715758060843896,0.7411838398352246,0.9645395130254008,0.745759693008057,0.9720739095864545,0.7491418521811016,0.9637980579379934
2020-03-16,0.6038325566223753,0.95370296126239,0.5887528332542198,0.9475295848543435,0.6081713397644372,0.9477839444486467,0.5933537234401096,0.940353703292356,0.6104619053480178,0.9715758060843896,0.6142630631643307,0.9645395130254008,0.6115619768395406,0.9720739095864545,0.6175980319777593,0.9637980579379934
2020-03-17,0.6502592255024052,0.95370296126239,0.6179173261223526,0.9475295848543435,0.6582962582000912,0.9477839444486467,0.6195550566484938,0.940353703292356,0.6394840838806016,0.9715758060843896,0.6456809105313571,0.9645395130254008,0.6386065756069204,0.9720739095864545,0.6477153673748461,0.9637980579379934
2020-03-18,0.5652429237519266,0.95370296126239,0.5454606747553816,0.9475295848543435,0.5784216545632795,0.9477839444486467,0.5543341496055019,0.940353703292356,0.5571186798222658,0.9715758060843896,0.5673630148498674,0.9645395130254008,0.5568840070400597,0.9720739095864545,0.5694809661474024,0.9637980579379934
2020-03-19,0.6071795301413553,0.95370296126239,0.5905061225555871,0.9475295848543435,0.6203065993823059,0.9477839444486467,0.598620373891502,0.940353703292356,0.5991044066346821,0.9715758060843896,0.6112071691611444,0.9645395130254008,0.6006599206159084,0.9720739095864545,0.6153250277542088,0.9637980579379934
2020-03-20,0.6004505022110126,0.95370296126239,0.585540370578874,0.9475295848543435,0.6121119400625085,0.9477839444486467,0.5925388816765549,0.940353703292356,0.5841432860034255,0.9715758060843896,0.5982850578995379,0.9645395130254008,0.5825336653966917,0.9720739095864545,0.6002546271918282,0.9637980579379934
2020-03-23,0.6130333067037109,0.95370296126239,0.6024940203399727,0.9475295848543435,0.6224893506876096,0.9477839444486467,0.6051623103023953,0.940353703292356,0.5874004205124815,0.9715758060843896,0.6026418268428795,0.9645395130254008,0.5815729986945118,0.9720739095864545,0.6007870783294906,0.9637980579379934
2020-03-24,0.6853758637893533,0.95370296126239,0.6829722617930132,0.9475295848543435,0.6906264690217082,0.9477839444486467,0.6792054110055078,0.940353703292356,0.6607878886221544,0.9715758060843896,0.6765182606206869,0.9645395130254008,0.6519243245755938,0.9720739095864545,0.6715946803767691,0.9637980579379934
2020-03-25,0.6970216260678916,0.95370296126239,0.7036127875466488,0.9475295848543435,0.6995417465119843,0.9477839444486467,0.6997197334382983,0.940353703292356,0.6868498855791302,0.9715758060843896,0.6999472668745429,0.9645395130254008,0.679652795985613,0.9720739095864545,0.6960752051392524,0.9637980579379934
2020-03-26,0.7405718430249894,0.95370296126239,0.7309879644743424,0.9475295848543435,0.7469571862269705,0.9477839444486467,0.7302683893547837,0.940353703292356,0.728571481971025,0.9715758060843896,0.740883627352275,0.9645395130254008,0.7255633614423674,0.9720739095864545,0.7413051446226225,0.9637980579379934
2020-03-27,0.7097551443647299,0.95370296126239,0.6905840182628006,0.9475295848543435,0.7235037793210579,0.9477839444486467,0.6932304344616652,0.940353703292356,0.6947712419257924,0.9715758060843896,0.7092704910924328,0.9645395130254008,0.6950986832960351,0.9720739095864545,0.7136166006036101,0.9637980579379934
2020-03-30,0.723674468981592,0.95370296126239,0.707475327089417,0.9475295848543435,0.7372788255735084,0.9477839444486467,0.7107503231677786,0.940353703292356,0.7066618571494692,0.9715758060843896,0.7213352533291271,0.9645395130254008,0.7054580296987307,0.9720739095864545,0.7243857885203742,0.9637980579379934
2020-03-31,0.7133164349023992,0.95370296126239,0.6980540777957916,0.9475295848543435,0.7257319727412562,0.9477839444486467,0.6996064650081366,0.940353703292356,0.6922330505776932,0.9715758060843896,0.7082030772390997,0.9645395130254008,0.6890677336786346,0.9720739095864545,0.7094208259045252,0.9637980579379934
2020-04-01,0.6677683869454483,0.95370296126239,0.6527578791673152,0.9475295848543435,0.6816942853546321,0.9477839444486467,0.656741293253106,0.940353703292356,0.6413250681030169,0.9715758060843896,0.6575330536538628,0.9645395130254008,0.63726463647593,0.9720739095864545,0.6580804446570723,0.9637980579379934
2020-04-02,0.6696901554294086,0.95370296126239,0.6532697716887549,0.9475295848543435,0.682876647049967,0.9477839444486467,0.657548402516837,0.940353703292356,0.6395731977292558,0.9715758060843896,0.6570294004192986,0.9645395130254008,0.6349659494764801,0.9720739095864545,0.656750306513612,0.9637980579379934
2020-04-03,0.6505230771944113,0.95370296126239,0.6325115499825156,0.9475295848543435,0.6633394320838708,0.9477839444486467,0.6348569678455195,0.940353703292356,0.618139524966568,0.9715758060843896,0.6361777909675569,0.9645395130254008,0.6121834419992365,0.9720739095864545,0.6349549230764951,0.9637980579379934
2020-04-06,0.7152271910121032,0.95370296126239,0.69416151974004,0.9475295848543435,0.7226880928814784,0.9477839444486467,0.6906185139725073,0.940353703292356,0.6787988785444143,0.9715758060843896,0.6991353571923273,0.9645395130254008,0.6684916239315245,0.9720739095864545,0.6935311824310436,0.9637980579379934
2020-04-07,0.721628671469033,0.95370296126239,0.7002326992512724,0.9475295848543435,0.7231320861549937,0.9477839444486467,0.6908042925287458,0.940353703292356,0.6835512478088126,0.9715758060843896,0.7032437237389978,0.9645395130254008,0.6696432761301998,0.9720739095864545,0.6940915476889069,0.9637980579379934
2020-04-08,0.7619632788418231,0.95370296126239,0.740261710623359,0.9475295848543435,0.7632007611607954,0.9477839444486467,0.7302039533281259,0.940353703292356,0.7217924912328457,0.9715758060843896,0.7424348223550936,0.9645395130254008,0.7050127443974064,0.9720739095864545,0.7305671554431706,0.9637980579379934
2020-04-09,0.7997086966120547,0.95370296126239,0.7727262041620467,0.9475295848543435,0.8015397339107309,0.9477839444486467,0.762572493522673,0.940353703292356,0.749387701570483,0.9715758060843896,0.769506561811426,0.9645395130254008,0.7315188390575764,0.9720739095864545,0.7569634739320608,0.9637980579379934
2020-04-13,0.7877496719232938,0.95370296126239,0.7674926032267513,0.9475295848543435,0.788474472290555,0.9477839444486467,0.7570955250428747,0.940353703292356,0.7341453963110507,0.9715758060843896,0.7549174909316189,0.9645395130254008,0.7171268240617769,0.9720739095864545,0.7430228154155405,0.9637980579379934
2020-04-14,0.8204683466125892,0.95370296126239,0.8002691211014323,0.9475295848543435,0.8197586297630771,0.9477839444486467,0.7880410308922758,0.940353703292356,0.7642787334390411,0.9715758060843896,0.7877603837154767,0.9645395130254008,0.7462470754611513,0.9720739095864545,0.7750669292141973,0.9637980579379934
2020-04-15,0.7950683874665082,0.95370296126239,0.7799327881489992,0.9475295848543435,0.797905761356676,0.9477839444486467,0.7719147447638857,0.940353703292356,0.7389992529594542,0.9715758060843896,0.7661441170386701,0.9645395130254008,0.7241094315840847,0.9720739095864545,0.7562531873469764,0.9637980579379934
2020-04-16,0.8033079263094755,0.95370296126239,0.789005233488999,0.9475295848543435,0.806498618126073,0.9477839444486467,0.7814120091487773,0.940353703292356,0.7516278841708197,0.9715758060843896,0.7739104397549883,0.9645395130254008,0.7372797480288888,0.9720739095864545,0.7647854429445116,0.9637980579379934
2020-04-17,0.8422558727522407,0.95370296126239,0.8228709201801108,0.9475295848543435,0.8455589404494359,0.9477839444486467,0.8147806503246439,0.940353703292356,0.783899372229381,0.9715758060843896,0.8086109001544742,0.9645395130254008,0.7666480383848228,0.9720739095864545,0.7968502554393977,0.9637980579379934
2020-04-20,0.8286350856759588,0.95370296126239,0.809738861653158,0.9475295848543435,0.8349768801025279,0.9477839444486467,0.804807740725587,0.940353703292356,0.7742180596264401,0.9715758060843896,0.7970508154621454,0.9645395130254008,0.7589106273461306,0.9720739095864545,0.7866758666327629,0.9637980579379934
2020-04-21,0.7913132694922057,0.95370296126239,0.7746103005018462,0.9475295848543435,0.798907152074903,0.9477839444486467,0.7706817736338073,0.940353703292356,0.7448527025141163,0.9715758060843896,0.7650685314840708,0.9645395130254008,0.7302317374230309,0.9720739095864545,0.7551543620689423,0.9637980579379934
2020-04-22,0.8177920663727668,0.95370296126239,0.805028269947563,0.9475295848543435,0.8237895916445797,0.9477839444486467,0.7995916005538402,0.940353703292356,0.7674696071938223,0.9715758060843896,0.7885399044769219,0.9645395130254008,0.751589195151914,0.9720739095864545,0.7782498159642444,0.9637980579379934
2020-04-23,0.8324824605093417,0.95370296126239,0.817916182623377,0.9475295848543435,0.8388548726283842,0.9477839444486467,0.8127186670463937,0.940353703292356,0.7758107373344281,0.9715758060843896,0.7956015163887927,0.9645395130254008,0.7598503427685341,0.9720739095864545,0.7850618226569278,0.9637980579379934
2020-04-24,0.8454990198441101,0.95370296126239,0.8297932794256638,0.9475295848543435,0.8522027752272191,0.9477839444486467,0.8248877286256037,0.940353703292356,0.7937100396643415,0.9715758060843896,0.814548032275623,0.9645395130254008,0.7763156811893795,0.9720739095864545,0.8033255603013714,0.9637980579379934
2020-04-27,0.8717723007998731,0.95370296126239,0.8517017415634758,0.9475295848543435,0.8757901080109167,0.9477839444486467,0.8434803956790736,0.940353703292356,0.8196119716093144,0.9715758060843896,0.8396661320394777,0.9645395130254008,0.8000912657318413,0.9720739095864545,0.8264385765974039,0.9637980579379934
2020-04-28,0.8948113376852714,0.95370296126239,0.8722493204664927,0.9475295848543435,0.8936340681774796,0.9477839444486467,0.8586647493657762,0.940353703292356,0.8286524553576088,0.9715758060843896,0.8489410659013722,0.9645395130254008,0.8054970998300952,0.9720739095864545,0.8323232840787076,0.9637980579379934
2020-04-29,0.9614785785125062,0.95370296126239,0.9298477955645248,0.9475295848543435,0.9563874117478688,0.9477839444486467,0.9111437294544303,0.940353703292356,0.8695628386352682,0.9715758060843896,0.898845668111654,0.9645395130254008,0.8414855338100438,0.9720739095864545,0.8785378051629885,0.9637980579379934
2020-04-30,0.9248778176160047,0.95370296126239,0.8969913845585431,0.9475295848543435,0.9207131322611835,0.9477839444486467,0.8802316912901005,0.940353703292356,0.835588763556915,0.9715758060843896,0.866452599161008,0.9645395130254008,0.8099221870150011,0.9720739095864545,0.8481381107494342,0.9637980579379934
2020-05-01,0.8791017257855209,0.95370296126239,0.8469318847598123,0.9475295848543435,0.8806429802885894,0.9477839444486467,0.8352926826612274,0.940353703292356,0.8002744532869309,0.9715758060843896,0.8267928391735585,0.9645395130254008,0.7787002247572055,0.9720739095864545,0.811992810394946,0.9637980579379934
2020-05-04,0.8867693144743092,0.95370296126239,0.861269045566879,0.9475295848543435,0.8879532578767596,0.9477839444486467,0.8495396331372804,0.940353703292356,0.810352416579921,0.9715758060843896,0.836104184708488,0.9645395130254008,0.7885150398716919,0.9720739095864545,0.8211705084102936,0.9637980579379934
2020-05-05,0.9104304627067333,0.95370296126239,0.8805667848401038,0.9475295848543435,0.9135838066784769,0.9477839444486467,0.8695183988179007,0.940353703292356,0.8339642502304105,0.9715758060843896,0.8634504997134616,0.9645395130254008,0.8105867352599845,0.9720739095864545,0.8469919105074736,0.9637980579379934
2020-05-06,0.9402222766991299,0.95370296126239,0.9114219018751304,0.9475295848543435,0.93785852829086,0.9477839444486467,0.8951137842352614,0.940353703292356,0.8461666010938411,0.9715758060843896,0.8788975112744395,0.9645395130254008,0.8197627514045445,0.9720739095864545,0.8589901287771967,0.9637980579379934
2020-05-07,0.9541990198298381,0.95370296126239,0.9218145403920238,0.9475295848543435,0.9505702769618335,0.9477839444486467,0.9043041754303917,0.940353703292356,0.8557379752009713,0.9715758060843896,0.8899139875729352,0.9645395130254008,0.8265972230565941,0.9720739095864545,0.8680334103932534,0.9637980579379934
2020-05-08,0.9706616164254885,0.95370296126239,0.9377614280919585,0.9475295848543435,0.9634581472125981,0.9477839444486467,0.9167225705102037,0.940353703292356,0.8682164924608995,0.9715758060843896,0.9049354144156306,0.9645395130254008,0.8371094106148441,0.9720739095864545,0.8806111178968608,0.9637980579379934
2020-05-11,0.9944572447009792,0.95370296126239,0.9750879273136852,0.9475295848543435,0.9827563732483428,0.9477839444486467,0.9485806155284688,0.940353703292356,0.8975229115494319,0.9715758060843896,0.9324688666327617,0.9645395130254008,0.8633019801803999,0.9720739095864545,0.9062523569559316,0.9637980579379934
2020-05-12,0.9825037624611163,0.95370296126239,0.9650323253107678,0.9475295848543435,0.9686565105230723,0.9477839444486467,0.9367590501781083,0.940353703292356,0.8772538977790548,0.9715758060843896,0.9121857866527079,0.9645395130254008,0.8442938855380347,0.9720739095864545,0.8860576703673757,0.9637980579379934
2020-05-13,0.954513991887333,0.95370296126239,0.939984317980674,0.9475295848543435,0.9433632495495228,0.9477839444486467,0.9143383875852854,0.940353703292356,0.8623404277038593,0.9715758060843896,0.8952103167307196,0.9645395130254008,0.8317588841789705,0.9720739095864545,0.8705427482495017,0.9637980579379934
2020-05-14,0.9766447834620267,0.95370296126239,0.9610919200846555,0.9475295848543435,0.9618740015742525,0.9477839444486467,0.9320462980457513,0.940353703292356,0.87356477770798,0.9715758060843896,0.9057438793193341,0.9645395130254008,0.840306761493387,0.9720739095864545,0.879307560308277,0.9637980579379934
2020-05-15,0.9908519087853013,0.95370296126239,0.9760389347269981,0.9475295848543435,0.9781148366905532,0.9477839444486467,0.9488273133405891,0.940353703292356,0.8881476372691882,0.9715758060843896,0.9201466088741849,0.9645395130254008,0.8534144313953828,0.9720739095864545,0.8927711014055937,0.9637980579379934
2020-05-18,1.0118822635822946,0.95370296126239,0.9953166840553622,0.9475295848543435,0.992305375361629,0.9477839444486467,0.960908216702161,0.940353703292356,0.9021588557159493,0.9715758060843896,0.9380989152935023,0.9645395130254008,0.8636137316123819,0.9720739095864545,0.9068222489814165,0.9637980579379934
2020-05-19,1.0106634073328045,0.95370296126239,0.9924721040641027,0.9475295848543435,0.9878654841229125,0.9477839444486467,0.9555074995647739,0.940353703292356,0.8950599433450414,0.9715758060843896,0.9294553488400152,0.9645395130254008,0.8558748435184605,0.9720739095864545,0.8983102871810839,0.9637980579379934
2020-05-20,1.0046656443939344,0.95370296126239,0.98974183427922,0.9475295848543435,0.9880951175298706,0.9477839444486467,0.9587203823027478,0.940353703292356,0.9005180781480426,0.9715758060843896,0.9378553575146671,0.9645395130254008,0.8613927280183986,0.9720739095864545,0.906661640186716,0.9637980579379934
2020-05-21,0.9936652580851313,0.95370296126239,0.9785813016327501,0.9475295848543435,0.9793456325189411,0.9477839444486467,0.9498248410782636,0.940353703292356,0.8907273934239055,0.9715758060843896,0.9287440982619554,0.9645395130254008,0.8527039909813483,0.9720739095864545,0.8982679419924405,0.9637980579379934
2020-05-22,0.9880880092552556,0.95370296126239,0.9739282410620236,0.9475295848543435,0.9774367211112792,0.9477839444486467,0.9486566239150073,0.940353703292356,0.8915770595681877,0.9715758060843896,0.9295070520534602,0.9645395130254008,0.8554839262767384,0.9720739095864545,0.9009051449656437,0.9637980579379934
2020-05-26,0.9809487801100115,0.95370296126239,0.9654662983813966,0.9475295848543435,0.9635373779971701,0.9477839444486467,0.933485351944319,0.940353703292356,0.8833058084670978,0.9715758060843896,0.9207509150554327,0.9645395130254008,0.8450351356735201,0.9720739095864545,0.8900460146324134,0.9637980579379934
2020-05-27,0.9777525030848476,0.95370296126239,0.9601278789431889,0.9475295848543435,0.9600381240586237,0.9477839444486467,0.9279323467462236,0.940353703292356,0.8836440356733499,0.9715758060843896,0.9224339989365149,0.9645395130254008,0.8493006858449875,0.9720739095864545,0.8946890717518454,0.9637980579379934
2020-05-28,0.9762523097538723,0.95370296126239,0.9569421682113152,0.9475295848543435,0.9621901950756487,0.9477839444486467,0.9283249225890332,0.940353703292356,0.8847557112006971,0.9715758060843896,0.9217040710588473,0.9645395130254008,0.8521337370641857,0.9720739095864545,0.8964083538559036,0.9637980579379934
2020-05-29,0.996257170001083,0.95370296126239,0.9768360438651567,0.9475295848543435,0.9812014325562922,0.9477839444486467,0.9472642049577373,0.940353703292356,0.9041467529762952,0.9715758060843896,0.9396879271425123,0.9645395130254008,0.8704686163604819,0.9720739095864545,0.914105661642204,0.9637980579379934
2020-06-01,1.016423743233052,0.95370296126239,0.9971523880708517,0.9475295848543435,0.9970884757035421,0.9477839444486467,0.9633789638432034,0.940353703292356,0.9115254724121441,0.9715758060843896,0.9466883106447697,0.9645395130254008,0.8741571815138296,0.9720739095864545,0.9179726469268393,0.9637980579379934
2020-06-02,1.0095620447583937,0.95370296126239,0.9906858100575082,0.9475295848543435,0.9938094590523686,0.9477839444486467,0.9602885350879801,0.940353703292356,0.9083264557156396,0.9715758060843896,0.9450106835889024,0.9645395130254008,0.8719513595491667,0.9720739095864545,0.916336666980685,0.9637980579379934
2020-06-03,1.001608036050301,0.95370296126239,0.9800108978434552,0.9475295848543435,0.983817303151648,0.9477839444486467,0.9475445371085495,0.940353703292356,0.9001684365159,0.9715758060843896,0.9400316421278093,0.9645395130254008,0.8641386710378477,0.9720739095864545,0.9118562356222695,0.9637980579379934
2020-06-04,0.9721068107390911,0.95370296126239,0.952396039802747,0.9475295848543435,0.9536765318344923,0.9477839444486467,0.9199334206989598,0.940353703292356,0.8816947543039779,0.9715758060843896,0.9216304595530432,0.9645395130254008,0.8469954897236691,0.9720739095864545,0.8939967813019528,0.9637980579379934
2020-06-05,0.9821225578153057,0.95370296126239,0.9617152129735278,0.9475295848543435,0.9643665975176682,0.9477839444486467,0.9306719094875189,0.940353703292356,0.8946223583015721,0.9715758060843896,0.9307433996510865,0.9645395130254008,0.8595206340530533,0.9720739095864545,0.901356432705579,0.9637980579379934
2020-06-08,0.9850746036906264,0.95370296126239,0.9644857731964496,0.9475295848543435,0.9720433871852838,0.9477839444486467,0.9350796185291436,0.940353703292356,0.8935711106054671,0.9715758060843896,0.9357920889797907,0.9645395130254008,0.8594195488120677,0.9720739095864545,0.906528366437417,0.9637980579379934
2020-06-09,0.9876176755603511,0.95370296126239,0.9683115457380399,0.9475295848543435,0.972822856992595,0.9477839444486467,0.9395326128624413,0.940353703292356,0.8956284432190328,0.9715758060843896,0.9375907007271348,0.9645395130254008,0.8613466355063468,0.9720739095864545,0.9087617965925195,0.9637980579379934
2020-06-10,1.001997228740777,0.95370296126239,0.9887536235026356,0.9475295848543435,0.9884007133601236,0.9477839444486467,0.959510456684579,0.940353703292356,0.9023064519286713,0.9715758060843896,0.9487943415560224,0.9645395130254008,0.8685298185700467,0.9720739095864545,0.9201356821196972,0.9637980579379934
2020-06-11,0.9530591576267282,0.95370296126239,0.9453389696947149,0.9475295848543435,0.9411383537518858,0.9477839444486467,0.9194539540157625,0.940353703292356,0.8556626279159236,0.9715758060843896,0.9010939404089153,0.9645395130254008,0.8253731254151454,0.9720739095864545,0.8762280334845283,0.9637980579379934
2020-06-12,0.9655270167212642,0.95370296126239,0.9558424381230327,0.9475295848543435,0.9510712715656909,0.9477839444486467,0.9277497184338974,0.940353703292356,0.8635023044013223,0.9715758060843896,0.9093970756638087,0.9645395130254008,0.8316314026692545,0.9720739095864545,0.8819593485475985,0.9637980579379934
2020-06-15,1.0124000799128274,0.95370296126239,0.9977785388926823,0.9475295848543435,0.9935078621573715,0.9477839444486467,0.9639491818392273,0.940353703292356,0.8936017758643827,0.9715758060843896,0.9359196248931286,0.9645395130254008,0.8583563953578086,0.9720739095864545,0.9051492822839524,0.9637980579379934
2020-06-16,1.0184255865839675,0.95370296126239,1.0045006994464387,0.9475295848543435,0.9991063193611135,0.9477839444486467,0.9703304225212369,0.940353703292356,0.9048023420599768,0.9715758060843896,0.9510833478406143,0.9645395130254008,0.8686970479857546,0.9720739095864545,0.9190552839923722,0.9637980579379934
2020-06-17,0.9996613572327614,0.95370296126239,0.9908238428625162,0.9475295848543435,0.9856636602547703,0.9477839444486467,0.9634878287920817,0.940353703292356,0.8989042966907416,0.9715758060843896,0.9414371286853074,0.9645395130254008,0.8658669902590465,0.9720739095864545,0.9131776664222698,0.9637980579379934
2020-06-18,1.0143983171663018,0.95370296126239,0.9999766882489272,0.9475295848543435,0.9967582913141038,0.9477839444486467,0.9688348018800066,0.940353703292356,0.9010598013760484,0.9715758060843896,0.9466402974853715,0.9645395130254008,0.8666523596482594,0.9720739095864545,0.9163599995342128,0.9637980579379934
2020-06-19,1.0167908732993691,0.95370296126239,1.010623008416629,0.9475295848543435,1.0030277879955767,0.9477839444486467,0.983216288736013,0.940353703292356,0.9086769948620349,0.9715758060843896,0.9531282732483972,0.9645395130254008,0.8772235153571624,0.9720739095864545,0.9247962798357667,0.9637980579379934
2020-06-22,1.0257497990918032,0.95370296126239,1.0194175791390712,0.9475295848543435,1.014524005580221,0.9477839444486467,0.9953428429684132,0.940353703292356,0.9206070539959199,0.9715758060843896,0.9641371349205462,0.9645395130254008,0.8893462188513228,0.9720739095864545,0.9354101946413367,0.9637980579379934
2020-06-23,1.0204297035312027,0.95370296126239,1.014755517455869,0.9475295848543435,1.0094131044501933,0.9477839444486467,0.9910658833295929,0.940353703292356,0.9199224925926187,0.9715758060843896,0.9621804436301666,0.9645395130254008,0.8890421898251979,0.9720739095864545,0.9333479534751952,0.9637980579379934
2020-06-24,0.9988326087149232,0.95370296126239,0.992121160285057,0.9475295848543435,0.9868648007453091,0.9477839444486467,0.966593525896644,0.940353703292356,0.8977572815577994,0.9715758060843896,0.9420920537350478,0.9645395130254008,0.8671587921469033,0.9720739095864545,0.9143359049770889,0.9637980579379934
2020-06-25,1.0039816501675438,0.95370296126239,0.9969702841216203,0.9475295848543435,0.9918545589043939,0.9477839444486467,0.9730808835599422,0.940353703292356,0.9082953015373644,0.9715758060843896,0.9510179193013734,0.9645395130254008,0.8777550927610369,0.9720739095864545,0.9230467167960361,0.9637980579379934
2020-06-26,0.9899102232207752,0.95370296126239,0.9869069736053206,0.9475295848543435,0.9791945641566133,0.9477839444486467,0.9648437212784123,0.940353703292356,0.8925173324516995,0.9715758060843896,0.9371645094450549,0.9645395130254008,0.8637137381357812,0.9720739095864545,0.9110918012198245,0.9637980579379934
2020-06-29,1.000799477164785,0.95370296126239,0.9915525561420423,0.9475295848543435,0.9893706668044565,0.9477839444486467,0.9688421416945826,0.940353703292356,0.9038160725300038,0.9715758060843896,0.9455158286133981,0.9645395130254008,0.873982883352648,0.9720739095864545,0.9183270728609382,0.9637980579379934
2020-06-30,1.0337088801027121,0.95370296126239,1.0251188354482448,0.9475295848543435,1.0188991869225346,0.9477839444486467,0.9993682868225585,0.940353703292356,0.9276043037129335,0.9715758060843896,0.9699302564139732,0.9645395130254008,0.8959903286854511,0.9720739095864545,0.9404369360326593,0.9637980579379934
2020-07-01,1.0368860871732448,0.95370296126239,1.0271095409999682,0.9475295848543435,1.0244312393458206,0.9477839444486467,1.0035848914874794,0.940353703292356,0.9306367129389302,0.9715758060843896,0.9765710150018169,0.9645395130254008,0.8990447567224604,0.9720739095864545,0.9471806387459402,0.9637980579379934
2020-07-02,1.0540517294976164,0.95370296126239,1.0472054599488305,0.9475295848543435,1.041524843833952,0.9477839444486467,1.0230129967669739,0.940353703292356,0.9448564116988417,0.9715758060843896,0.9871417478242834,0.9645395130254008,0.9131585182538807,0.9720739095864545,0.9573390597197922,0.9637980579379934
2020-07-06,1.0934218676758278,0.95370296126239,1.083657423208348,0.9475295848543435,1.0741261901430805,0.9477839444486467,1.052859325701406,0.940353703292356,0.9637981784752679,0.9715758060843896,1.0057712592024364,0.9645395130254008,0.928338612910551,0.9720739095864545,0.9723550451242992,0.9637980579379934
2020-07-07,1.096811487093683,0.95370296126239,1.083860415531795,0.9475295848543435,1.0745032983189757,0.9477839444486467,1.0543120291351584,0.940353703292356,0.9632852413403871,0.9715758060843896,1.0070469161463655,0.9645395130254008,0.9270974410974739,0.9720739095864545,0.9722672481598122,0.9637980579379934
2020-07-08,1.141538509347343,0.95370296126239,1.1208418136738127,0.9475295848543435,1.1186585378415954,0.9477839444486467,1.0878478257056368,0.940353703292356,0.9894312522523709,0.9715758060843896,1.0322440186231703,0.9645395130254008,0.9494793538311339,0.9720739095864545,0.9933685326092144,0.9637980579379934
2020-07-09,1.1569754092690183,0.95370296126239,1.1385479646130217,0.9475295848543435,1.1343253564841334,0.9477839444486467,1.106319783232033,0.940353703292356,0.9994006412177548,0.9715758060843896,1.0427976993579133,0.9645395130254008,0.9592322401795449,0.9720739095864545,1.0035009497109226,0.9637980579379934
2020-07-10,1.1530689090645712,0.95370296126239,1.1307355523103124,0.9475295848543435,1.133624511817335,0.9477839444486467,1.099605422013947,0.940353703292356,0.9955714204864394,0.9715758060843896,1.0372502413334073,0.9645395130254008,0.9554060422882565,0.9720739095864545,0.9982435259839683,0.9637980579379934
2020-07-13,1.1185614167476625,0.95370296126239,1.0914565865263293,0.9475295848543435,1.0953875109313018,0.9477839444486467,1.0562189522423133,0.940353703292356,0.9650200970074967,0.9715758060843896,1.0076859518739314,0.9645395130254008,0.9264678151901586,0.9720739095864545,0.9690977275155335,0.9637980579379934
2020-07-14,1.1551330428680193,0.95370296126239,1.1278200381364365,0.9475295848543435,1.1288095180285465,0.9477839444486467,1.0886164955558129,0.940353703292356,0.9955098596966441,0.9715758060843896,1.0382746319392262,0.9645395130254008,0.9522496557137404,0.9720739095864545,0.9947873820220867,0.9637980579379934
2020-07-15,1.164888687237002,0.95370296126239,1.1349730166346905,0.9475295848543435,1.1345329185595043,0.9477839444486467,1.0922856646001675,0.940353703292356,1.0088990415521666,0.9715758060843896,1.0518294743055758,0.9645395130254008,0.961653914055169,0.9720739095864545,1.0061874964663935,0.9637980579379934
2020-07-16,1.1521622343580222,0.95370296126239,1.120882463700314,0.9475295848543435,1.1224658462312496,0.9477839444486467,1.0792487306827794,0.940353703292356,0.9993402847306299,0.9715758060843896,1.0399668010070873,0.9645395130254008,0.9538002606188376,0.9720739095864545,0.9967407069133649,0.9637980579379934
2020-07-17,1.1937494954616767,0.95370296126239,1.15807342608943,0.9475295848543435,1.1591332988720797,0.9477839444486467,1.1094367737888096,0.940353703292356,1.0194705930126635,0.9715758060843896,1.063439384139214,0.9645395130254008,0.9709236060660821,0.9720739095864545,1.0154557678932692,0.9637980579379934
2020-07-20,1.2154865275439872,0.95370296126239,1.1870521029778598,0.9475295848543435,1.1842898087544909,0.9477839444486467,1.1409101621342554,0.940353703292356,1.0411937154050397,0.9715758060843896,1.0874746967547568,0.9645395130254008,0.9933253775669074,0.9720739095864545,1.0384789770611156,0.9637980579379934
2020-07-21,1.2100542047754974,0.95370296126239,1.1710189499656962,0.9475295848543435,1.1806376652870296,0.9477839444486467,1.1211699418553982,0.940353703292356,1.0335477307916936,0.9715758060843896,1.0717991919461762,0.9645395130254008,0.983846750584238,0.9720739095864545,1.0239240613266873,0.9637980579379934
2020-07-22,1.2307757387921183,0.95370296126239,1.1928107634410356,0.9475295848543435,1.1990775314843596,0.9477839444486467,1.1401205765786326,0.940353703292356,1.0457318912410842,0.9715758060843896,1.0824351289438041,0.9645395130254008,0.9931168548868204,0.9720739095864545,1.032876854824849,0.9637980579379934
2020-07-23,1.2059481918039319,0.95370296126239,1.1682510133151445,0.9475295848543435,1.1760017240064335,0.9477839444486467,1.1181035838932916,0.940353703292356,1.0308086464229056,0.9715758060843896,1.068047509572406,0.9645395130254008,0.9809185503764958,0.9720739095864545,1.020101982319738,0.9637980579379934
2020-07-24,1.1829044074203943,0.95370296126239,1.1534056230119731,0.9475295848543435,1.1566423282287797,0.9477839444486467,1.1100703368327507,0.940353703292356,1.01995057104264,0.9715758060843896,1.0564263647781025,0.9645395130254008,0.9725027835675515,0.9720739095864545,1.011476953915908,0.9637980579379934
2020-07-27,1.219167129972009,0.95370296126239,1.187177345013276,0.9475295848543435,1.190980541534167,0.9477839444486467,1.1406160699371108,0.940353703292356,1.0484076586860311,0.9715758060843896,1.085135295805018,0.9645395130254008,0.9989292568526232,0.9720739095864545,1.0368657576952143,0.9637980579379934
2020-07-28,1.191569351927918,0.95370296126239,1.161767914462354,0.9475295848543435,1.1655471494665208,0.9477839444486467,1.1183853943554325,0.940353703292356,1.0272021592348168,0.9715758060843896,1.0639389977830875,0.9645395130254008,0.9788412407647015,0.9720739095864545,1.0179604406918474,0.9637980579379934
2020-07-29,1.2155704386133137,0.95370296126239,1.190561349796916,0.9475295848543435,1.1937580741854705,0.9477839444486467,1.15003405288695,0.940353703292356,1.0506284739988945,0.9715758060843896,1.0827746360670352,0.9645395130254008,1.001557234396425,0.9720739095864545,1.0372955327429438,0.9637980579379934
2020-07-30,1.2370033077784028,0.95370296126239,1.2137419163815497,0.9475295848543435,1.2174866693279656,0.9477839444486467,1.1738731753738825,0.940353703292356,1.062665893384165,0.9715758060843896,1.0972694396312903,0.9645395130254008,1.0142579481985585,0.9720739095864545,1.0513548567961633,0.9637980579379934
2020-07-31,1.2315041572775387,0.95370296126239,1.2109666308973663,0.9475295848543435,1.2152964650101017,0.9477839444486467,1.1741675533919975,0.940353703292356,1.0638331275034925,0.9715758060843896,1.105760314413365,0.9645395130254008,1.0213190465864064,0.9720739095864545,1.0642205777442806,0.9637980579379934
2020-08-03,1.2754644855258157,0.95370296126239,1.2575656585220498,0.9475295848543435,1.2559595469358171,0.9477839444486467,1.2163163019253824,0.940353703292356,1.0981757999359323,0.9715758060843896,1.1364534453179338,0.9645395130254008,1.0518159117486026,0.9720739095864545,1.0908823688802882,0.9637980579379934
2020-08-04,1.2908435754773917,0.95370296126239,1.282883282040315,0.9475295848543435,1.267144064105746,0.9477839444486467,1.2383199143967332,0.940353703292356,1.1080352665811977,0.9715758060843896,1.149398592198272,0.9645395130254008,1.0585830412252415,0.9720739095864545,1.1010512848603191,0.9637980579379934
2020-08-05,1.3087595041997597,0.95370296126239,1.288816300710101,0.9475295848543435,1.2834248748302464,0.9477839444486467,1.2440707815310765,0.940353703292356,1.1230354025063443,0.9715758060843896,1.1634981535033782,0.9645395130254008,1.0712213852296506,0.9720739095864545,1.1124071607518229,0.9637980579379934
2020-08-06,1.3346221366907178,0.95370296126239,1.283224800719819,0.9475295848543435,1.3016461026181128,0.9477839444486467,1.239667137821085,0.940353703292356,1.1257348170858363,0.9715758060843896,1.1712012189058063,0.9645395130254008,1.0712247127203305,0.9720739095864545,1.1166551369235356,0.9637980579379934
2020-08-07,1.309619934953634,0.95370296126239,1.2642043651838935,0.9475295848543435,1.2814986872961323,0.9477839444486467,1.2242646354328777,0.940353703292356,1.1174619529965557,0.9715758060843896,1.1576296300484161,0.9645395130254008,1.0648688772170016,0.9720739095864545,1.1066086734602683,0.9637980579379934
2020-08-10,1.2783255617256855,0.95370296126239,1.2287586734366618,0.9475295848543435,1.2536947806483545,0.9477839444486467,1.190892965713402,0.940353703292356,1.0966062640948377,0.9715758060843896,1.1322002872547845,0.9645395130254008,1.0455050778586306,0.9720739095864545,1.0831576675773193,0.9637980579379934
2020-08-11,1.257955106988025,0.95370296126239,1.2035807902737157,0.9475295848543435,1.232762228313038,0.9477839444486467,1.1659299631749314,0.940353703292356,1.0701328953339904,0.9715758060843896,1.1099397178709172,0.9645395130254008,1.0208645222651749,0.9720739095864545,1.06269137155867,0.9637980579379934
2020-08-12,1.3018209731862778,0.95370296126239,1.245227855226328,0.9475295848543435,1.2747347212484663,0.9477839444486467,1.2045660928628008,0.940353703292356,1.094840668108453,0.9715758060843896,1.1368986656579951,0.9645395130254008,1.0433747644447036,0.9720739095864545,1.0873556049486657,0.9637980579379934
2020-08-13,1.3285974677468808,0.95370296126239,1.260223196840158,0.9475295848543435,1.301453858565634,0.9477839444486467,1.2206288865440995,0.940353703292356,1.1133939418811265,0.9715758060843896,1.154063807909192,0.9645395130254008,1.0608062668211609,0.9720739095864545,1.1025754470557734,0.9637980579379934
2020-08-14,1.3287696220210372,0.9521770365243701,1.2562602818202437,0.9460135375185765,1.3005911322693575,0.9462674901375289,1.2157813004237112,0.9388491373670882,1.1055570821568432,0.9700212847946547,1.1499974536594308,0.9629962498045601,1.053885864136686,0.9705185913311162,1.0981366881752803,0.9622559810452926
2020-08-17,1.3714689495871468,0.9814493028397939,1.2905111573822492,0.9708807184338963,1.3438311357772261,0.9767133942719168,1.250683374057453,0.9650172652256643,1.1335398069534075,0.9941385982320791,1.176418887652898,0.9846349510151229,1.0794392692939934,0.9938429725823958,1.1220564042494445,0.9829782082856032
2020-08-18,1.372744581861768,0.9815508348466961,1.2878745872849662,0.9686269078732488,1.344749415200463,0.9767379838671122,1.2499091504460058,0.9642646699955626,1.1343322206299589,0.9943789755751484,1.174810494358576,0.9827073814204079,1.0792461887176992,0.9932546942121829,1.1212095318320512,0.981762413474843
2020-08-19,1.376808170110555,0.981529190592459,1.2834956908777468,0.9646700232346597,1.3489468818603247,0.9774656521261018,1.247026594348668,0.961515850377916,1.1346053635816027,0.993247596309013,1.1723935243421562,0.9792284781211826,1.0784190794246542,0.9914262460422585,1.1189296000058375,0.9787064636847892
2020-08-20,1.376148488358635,0.9836071324139953,1.2885195960849412,0.9685576041964528,1.3503060945520708,0.9804998284386913,1.252428714153676,0.9657971931178736,1.1353819544966823,0.9950547315091646,1.1729528705952574,0.9807632249614083,1.0806875756246042,0.9942968261428208,1.1214564592821326,0.9816190610954162
2020-08-21,1.3595171372732404,0.9725283827391069,1.2776539540548335,0.959661042965614,1.3380755929582064,0.9722861895933754,1.2447885195187451,0.9591801461970907,1.1267205319623017,0.9876082404880154,1.1646956889341973,0.9740765849404909,1.0739628185068415,0.9880138931192048,1.1165704040925213,0.9773424778324616
2020-08-24,1.3414703753308925,0.959178002029883,1.2638367885113964,0.9489707828657243,1.3249171752023745,0.9624123251927572,1.2345138843010035,0.95090393333403,1.1195357196108477,0.9809540256462995,1.1572490930127308,0.9675462753858732,1.0691066498211947,0.9831422178529904,1.1122943041143554,0.9732879453334717
2020-08-25,1.359592667602405,0.9721968286472102,1.2809459114368895,0.9616886858194794,1.3417108657843413,0.9747206854972182,1.2507931473282916,0.9634043502700773,1.1278178500812932,0.9882381625948509,1.1647907514874858,0.9738191374283536,1.0753700535996717,0.9889737994880548,1.1182172939605317,0.9785040927822594
2020-08-26,1.3710035076306673,0.980148352615434,1.2919198860753645,0.9699134618868659,1.351973600050199,0.9820327202883994,1.2608317281428416,0.9712033087815801,1.1365851047459687,0.9958777938091535,1.1730850971566424,0.9805838795521322,1.0836984327039796,0.9966314768224591,1.1262004577948734,0.9853737431965706
2020-08-27,1.3501293001132046,0.9637868974571766,1.2701198314211326,0.9516675600777975,1.3382239107084568,0.9713352016810454,1.2458009928619795,0.9583559886758789,1.1221450484972366,0.982546226571887,1.1575712666330176,0.966851225571904,1.0726369654127548,0.9860462323851046,1.114347385780127,0.9745225394550008
2020-08-28,1.3628572998698432,0.9722142894843413,1.2771725375263827,0.9562185336663765,1.3546752130542643,0.9828019147166144,1.2561928976383492,0.9656981334246819,1.132242039992746,0.9911213170845916,1.1656107330840981,0.9732013802815859,1.082431940063161,0.9948867177460183,1.121630484654047,0.9806380235871869
2020-08-31,1.3736722730945738,0.9806063157736666,1.2990275150969668,0.9716944655896896,1.368356144914008,0.9933116699028767,1.2784063785644388,0.9820915655530658,1.1394478606353327,0.9978064823864129,1.1746769551249712,0.9810929525331193,1.09097111073501,1.0030272868125305,1.1318063510132912,0.9897446815103316
2020-09-01,1.4052977933344033,1.0036039277626854,1.3242272228010712,0.9913974166000121,1.4022607465227572,1.0188417481656136,1.3062518276597928,1.0045763156328062,1.159454192060497,1.0153078846182386,1.1956672046038,0.99856255575339,1.112243443678325,1.0227151718470548,1.1520791793802112,1.0075177782426845
2020-09-02,1.4135475110616496,1.0111299084617842,1.3354841726016906,1.0006916861716302,1.4130872581991583,1.028037751558886,1.3185593613653577,1.0145988182533814,1.1658022247606408,1.0220459361074006,1.2032325179521604,1.0062336313655744,1.117761884628858,1.0287053012470146,1.1598226753627738,1.0153433612858014
2020-09-03,1.315107060482959,0.9407141049577252,1.2346574095055618,0.92514118123578,1.3122908316982447,0.954707154977592,1.2195503858904126,0.938413860293402,1.0847279977226596,0.9509690565927541,1.1203182259541633,0.9368944571956113,1.0404649455601294,0.9575669200912003,1.0833780412714753,0.9484214486699399
2020-09-04,1.287639231378268,0.9210659903305695,1.2068294673567284,0.9042894250540858,1.2843273094342398,0.9343633606456052,1.1909643104192158,0.9164175822027852,1.0614517621854722,0.9305630379444841,1.0962178916936016,0.916739943002958,1.0187432694232712,0.9375758972255597,1.0618030430153909,0.9295340517303889
2020-09-08,1.2171472868198268,0.869249108821444,1.1329458724087682,0.8475694219364365,1.2186954822918445,0.8851968427645855,1.1250409545430309,0.8643060843534439,1.0210814432773963,0.8937385518602928,1.0566064369981483,0.8822000797819647,0.9816456618268653,0.9019885107713868,1.026944272964399,0.8975792165464556
2020-09-09,1.271051036589777,0.869249108821444,1.1822677620541564,0.8475694219364365,1.272826565477567,0.8851968427645855,1.1729057634012705,0.8643060843534439,1.0567431883647953,0.8937385518602928,1.0898308322860628,0.8822000797819647,1.0154501380140952,0.9019885107713868,1.0567455796001999,0.8975792165464556
2020-09-10,1.2665864520005685,0.869249108821444,1.1747649746644835,0.8475694219364365,1.2631463949098953,0.8851968427645855,1.1625435881798034,0.8643060843534439,1.0534614252057342,0.8937385518602928,1.0833032651429266,0.8822000797819647,1.0132332907366184,0.9019885107713868,1.0506510290065934,0.8975792165464556
2020-09-11,1.263217662000063,0.869249108821444,1.1692260343821663,0.8475694219364365,1.2569235817724311,0.8851968427645855,1.1537257669194827,0.8643060843534439,1.0460570225418169,0.8937385518602928,1.0743995911879778,0.8822000797819647,1.0055476353039323,0.9019885107713868,1.041142018944166,0.8975792165464556
2020-09-14,1.3089821776442818,0.869249108821444,1.2115934607490249,0.8475694219364365,1.3024417308974894,0.8851968427645855,1.1948817749738543,0.8643060843534439,1.0745103867696348,0.8937385518602928,1.1021376301670607,0.8822000797819647,1.0309771863305308,0.9019885107713868,1.0651954842510531,0.8975792165464556
2020-09-15,1.3166158659520184,0.869249108821444,1.2200626435681277,0.8475694219364365,1.3070683097123363,0.8851968427645855,1.2017515333120214,0.8643060843534439,1.0780525117109898,0.8937385518602928,1.1069065425243938,0.8822000797819647,1.033345614272403,0.9019885107713868,1.0692580055339422,0.8975792165464556
2020-09-16,1.3004413031418702,0.869249108821444,1.2132837301744082,0.8475694219364365,1.2920854490143423,0.8851968427645855,1.1938168992533273,0.8643060843534439,1.0684340689630125,0.8937385518602928,1.096532160409868,0.8822000797819647,1.023461281316848,0.9019885107713868,1.0586357826062698,0.8975792165464556
2020-09-17,1.2939936908497192,0.869249108821444,1.2041314695529854,0.8475694219364365,1.2833661956874116,0.8851968427645855,1.1821705952301609,0.8643060843534439,1.056489536711651,0.8937385518602928,1.0855100096989294,0.8822000797819647,1.0121867288113482,0.9019885107713868,1.0480009378232018,0.8975792165464556
2020-09-18,1.306962251220277,0.869249108821444,1.2204370639315676,0.8475694219364365,1.2903743975846542,0.8851968427645855,1.1915860611670444,0.8643060843534439,1.0604888518899782,0.8937385518602928,1.0884351209857588,0.8822000797819647,1.0132403896714257,0.9019885107713868,1.0467506586092452,0.8975792165464556
2020-09-21,1.2926011508290318,0.869249108821444,1.2202781072034474,0.8475694219364365,1.2739870649587253,0.8851968427645855,1.1922750623738843,0.8643060843534439,1.062077767607866,0.8937385518602928,1.0878312652174267,0.8822000797819647,1.014382645622806,0.9019885107713868,1.0449963649063785,0.8975792165464556
2020-09-22,1.298049650282633,0.869249108821444,1.219116021971904,0.8475694219364365,1.2857537128763328,0.8851968427645855,1.1963912013689129,0.8643060843534439,1.0793069751769444,0.8937385518602928,1.1008688809731997,0.8822000797819647,1.0325183262613018,0.9019885107713868,1.0583580632696175,0.8975792165464556
2020-09-23,1.2472373990112655,0.869249108821444,1.1787844396986373,0.8475694219364365,1.2371790968551835,0.8851968427645855,1.1584685708779634,0.8643060843534439,1.0448816252710014,0.8937385518602928,1.0652673278155844,0.8822000797819647,1.0000102021833202,0.9019885107713868,1.026435040240468,0.8975792165464556
2020-09-24,1.243987524137777,0.869249108821444,1.1747257666538553,0.8475694219364365,1.2337466320363424,0.8851968427645855,1.154242331499816,0.8643060843534439,1.0412179506495933,0.8937385518602928,1.0632491409098164,0.8822000797819647,0.9962838948262581,0.9019885107713868,1.024646789058068,0.8975792165464556
2020-09-25,1.2729291156008946,0.869249108821444,1.205526418843825,0.8475694219364365,1.2621691174036647,0.8851968427645855,1.185189965444389,0.8643060843534439,1.0623799423364253,0.8937385518602928,1.0846188101802559,0.8822000797819647,1.0159492378978445,0.9019885107713868,1.0429210998075056,0.8975792165464556
2020-09-28,1.3034194055590063,0.869249108821444,1.2302806851192,0.8475694219364365,1.2890187369994055,0.8851968427645855,1.2070861068578853,0.8643060843534439,1.092331027933159,0.8937385518602928,1.1117420019563962,0.8822000797819647,1.043154029299129,0.9019885107713868,1.0664226746281034,0.8975792165464556
2020-09-29,1.3118541763240714,0.869249108821444,1.2438137442459423,0.8475694219364365,1.2979849044566045,0.8851968427645855,1.2199735636832947,0.8643060843534439,1.1029164157467912,0.8937385518602928,1.1220060007612647,0.8822000797819647,1.0531914973227623,0.9019885107713868,1.0752249067069022,0.8975792165464556
2020-09-30,1.3212192584655442,0.869249108821444,1.251787079693195,0.8475694219364365,1.306838602977969,0.8851968427645855,1.2263002320154899,0.8643060843534439,1.1078761384191451,0.8937385518602928,1.1272799833441962,0.8822000797819647,1.0582789187359205,0.9019885107713868,1.0795386490473795,0.8975792165464556
2020-10-01,1.3479051844637413,0.869249108821444,1.2770879862805238,0.8475694219364365,1.331009111968515,0.8851968427645855,1.2488491950169704,0.8643060843534439,1.1383402957473878,0.8937385518602928,1.1542896847014912,0.8822000797819647,1.0852352292223186,0.9019885107713868,1.1012131266981724,0.8975792165464556
2020-10-02,1.3288743083890244,0.869249108821444,1.2620564913238803,0.8475694219364365,1.3077648811799107,0.8851968427645855,1.2297177446276282,0.8643060843534439,1.1294287635290383,0.8937385518602928,1.1405199288036516,0.8822000797819647,1.0762419638909524,0.9019885107713868,1.088184706116762,0.8975792165464556
2020-10-05,1.378603024298406,0.869249108821444,1.3172102209613012,0.8475694219364365,1.3566584889307296,0.8851968427645855,1.2793545112730265,0.8643060843534439,1.1766114424964114,0.8937385518602928,1.1845221295354107,0.8822000797819647,1.1200763996458751,0.9019885107713868,1.128232249860732,0.8975792165464556
2020-10-06,1.3400071919460717,0.869249108821444,1.2894075840844668,0.8475694219364365,1.3175103068855647,0.8851968427645855,1.252052316923748,0.8643060843534439,1.1608782617537345,0.8937385518602928,1.1661830964832345,0.8822000797819647,1.1061724111122828,0.9019885107713868,1.1117452745424976,0.8975792165464556
2020-10-07,1.376048694817888,0.869249108821444,1.3395540799409509,0.8475694219364365,1.3527118687146311,0.8851968427645855,1.2983226640275534,0.8643060843534439,1.1951281226812847,0.8937385518602928,1.1965062412435787,0.8822000797819647,1.137464073109029,0.9019885107713868,1.1380784316789787,0.8975792165464556
2020-10-08,1.3577741376246013,0.869249108821444,1.3156502556422465,0.8475694219364365,1.3359596126857218,0.8851968427645855,1.2752233100695247,0.8643060843534439,1.1760487145526268,0.8937385518602928,1.1751894910616327,0.8822000797819647,1.1214882024649862,0.9019885107713868,1.121835819517596,0.8975792165464556
2020-10-09,1.3928860039965207,0.869249108821444,1.3465228769178943,0.8475694219364365,1.3674703595219986,0.8851968427645855,1.301649485245691,0.8643060843534439,1.2002694643177865,0.8937385518602928,1.1974743287032454,0.8822000797819647,1.1428512672622937,0.9019885107713868,1.1411969257281616,0.8975792165464556
2020-10-12,1.3948167767347766,0.869249108821444,1.3475304669024362,0.8475694219364365,1.3714161377332053,0.8851968427645855,1.3058495980167077,0.8643060843534439,1.2097493243052366,0.8937385518602928,1.2047386275819831,0.8822000797819647,1.153753250244471,0.9019885107713868,1.1498128715575076,0.8975792165464556
2020-10-13,1.4167239095001272,0.869249108821444,1.3719479155996221,0.8475694219364365,1.3912063500098073,0.8851968427645855,1.328638471434717,0.8643060843534439,1.2303551163157727,0.8937385518602928,1.2230243965028476,0.8822000797819647,1.1722523052709257,0.9019885107713868,1.1654004196117382,0.8975792165464556
2020-10-14,1.402692049793265,0.869249108821444,1.3535050960464843,0.8475694219364365,1.3768354163979177,0.8851968427645855,1.3098225742128073,0.8643060843534439,1.2167407128703207,0.8937385518602928,1.210920895345635,0.8822000797819647,1.1590751905835466,0.9019885107713868,1.1544219221717844,0.8975792165464556
2020-10-15,1.4184956267669575,0.869249108821444,1.3637527993624972,0.8475694219364365,1.393017662694881,0.8851968427645855,1.3216857619192104,0.8643060843534439,1.2251226135104323,0.8937385518602928,1.218391972318012,0.8822000797819647,1.166133753825833,0.9019885107713868,1.160475710367596,0.8975792165464556
2020-10-16,1.404630716322149,0.869249108821444,1.3500767987943438,0.8475694219364365,1.3821677338500913,0.8851968427645855,1.3118584264280901,0.8643060843534439,1.2190434561339454,0.8937385518602928,1.2125122793203071,0.8822000797819647,1.161608191660209,0.9019885107713868,1.155880306773637,0.8975792165464556
2020-10-19,1.3879498928867344,0.869249108821444,1.3359932954284768,0.8475694219364365,1.3662025900691102,0.8851968427645855,1.2978496238877628,0.8643060843534439,1.2081055002056642,0.8937385518602928,1.202273606663977,0.8822000797819647,1.1510934423253756,0.9019885107713868,1.1454779776466129,0.8975792165464556
2020-10-20,1.3707862373463446,0.869249108821444,1.3242466849427166,0.8475694219364365,1.351269938963687,0.8851968427645855,1.2875890583517346,0.8643060843534439,1.195731381753616,0.8937385518602928,1.1910653323597533,0.8822000797819647,1.140161465173032,0.9019885107713868,1.1370449642578226,0.8975792165464556
2020-10-21,1.3271888983260969,0.869249108821444,1.2964061277033536,0.8475694219364365,1.3109895166920824,0.8851968427645855,1.2631590056063404,0.8643060843534439,1.164804388319411,0.8937385518602928,1.1620411623764515,0.8822000797819647,1.1125690837456592,0.9019885107713868,1.1126809129599158,0.8975792165464556
2020-10-22,1.332185632088676,0.869249108821444,1.2986032272450672,0.8475694219364365,1.3170842853581015,0.8851968427645855,1.2655718076103748,0.8643060843534439,1.168920429858578,0.8937385518602928,1.1650320298585755,0.8822000797819647,1.1162031481627852,0.9019885107713868,1.1150657927837815,0.8975792165464556
2020-10-23,1.3355729677423467,0.869249108821444,1.2996521267899417,0.8475694219364365,1.3251612905740449,0.8851968427645855,1.2700002156825037,0.8643060843534439,1.1800074664479636,0.8937385518602928,1.1711922054648172,0.8822000797819647,1.1289433698845104,0.9019885107713868,1.1234291422569547,0.8975792165464556
2020-10-26,1.3158864145178846,0.869249108821444,1.2864765155392182,0.8475694219364365,1.306712008703913,0.8851968427645855,1.2580188970682809,0.8643060843534439,1.1644335446646004,0.8937385518602928,1.1558010733888786,0.8822000797819647,1.1149700638961693,0.9019885107713868,1.1092902505945577,0.8975792165464556
2020-10-27,1.3217084842224238,0.869249108821444,1.2986409560639458,0.8475694219364365,1.306868859906679,0.8851968427645855,1.2653460683605353,0.8643060843534439,1.170207303054506,0.8937385518602928,1.1632812428452848,0.8822000797819647,1.1187806568937622,0.9019885107713868,1.114389147581252,0.8975792165464556
2020-10-28,1.293264790197459,0.869249108821444,1.2592483897063158,0.8475694219364365,1.275196657663783,0.8851968427645855,1.2225232127258632,0.8643060843534439,1.145541806799361,0.8937385518602928,1.137985603739171,0.8822000797819647,1.0948353757094706,0.9019885107713868,1.0904223898048881,0.8975792165464556
2020-10-29,1.2988082660073048,0.869249108821444,1.2894081055223625,0.8475694219364365,1.2782843102749115,0.8851968427645855,1.247526848093016,0.8643060843534439,1.1545016123372278,0.8937385518602928,1.1479050145370846,0.8822000797819647,1.1023148494695516,0.9019885107713868,1.09829554019824,0.8975792165464556
2020-10-30,1.2353035097174825,0.869249108821444,1.230904700447971,0.8475694219364365,1.219046178130954,0.8851968427645855,1.197415380010035,0.8643060843534439,1.1069671796812057,0.8937385518602928,1.1093406707454334,0.8822000797819647,1.0588575737923924,0.9019885107713868,1.0655126674771729,0.8975792165464556
2020-11-02,1.2553199885872168,0.869249108821444,1.2315973132651252,0.8475694219364365,1.2359692139485239,0.8851968427645855,1.1949100863238307,0.8643060843534439,1.1169560482265675,0.8937385518602928,1.1198873647794398,0.8822000797819647,1.0665654569570602,0.9019885107713868,1.0743919669092066,0.8975792165464556
2020-11-03,1.2922026008211402,0.869249108821444,1.2537177589932162,0.8475694219364365,1.267792702039742,0.8851968427645855,1.2157178147840764,0.8643060843534439,1.1541482859830412,0.8937385518602928,1.1556005050368774,0.8822000797819647,1.1024478325705451,0.9019885107713868,1.1098213166605846,0.8975792165464556
2020-11-04,1.360962966865894,0.869249108821444,1.3125900624076703,0.8475694219364365,1.3379027728865005,0.8851968427645855,1.2741362678415153,0.8643060843534439,1.2030179403532988,0.8937385518602928,1.2013935866485186,0.8822000797819647,1.1488655591440147,0.9019885107713868,1.1524227210550513,0.8975792165464556
2020-11-05,1.4209878011268855,0.869249108821444,1.3689067053937494,0.8475694219364365,1.3935595517892676,0.8851968427645855,1.325094401124511,0.8643060843534439,1.245343718701083,0.8937385518602928,1.2405811334623567,0.8822000797819647,1.1871442776433137,0.9019885107713868,1.186977421642875,0.8975792165464556
2020-11-06,1.447346030306269,0.869249108821444,1.3680118606331484,0.8475694219364365,1.4306637388317656,0.8851968427645855,1.328213744541888,0.8643060843534439,1.2533895984693328,0.8937385518602928,1.2519738013653228,0.8822000797819647,1.1965606735657006,0.9019885107713868,1.1988035518325795,0.8975792165464556
2020-11-09,1.359272729236103,0.869249108821444,1.3063249069039824,0.8475694219364365,1.3419143392355375,0.8851968427645855,1.2686159517963103,0.8643060843534439,1.1912344787832185,0.8937385518602928,1.1914121804248232,0.8822000797819647,1.1365022751152385,0.9019885107713868,1.1410743493527036,0.8975792165464556
2020-11-10,1.3132901793803464,0.869249108821444,1.2720522127964053,0.8475694219364365,1.2948101255060323,0.8851968427645855,1.2349609458544013,0.8643060843534439,1.1709429811952519,0.8937385518602928,1.1715523738972096,0.8822000797819647,1.1176229341909047,0.9019885107713868,1.122873622312064,0.8975792165464556
2020-11-11,1.37927243685801,0.869249108821444,1.3097286112386926,0.8475694219364365,1.359867292095303,0.8851968427645855,1.2693381188492543,0.8643060843534439,1.2080706544918562,0.8937385518602928,1.2093128719812478,0.8822000797819647,1.1523490708799378,0.9019885107713868,1.1586158439526555,0.8975792165464556
2020-11-12,1.398402983751552,0.869249108821444,1.3286509432900753,0.8475694219364365,1.3787689632923874,0.8851968427645855,1.286343747275247,0.8643060843534439,1.2141023341257016,0.8937385518602928,1.216063570002645,0.8822000797819647,1.15524781783598,0.9019885107713868,1.1607177005019875,0.8975792165464556
2020-11-13,1.3955624065035241,0.869249108821444,1.3261390508187967,0.8475694219364365,1.3772781191915826,0.8851968427645855,1.2834668684631345,0.8643060843534439,1.2140214187081322,0.8937385518602928,1.21625328857855,0.8822000797819647,1.1540123417350507,0.9019885107713868,1.1602289324208488,0.8975792165464556
2020-11-16,1.41336278471977,0.869249108821444,1.3426440691576247,0.8475694219364365,1.3982371473151154,0.8851968427645855,1.301651901520189,0.8643060843534439,1.2233021676568951,0.8937385518602928,1.225705064942131,0.8822000797819647,1.1630097222509093,0.9019885107713868,1.169747731086654,0.8975792165464556
2020-11-17,1.4353219387308647,0.869249108821444,1.3420687092778756,0.8475694219364365,1.4217380136337545,0.8851968427645855,1.2987793878090874,0.8643060843534439,1.2307081471600558,0.8937385518602928,1.2310930336103005,0.8822000797819647,1.1693198212839893,0.9019885107713868,1.1732633471186418,0.8975792165464556
2020-11-18,1.441240991326717,0.869249108821444,1.335956679826379,0.8475694219364365,1.4208270432821155,0.8851968427645855,1.291590049279188,0.8643060843534439,1.2237575721647245,0.8937385518602928,1.2246696305940221,0.8822000797819647,1.1596810016113515,0.9019885107713868,1.1640116526705937,0.8975792165464556
2020-11-19,1.4921489151630298,0.869249108821444,1.3760053341207048,0.8475694219364365,1.4690656538573705,0.8851968427645855,1.3290569392724059,0.8643060843534439,1.2599383802069448,0.8937385518602928,1.255685432307269,0.8822000797819647,1.1932774933967192,0.9019885107713868,1.1907899338232977,0.8975792165464556
2020-11-20,1.5094896384409178,0.869249108821444,1.37968962793963,0.8475694219364365,1.4888750731265852,0.8851968427645855,1.3311051637963025,0.8643060843534439,1.271018836513125,0.8937385518602928,1.2629018958149962,0.8822000797819647,1.2045871545398144,0.9019885107713868,1.1977551719350097,0.8975792165464556
2020-11-23,1.542155227718134,0.869249108821444,1.402550468923654,0.8475694219364365,1.5176477624713505,0.8851968427645855,1.3515224846352474,0.8643060843534439,1.2837740863999554,0.8937385518602928,1.2728262350575175,0.8822000797819647,1.2127271840279055,0.9019885107713868,1.2027455846030601,0.8975792165464556
2020-11-24,1.5306553245119061,0.869249108821444,1.3978654038106724,0.8475694219364365,1.5075828664650732,0.8851968427645855,1.3439014963441271,0.8643060843534439,1.2735692101821725,0.8937385518602928,1.2601458573306556,0.8822000797819647,1.2010823224576939,0.9019885107713868,1.189408560912612,0.8975792165464556
2020-11-25,1.5720400743250262,0.869249108821444,1.4195314176548104,0.8475694219364365,1.548017786033717,0.8851968427645855,1.3648220543138239,0.8643060843534439,1.2934775529520524,0.8937385518602928,1.2789295743301936,0.8822000797819647,1.2173138590974417,0.9019885107713868,1.204776436253802,0.8975792165464556
2020-11-27,1.628421958769276,0.869249108821444,1.4728304113884958,0.8475694219364365,1.6056378615935365,0.8851968427645855,1.415829478382441,0.8643060843534439,1.3286514238767086,0.8937385518602928,1.314286017512675,0.8822000797819647,1.2484789537862433,0.9019885107713868,1.2358632194713954,0.8975792165464556
2020-11-30,1.6414663586506237,0.869249108821444,1.4852377631337985,0.8475694219364365,1.625599683625305,0.8851968427645855,1.4350045203541044,0.8643060843534439,1.3358426728751234,0.8937385518602928,1.3213090152522742,0.8822000797819647,1.256730090213173,0.9019885107713868,1.244304763776154,0.8975792165464556
2020-12-01,1.6188395622243372,0.869249108821444,1.4758198548670214,0.8475694219364365,1.5930288294766255,0.8851968427645855,1.4237146397641838,0.8643060843534439,1.3377039726384268,0.8937385518602928,1.325985331149223,0.8822000797819647,1.2567763501781126,0.9019885107713868,1.2474585216512266,0.8975792165464556
2020-12-02,1.5956025552544069,0.869249108821444,1.472684683725231,0.8475694219364365,1.5731247343138857,0.8851968427645855,1.4217070154632239,0.8643060843534439,1.3241018813142833,0.8937385518602928,1.3181165519514983,0.8822000797819647,1.2447755757257952,0.9019885107713868,1.24195046085626,0.8975792165464556
2020-12-03,1.6198422292024925,0.869249108821444,1.4932348586754067,0.8475694219364365,1.5945534866669433,0.8851968427645855,1.4374101848051382,0.8643060843534439,1.3351814352053462,0.8937385518602928,1.3305249339477214,0.8822000797819647,1.2528525426009556,0.9019885107713868,1.2516204671166444,0.8975792165464556
2020-12-04,1.6228162794770395,0.8678583102473297,1.4914334304478092,0.8462133108613382,1.6020322523875878,0.8837805278161622,1.4397044887940273,0.8629231946184784,1.351655603270044,0.8923085701773164,1.343472439380802,0.8807885596543136,1.269660498177634,0.9005453291541525,1.2643298680718804,0.8961430897999813
2020-12-07,1.6459908881795287,0.8806616615524325,1.5127460601076008,0.8586572591572958,1.6177483039426823,0.8929123970435486,1.4533444584879889,0.8714883966304351,1.365130409642431,0.9013447258684579,1.3576424922664339,0.8901623652139924,1.2788420286924216,0.9071662725112277,1.2758043429696837,0.9043753276406487
2020-12-08,1.694568740856652,0.9064958090937499,1.5495362854192947,0.8793764992985512,1.6704805406552727,0.9219414976536369,1.4893788861514683,0.8929642039549643,1.3879226424958098,0.9163791747236107,1.3853006893775186,0.9081977369490054,1.2989154057866343,0.9213901880512015,1.3003816281047473,0.9216776212996305
2020-12-09,1.6203090720596371,0.8665499574576432,1.483102235618807,0.841541521024525,1.5987817060040124,0.8821480692340341,1.4282578175480436,0.8562228308605656,1.342521505472695,0.8863209839751499,1.3419374448383876,0.8801392618772566,1.258194413576413,0.8924796778977966,1.2588010618679888,0.8924987410830223
2020-12-10,1.6974363100186507,0.9071232628920683,1.5483482851360386,0.8777750758272173,1.6881415102450903,0.9305594581409762,1.5007648736011463,0.8986741713064454,1.3858545065419725,0.9143577293998024,1.3806440319957392,0.90495540298266,1.298281613987656,0.9202967038450163,1.2953326083920838,0.91775731179489
2020-12-11,1.7351930839894274,0.9271073825884868,1.5759447730118026,0.8933176413101467,1.7249935339160185,0.9507210144650925,1.5259918597254964,0.9137265415601882,1.395049644567718,0.9204574189673805,1.3889617722021674,0.91052642805832,1.3052554389221314,0.9252966258222094,1.301541881978267,0.9222935849808485
2020-12-14,1.7656520864727847,0.9429696623631417,1.6193474266317411,0.9175621777788533,1.7562617498601318,0.9675224574402324,1.5700121681395185,0.9397252653803622,1.406514321983723,0.9280307531277492,1.401944053275068,0.9191070892011298,1.3148341412776965,0.9321257238882368,1.312820127484243,0.9303249455497365
2020-12-15,1.8249714462815296,0.9744247686764052,1.6722899991122167,0.9475265608987351,1.8231554264756256,1.0040062751993346,1.626928815111256,0.973607803425968,1.4453375333926866,0.9536889426282589,1.4398176949945745,0.9439490996157742,1.3512040629439275,0.9578871575710705,1.3499092262895747,0.9565964708461624
2020-12-16,1.834158690154282,0.979235357157587,1.679629497725217,0.9517342659267667,1.8363250903081312,1.011079672633952,1.636582368096904,0.9793506319907264,1.4564897489570976,0.9610012554858743,1.456919918000682,0.955078936927344,1.3609244950712747,0.9646854058106225,1.3662057204348326,0.9680007731768495
2020-12-17,1.874848645969767,1.000680881644957,1.7094843659245083,0.9684187134776909,1.8747096507290733,1.0320375399842865,1.662506316063413,0.994738865384396,1.4874273020943822,0.981212937173636,1.487255673806729,0.974807017094589,1.3883774709751016,0.9839769370671718,1.3929057545494001,0.986799216671882
2020-12-18,1.89242739394546,1.0099303305783818,1.723554703976228,0.9762191090971406,1.894768288476217,1.0429626881900165,1.6777186381514637,1.0036828757692202,1.4979399938239528,0.9878559641124554,1.497640185173799,0.9812788800917381,1.3987249725805848,0.9909816644746701,1.4032256197827262,0.9936974072767212
2020-12-21,1.9254808424982126,1.0278369751295142,1.7450472209159358,0.9887192928935814,1.9278590099652055,1.061390435519858,1.696553038457841,1.0152043674689395,1.5178784266612615,1.0009861785963823,1.5186166015800922,0.9950087547794925,1.4156195662342514,1.0028851658616391,1.4232287960360432,1.007837990730827
2020-12-22,1.9438468970931781,1.0377578119785227,1.7603016225860564,0.9975114537873868,1.9479017078958178,1.072547322285108,1.7124429658357987,1.0248703972598303,1.5390099758139277,1.0146687537545596,1.5364993109529115,1.0064891860634164,1.4351026338260497,1.0164063095015141,1.4394471214877302,1.019034049576136
2020-12-23,1.9248811595195987,1.0278096185824008,1.7461725958599936,0.9895833537986579,1.9277140006960851,1.0616487056698027,1.6962051678716015,1.0152365740867244,1.5244576959516747,1.0053289758321748,1.5232216523149258,0.998031124464116,1.4220710752021202,1.0073955740852405,1.4269454455768185,1.0103780933979363
2020-12-24,1.9154672927842593,1.0227308063489198,1.7353053405796401,0.9834217402493648,1.9174651284651332,1.0559317880259436,1.6854635481040818,1.008799490397086,1.5203969810737616,1.00273923167197,1.519615885524702,0.9957284761427645,1.4190165467418083,1.005341306796943,1.424130793234653,1.0084806381840448
2020-12-28,1.8296574619417367,0.97766992356424,1.6671638940140372,0.9454049265497844,1.8361130687857414,1.0118929262709841,1.62602335049848,0.9737993216847279,1.4714282586139564,0.9709320073799977,1.4730359660607426,0.9658104664619518,1.3800297868931504,0.9781458992354088,1.3864497263136948,0.9823766654644469
2020-12-29,1.8001111599878203,0.9616983355055938,1.6429920839064596,0.9315518245422892,1.8059860085299728,0.9951202803602294,1.6027913662997069,0.9597705174691631,1.4422308697369315,0.9516923972096504,1.4466936919444289,0.9485021395727917,1.3532479240951705,0.9592195112410586,1.3613822877356214,0.9646154750971706
2020-12-30,1.8420593680200528,0.9848806577534404,1.6754971450453178,0.9506199806438524,1.844085374900661,1.0167576367080027,1.6305123084191464,0.9768509100288779,1.4688158750032123,0.9695547814045022,1.4692999960234523,0.9635522627226324,1.3762610386615548,0.9757281899201603,1.3810359996840547,0.9786778043405395
2020-12-31,1.832019619785494,0.9801009514905872,1.6702834761046907,0.9482085076637503,1.831624870739981,1.0104669892285754,1.6233113114782252,0.9730539315450147,1.460459027034185,0.964305259679373,1.4619678883251377,0.9590709071729643,1.369482491980502,0.9711231199473979,1.3743511142142912,0.9741896081004461
2021-01-04,1.8316763441913897,0.98041594237754,1.6768990140477067,0.9523828055853719,1.8264912148811334,1.0081371945286115,1.626222004025578,0.9752180337157148,1.4525291397127487,0.959443566578409,1.4538815605323459,0.9541309950821223,1.3588407159283056,0.9639504351173198,1.3660949700842775,0.9687708105537178
2021-01-05,1.8816434998579656,1.0071611674093122,1.72786650273247,0.981329426378038,1.8644684666272149,1.0290988502536804,1.6653802759151728,0.9987005919527485,1.4862203739174586,0.981697741743656,1.4866008517954143,0.9756035075471569,1.3856825346840764,0.9829918007208589,1.3924456181105294,0.9874574606080936
2021-01-06,1.9591670212153887,1.0486561053600538,1.8101123346123646,1.0280403585554059,1.923502277098668,1.0616827354572556,1.7235967467336974,1.0336120321257207,1.5305048423285483,1.0109490986732443,1.5216555829938194,0.9986086865580407,1.4142783462633803,1.0032774344167636,1.415342599834746,1.003694931669739
2021-01-07,2.081831222654553,1.1143128678286753,1.914714785162962,1.0874485724621072,2.02937651747617,1.1201203336221985,1.8081795082412453,1.0843348941700464,1.6039381085001347,1.059454201169916,1.5879921060867617,1.042142998091494,1.473912373541136,1.0455813232157682,1.4711329299658888,1.0432588306121917
2021-01-08,2.165932336752877,1.159328502438571,1.9890842484742821,1.1296861774251796,2.0938355275343445,1.1556986736835655,1.865461029262443,1.1186856606461217,1.6328006086897253,1.0785188377167234,1.6196747819902348,1.0629352165962636,1.4927606251640393,1.0589521179970287,1.4924599617552332,1.0583829664341642
2021-01-11,2.1205994797080194,1.1350638140282825,1.9578816147155518,1.1119648646735778,2.0582676673485922,1.136066888711972,1.8478303126210367,1.108112815872487,1.625281179756415,1.0735520060593324,1.613090593871109,1.0586142470397002,1.4907043450052613,1.0574934097536397,1.4906901867673286,1.0571279245907528
2021-01-12,2.2085780124906957,1.1821548606537708,2.0311100554217623,1.1535544340061283,2.1261861700849445,1.173554705925298,1.9072293089049535,1.1437333967140293,1.6682553424571442,1.1019378627041512,1.6617569790236595,1.0905522726348873,1.52065021601098,1.0787367645100578,1.52461726249008,1.0811874236500447
2021-01-13,2.166054892729166,1.1593941012728675,1.9915037855331563,1.131060336198633,2.100292943179347,1.1592628632286441,1.8841133567060007,1.1298711482663235,1.6867547385500459,1.1141573260399653,1.6748788700408095,1.0991637051431642,1.5319510595478558,1.0867534900297384,1.5301603415186642,1.08511831665608
2021-01-14,2.2126076141675535,1.1843117295449106,2.0341954214622677,1.155306745589175,2.137756367962238,1.1799409106511254,1.9159087674688728,1.148938322298279,1.7191484104025723,1.1355544183302477,1.7149927484115532,1.125489023329652,1.5516350893639002,1.1007171789916752,1.5541197095146964,1.1021091824905684
2021-01-15,2.159138178964546,1.1556918880160327,1.9669030214104757,1.1170885081049726,2.094048724149173,1.155816348181753,1.8583122124719613,1.1143986352359683,1.6716161692830325,1.1041578000453884,1.6717893573320397,1.0971361673332358,1.516791838056592,1.0759996629025017,1.5218877156053954,1.079251756360561
2021-01-19,2.2029462301830547,1.1791404148015214,2.0052828000022767,1.1388860289495795,2.140759231650112,1.18159835008975,1.8992231040502265,1.138932210076151,1.6985320843095912,1.1219366526719936,1.6994102157339481,1.11526275881596,1.5387086881846357,1.0915472962414805,1.5440934262619923,1.0949990102358793
2021-01-20,2.187474291335775,1.170858965104654,2.0111611749664386,1.1422246099814435,2.1456440838132016,1.1842945585988633,1.9269191249471513,1.155541048828786,1.705742127854738,1.1266991250417449,1.709895918693435,1.1221441544333635,1.553521266023792,1.1020552172110916,1.560214111441438,1.1064310479711548
2021-01-21,2.17766245752121,1.1656071211714913,2.0079251263362656,1.1403867192989419,2.14721648891792,1.1851624522180704,1.9353489865951257,1.1605962953329425,1.7065531972458337,1.1272348632159823,1.7142217502589128,1.124983044538425,1.557000307055302,1.1045232203234534,1.564952222196116,1.1097910950372967
2021-01-22,2.1906336142266847,1.1725500119641,2.0324562238168946,1.154318980721349,2.1562664660133164,1.1901576136758247,1.9546185634977975,1.17215193709098,1.7567388755423183,1.160384164568696,1.7645247746516532,1.1579951385235172,1.582450919991184,1.122577675953145,1.5907965734994456,1.1281187030796693
2021-01-25,2.1992320423572203,1.1771523730991869,2.0249482873336597,1.1500549018757178,2.1588319022533597,1.1915736137489203,1.938890694284997,1.1627201979740103,1.7716294814373508,1.1702199025500137,1.7853950101926437,1.17169153522108,1.5811643613231168,1.1216650018086705,1.5948168146410813,1.130969670512163
2021-01-26,2.1752826148020095,1.164333295831303,1.9861551434777704,1.1280226131848394,2.124807721229344,1.1727938670278735,1.8902118409742672,1.1335283068965856,1.8972883354482983,1.253221734160952,1.9230530058760626,1.262031604156502,1.6289543732749099,1.1555668434853243,1.6508768365309487,1.1707248222660378
2021-01-27,2.07244643127357,1.1092896009644273,1.9001612938776917,1.0791830211407598,2.022069969380782,1.116087462925335,1.808507494481127,1.0845315820116521,2.168982915343868,1.4326849956047663,2.196059578980516,1.4411961525841852,1.7111679941505313,1.213888510393491,1.7277129344443405,1.225213397720459
2021-01-28,2.131611489736839,1.1409580596050806,1.9660178283647822,1.1165857690435985,2.0753274802763584,1.1454831026001404,1.8688817873458885,1.120737031838798,1.9295224593019058,1.274513439717889,1.9477701043558182,1.278252560806779,1.6218519837585705,1.150528466739327,1.63488323732902,1.1593829079761644
2021-01-29,2.1087952162154293,1.1287455099496932,1.9524926392553286,1.1089042345908817,2.046108903533516,1.129355823286856,1.8478940458194348,1.108151035601571,2.1438544891625426,1.4160868385153456,2.1626203750429935,1.4192511869186322,1.705354975906799,1.2097648030305113,1.7150149898368652,1.2162086078931513
2021-02-01,2.165871839049916,1.159296120673829,1.9994543710084942,1.13557581437449,2.1035791563370134,1.161076698239949,1.8941273311978235,1.1358763606477942,2.014511908958581,1.3306517838451972,2.0316128099780517,1.333275560146854,1.6712345416972798,1.1855600474494363,1.6803077541401177,1.191595855782702
2021-02-02,2.241982012416104,1.198114500197491,2.0647948280229835,1.1708091630309738,2.1689519496224805,1.1952439485936146,1.9544814059269535,1.1701943745008403,1.8333556163565987,1.2090544701284622,1.8424190051885196,1.2071797812815328,1.6180307604490654,1.1459812139757335,1.622129394247024,1.1484979359948657
2021-02-03,2.260338936246139,1.196197516997175,2.08299620294081,1.1689358683701243,2.177406901308381,1.1933315582758648,1.9625692379670128,1.168322063501639,1.8505958863369854,1.2071199829762567,1.8596455843439943,1.2052482936314823,1.6242034428813183,1.1441476440333722,1.629535421263712,1.1466603392972738
2021-02-04,2.2450989636943044,1.1881323471975138,2.0703553578600107,1.161842078568398,2.201018083268279,1.206271706735948,1.9894739786584499,1.1843385186434494,1.8512546227244988,1.207549668280731,1.8619823963571438,1.206762796564244,1.639695985940237,1.155061151647604,1.646807776214338,1.15881443188692
2021-02-05,2.316389060145406,1.2258598910599938,2.1497162592160524,1.2063778314470115,2.2524570270499034,1.2344629074261384,2.0519080039180504,1.2215056400947004,1.8980394635409115,1.2380668204406446,1.9046940649677626,1.2344445043823826,1.6771343586018068,1.181434095298795,1.6783741549489426,1.1810268453624964
2021-02-08,2.417361050511941,1.2792954365995934,2.2275746439670625,1.250070402014507,2.323996975469222,1.2736704979205486,2.0923190995765175,1.2455624599789106,1.95423475831557,1.2747222911312228,1.9631829853515161,1.2723515508015177,1.7144666345926787,1.207732300618189,1.7194994206696512,1.2099655910501654
2021-02-09,2.447862526325593,1.2954371704997465,2.2496877741248946,1.2624798490249882,2.3464524852555595,1.285977278278922,2.1106096683621938,1.2564508784116966,1.9735670665775549,1.2873325080847957,1.9793063565613664,1.2828012116411196,1.7296361129712645,1.21841822978805,1.7305854970514782,1.2177665654503427
2021-02-10,2.3682004257400506,1.2532790651859214,2.192438853438421,1.2303528980869995,2.273816148307014,1.246168810184982,2.0681943487313594,1.2312009393030463,1.9468321268922566,1.2698936495116977,1.9527072123599947,1.2655621347811756,1.7124170945459705,1.2062885304882391,1.7157916522200807,1.2073565339085148
2021-02-11,2.4151645347739605,1.2781330150575476,2.2372456067712463,1.2554975531958308,2.305157524069536,1.263345504515622,2.1106463385740164,1.256472708274673,1.9688254797626181,1.2842396317644797,1.984187190684262,1.285964511706273,1.729506470787297,1.2183269051451895,1.7426724349583793,1.2262718192426443
2021-02-12,2.458786704211452,1.3012183718287837,2.2610538500006143,1.268858263807976,2.3531144361836387,1.2896283718239019,2.135167663978946,1.2710703107147066,2.0056053316768105,1.3082306578681893,2.0200141189352188,1.3091841749066435,1.75966024828223,1.2395683165156337,1.7717348576850958,1.2467222660815185
2021-02-16,2.453908184507431,1.2986366027573435,2.256494090823635,1.2662994180234393,2.32616101586958,1.274856503945228,2.1123862520702974,1.2575084828537113,2.009879546000435,1.3110186731013704,2.0190858655919373,1.3085825679297731,1.7566180632795296,1.237425291379953,1.7645086971764818,1.2416374108813801
2021-02-17,2.4223427801657507,1.281931825570593,2.2396143299813485,1.2568268333542012,2.271812480581285,1.2450706966775922,2.0773435340758484,1.2366474707650925,1.9887983351255651,1.2972676693839889,1.9934004504104095,1.291935684739032,1.7319359566013282,1.2200383228142742,1.7350940758276696,1.2209391313251285
2021-02-18,2.341265359280042,1.2390247163787795,2.198415681534239,1.2337069746476867,2.2092227058454377,1.2107682641038808,2.0635589123460294,1.2284414531671337,1.9388075263126006,1.264659305381451,1.9497880954219495,1.263670236272068,1.6978688767992491,1.1960402397751817,1.7071354717665168,1.2012654120547754
2021-02-19,2.3975993427815796,1.268837312227352,2.2442246394741012,1.2594140469663802,2.260366123212512,1.238797501039582,2.1036487179570984,1.2523070083336973,1.9774629915194537,1.289873770001708,1.9844410439601083,1.2861290356511168,1.733014903129796,1.2207983717687294,1.7366808865009524,1.2220557274060024
2021-02-22,2.2466138322608056,1.1889340331698113,2.1128164210494482,1.1856703792158934,2.1122331419506013,1.1576129685320822,1.9714073849590805,1.1735834331040684,1.8793421140897613,1.2258707789829664,1.8780132624763202,1.2171525042581361,1.6492715879360715,1.1618065519924645,1.6443926277413874,1.157114956728964
2021-02-23,2.1507196655115215,1.1381857306384626,2.048234455345352,1.1494282698664926,2.0412661005280954,1.1187193606923813,1.9480975448399425,1.1597070306918433,1.832010411104105,1.1949969156375895,1.8325287537714745,1.1876737008965166,1.6181816070695965,1.1399056451095706,1.6161726023722638,1.1372572823007259
2021-02-24,2.275630398145139,1.2042899355550833,2.1553882740295274,1.2095608528812494,2.105256825281089,1.1537895863074492,1.9874695253176173,1.183145262875423,1.8935387435397664,1.2351310584564776,1.890786186984238,1.2254307189875748,1.6529497535518378,1.164397584872052,1.6465052450024136,1.1586015487930104
2021-02-25,2.176310030803192,1.1498856825123909,2.064838725360285,1.1568922605780696,1.9864825301376836,1.0869532194858724,1.883334368539604,1.1193595147951287,1.8016337478340543,1.1733023152635942,1.8024283515528008,1.1662963714427088,1.565432187997803,1.1009826513726295,1.563651925679446,1.0985394119373983
2021-02-26,2.2215682742470158,1.1498856825123909,2.0931327579832,1.1568922605780696,2.046365517889568,1.0869532194858724,1.9206055846751007,1.1193595147951287,1.8173616829418657,1.1733023152635942,1.8283863336960002,1.1662963714427088,1.5827769168845167,1.1009826513726295,1.5922596093234467,1.0985394119373983
2021-03-01,2.3995741809068214,1.1498856825123909,2.2591342906020264,1.1568922605780696,2.184401540469698,1.0869532194858724,2.0430301668488133,1.1193595147951287,1.9366497517108532,1.1733023152635942,1.9436172329132206,1.1662963714427088,1.6746141230420206,1.1009826513726295,1.676979760035759,1.0985394119373983
2021-03-02,2.306738834758668,1.1498856825123909,2.185614637915985,1.1568922605780696,2.0954400120666814,1.0869532194858724,1.975304057930223,1.1193595147951287,1.885165950170575,1.1733023152635942,1.8888121528375135,1.1662963714427088,1.6320257290260616,1.1009826513726295,1.6301649046014202,1.0985394119373983
2021-03-03,2.1931165000575077,1.1498856825123909,2.0906794060676983,1.1568922605780696,1.9600063885297418,1.0869532194858724,1.8605230810607376,1.1193595147951287,1.7973149805933246,1.1733023152635942,1.7955332864192366,1.1662963714427088,1.546576786560378,1.1009826513726295,1.539665172295502,1.0985394119373983
2021-03-04,2.0650569217934955,1.1498856825123909,1.96981389765696,1.1568922605780696,1.8331297430577487,1.0869532194858724,1.7450274851608107,1.1193595147951287,1.7161239355934947,1.1733023152635942,1.7127928268338146,1.1662963714427088,1.4723978230871713,1.1009826513726295,1.466829275948726,1.0985394119373983
2021-03-05,2.040174544768692,1.1498856825123909,1.9401212162547106,1.1568922605780696,1.8038739423907737,1.0869532194858724,1.7109703842396213,1.1193595147951287,1.712898090020276,1.1733023152635942,1.7061139270285337,1.1662963714427088,1.4690738260947118,1.1009826513726295,1.4596581755590932,1.0985394119373983
2021-03-08,2.0302685809841208,1.1498856825123909,1.9200465742027908,1.1568922605780696,1.7603864956271824,1.0869532194858724,1.662541128469635,1.1193595147951287,1.6759976089923487,1.1733023152635942,1.6606442556636252,1.1662963714427088,1.4247865355837752,1.1009826513726295,1.408578663787491,1.0985394119373983
2021-03-09,2.2478489544963374,1.1498856825123909,2.1450256105858774,1.1568922605780696,1.9091042890697736,1.0869532194858724,1.8188656606032039,1.1193595147951287,1.8100520744453006,1.1733023152635942,1.7991842042562614,1.1662963714427088,1.5225995139461452,1.1009826513726295,1.510285781678255,1.0985394119373983
2021-03-10,2.300542426764209,1.1498856825123909,2.1892997987649183,1.1568922605780696,1.9406733704977566,1.0869532194858724,1.8456485979691017,1.1193595147951287,1.8373188746179667,1.1733023152635942,1.8250860791526242,1.1662963714427088,1.540223983743303,1.1009826513726295,1.526405467670517,1.0985394119373983
2021-03-11,2.4098791926363567,1.1498856825123909,2.294248979858999,1.1568922605780696,2.033541537189234,1.0869532194858724,1.9315877955163547,1.1193595147951287,1.9337082767863205,1.1733023152635942,1.9241807576074594,1.1662963714427088,1.6218163310852782,1.1009826513726295,1.6073983006794468,1.0985394119373983
2021-03-12,2.384960424039696,1.1498856825123909,2.274032921049196,1.1568922605780696,2.006031943991406,1.0869532194858724,1.9096931567030737,1.1193595147951287,1.910113066720197,1.1733023152635942,1.9024357205676776,1.1662963714427088,1.5999936112063649,1.1009826513726295,1.5875770493524426,1.0985394119373983
2021-03-15,2.381010413373777,1.1498856825123909,2.281011861764461,1.1568922605780696,2.026507493972823,1.0869532194858724,1.9404528859109385,1.1193595147951287,1.9193912246753493,1.1733023152635942,1.9140746351988738,1.1662963714427088,1.6154591017884732,1.1009826513726295,1.6062530763390321,1.0985394119373983
2021-03-16,2.2982911064948643,1.1498856825123909,2.199495276644396,1.1568922605780696,1.979237807676015,1.0869532194858724,1.8939203148820027,1.1193595147951287,1.869153738214661,1.1733023152635942,1.866825871421881,1.1662963714427088,1.5817645350527105,1.1009826513726295,1.576926587002722,1.0985394119373983
2021-03-17,2.345553609246654,1.1498856825123909,2.2364456226871834,1.1568922605780696,2.0138251085761985,1.0869532194858724,1.9171082954953227,1.1193595147951287,1.8993064553161958,1.1733023152635942,1.8894385700598642,1.1662963714427088,1.6049444556132033,1.1009826513726295,1.5918901640404648,1.0985394119373983
2021-03-18,2.18860597169846,1.1498856825123909,2.0909705370180545,1.1568922605780696,1.8704387897063317,1.0869532194858724,1.7862520258082382,1.1193595147951287,1.7954142650156335,1.1733023152635942,1.7757985640411942,1.1662963714427088,1.5172827888302038,1.1009826513726295,1.4975833470713538,1.0985394119373983
2021-03-19,2.2516633869518237,1.1498856825123909,2.1575270479887028,1.1568922605780696,1.9242822175028729,1.0869532194858724,1.8425186114799554,1.1193595147951287,1.8475730565928048,1.1733023152635942,1.8296856491071691,1.1662963714427088,1.5602385849209965,1.1009826513726295,1.5414307779472969,1.0985394119373983
2021-03-22,2.247861566070712,1.1498856825123909,2.162846523779322,1.1568922605780696,1.9433860294576333,1.0869532194858724,1.8685620648787886,1.1193595147951287,1.8478851505639913,1.1733023152635942,1.8396420187541398,1.1662963714427088,1.5674481853054651,1.1009826513726295,1.5565144215968918,1.0985394119373983
2021-03-23,2.169985112698056,1.1498856825123909,2.07810749725708,1.1568922605780696,1.8853811683240673,1.0869532194858724,1.802274452084132,1.1193595147951287,1.7875753296880263,1.1733023152635942,1.7838663252158558,1.1662963714427088,1.5216482079287694,1.1009826513726295,1.514335409958195,1.0985394119373983
2021-03-24,2.0075983446138905,1.1498856825123909,1.922081512984604,1.1568922605780696,1.7845220941380482,1.0869532194858724,1.704564628699753,1.1193595147951287,1.6817998935689213,1.1733023152635942,1.6774874439890246,1.1662963714427088,1.446842198517462,1.1009826513726295,1.4380202264124797,1.0985394119373983
2021-03-25,2.0887384277345404,1.1498856825123909,1.9965163331341638,1.1568922605780696,1.8158771114128431,1.0869532194858724,1.7330670979583103,1.1193595147951287,1.7213100100564438,1.1733023152635942,1.713715946116395,1.1662963714427088,1.4664588622667498,1.1009826513726295,1.4552964792381797,1.0985394119373983
2021-03-26,2.1062988678524532,1.1498856825123909,2.024479428643331,1.1568922605780696,1.8226641262226966,1.0869532194858724,1.7513615882290963,1.1193595147951287,1.746581586560784,1.1733023152635942,1.738411839234346,1.1662963714427088,1.4865447746765248,1.1009826513726295,1.4767810994678858,1.0985394119373983
2021-03-29,2.044683330099443,1.1498856825123909,1.940653339979365,1.1568922605780696,1.7625506429709668,1.0869532194858724,1.66943819306278,1.1193595147951287,1.6820862543903194,1.1733023152635942,1.6725064605751607,1.1662963714427088,1.4308571295028139,1.1009826513726295,1.42082172501622,1.0985394119373983
2021-03-30,2.09873932502905,1.1498856825123909,2.007618775913988,1.1568922605780696,1.7933176732812697,1.0869532194858724,1.7117300859139652,1.1193595147951287,1.723979497019284,1.1733023152635942,1.713359797319809,1.1662963714427088,1.4609340075433683,1.1009826513726295,1.4501213841227485,1.0985394119373983
2021-03-31,2.1920846843386586,1.1498856825123909,2.1116722829848813,1.1568922605780696,1.8704978375757577,1.0869532194858724,1.798612598310343,1.1193595147951287,1.7922229439631796,1.1733023152635942,1.7807542541598536,1.1662963714427088,1.516030333919662,1.1009826513726295,1.5047214117137344,1.0985394119373983
2021-04-01,2.242751618472759,1.1498856825123909,2.155645183405328,1.1568922605780696,1.920391010617711,1.0869532194858724,1.8428984330804525,1.1193595147951287,1.8247118816956656,1.1733023152635942,1.8170860532352446,1.1662963714427088,1.543874990194815,1.1009826513726295,1.5356505730892478,1.0985394119373983
2021-04-05,2.270409414066177,1.1498856825123909,2.151505302507265,1.1568922605780696,1.9333255060962578,1.0869532194858724,1.8294730746792642,1.1193595147951287,1.8207883580459856,1.1733023152635942,1.8112130639961406,1.1662963714427088,1.537697427851836,1.1009826513726295,1.527559375991872,1.0985394119373983
2021-04-06,2.2797797302027725,1.1498856825123909,2.1583729346314513,1.1568922605780696,1.9608824342862632,1.0869532194858724,1.8513535450642298,1.1193595147951287,1.8366429344802517,1.1733023152635942,1.8306922592786088,1.1662963714427088,1.5573290889177063,1.1009826513726295,1.5514349243595027,1.0985394119373983
2021-04-07,2.2334831233022308,1.1498856825123909,2.120087274901185,1.1568922605780696,1.9350287718393686,1.0869532194858724,1.8341587486815558,1.1193595147951287,1.8147646469735772,1.1733023152635942,1.8094286548207696,1.1662963714427088,1.546534746247654,1.1009826513726295,1.541088845106652,1.0985394119373983
2021-04-08,2.2608461602637826,1.1480458654203711,2.151173146679681,1.1550412329611446,1.9609661940657903,1.085214094334695,1.8654565175622213,1.1175685395714565,1.8394934908804774,1.1714250315591723,1.8387488700751495,1.1644302972484004,1.5676068872522562,1.0992210791304333,1.567157507337307,1.0967817488782985
2021-04-09,2.2413313599434255,1.137828973445183,2.1340454216011167,1.1452715588733746,1.9519366395446793,1.0798939550477165,1.859930924923841,1.1136760049193342,1.832435864750543,1.1666059338041945,1.8324797003729194,1.160045049757959,1.5661640876951957,1.0979377887598516,1.566016774342124,1.0956388762226061
2021-04-12,2.2094823892349913,1.1210449640660016,2.1034785585381286,1.1280417033098968,1.9362374783503677,1.0711229034746819,1.8432585583734442,1.1033938828136929,1.8185348782508413,1.1573007863905624,1.8173685367432322,1.1499387792137028,1.559949767989639,1.0934124815826682,1.5580593454380747,1.089814082118454
2021-04-13,2.2308166126033897,1.1320205946336463,2.1309236632541353,1.1428058946147186,1.951668433864192,1.0796779311132387,1.8672862591565422,1.1177378018587305,1.825121748655718,1.1614710049847257,1.838445053831493,1.163146730162053,1.5613859675292665,1.0943290351293322,1.5742474335216199,1.1009696910439444
2021-04-14,2.268573319296247,1.1515520199522495,2.159073137909913,1.1583031312217695,1.9795312707373232,1.0952487463303389,1.8870182704617626,1.1297298906504312,1.849752312098212,1.177567843066671,1.850989505210087,1.171661755593598,1.5814974868996976,1.108749761354938,1.5831051050284632,1.1076157783721643
2021-04-15,2.2622142291522187,1.1478210649167149,2.143010151261737,1.148769480711704,1.9830315378024952,1.096971062202375,1.8820527792228794,1.1260673619340655,1.8491125870582188,1.1766551615446335,1.8606770677943862,1.1772373844149324,1.585695619438106,1.1113876418643711,1.596546055657034,1.1166978381540775
2021-04-16,2.216185359619086,1.1236892309093838,2.1021926353890454,1.1264687426123121,1.9580112661511913,1.0825686361223281,1.854481191673855,1.109335526704606,1.842931657794824,1.172584514947199,1.845045611089036,1.1672435447791045,1.5847367757766715,1.110731144394229,1.5875188825775324,1.110436629675334
2021-04-19,2.175078474573277,1.1032840428927861,2.0383217299040206,1.0927415025355989,1.9232460022455884,1.0635880272313232,1.79630604211928,1.0747586434350354,1.8036199079940929,1.1479486764416846,1.8006193147404648,1.1395429290401333,1.5540909041871704,1.0895397712586197,1.5512062470953218,1.0853337920542538
2021-04-20,2.0944242937077373,1.0622188651342706,1.9724133547368818,1.0573499808643234,1.8567388444351485,1.0265927297430937,1.7421560361249677,1.0422563501163669,1.7465054321694529,1.1114868249406729,1.7476494116544141,1.1057710051151879,1.5075079386949697,1.0567638258140561,1.5075165801565051,1.0545371050683747
2021-04-21,2.146999212093652,1.0887427401885088,2.037915392434898,1.09239236273645,1.9017898203574215,1.0513460010143378,1.8001019181630609,1.0768881714009202,1.803268564811992,1.1476285496115448,1.7971805122281423,1.1372998156933496,1.5545638601695186,1.0897689844700646,1.5482679520502745,1.083202715065455
2021-04-22,2.127109987644158,1.0784736665351102,2.019007270087393,1.0820317713304286,1.8959581897817357,1.0482429939938833,1.7905434737493446,1.0712349805559345,1.802052441460888,1.146782463361729,1.7989117934261902,1.1383321814776697,1.5583781761591196,1.0925347119269107,1.5531281952275284,1.0866923541224789
2021-04-23,2.1779834403556855,1.1042613838412343,2.074284209839272,1.1116256062827299,1.93859758380632,1.0718437582343379,1.8374711292508294,1.0993072058329953,1.8514781645244736,1.178328493659839,1.8478548428401103,1.1694703908796273,1.5986648217871382,1.1208742907388036,1.5947977057928808,1.1160293905576744
2021-04-26,2.2519425643811743,1.1424962945521726,2.1497548442654844,1.152825520256002,1.984208539274469,1.0974158806758465,1.8879180151449892,1.12986417022504,1.8937959870682433,1.2056376066996215,1.8934541804928455,1.1988529171914941,1.6250403298874323,1.1395338876119008,1.6257339295403122,1.1379776194673583
2021-04-27,2.2727005058170953,1.1533394220132602,2.16689658973907,1.1624654132625738,1.9979122961623685,1.1050581643296908,1.9006225793840485,1.1376981891122604,1.9138393616344438,1.2186672619584362,1.9095575662898794,1.209362459551145,1.644801316787679,1.1535625463222139,1.6387421838974343,1.1472549144392723
2021-04-28,2.312813623776325,1.1740086214351986,2.1581010372674405,1.1583481663063675,2.0312373113752615,1.1236230414252375,1.8873219178723308,1.130048818244743,1.9233244101843217,1.2250687027496368,1.9122441866328135,1.2112994389115357,1.6508479344190308,1.1580193398441172,1.6416006697306773,1.1493801108461483
2021-04-29,2.272924936502714,1.1532922627790587,2.113441363076696,1.1336599679958,2.0097137902558595,1.111331087360381,1.858335799213751,1.1119791631596039,1.8997970074293393,1.2098527321544836,1.8815330574914624,1.1915140704322684,1.6390401841464137,1.149653464366652,1.6202672047610922,1.1342041540636707
2021-04-30,2.2286346419855265,1.1307992314416158,2.069135509375687,1.1097324838933407,1.970697376654325,1.0896519327874528,1.8203311870726362,1.0889658886288383,1.8621448144726613,1.1856283081027934,1.8491968153035647,1.1710144732245757,1.610490541131308,1.129430539217761,1.5941946685651558,1.115910025323967
2021-05-03,2.2323614517711365,1.13282219183909,2.063390799495563,1.1065916855607163,1.9819839374730472,1.0963422801122176,1.822144383707664,1.0903255840853796,1.8736841655593897,1.1930131729318678,1.8591127274820936,1.1775806182431643,1.6253401152182876,1.1400232245619777,1.6065149842585071,1.1249274702981307
2021-05-04,2.2016233203598667,1.1174078926507558,2.027512001149286,1.087220264929262,1.9603225840000142,1.0845883012393809,1.7977886045913831,1.0757152824985752,1.853315833865091,1.1802807230304069,1.821985399798224,1.1542477454150062,1.6113494441473912,1.1304800287098526,1.5766351087869563,1.1042042400901761
2021-05-05,2.2247759800674856,1.1287710993907882,2.058226169797402,1.1030407341950481,1.982601861161669,1.0965294057860318,1.8316048090546393,1.0953666388952779,1.8652173779201393,1.1877495487179248,1.8188070290620348,1.1523935072087936,1.6231035569886576,1.1386479012589177,1.5741456886067076,1.1026038658127923
2021-05-06,2.16634549889799,1.0991255804448208,2.017251069116501,1.0810814345796778,1.9398854710418563,1.0729039977840649,1.8011820937093825,1.07717274287084,1.849775350082494,1.1779162382348825,1.7911362704945817,1.1348613545377533,1.6127773429431105,1.1314038028153612,1.552463984206011,1.0874170052428676
2021-05-07,2.2180415962655524,1.1253543159141899,2.053709182141959,1.1006199985864338,1.9837955721059557,1.0971896185993355,1.831870440831903,1.095525496409523,1.888780289271291,1.2027541469246052,1.8279890038721225,1.1582111931894534,1.6460232192064213,1.1547266198160004,1.5840024544562332,1.1095079968654387
2021-05-10,2.132406764939777,1.081906290779179,1.9323353170976378,1.035573542965982,1.9309240534307621,1.0679476532347185,1.7519086813348803,1.0477054408454554,1.8219915563674982,1.160223829383612,1.764331396289469,1.117877824948333,1.5981331958011866,1.1211305658816597,1.537072059945441,1.0766357952730186
2021-05-11,2.140896424514699,1.0862136378818514,1.9445721336900743,1.0421314749155406,1.9335250265413124,1.0693861889060736,1.7564920197261158,1.0504464447692865,1.829445142830339,1.1649701898145028,1.7770563803519785,1.12594035647513,1.6006741985805477,1.1229131431358066,1.5443231802564945,1.0817148126373624
2021-05-12,2.0338661554073294,1.031910339207819,1.84145143945901,0.9868672245894783,1.8436288181481135,1.0196667581404564,1.6690334851768964,0.9981430436435108,1.7434369649521593,1.1102011448387519,1.6914929514108357,1.0717274914538506,1.527026986359898,1.0712477744860114,1.4711112842968697,1.0304338415729781
2021-05-13,2.048681783063103,1.0394272543790555,1.839039095445088,0.9855744056800237,1.8568622665631471,1.026985860180709,1.6686797155276016,0.9979314764594898,1.75865931192399,1.1198945650053496,1.6971043925066163,1.0752828924290696,1.5441528367343296,1.083261988552734,1.4785762990259173,1.0356626804016655
2021-05-14,2.1481952218597034,1.0899167844355557,1.9427284326931036,1.0411434021122807,1.9406689907031631,1.0733373436642768,1.7553809459004879,1.0497819820009395,1.8280166711884356,1.1640605550619467,1.770493096701984,1.1217818694320465,1.601991680319414,1.1238373896575073,1.5391466947875783,1.0780889647055851
2021-05-17,2.1960716145727224,1.1142075395145907,1.9708171469339308,1.0561966535155736,1.9783445043469212,1.0941747641256232,1.7777963349831594,1.063187204174214,1.85132815272623,1.1789050455777572,1.7884713350268981,1.1331728552736662,1.6179564390557322,1.1350370687851532,1.5504696779582774,1.0860201016434863
2021-05-18,2.1847347526440744,1.1084556246173194,1.9672009511578465,1.054258668612662,1.9626669765506914,1.0855039005622646,1.7692184115302112,1.058057292342302,1.8283083303969407,1.1642462803813556,1.7769207491330223,1.1258544207306544,1.5939545925687417,1.118199170789627,1.5383682136218295,1.0775436807785446
2021-05-19,2.1263783527808333,1.0788476918545247,1.9323324016374324,1.0355719805179804,1.9185691181695181,1.0611144356906776,1.741544427197965,1.0415072379566626,1.7879732960945716,1.1385613820111822,1.7469060018105342,1.1068371201692062,1.55949663571911,1.0940260488224147,1.512542834756101,1.0594544004917656
2021-05-20,2.1518026203614333,1.091747048340425,1.9715656897954439,1.0565978112112901,1.9346533578469112,1.0700102418136672,1.768360478905579,1.057544217266938,1.798350539244597,1.1451694942957256,1.770392843303329,1.121718349023427,1.562187158105504,1.095913517835323,1.5282233719745364,1.0704377682195465
2021-05-21,2.153185802584208,1.0924488251180635,1.97925117812319,1.0607166037969074,1.9413272016478473,1.0737013843071288,1.7787164261403818,1.0637374523245693,1.8049221911911597,1.1493542486982204,1.7767347697138265,1.1257365844392107,1.5701006928959298,1.101465061199183,1.5361024189172066,1.0759566142074286
2021-05-24,2.2221888597683193,1.12745848785124,2.041136948156222,1.0938823103723807,1.9990657469932893,1.1056351850660417,1.8316540609418739,1.095396093324483,1.84207230729901,1.1730110268111935,1.8087039972024843,1.145992240811624,1.5983613439652244,1.1212906175475188,1.5606075098177135,1.0931211042254447
2021-05-25,2.224275155215495,1.128516998922315,2.0389651762159917,1.0927184184004446,1.9885056321448467,1.0997946395250369,1.818211297345416,1.0873568292292355,1.836812627023255,1.169661721283655,1.7991386351661873,1.1399316412380591,1.5909155286224101,1.1160671911205655,1.5493948297404692,1.0852672286351648
2021-05-26,2.337097911419635,1.1857591966527052,2.142940646839862,1.1484407588983887,2.0645552469612203,1.1418558524081894,1.887014020662049,1.1285033731854508,1.9042782739153021,1.2126230900756105,1.86687094431671,1.1828467345086044,1.6404034575251343,1.150784215884704,1.5988643907163727,1.1199179789226885
2021-05-27,2.3956249020385907,1.2154536810128742,2.1975807421450564,1.1777233769732824,2.109635309261255,1.1667885506442792,1.929405030575225,1.1538547469197984,1.943968041168499,1.2378970896114014,1.9020379325624777,1.2051284874790722,1.6705708459442734,1.1719473963620142,1.6251834825563363,1.1383530784293368
2021-05-28,2.3644235245757383,1.1996232273147078,2.1647255701243164,1.1601156943970625,2.1008573129800663,1.161933652021031,1.9186256417280723,1.1474082782970472,1.9244810997696908,1.2254880234476846,1.8866743349370012,1.1953941342090075,1.658375353011217,1.163391951841391,1.6174940429020745,1.132967042085885
2021-06-01,2.4544733140038955,1.2453112429726472,2.2481918726633165,1.2048467997460084,2.1712514564072625,1.2008669596987573,1.9828757576042193,1.185832196561496,1.973718800706416,1.2568420402822884,1.927014854365555,1.2209538290661737,1.6946709625699272,1.18885423332737,1.645206990275408,1.152378461961481
2021-06-02,2.487684649911484,1.2621614770998186,2.285536657579367,1.2248605473003946,2.1709488633068994,1.2006996027326233,1.9868748807748318,1.188223818424611,1.9690427794157581,1.2538644022635135,1.9249812570436433,1.2196653447395784,1.678256522442267,1.1773390914122253,1.6318362970623512,1.1430130149561524
2021-06-03,2.431391869670661,1.2336005505123826,2.230897220575666,1.1955782820212109,2.136284611968331,1.1815276390283085,1.9521502731022464,1.1674572335121656,1.9354661363154246,1.2324831717635305,1.883957988620539,1.1936730611053725,1.6549094218277471,1.1609605140868657,1.6015598944081342,1.121806033384458
2021-06-04,2.4567252148735776,1.246453776262813,2.252024219895383,1.2069006241344937,2.159671758723142,1.1944625074133595,1.970609971662652,1.1784968081339242,1.9448418018291256,1.2384534906200089,1.8915839912949106,1.1985048853877072,1.659971495142757,1.1645116856256978,1.6059746186228487,1.1248983087823914
2021-06-07,2.5076841798223546,1.2723085173263613,2.311736212657929,1.2389013640451776,2.1916852377256157,1.2121683926923925,2.0131067055036294,1.203911408642341,1.9729741664340865,1.2563678655124255,1.9241370412693077,1.2191304508440288,1.67751061273991,1.1768158170262737,1.6273479946131464,1.1398692019868386
2021-06-08,2.528631870473461,1.2829366201186398,2.3340047226199068,1.2508354624150888,2.2077438489913064,1.2210500243572588,2.030619438567844,1.2143846632765214,1.9903669215016866,1.267443377260841,1.942734199310104,1.2309135833238949,1.6909200258241084,1.1862228570143845,1.6421881607176247,1.1502639352281971
2021-06-09,2.514685902559494,1.2758609389375437,2.3214769916048676,1.2441216241501787,2.1808101555657604,1.2061536463067353,2.0066459216771095,1.2000476237092055,1.9793644035223312,1.2604370969637362,1.9263089056889153,1.2205065410040634,1.6749653999606555,1.1750302863514892,1.6216516660751283,1.1358792321178373
2021-06-10,2.448384944757149,1.2422222239838947,2.2592110577589244,1.2107521808923802,2.155944486752311,1.1924010429310332,1.9817632678725658,1.18516688702958,1.9435563985648414,1.2376349602089458,1.9085285673927226,1.2092409443348695,1.6543501131972285,1.1605681450383514,1.6182088999200386,1.1334677607405907
2021-06-11,2.494114398548297,1.2654236996798025,2.3093696704625852,1.237633091161001,2.1968154717739,1.2150058017570708,2.0278639064644652,1.2127367543370355,1.9847683611908462,1.2638782767200747,1.9495626898092078,1.235240105043608,1.6889326123648059,1.1848286365688534,1.652917842941637,1.1577794969609934
2021-06-14,2.4988094159435956,1.2678057821880777,2.311114196451594,1.2385680142787696,2.188370419995937,1.210335046730897,2.0176719302315806,1.2066415799332963,1.9666622183676308,1.2523484876338948,1.940184799623641,1.2292982873639522,1.6703166145541115,1.171769046658081,1.6416561490406882,1.149891289839722
2021-06-15,2.499033630802417,1.2679195407215025,2.307601064506965,1.2366852631523908,2.1860694878831675,1.2090624565191184,2.0123711942783595,1.2034715460394965,1.9639033170181568,1.2505916501351748,1.931880573079915,1.2240367414173665,1.6678729650009452,1.170054765136643,1.63432989551786,1.1447596457265619
2021-06-16,2.5019456377843046,1.2693969880473586,2.3092230327425054,1.2375545053472596,2.1923491555764953,1.212535589687804,2.0173288482822924,1.2064364043846192,1.9614259559064375,1.2490140943085515,1.9349558844038233,1.2259852542313652,1.6661378858223725,1.1688375635251418,1.6369356965901116,1.1465848683578586
2021-06-17,2.4419603493745834,1.2389626159792722,2.2531329797070865,1.2074948286270293,2.1292603498643654,1.1776426885993636,1.9582787298633537,1.1711222747103773,1.9102896828629723,1.21645108800726,1.900109129884491,1.2039064008875417,1.619532120116055,1.1361424486142242,1.6044051352499331,1.1237989706164064
2021-06-18,2.402198151653795,1.218788710814166,2.2180556051597704,1.1886962274129977,2.097089205000482,1.1598496021244116,1.9306901237152911,1.154623279600288,1.8688827384872069,1.1900836093003313,1.868627090826985,1.1839594264015936,1.583538254197786,1.1108918478687797,1.5778995988965367,1.1052332768180364
2021-06-21,2.4516219309577685,1.243864554045493,2.2604832044167122,1.21143394735906,2.157079706644646,1.193028905750273,1.9819776619355771,1.1852951025174618,1.9218339852850033,1.2238023705732208,1.9132772357618189,1.2122496937563272,1.6334211464386514,1.1458859493321298,1.6203168667854089,1.134944277451582
2021-06-22,2.472179204304957,1.2542945731775221,2.2882105384546443,1.226293528557312,2.1743030557267544,1.202554725888253,2.005099559157089,1.19912284238755,1.947846007418492,1.2403665351129813,1.9439305060868681,1.231671561570155,1.6538942074183862,1.1602483156867271,1.6450691086781852,1.1522818833644535
2021-06-23,2.5297630588528595,1.2835105443078931,2.347104127681477,1.2578556711699194,2.22300131799604,1.2294885635058888,2.056519433480574,1.2298738071326163,1.982023374059381,1.2621302996396393,1.978757637307304,1.2537379816201342,1.6812341235972879,1.179427953389855,1.6731654819287909,1.1719618723169734
2021-06-24,2.5808242458237625,1.3094171491389996,2.395478754459867,1.2837805110252498,2.2640835939344814,1.252210182256273,2.095063278318319,1.2529244355003222,2.019788782623743,1.2861788891018962,2.008538083319689,1.2726068292098387,1.7112005776285548,1.2004501733486228,1.6957324211786151,1.1877687919918876
2021-06-25,2.5627775874079277,1.3002609254819306,2.375406178657139,1.2730232535986734,2.2500960623877564,1.2444740149723599,2.0789734304338907,1.2433021182240318,2.0200145728391274,1.2863226697837633,2.00149548212364,1.2681446472617228,1.7140551194871145,1.2024527061397743,1.6919362124742579,1.1851097532363573
2021-06-28,2.5489665394444723,1.293253697818058,2.360311268044497,1.2649336172267793,2.2320947741929533,1.2345179354213875,2.0593676311572784,1.2315771334727839,1.9974547067220523,1.2719567995549692,1.9929380483352452,1.2627226695705536,1.6916777595868955,1.186754426275628,1.6823400702365738,1.1783881749194698
2021-06-29,2.5373251128037846,1.2873472577695244,2.356743302134359,1.2630214795837678,2.2188481392879864,1.2271915402507023,2.053772234856706,1.2282308819185477,1.999853458114881,1.2734842975924878,1.9932852646400467,1.2629426653198856,1.6914294842728108,1.1865802549086195,1.681225781181341,1.1776076757389786
2021-06-30,2.5386853210215916,1.288037378365562,2.3503130547590674,1.259575393390725,2.226338625348023,1.2313343479365817,2.052784614854575,1.2276402490500973,2.023252329633548,1.2883844370699546,2.005683495577824,1.2707981665386916,1.7134564544139275,1.2020327275584906,1.692644933297936,1.185606173819042
2021-07-01,2.5545869789406335,1.2961053061264811,2.3711721084279502,1.2707541385700285,2.2467966571767666,1.2426491933042645,2.078974183988537,1.2433025688772603,2.0326553323946768,1.2943721639796075,2.013423747766324,1.275702379148199,1.7253308985772744,1.2103629483056473,1.7031821428383154,1.1929869188531217
2021-07-02,2.5287980210639214,1.2830209189362902,2.3445525621141585,1.2564882409049558,2.2274950597007823,1.2319739439636526,2.0573952226032146,1.230397561046618,2.013623538102959,1.2822529303991836,1.997754652887322,1.2657744632594465,1.7103166595924477,1.1998300826511659,1.6906079906529867,1.1841794057307924
2021-07-06,2.483208852562143,1.2598906189370502,2.302929273163557,1.2341815654397401,2.1842842275828467,1.2080750719843647,2.017913358790547,1.2067859630381348,1.9694323713427853,1.2541124900419085,1.9610336280813232,1.242508074968486,1.6712735305066218,1.1724403472268683,1.6589377624939847,1.1619961248235495
2021-07-07,2.4356561233633305,1.23576407905273,2.262943780306613,1.212752614605627,2.1485744014964525,1.1883248260341805,1.990487106922262,1.19038406172299,1.9390903343013983,1.2347910204750332,1.9301744921854787,1.2229557710262782,1.6466137364611637,1.1551408824980538,1.6338687050572487,1.1444366067674454
2021-07-08,2.43100019098424,1.233401826872142,2.239127224515842,1.1999888903993432,2.145266723602073,1.1864954289438687,1.9678245416996198,1.176831019181306,1.9207479547733979,1.2231107984994651,1.9094293554944746,1.209811682375378,1.630025362329855,1.1435037215118773,1.6149926748222783,1.1312149691141358
2021-07-09,2.4964076230221703,1.2665871990764672,2.2931400506902646,1.2289353435703514,2.2067196743017528,1.2204835779689256,2.0194975036444984,1.2077333395767955,1.9906083030035524,1.2675970862994257,1.9768136419415452,1.2525062689635704,1.6902693187239413,1.1857663696444019,1.6731493718820505,1.17195058810107
2021-07-12,2.501299594643938,1.2690692090564217,2.2992794663044407,1.2322255677478315,2.2164881083672547,1.2258862639096262,2.030000496239115,1.2140145131355418,1.9985035443154469,1.2726246875947118,1.9834507535443286,1.2567115332909313,1.6985960896255003,1.1916078085165553,1.6802386290763474,1.176916229111777
2021-07-13,2.4533791584924827,1.244756107925079,2.2590867373842003,1.210685555348782,2.1792612512093994,1.205296984559981,1.9985017725805425,1.1951771248011065,1.9589250191640795,1.2474215257842218,1.9455927268054078,1.2327247422171317,1.665491218489288,1.1683839101532065,1.6485377280725018,1.1547114635366627
2021-07-14,2.348161650907954,1.191372539073466,2.149390436360461,1.1518973180815355,2.1024237399580823,1.1628000051083844,1.9179332987759254,1.146994231899752,1.9038203454439415,1.2123314863506824,1.8878895999240626,1.1961641243499352,1.6268385234753528,1.141268074034115,1.6067512768863985,1.1254423158650928
2021-07-15,2.3063598234246956,1.1701637993227827,2.115647690765815,1.133813968729244,2.0660128927494035,1.1426620412357467,1.8904496786238434,1.130558022253524,1.878416701959902,1.1961547305252545,1.8650200772627181,1.181674027815896,1.6070242043875316,1.127367831657664,1.5886393097063922,1.112755863032493
2021-07-16,2.2410541767241177,1.1370300693279092,2.059197242667762,1.1035611497585058,2.0100343016546445,1.1117016288441686,1.8415552525464416,1.101317367889464,1.8267980593187696,1.1632845566633738,1.8145352384621531,1.1496869068532851,1.563925160661337,1.0971327702693776,1.5462583412123576,1.0830702881605925
2021-07-19,2.1658803676732843,1.098889589635599,2.009336104191529,1.0768396613236182,1.9395918877970209,1.0727416239523264,1.7938634889402123,1.0727959496522481,1.7764535428002075,1.1312257320549404,1.7706104031445637,1.1218561946246715,1.5190878176800924,1.065678248305086,1.506982156990741,1.0555594466479117
2021-07-20,2.2648347763756718,1.149095487982799,2.112963659443081,1.1323755476634374,2.028883601104726,1.1221267230248881,1.8870123088885227,1.128502349482299,1.8549554796936107,1.1812148867895975,1.8509849190642287,1.1727813718484683,1.5873931903201783,1.1135961823558491,1.5765678445068356,1.1043004549394613
2021-07-21,2.3597728850373847,1.1972636605306313,2.1996482462097897,1.1788313898996463,2.1107325821575063,1.167395425892649,1.9618997190261978,1.1732877586123485,1.9280908802549706,1.2277866912561217,1.9248104070647976,1.2195570944396936,1.6467423268223251,1.1552310918653048,1.6370880231999214,1.1466915649044738
2021-07-22,2.3373731533248367,1.1858988444692562,2.1889434128349063,1.1730944755417703,2.0964477015758773,1.1594948020090823,1.9584828476303575,1.1712443445975473,1.9012731929097184,1.2107094881273908,1.905896800752123,1.2075734607917255,1.6236238603641242,1.1390129071415942,1.6209962267645932,1.13542013235164
2021-07-23,2.322348786187051,1.1782760224126942,2.1850590230892846,1.1710127606263816,2.0882417658462322,1.154956296318245,1.9609128042620378,1.1726975475019874,1.9036658833081421,1.212233126591513,1.9120827494424553,1.211492868949248,1.6280499709224032,1.1421179348375923,1.6278774491580525,1.1402400562427135
2021-07-26,2.383597343668791,1.209351331650196,2.232018217656074,1.1961790446879907,2.13022899946251,1.1781784253950733,1.9917869065681175,1.191161389431609,1.9455335840832384,1.2388940098162493,1.950582167345516,1.2358860445384612,1.6591764778522882,1.1639539610335985,1.6564132758389423,1.1602278585409624
2021-07-27,2.2869882164489095,1.1603353445484912,2.1546836087808914,1.1547340251832754,2.052796655475522,1.1353524582637193,1.9315770376198513,1.1551536865405976,1.8922444451005893,1.204960082582103,1.8964387863795211,1.2015808765428648,1.6187437143364778,1.13558936216303,1.6150650383882426,1.1312656558759475
2021-07-28,2.322118837715164,1.178159354850773,2.1957212909547583,1.1767268633557595,2.083258533067446,1.152200190120194,1.967081798939727,1.1763868318563733,1.9187497721380193,1.2218383781630893,1.923161193934858,1.2185121553820721,1.640169730736475,1.150620250673594,1.6350310545242595,1.1452507696654715
2021-07-29,2.3348813744536594,1.184634605731938,2.220725334363095,1.1901269837136164,2.102576677249349,1.162884591045884,2.000379120613857,1.1962998475604714,1.944469804348522,1.238216606788163,1.9457178041013323,1.2328039910112145,1.6634751352585964,1.1669695771431494,1.6551568509839822,1.1593478009248164
2021-07-30,2.312249053107915,1.173151782078643,2.1919254892537876,1.1746926243802103,2.0845545763283893,1.152917000476643,1.9771599145083172,1.1824139134201432,1.9284401512763345,1.2280091031331053,1.9264490595528334,1.2205953422898566,1.6532015301540837,1.1597623851927352,1.6416548702896518,1.1498903941438245
2021-08-02,2.285821029058738,1.1597431557594167,2.1778050858947338,1.1671252441200348,2.0614735445248344,1.1401514369087509,1.9641952975905124,1.1746605985196703,1.9106866190984586,1.2167038525590759,1.909662547900571,1.209959432747145,1.6389633026629498,1.14977391108668,1.6289910586343526,1.14102007941494
2021-08-03,2.295400535784322,1.1646034520027853,2.183452744411282,1.1701519267499567,2.07184571637582,1.1458880356980852,1.9719857370302518,1.1793195661214362,1.9330491241862844,1.2309440454935239,1.9330923906628341,1.2248045472880091,1.658341178498163,1.1633679775623635,1.6489866359370802,1.1550258992019637
2021-08-04,2.269129035079161,1.1512742399835547,2.1442326390757014,1.149133160970283,2.0330640668765936,1.1244388380987886,1.9220055658135824,1.1494295964694838,1.8918485735630168,1.2047079960180014,1.902015031765141,1.2051139775669493,1.6183515435724707,1.1353142445246953,1.6170828988290382,1.132679057912872
2021-08-05,2.327114249068526,1.1806938464201544,2.196436089730791,1.1771099369840539,2.080879278743809,1.1508842817773144,1.966229768528199,1.1758772865202298,1.942540583809346,1.2369881007427475,1.9494999939843325,1.2352003810594996,1.6618573914367745,1.1658346892306923,1.658384291407424,1.1616084482799647
2021-08-06,2.3679678364496413,1.2014214833397334,2.234577672278153,1.1975507028404835,2.1193214294639025,1.1721457107671682,1.9961183261970477,1.193751736725486,1.9681407884044297,1.2532900244835634,1.976169603475782,1.2520982071216689,1.6834832845993526,1.1810057963090996,1.6806659272557494,1.177215528362077
2021-08-09,2.380009408269205,1.2075309426214493,2.2327433412908064,1.1965676515953232,2.117483434272515,1.1711291598324949,1.9845946999845798,1.1868601869491169,1.9720621696368459,1.255787116160002,1.9825832333320912,1.2561618737371767,1.6809810676203385,1.1792504282678058,1.6785487519602043,1.1757325616440872
2021-08-10,2.465387319168351,1.250848615597402,2.3085185745269117,1.2371769734128484,2.202816118893692,1.2183246153572669,2.058958666981891,1.231332557944259,2.0190210579561865,1.2856900106268045,2.0282092045855467,1.2850704232382701,1.7208601093711315,1.2072265774162945,1.7169590814454825,1.202636918771982
2021-08-11,2.4737291985127947,1.2550809843405808,2.3147961323888753,1.2405412305263877,2.2135623850384785,1.2242681167031477,2.067677449404815,1.2365467085899906,2.021583517695135,1.2873217563067305,2.0347746938523095,1.2892303077569522,1.7254132744755442,1.210420737066738,1.7270221374000092,1.2096855448792465
2021-08-12,2.4500831443464297,1.2430838292127135,2.300514989635074,1.2328877071092557,2.1927544384705473,1.2127597419090324,2.05341624570681,1.2280179873920225,2.006125171151221,1.2774780542541941,2.0217358648682913,1.2809689245410887,1.7121358496181713,1.2011062901339622,1.7166529341512762,1.202422479160361
2021-08-13,2.3828626547887004,1.208978577007787,2.2395317770814946,1.2002056974565969,2.1334560562284937,1.179963232878291,2.001232518193077,1.1968102105128786,1.9705183894550928,1.2548040542199288,1.9886949727619292,1.2600342630144106,1.6839316675231422,1.181320348189006,1.6914515154077894,1.1847702491719603
2021-08-16,2.3426816970963844,1.1885922081350184,2.2076210462233328,1.1831041580286188,2.0985273648002636,1.160645013720442,1.9759476545317025,1.1816889376341617,1.9419228748172084,1.2365947505706258,1.9600655784035683,1.2418947200905468,1.6603428504056719,1.1647722006673402,1.6684541547590919,1.1686618426005269
2021-08-17,2.262253294845876,1.1477857373514762,2.1408403461953647,1.147315169690102,2.02775583752279,1.1215029841115987,1.9168947633135083,1.1463731497245915,1.8909352912164132,1.2041264280421322,1.900478447138736,1.2041403997665248,1.6177228204365484,1.1348731794576463,1.6199666605912855,1.1346989769649334
2021-08-18,2.2321555576211445,1.1325152309091586,2.1194731368223216,1.1358640946525806,2.0013594054884236,1.1069037524148442,1.8987228994979721,1.1355057108034414,1.87301589021361,1.1927155540569734,1.8859746513497824,1.1949508156985043,1.6034296573753635,1.1248461666697722,1.6086540223788195,1.1267750861104304
2021-08-19,2.178857390070111,1.1054736628047284,2.0920761175478577,1.1211815351269505,1.9550666138472113,1.0813003227475426,1.8799697558871005,1.124290645313215,1.8530125060925033,1.1799776229482848,1.8458663346868847,1.1695382441783504,1.5889743496724655,1.1147054053442937,1.5782570042802788,1.105483619947411
2021-08-20,2.217582014136642,1.1251211405160557,2.129147423593517,1.14104872039464,1.9844951739036478,1.097576551527493,1.90734975947953,1.1406648884685713,1.882360124200286,1.1986658576688594,1.8749117868965635,1.1879414007560103,1.6118976346143978,1.1307866653333458,1.6015989916970124,1.1218334189194636
2021-08-23,2.3050667682524475,1.1695077497602977,2.2051886476632983,1.1818005915241763,2.058883565237229,1.1387189816564527,1.9705728718337219,1.178474621079862,1.940724824045225,1.2358318452489139,1.9392937272274,1.228733705180423,1.6574360450760406,1.1627330037389,1.6513263314303346,1.1566647292761811
2021-08-24,2.4006192058906777,1.2179876106760485,2.2932558969868646,1.2289974277017892,2.1330664241322586,1.1797477367369176,2.03488799237106,1.2169374145082597,1.993757246244039,1.269602298108568,1.9947491549405645,1.2638701841003959,1.6967562304510502,1.1903171011069271,1.6928769346532984,1.185768678213107
2021-08-25,2.409975682666551,1.2227347495661425,2.3023728818150637,1.2338833852248794,2.14325271512539,1.1853815292943994,2.0450836964255945,1.2230348182856337,2.004909123806787,1.2767036889165835,2.0066938665031886,1.2714383360979995,1.7071490135604335,1.197607899420309,1.7045676034163624,1.193957359010182
2021-08-26,2.3633717209801315,1.199089580101868,2.263527109919572,1.2130652315249897,2.1009648022208434,1.1619931017348772,2.010297309358383,1.2022312870365603,1.9643210491651675,1.2508576572906778,1.9717390585470267,1.2492910202526326,1.6724786190050078,1.1732857470681843,1.675429557783199,1.1735477349265355
2021-08-27,2.479375485223764,1.2579457065936608,2.3689962220681995,1.2695880416060479,2.201478551334283,1.2175848389100388,2.1006605083512553,1.256271783693552,2.0434857826112416,1.3012688734513356,2.055976004900706,1.30266342782197,1.7371642445215203,1.2186643376201318,1.7440698498556206,1.221626544872367
2021-08-30,2.458820150487999,1.2475166710431547,2.358015669435912,1.263703364297442,2.180058143895414,1.2057377267385234,2.0875406168641577,1.2484256089238375,2.0143710406119384,1.2827289316300392,2.0290776752018846,1.2856206849666876,1.7106101267017606,1.2000359571972903,1.7199773024731109,1.2047510192628241
2021-08-31,2.470698785934422,1.253543462285172,2.3682625801619377,1.2691948696025075,2.1844677779445845,1.2081765892748666,2.091025745199592,1.2505098430839747,2.017349190306197,1.2846253840206527,2.030036920562289,1.2862284614418644,1.7099359285003162,1.1995629902299012,1.7168340456957867,1.2025493379959598
2021-09-01,2.50267248681284,1.2697657650318195,2.399551915154288,1.285963391715815,2.215655938889064,1.2254260109857749,2.1194386410882182,1.267501793594778,2.03228996149485,1.2941394998802247,2.0453722765779623,1.29594492086874,1.7202645758148716,1.2068087956727664,1.7277463842738636,1.2101928406198477
2021-09-02,2.53469912975082,1.2860149286702205,2.4308353281234094,1.302728740109468,2.2358916615311184,1.2366179024890653,2.1395098467602374,1.2795051083856377,2.051709706890772,1.3065057763814354,2.0675166709275663,1.3099755771515644,1.7309094021662128,1.2142764086491735,1.7409394540126355,1.2194338719940037
2021-09-03,2.5387505607927645,1.2880704786726902,2.424165951289661,1.2991545001025757,2.2386954222421935,1.2381685951050205,2.1322955333631803,1.275190685220441,2.0430314792489637,1.300979578155294,2.0557075301106695,1.3024933225826882,1.7226242434311303,1.208464161756683,1.7300270376835145,1.2117903149097184
2021-09-07,2.5413527555403856,1.2893907384437493,2.406211567447629,1.2895324201651297,2.2331843165460783,1.2351205350922834,2.1142912782788046,1.2644234824482643,2.034146545059792,1.2953217515134765,2.049058519328551,1.298280518952484,1.711035705452597,1.2003345113772599,1.720254952868046,1.2049454983386916
2021-09-08,2.5143988899241934,1.2757153190770325,2.382570737118146,1.2768628704206622,2.2120861850252753,1.2234516659799815,2.093306055893757,1.2518735522467577,2.0040138429934076,1.2761335841155783,2.01455281995643,1.2764177576574405,1.687131335682566,1.1835649957463152,1.6914604139680949,1.1847764821318851
2021-09-09,2.5645147494587652,1.3011422988586268,2.4318130091759613,1.303252697117614,2.2507732664630185,1.244848560258931,2.1305851071782955,1.2741677878290645,2.027920139012932,1.2913568458355442,2.0419886080044063,1.2938010333466423,1.7037400368135758,1.195216416633192,1.7105344959502116,1.1981368443159768
2021-09-10,2.573418249403028,1.3056596136402288,2.424732216396995,1.2994579718438788,2.262380775901056,1.2512683945565186,2.1266303831342843,1.271802718266879,2.0214881145104853,1.2872610046266002,2.038428210429885,1.2915451705847334,1.6981991113700945,1.191329318302289,1.707267214581658,1.195848290534875
2021-09-13,2.5653974539100686,1.30159015126393,2.4435166502926235,1.3095248906595653,2.259722550578069,1.249798194063439,2.148576215454175,1.284927128329116,2.035577477327642,1.2962329531650927,2.0525973985818364,1.3005227477371315,1.7135115748045193,1.2020713958965616,1.72227670638623,1.206361627265642
2021-09-14,2.5464944461011187,1.2919994468076315,2.413346372305111,1.2933560914913522,2.24802940460767,1.243330996259449,2.1206611393645387,1.2682328922582944,2.0056370352596633,1.277167214782196,2.025703059177513,1.2834825331266808,1.6881877223269777,1.184306077503174,1.7001665273951343,1.1908746434331776
2021-09-15,2.6379916744816834,1.3384218407905106,2.5162680188968007,1.3485136685773709,2.3295116708096884,1.2883968779631243,2.206903044666574,1.3198087046145484,2.065154433403477,1.315067227736722,2.08293499485177,1.3197446049254784,1.7355404020325034,1.217525171339501,1.745522538258399,1.2226440744824385
2021-09-16,2.6274442121863917,1.333070438798802,2.5324964678231585,1.3572107886904328,2.3285304537434097,1.2878541904030496,2.2253630570561467,1.3308484669176233,2.0647173298049517,1.3147888850577196,2.0792951707438228,1.3174384176266847,1.7380960074111782,1.219317992683737,1.7438822460420043,1.2214951385536046
2021-09-17,2.599482746812868,1.3188837996526475,2.525787073817963,1.3536151027555767,2.3051446456209876,1.274920062383378,2.221261958002474,1.3283958597482213,2.054323109201374,1.3081699617207843,2.072871705897127,1.3133685195754692,1.7328444273630461,1.215633877413117,1.7427179679540863,1.220679624761006
2021-09-20,2.472903086493593,1.2546618448944127,2.4053030457414217,1.2890455269050236,2.1997343980987063,1.2166201897041293,2.123178492124555,1.2697383612426627,1.9779488841573183,1.2595357100761255,1.993179932890805,1.2628759272756682,1.6728745036109929,1.1735634700599222,1.6791825613805236,1.1761765108427484
2021-09-21,2.4930226486361886,1.2648697851465682,2.429508911799025,1.3020178895441765,2.2174582202825657,1.2264228094777925,2.1437631417156777,1.2820487342685465,1.9837772912695102,1.2632471744872977,1.9962470545203357,1.2648192511111347,1.6777089150131559,1.1769549310503156,1.6812249335410399,1.1776070820128204
2021-09-22,2.5646779471427736,1.3012250994780363,2.5084827529842193,1.3443414033743861,2.2797558319414417,1.2608781201644126,2.2125208441635476,1.3231683540992882,2.0411166087464427,1.299760210052601,2.0539607881326813,1.3013865893877765,1.7242671630293442,1.209616711108441,1.7275549168367645,1.210058728041926
2021-09-23,2.6427395994132885,1.3408307666746848,2.5901898012678553,1.388129692460499,2.352320760530485,1.3010120369055311,2.2829358976360803,1.3652791304351775,2.104500140666062,1.3401221337215852,2.116121583219018,1.340771579392666,1.7773906427862574,1.2468841660852534,1.7794055601050727,1.2463772976167153
2021-09-24,2.5961776308223614,1.3172069029926496,2.5595612679930198,1.3717153059724894,2.3114653050158203,1.2784158670762722,2.259384611733755,1.3511946004356046,2.0916166913849605,1.3319180974249576,2.101973449046986,1.331807342011542,1.76852399971149,1.240663993327438,1.7694236229739304,1.2393854908552717
2021-09-27,2.657817344158072,1.3484806706040617,2.6246745457312377,1.4066106924640907,2.359766098917195,1.305129874499142,2.317800500117132,1.3861294373612663,2.1514275651254366,1.3700049923545399,2.158002057980402,1.3673069877249782,1.8169032987477,1.2746032864025882,1.8149390010099784,1.2712665499844906
2021-09-28,2.580414877457217,1.3092094503930125,2.5496848143772612,1.3664223353517524,2.2970989288290196,1.2704701699335386,2.258832159154062,1.3508642135954,2.1116852434157924,1.344697526729129,2.1142258103501113,1.3395704204404724,1.7875461849856467,1.2540085339431712,1.7816185152508948,1.247927352936444
2021-09-29,2.5639821613410074,1.3008720828545934,2.5543842148389873,1.368940829291652,2.2852785454294144,1.263932600167646,2.264752271097827,1.3544046569758001,2.1095341739891507,1.3433277497953522,2.1084376545707286,1.3359030532969034,1.7886350715073849,1.2547724151800441,1.7793731948616491,1.246354627515228
2021-09-30,2.5610386245718395,1.2993786384517418,2.5072678268930737,1.3436903024471727,2.2737847950434573,1.257575683265742,2.215152826626113,1.324742375836619,2.074967116937951,1.3213158347772473,2.07034902224983,1.3117701508593624,1.7530540014380593,1.229811401087912,1.7405031681656753,1.2191282773689702
2021-10-01,2.6154858172780218,1.3270031804821867,2.552641373548912,1.3680068090345978,2.3215521112592103,1.283994637011383,2.259765320104376,1.3514222779598533,2.12200031517904,1.3512660489704624,2.1142848163908345,1.3396078065826682,1.7922844500419959,1.257332545857747,1.776745577770451,1.2445141239432902
2021-10-04,2.665528843897785,1.3523932074694067,2.5774834045838078,1.3813201040231293,2.3616077568266163,1.306148451195068,2.2846550238894583,1.3663072307855861,2.1426159282039436,1.3643938405923564,2.123254968467255,1.345291281985154,1.8053321761281824,1.2664858533348131,1.7792326855500067,1.2462562083464548
2021-10-05,2.720185975801892,1.3801242650777665,2.6290421181551067,1.4089513537401792,2.4075654026575286,1.3315665197752966,2.327863097255587,1.3921472383364646,2.170843093863826,1.3823685837354294,2.1529949803581556,1.364134510573875,1.8270243535991977,1.281703460519984,1.8024217156990834,1.2624988690302006
2021-10-06,2.647754888992344,1.3433753437389082,2.557546966676146,1.3706358053636358,2.34900061602025,1.2991757448298247,2.270098855220029,1.3576021097508497,2.118246871045951,1.3488758977591384,2.107123707991979,1.3350705386419817,1.7871786008740782,1.253750664458891,1.7674896373733688,1.2380308386048224
2021-10-07,2.708645972917036,1.3742692837852606,2.6136972290464233,1.4007277493584263,2.4088092683403377,1.332254471968204,2.3257304215715915,1.3908718203072676,2.169223349496042,1.3813371486519657,2.157199768390275,1.366798658199201,1.8310478935397416,1.2845260748191183,1.8091290065799108,1.2671969633094398
2021-10-08,2.6951949771264507,1.367444733609211,2.5995741908636893,1.393158957048453,2.403489180437074,1.3293120593025176,2.3189167768721917,1.3867970116716313,2.163435948914203,1.377651796740332,2.147552314480969,1.3606860453334413,1.826530339547618,1.2813568972581382,1.8004971542962775,1.261150817920265
2021-10-11,2.7133402496472288,1.3766509905067725,2.6145969605248114,1.4012099317760158,2.414572510624255,1.3354419826635089,2.3267284197454368,1.3914686597018266,2.1595452528002657,1.3751742450038789,2.1447496788219866,1.35891029942699,1.8188524321228858,1.2759706524079013,1.7934753434023525,1.2562324193929346
2021-10-12,2.700428562556561,1.3701000661157774,2.605200063087307,1.396173964008858,2.409153502111569,1.3324448593878941,2.324557479607805,1.3901703581304155,2.16720644663045,1.3800528074825251,2.1591974926543327,1.3680644134081434,1.8251537326679887,1.2803911729655637,1.805494176759496,1.2646509617286663
2021-10-13,2.7221796404890317,1.3811357786417753,2.6222135455247155,1.4052917978185517,2.423218469542061,1.3402238545967056,2.3341448132290106,1.3959039341467663,2.1833007028170597,1.3903014496777395,2.1743645745093554,1.377674254569822,1.8357916004559294,1.2878539043350157,1.815549361925382,1.2716940747744367
2021-10-14,2.7218830458823042,1.3809852972345198,2.626049108411193,1.4073473455345575,2.425913056425355,1.341714165794258,2.3408430123378436,1.3999097020985771,2.202411515506833,1.4024710012895847,2.196515161803915,1.3917088346936277,1.856429303070819,1.3023317709308155,1.838213212631152,1.2875688756796217
2021-10-15,2.7667560832779823,1.4037522581366175,2.6672948486244588,1.4294516857838788,2.461835912798917,1.3615822336726762,2.3727394015201626,1.4189849089547788,2.2153525772748983,1.41071172457305,2.217394479693336,1.404937940358084,1.8654309294048141,1.308646637834401,1.8539015953930547,1.298557738786018
2021-10-18,2.880660858703368,1.4615434333986208,2.785683270329648,1.4928981881722625,2.551282160986471,1.4110528022705593,2.4659946859982695,1.4747549784659695,2.271182485468331,1.446263585201571,2.268022541899222,1.4370158074634876,1.9047808569789293,1.3362516001019256,1.8885931538871392,1.322857298085707
2021-10-19,2.812035384049208,1.4267253424242465,2.718604007957905,1.4569491948587276,2.4984517381109477,1.3818335660043428,2.4136779458231716,1.4434676551524144,2.250070219800886,1.4328195307359828,2.2499510491255634,1.4255657357378055,1.8912840266452307,1.3267832347182495,1.8782548456177766,1.3156158726279072
2021-10-20,2.814615767661955,1.4280345360120532,2.7185685405497244,1.4569301872314153,2.5082521176548886,1.3872539202208465,2.4199654849067658,1.4472278333954898,2.2676690175882213,1.4440262481820716,2.266602949399584,1.4361163557056453,1.9084441318943222,1.3388214794396842,1.8955648396780278,1.3277405866910137
2021-10-21,2.7687167434886195,1.4047470264195017,2.684482054235352,1.4386626209930382,2.469815657887138,1.3659956387598602,2.3959380304909694,1.432858537216242,2.2620150715176828,1.4404258786094666,2.260819811883107,1.432452168126207,1.9088296719944213,1.3390919455007915,1.893802050737086,1.3265058484358694
2021-10-22,2.7750207914845726,1.407945473027501,2.6847495889597712,1.4388059977040997,2.47121518125146,1.3667696814726844,2.3914377450168782,1.4301672019732596,2.2663018308878944,1.4431556389943436,2.267035508872821,1.436390424763261,1.9140318087789316,1.342741375080463,1.9009738808664622,1.331529327318946
2021-10-25,2.8620057347411803,1.4520784962666435,2.7722537401256226,1.4857010593661506,2.537245062022851,1.4032892204405085,2.4584790224414954,1.4702603368879639,2.3091831417240063,1.4704619777605088,2.315189258547364,1.4669005710217788,1.9427247065101887,1.362870163315853,1.93329015962978,1.3541651317117767
2021-10-26,2.854949271495901,1.4484983012957586,2.761006645280891,1.4796735372516514,2.534462642056101,1.4017503308769736,2.451440179186261,1.4660508512827277,2.301677346943977,1.465682371657604,2.300377668938622,1.4575159692340018,1.9362685988704287,1.3583410416940924,1.9210805371831672,1.3456129519439266
2021-10-27,2.754139927486139,1.3973512756687954,2.6695272150881024,1.4306480514599078,2.4506454347173303,1.3553930493883068,2.3779775600964332,1.4221175192893478,2.2348144529581178,1.4231048291696442,2.2327566067717584,1.4146713618916584,1.883071910901696,1.3210222293184342,1.8685963727481094,1.3088506350765026
2021-10-28,2.7980852173327584,1.419647530922194,2.695739181526281,1.4446955196774118,2.4937651106666054,1.379241505083108,2.40259139801493,1.4368374942412663,2.272487590304418,1.4470946613530384,2.2656707749696117,1.4355257313328995,1.916868830190196,1.3447316168378995,1.9001755682822654,1.3309701525565123
2021-10-29,2.8035386938843327,1.4224144282537792,2.7006926815403727,1.447350190175998,2.4990047745747583,1.3821394371713787,2.407873063069333,1.4399961230403455,2.268951683317849,1.4448430353617085,2.266575227223029,1.4360987909746123,1.912170869047784,1.3414358791309804,1.899738630518237,1.3306641012988532
2021-11-01,2.904605857111648,1.4736922620539017,2.7956704646129467,1.498250506725224,2.587242817650394,1.4309417765804402,2.490435296144174,1.4893713568767062,2.3428435839836332,1.4918965706271579,2.3402328376382173,1.4827681465701597,1.973128062812835,1.3841988811885828,1.9603352171164152,1.3731087308663672
2021-11-02,2.9116348496716107,1.4772585193897425,2.806582565253717,1.5040984993700708,2.58459699518547,1.4294784358098538,2.491710049495431,1.490133705985469,2.415941899692002,1.5384447598743909,2.4136537252001933,1.5292875149077456,2.0187661482251094,1.4162151440748358,2.0044790413027833,1.40402909074915
2021-11-03,2.949811656803166,1.4966280545443815,2.8563819806908763,1.5307869093088549,2.6069352276518245,1.4418331749294313,2.529506372918175,1.5127372892177806,2.4501204653254907,1.5602092879061145,2.4673640845584788,1.5633183210379888,2.0461572364175953,1.4354306802304189,2.0514235366633,1.4369111692236973
2021-11-04,2.8983579677470432,1.4705223083101786,2.8104321485422767,1.5061615608738386,2.5708423892268644,1.4218710940666286,2.498251766897959,1.4940458921559714,2.4393114805965235,1.553326247416623,2.455630947920867,1.5558842226073548,2.04436031186667,1.4341700925372796,2.048388918480277,1.4347855834128764
2021-11-05,2.95416591522901,1.498837248240469,2.8801263553333136,1.5435119503286059,2.62892434986084,1.4539948295621372,2.5643990766464375,1.533604401717077,2.488718783844324,1.5847882651045448,2.496471668694738,1.5817608443146107,2.0845927183368995,1.4623941359094192,2.0845598283508644,1.4601213482927942
2021-11-08,3.044640472305825,1.5447407756847886,2.931059439759117,1.5708079140396232,2.6915095151483386,1.4886091792447869,2.5968071863243396,1.5529856361380303,2.539355332690093,1.6170330526302004,2.5326956200015776,1.6047122875542912,2.1158839408579193,1.4843457142286047,2.103172156732411,1.473158277068703
2021-11-09,3.026419427869393,1.535496074849814,2.916347636730426,1.562923591970345,2.6792968898494056,1.4818546699181991,2.5877850573810623,1.547590073182843,2.5349871783801214,1.614251460858745,2.529525585572378,1.6027037583175634,2.1159225254644425,1.4843727822989379,2.1058064560505945,1.4750034611790181
2021-11-10,2.8744639962115133,1.4583993688499306,2.7816317763415004,1.4907269190625534,2.5521344234805925,1.4115241681582642,2.475448984092146,1.480408994373226,2.437339294670784,1.552070381493961,2.4429235595086087,1.5478328396591499,2.044786015340792,1.434468734213764,2.0436468116413082,1.4314639942038296
2021-11-11,2.984741089136456,1.5143499888376253,2.8808538178944203,1.5439018107090037,2.6385740516910046,1.4593318475591055,2.558000262461026,1.5297776768949214,2.497142651456259,1.590152489710737,2.505959516435215,1.587772330942277,2.0869055165959987,1.4640166219624,2.0866430921941013,1.4615805618736502
2021-11-12,2.995401076351968,1.5197584819158274,2.8856790154514314,1.546487721593834,2.63811182234857,1.4590761996268982,2.5567991696557186,1.5290593794856504,2.5026253250894754,1.5936437949123223,2.5141531531800014,1.592963807351948,2.0871124425641154,1.4641617857249332,2.0890698006120325,1.4632803397926688
2021-11-15,2.9392821929409747,1.4912857843085439,2.8551619412605835,1.5301330680504523,2.6116514182849007,1.44444158653933,2.5449593000078483,1.5219787045731197,2.48365862517289,1.581566012701376,2.4943440160143435,1.5804127666486998,2.083304490476695,1.4614904117181617,2.0845310793426344,1.460101211168358
2021-11-16,2.9238207156221625,1.4834411883097893,2.849571080314949,1.5271368242689136,2.598257454160718,1.4370337071209158,2.540357880777024,1.5192268876461819,2.486054225444498,1.5830915041401719,2.4952815001036392,1.581006755213925,2.0846852729918752,1.462459065323926,2.0850814340797506,1.4604867048778056
2021-11-17,2.831506788381105,1.4366044307780002,2.77127275718558,1.4851753328166108,2.516960394079384,1.3920702584681928,2.4701482951987987,1.4772389886229504,2.4255707416293317,1.5445762986436102,2.4501661185398653,1.552421714602909,2.040549115736507,1.4314964427530672,2.0523706479612653,1.4375745694324897
2021-11-18,2.8331527044061127,1.4374395092118282,2.8160100882346017,1.5091508799213773,2.5216271486969584,1.3946513282069042,2.5118131139661304,1.5021560735026895,2.441898028699192,1.5549733322969417,2.4756596500754693,1.5685743793705418,2.0533073487995224,1.440446663605227,2.0732316262271486,1.4521865557607432
2021-11-19,2.7555368880622853,1.3980600430860397,2.748037791576215,1.4727232933367742,2.4432044183831754,1.3512776022180137,2.441511695740235,1.4601132551987697,2.3757101929998563,1.5128256593698526,2.420384014188518,1.533551816292033,1.9973237688595658,1.4011727765330682,2.0270528707523434,1.4198408366360975
2021-11-22,2.7754653400921856,1.408171020959086,2.7647245663149707,1.4816660385653009,2.4621629987824365,1.3617631370634051,2.4554072827511333,1.46842332425098,2.3975625309784503,1.5267409835994865,2.4402934387582014,1.5461663989496544,2.016208199349891,1.4144206787089293,2.044017479178205,1.4317236267537714
2021-11-23,2.819688160893071,1.430608085409981,2.790405956555144,1.4954291613752972,2.5083513969294975,1.3873088291998632,2.482554211340895,1.4846581800335685,2.419564536926746,1.54075161471698,2.4520930736423905,1.5536426305732958,2.036491826336974,1.428650152361005,2.056517528775849,1.4404792350236855
2021-11-24,2.8607124900423178,1.4514223505451875,2.8214159104594567,1.512047958096425,2.55015049737481,1.410426906344628,2.512913403989271,1.502814087162896,2.435370974607261,1.550816977309088,2.465761403831829,1.5623028648438968,2.050450586242062,1.4384425729380352,2.068080475851008,1.448578453690379
2021-11-26,2.7009626113192153,1.3703710231983544,2.671194591436617,1.4315416286860796,2.39785985793451,1.3261986164173696,2.3728910280333038,1.41907558715307,2.314012385423423,1.4735371860941484,2.3482905557178784,1.4878735051098753,1.9490918219864515,1.3673368547003328,1.9704361141984024,1.3801838626355456
2021-11-29,2.7594932565981307,1.400067361801188,2.7158576838777155,1.4554773899744031,2.448940903899368,1.354450314388618,2.411145266838302,1.4419530205252595,2.349286585996231,1.4959994021916936,2.376192110737791,1.505551890079917,1.976553880037751,1.3866021779939226,1.9906784252033705,1.3943625060283416
2021-11-30,2.6643482756014016,1.3517942296910788,2.6174438850548496,1.402735650265991,2.3682503839970974,1.3098223285210167,2.323998219623652,1.3898359002134661,2.2724402510503863,1.4470645162459432,2.2941901901133837,1.4535955915852095,1.9135513047734591,1.3424042894551977,1.9243134998164924,1.3478774673082499
2021-12-01,2.505768970845315,1.2713368093602804,2.455681420764523,1.3160442117864355,2.229846663660673,1.2332745595553647,2.1834532172997503,1.3057848505285072,2.172539514020535,1.3834488451030407,2.2011653577301598,1.3946551921174901,1.8353672663980218,1.287556223338391,1.8535061422184167,1.2982807452381788
2021-12-02,2.574157818370356,1.306034844262908,2.510847829138242,1.3456088905804293,2.2944941756560655,1.2690295436005818,2.23322624452793,1.3355509405022032,2.2331491656458327,1.4220443928488868,2.264448565851639,1.434751341400651,1.8879561780680534,1.3244486653792835,1.9099176043561386,1.3377939216102193
2021-12-03,2.480275549214952,1.2584023666034572,2.42576597349163,1.300011981020022,2.2238364028129958,1.2299504288334953,2.1694452355937135,1.2974075653394785,2.1615321891029318,1.3764395038014632,2.20328394826586,1.3959975280216084,1.8299141480825967,1.2837307239126508,1.8616663307677905,1.3039965157068347
2021-12-06,2.525106078616837,1.2811477604824855,2.461380410274761,1.3190984036268603,2.2689444731926347,1.2548986176647912,2.215279186408094,1.32481794360593,2.182787537432512,1.3899746717047634,2.2377691571387257,1.4178473065659116,1.8507767106059845,1.2983663353804802,1.8942297231028888,1.326805409783492
2021-12-07,2.649454890845057,1.3442378633711947,2.5813586355845066,1.383396910601003,2.3810164724008316,1.3168829449795105,2.3258934527613406,1.3909693189191226,2.270061936758854,1.4455500323257757,2.3319370629569858,1.4775119557114433,1.918278103941903,1.3457202577615002,1.9692207538013118,1.3793325684498243
2021-12-08,2.681957205995124,1.3607283659356706,2.610637579864089,1.3990880278691238,2.405506797836708,1.3304279549604725,2.3506149219140307,1.4057536612840633,2.293379645941714,1.4603984885362573,2.349709989044163,1.4887728560157085,1.9355460827942934,1.3578341785243468,1.9815121817730077,1.3879420485608718
2021-12-09,2.5987727891772265,1.3185235927517782,2.5257160717184237,1.353577051442677,2.338593915232847,1.2934200489162146,2.2807196207589704,1.3639537158360562,2.230344211244571,1.4202582292822623,2.2871521659590806,1.449136309644132,1.8868228419538153,1.323653601637145,1.9326218733216707,1.3536970333190257
2021-12-10,2.598666851682646,1.3184698438874896,2.5239071652311695,1.3526076256482382,2.3441871490909376,1.2965135320400731,2.28478088865581,1.366382502517453,2.231001623082379,1.4206768617821117,2.2875090866647354,1.4493624540878323,1.8911296569316747,1.3266749404879745,1.9359043206412936,1.355996210028105
2021-12-13,2.435667873744519,1.2357700407723857,2.373640060253975,1.2720767587145403,2.2052250777939166,1.2196569525870318,2.151162484980163,1.2864738120591175,2.1334899856575693,1.3585825425262983,2.1864565877710094,1.3853357367112193,1.8144523528174674,1.272883886289426,1.8571367424535759,1.3008237842233754
2021-12-14,2.4137439535469833,1.224646634314367,2.3590204787059736,1.2642418598093734,2.1891149327308366,1.2107468188182702,2.138183142571758,1.278711690776905,2.11709762664823,1.348144071790262,2.1749026498551314,1.3780151783319077,1.8014183597444484,1.263740212865931,1.847631173299067,1.2941656474496512
2021-12-15,2.46358204499292,1.2499326845850383,2.4018629862924197,1.2872019366543597,2.2287442299022073,1.2326648299582277,2.171967329549871,1.298915869732477,2.1502558918188104,1.3692588839075193,2.2083569682102913,1.3992117861328264,1.827577805165082,1.282091720690586,1.874647391109245,1.3130890459716198
2021-12-16,2.4246392936372545,1.2282062576944806,2.3593411602160965,1.262390656896655,2.2069545940582036,1.2186605248258588,2.140293644113202,1.2779258897016013,2.1022348410211835,1.3365377288774,2.165063804757829,1.369586450205349,1.788157245476709,1.252430108688187,1.83708908375633,1.2847226338632336
2021-12-17,2.4103065816437854,1.2282062576944806,2.373062503153058,1.262390656896655,2.1843588179626527,1.2186605248258588,2.1495922660311564,1.2779258897016013,2.1011374823003437,1.3365377288774,2.157584084933309,1.369586450205349,1.7832632324242592,1.252430108688187,1.826085002307877,1.2847226338632336
2021-12-20,2.3718185118312625,1.2282062576944806,2.3179108690585433,1.262390656896655,2.1488224286318065,1.2186605248258588,2.099046380383169,1.2779258897016013,2.0549575352593794,1.3365377288774,2.1118103746946404,1.369586450205349,1.7438646643362354,1.252430108688187,1.7876898958999736,1.2847226338632336
2021-12-21,2.5117247561391065,1.2282062576944806,2.451797730443302,1.262390656896655,2.2667103557142068,1.2186605248258588,2.214679402764422,1.2779258897016013,2.1529324979313813,1.3365377288774,2.2216059632217475,1.369586450205349,1.8217352621610419,1.252430108688187,1.8752698411586906,1.2847226338632336
2021-12-22,2.527658687980209,1.2282062576944806,2.4551006686078867,1.262390656896655,2.28626458106754,1.2186605248258588,2.2238679406469313,1.2779258897016013,2.171735444044861,1.3365377288774,2.2402634715790253,1.369586450205349,1.841713197728275,1.252430108688187,1.8941418886084616,1.2847226338632336
2021-12-23,2.5277828180457838,1.2282062576944806,2.463298441139494,1.262390656896655,2.2821399790397296,1.2186605248258588,2.22748905300029,1.2779258897016013,2.1804672266917096,1.3365377288774,2.246091911249516,1.369586450205349,1.8490312893233851,1.252430108688187,1.899160097484066,1.2847226338632336
2021-12-27,2.6239406827772993,1.2282062576944806,2.5397097130077952,1.262390656896655,2.379602008543997,1.2186605248258588,2.3074585763022544,1.2779258897016013,2.2490905872164695,1.3365377288774,2.314435798135558,1.369586450205349,1.9088760837502665,1.252430108688187,1.9597077334378707,1.2847226338632336
2021-12-28,2.5547820662495706,1.2282062576944806,2.4763472012658823,1.262390656896655,2.3261896025176836,1.2186605248258588,2.258862275739794,1.2779258897016013,2.2082460551579626,1.3365377288774,2.275860557677361,1.369586450205349,1.8792354006670893,1.252430108688187,1.9323881831958023,1.2847226338632336
2021-12-29,2.561567615392944,1.2282062576944806,2.4880320115632464,1.262390656896655,2.3386100377114327,1.2186605248258588,2.273572777151614,1.2779258897016013,2.224520429137904,1.3365377288774,2.290143281803262,1.369586450205349,1.894495523679786,1.252430108688187,1.9467696218415378,1.2847226338632336
2021-12-30,2.5124046222954504,1.2282062576944806,2.447056190781849,1.262390656896655,2.2932224830507013,1.2186605248258588,2.2349803294609734,1.2779258897016013,2.2019466290345058,1.3365377288774,2.2687161645043723,1.369586450205349,1.8775792114076226,1.252430108688187,1.9300966146640661,1.2847226338632336
2021-12-31,2.5064557759775528,1.2262411276821694,2.4408207375880684,1.2603708318456204,2.2882671424737233,1.2167106679861375,2.2290442903930936,1.2758812082780786,2.200578341668617,1.3343992685111963,2.266831076283233,1.3673951118850205,1.8774616796879426,1.250426220514286,1.9291268950341531,1.2826670776490525
2022-01-03,2.6002361248218615,1.2692235330550148,2.5143326510198922,1.2951709345385012,2.3786482532756748,1.2630846231113648,2.3016800914132114,1.3156217552023968,2.2318458738772105,1.3531817208113375,2.31137154811187,1.393578747224664,1.8990869081706983,1.2652994806660898,1.9618759240907315,1.3045015155930673
2022-01-04,2.6399973770058014,1.2886317385229131,2.58175828663806,1.3299029034607561,2.4174378133144154,1.283682244787759,2.371745038393197,1.355670313152678,2.2598086665043557,1.3701357319681027,2.341789677054612,1.4119185325610248,1.9233700232262327,1.281478525835917,1.9899670816497508,1.3231800452393743
2022-01-05,2.5189109002953822,1.2295271809373547,2.4608603893982193,1.2676265604763264,2.3163529371151865,1.2300052235718089,2.2664751945220667,1.2954989204033995,2.16376778795266,1.3119055634658994,2.2424594774073565,1.3520300843800839,1.8473425224410724,1.2308238892071668,1.91117939018448,1.2707920926352054
2022-01-06,2.5689912825040166,1.2539723453733123,2.5015727004119137,1.288598090190758,2.3653861606626503,1.2560423270397527,2.3112977260168046,1.3211191174836623,2.2043721467380575,1.336524233032994,2.2838655762317854,1.3769947679569605,1.8830963311024569,1.2546454822772066,1.948160769327238,1.2953819581552737
2022-01-07,2.5449054714980424,1.2422156138020242,2.487459058071507,1.2813279386726792,2.3462049249464783,1.245856910237581,2.2959099492204285,1.3123235885163498,2.176495161929103,1.319622247678029,2.2582364787708786,1.3615423991842963,1.858252558084728,1.2380928890483918,1.9242308597495084,1.2794703487977028
2022-01-10,2.517647695120376,1.2289105870365586,2.456320263308647,1.2652878725751975,2.3095299506759357,1.226382153517946,2.2598108930952163,1.2916896595191005,2.1452826689202418,1.3006979234247733,2.2274494172812833,1.3429801759811746,1.8296267830109825,1.2190204715731094,1.8959172564493725,1.2606439092846913
2022-01-11,2.575390654285283,1.2570959975616722,2.517750192769625,1.2969313621971201,2.365769440088725,1.2562458520244841,2.321396172177167,1.326891307768436,2.191745983848646,1.3288689137181988,2.2796408165498585,1.3744475637613938,1.8692298819903614,1.2454067208573214,1.9421930614611274,1.2914138764532843
2022-01-12,2.627982224405724,1.2827669194444873,2.558164246415975,1.3177492550118992,2.41638518784338,1.2831232907496706,2.361387741846059,1.3497501660769256,2.218834222609906,1.345292677549628,2.2993094922350004,1.3863062579826921,1.8921471564119283,1.2606757510945015,1.9575810604748431,1.3016457508490311
2022-01-13,2.5531769319345985,1.2462530672235013,2.49624205850136,1.2858521955844164,2.35603051766886,1.251074392504454,2.3139261987130895,1.322621531253103,2.1756684519876766,1.319121008414939,2.2499915290966874,1.3565713305357812,1.862687304648336,1.2410476156065482,1.9226778784735197,1.2784377317991769
2022-01-14,2.6029866218526436,1.2705661017262764,2.5456942440010186,1.3113257673819216,2.3989001446764533,1.2738385681648285,2.3631056050650567,1.3507320828219191,2.2028537042133807,1.3356035920996105,2.278763603712764,1.3739186720877172,1.8827900903045343,1.254441444051835,1.9440927467870273,1.2926770258483893
2022-01-18,2.4986035810240836,1.219614801339844,2.4521944075207323,1.2631625815981113,2.307174337241522,1.2251313006005782,2.2813297021257926,1.3039896370061068,2.1272041895884812,1.289736831506133,2.1982755687121256,1.3253905957278647,1.821193259670288,1.2134014908633506,1.8785360924632397,1.2490867284842841
2022-01-19,2.4260190274706144,1.1841849330186867,2.394925021726729,1.233662251206595,2.241642342237133,1.190333194113893,2.233088634950475,1.2764154325339896,2.0760938413458527,1.258748316664794,2.1485535815068535,1.2954120729344836,1.7782592618288502,1.1847959726335306,1.837671148203758,1.2219145811193453
2022-01-20,2.2990918888565894,1.1222294399100394,2.288725048035788,1.17895703186441,2.1175528250523525,1.1244404918912896,2.1307625007961755,1.2179266404896971,1.998492934644743,1.2116984151929213,2.072767452842885,1.2497188833965172,1.713968615244446,1.141961218002269,1.775687757264118,1.1807002380360367
2022-01-21,2.206401176259589,1.0752622054223835,2.191282940001713,1.1269571011352584,2.03761121533797,1.0802595591019877,2.0451607982852087,1.167127002692692,1.9284619573026855,1.1673674267766883,1.9985275828108509,1.2030300357875052,1.6578073894223138,1.102775561952327,1.7174537652190829,1.140151799896578
2022-01-24,2.258568468953971,1.0752622054223835,2.264875069170859,1.1269571011352584,2.0900825333128292,1.0802595591019877,2.1181302940856526,1.167127002692692,1.9806181005425556,1.1673674267766883,2.0513693765053547,1.2030300357875052,1.7006496705366063,1.102775561952327,1.7606682987715008,1.140151799896578
2022-01-25,2.2742905382126026,1.0752622054223835,2.298536876005725,1.1269571011352584,2.1104980376705544,1.0802595591019877,2.1601555549268157,1.167127002692692,1.9839356865996598,1.1673674267766883,2.0579656179593706,1.2030300357875052,1.7043658921641207,1.102775561952327,1.7670789119322885,1.140151799896578
2022-01-26,2.263230886077677,1.0752622054223835,2.2852767970204404,1.1269571011352584,2.0983886422634317,1.0802595591019877,2.1486673353577044,1.167127002692692,1.965968161915819,1.1673674267766883,2.0431814395721215,1.2030300357875052,1.6867017809541693,1.102775561952327,1.7541840200787013,1.140151799896578
2022-01-27,2.216865948318441,1.0752622054223835,2.2348335426315016,1.1269571011352584,2.0648436690829914,1.0802595591019877,2.1138390220962897,1.167127002692692,1.926907936875965,1.1673674267766883,2.0020512522443505,1.2030300357875052,1.6586604848233044,1.102775561952327,1.7248243060030481,1.140151799896578
2022-01-28,2.2801150954688123,1.0752622054223835,2.2888447986013323,1.1269571011352584,2.1184213614723113,1.0802595591019877,2.159075970375067,1.167127002692692,1.9717004250549457,1.1673674267766883,2.040873002800882,1.2030300357875052,1.693861727847945,1.102775561952327,1.752057676019728,1.140151799896578
2022-01-31,2.330205350820039,1.0752622054223835,2.326123064659071,1.1269571011352584,2.1573717888389687,1.0802595591019877,2.1817596927704015,1.167127002692692,2.0302678722254504,1.1673674267766883,2.0977220624987836,1.2030300357875052,1.7421492847450812,1.102775561952327,1.798588490499931,1.140151799896578
2022-02-01,2.42489377986126,1.0752622054223835,2.4203282623608957,1.1269571011352584,2.2404365180302217,1.0802595591019877,2.2685004619048073,1.167127002692692,2.0883577963163056,1.1673674267766883,2.1595454240828285,1.2030300357875052,1.7869228802339006,1.102775561952327,1.847086369816382,1.140151799896578
2022-02-02,2.423690576119227,1.0752622054223835,2.4146924404519217,1.1269571011352584,2.2502450337808324,1.0802595591019877,2.274211242476953,1.167127002692692,2.0858121670559853,1.1673674267766883,2.159476033394701,1.2030300357875052,1.7886414195900946,1.102775561952327,1.8515208601933568,1.140151799896578
2022-02-03,2.385992100129737,1.0752622054223835,2.381165966467795,1.1269571011352584,2.221222807026223,1.0802595591019877,2.2492750128999925,1.167127002692692,2.045268248111249,1.1673674267766883,2.1152956658532345,1.2030300357875052,1.7578161245185169,1.102775561952327,1.817198425702109,1.140151799896578
2022-02-04,2.430219262807357,1.0752622054223835,2.412533584791914,1.1269571011352584,2.2591504980589963,1.0802595591019877,2.274831077851621,1.167127002692692,2.065711956114002,1.1673674267766883,2.136952595606151,1.2030300357875052,1.7716294466449323,1.102775561952327,1.8335126055835342,1.140151799896578
2022-02-07,2.413815024881444,1.0752622054223835,2.39033334296383,1.1269571011352584,2.245034987577568,1.0802595591019877,2.2561814990265874,1.167127002692692,2.0606123665611773,1.1673674267766883,2.130080818033656,1.2030300357875052,1.7692377509276138,1.102775561952327,1.829444053767152,1.140151799896578
2022-02-08,2.473461077629189,1.0752622054223835,2.4224674551193024,1.1269571011352584,2.298516208997099,1.0802595591019877,2.2845148688757737,1.167127002692692,2.102500285441766,1.1673674267766883,2.164002978052459,1.2030300357875052,1.8054952815771155,1.102775561952327,1.857880673379506,1.140151799896578
2022-02-09,2.5694371248909964,1.0752622054223835,2.515194024909824,1.1269571011352584,2.382212558516231,1.0802595591019877,2.36673126952346,1.167127002692692,2.169303919478261,1.1673674267766883,2.2420217896542876,1.2030300357875052,1.8547597327943508,1.102775561952327,1.9196162501922274,1.140151799896578
2022-02-10,2.562816209231748,1.0752622054223835,2.5135946959848816,1.1269571011352584,2.3725133065952577,1.0802595591019877,2.3615439441781114,1.167127002692692,2.147891273907105,1.1673674267766883,2.224135860233626,1.2030300357875052,1.8344706971647335,1.102775561952327,1.9028086741229666,1.140151799896578
2022-02-11,2.5729558092182416,1.0752622054223835,2.5526871543857665,1.1269571011352584,2.3759731551113155,1.0802595591019877,2.3935958512509283,1.167127002692692,2.139384992663367,1.1673674267766883,2.2152390002536717,1.2030300357875052,1.8250205892197484,1.102775561952327,1.8933277708611607,1.140151799896578
2022-02-14,2.570999196986071,1.0752622054223835,2.539751486401995,1.1269571011352584,2.373465590003297,1.0802595591019877,2.379779247077913,1.167127002692692,2.129845784145319,1.1673674267766883,2.202631429088221,1.2030300357875052,1.8174214276789091,1.102775561952327,1.881168404730688,1.140151799896578
2022-02-15,2.6079871459867303,1.0752622054223835,2.545656187067946,1.1269571011352584,2.409759346502327,1.0802595591019877,2.385563939324881,1.167127002692692,2.1665727317401378,1.1673674267766883,2.243085823584793,1.2030300357875052,1.8483387791008663,1.102775561952327,1.9147792590297708,1.140151799896578
2022-02-16,2.6126731364895215,1.0752622054223835,2.5487807770115203,1.1269571011352584,2.4182209416921743,1.0802595591019877,2.393172588825558,1.167127002692692,2.1695435530859117,1.1673674267766883,2.24083246846139,1.2030300357875052,1.8536205217917476,1.102775561952327,1.913973172524006,1.140151799896578
2022-02-17,2.5544845469957846,1.0752622054223835,2.5059523181723664,1.1269571011352584,2.365384569391713,1.0802595591019877,2.3551205143520497,1.167127002692692,2.11567579127925,1.1673674267766883,2.1833578620308405,1.2030300357875052,1.809646952801613,1.102775561952327,1.8656612424342272,1.140151799896578
2022-02-18,2.524634048898427,1.0752622054223835,2.4868809058999917,1.1269571011352584,2.340180693076999,1.0802595591019877,2.340995965842334,1.167127002692692,2.105397275328201,1.1673674267766883,2.1720414214913797,1.2030300357875052,1.8057254731980787,1.102775561952327,1.8600359898950694,1.140151799896578
2022-02-22,2.4596428479970824,1.0752622054223835,2.419816812965015,1.1269571011352584,2.2807329194274404,1.0802595591019877,2.2774107087438855,1.167127002692692,2.0594928846900875,1.1673674267766883,2.1172753438554923,1.2030300357875052,1.7707214881686375,1.102775561952327,1.815645702692932,1.140151799896578
2022-02-23,2.468149481900574,1.0752622054223835,2.446537557650386,1.1269571011352584,2.2853282517867237,1.0802595591019877,2.3012408945650797,1.167127002692692,2.0282274948575045,1.1673674267766883,2.0951910955328543,1.2030300357875052,1.7414080384822896,1.102775561952327,1.792386070622701,1.140151799896578
2022-02-24,2.494611588958896,1.0752622054223835,2.4624557066637984,1.1269571011352584,2.311552848455651,1.0802595591019877,2.3146275530166767,1.167127002692692,2.0697149683712626,1.1673674267766883,2.1487908406312153,1.2030300357875052,1.7697508150063481,1.102775561952327,1.8365346364688357,1.140151799896578
2022-02-25,2.570696563182805,1.0752622054223835,2.5191026745881477,1.1269571011352584,2.3883949506587405,1.0802595591019877,2.3737626253416977,1.167127002692692,2.1307607223688536,1.1673674267766883,2.2098359282230033,1.2030300357875052,1.824099122050652,1.102775561952327,1.8921479028992,1.140151799896578
2022-02-28,2.6331338487536433,1.0752622054223835,2.6001701309019425,1.1269571011352584,2.440286628729548,1.0802595591019877,2.444413976913221,1.167127002692692,2.1633345097483008,1.1673674267766883,2.2495284867569283,1.2030300357875052,1.8428908708928557,1.102775561952327,1.9209033873714239,1.140151799896578
2022-03-01,2.6129825729023866,1.0752622054223835,2.590905937094741,1.1269571011352584,2.4194424648678856,1.0802595591019877,2.4344762841577468,1.167127002692692,2.13138644518236,1.1673674267766883,2.2162887999719363,1.2030300357875052,1.8149702782038457,1.102775561952327,1.890794731039431,1.140151799896578
2022-03-02,2.7258348734617197,1.0752622054223835,2.6934828632895647,1.1269571011352584,2.5214273113479115,1.0802595591019877,2.5290159164126984,1.167127002692692,2.2127786228371575,1.1673674267766883,2.307276810953724,1.2030300357875052,1.8809835719552006,1.102775561952327,1.9678889085152989,1.140151799896578
2022-03-03,2.71702897464677,1.0752622054223835,2.6900461650987,1.1269571011352584,2.5107784320576907,1.0802595591019877,2.5246220919527773,1.167127002692692,2.1907412468250884,1.1673674267766883,2.279124134790004,1.2030300357875052,1.8642219650106533,1.102775561952327,1.9432950373070517,1.140151799896578
2022-03-04,2.723842557786629,1.0752622054223835,2.716325552391357,1.1269571011352584,2.5151231585945704,1.0802595591019877,2.5483558222173026,1.167127002692692,2.1773682563963406,1.1673674267766883,2.2676550017480377,1.2030300357875052,1.8511217445659534,1.102775561952327,1.9315801705620788,1.140151799896578
2022-03-07,2.6511483323753215,1.0752622054223835,2.6374207347183605,1.1269571011352584,2.459526508392281,1.0802595591019877,2.483805104915142,1.167127002692692,2.107575101668682,1.1673674267766883,2.182526347840568,1.2030300357875052,1.8019248403824955,1.102775561952327,1.86467664639208,1.140151799896578
2022-03-08,2.679553738621623,1.0752622054223835,2.664168904737681,1.1269571011352584,2.468183621656653,1.0802595591019877,2.4949710484366836,1.167127002692692,2.1212008947436787,1.1673674267766883,2.199163758759944,1.2030300357875052,1.8042274341657254,1.102775561952327,1.871208668198229,1.140151799896578
2022-03-09,2.748377746490141,1.0752622054223835,2.7364036205389497,1.1269571011352584,2.523466388098264,1.0802595591019877,2.555560778978704,1.167127002692692,2.1730502527349715,1.1673674267766883,2.260836501152003,1.2030300357875052,1.8400668436238807,1.102775561952327,1.9192157995484653,1.140151799896578
2022-03-10,2.7898358273658936,1.0752622054223835,2.7854796845467145,1.1269571011352584,2.557930369889674,1.0802595591019877,2.601967675609191,1.167127002692692,2.1939151968805835,1.1673674267766883,2.2797024584015846,1.2030300357875052,1.8570230130441872,1.102775561952327,1.9341393252391559,1.140151799896578
2022-03-11,2.684081735878118,1.0752622054223835,2.6765251958851244,1.1269571011352584,2.477163482507992,1.0802595591019877,2.510994168787152,1.167127002692692,2.133776328385545,1.1673674267766883,2.2139717148900906,1.2030300357875052,1.8145263492659152,1.102775561952327,1.8858221215853315,1.140151799896578
2022-03-14,2.544306183808968,1.0752622054223835,2.538828914346369,1.1269571011352584,2.361759566329399,1.0802595591019877,2.3905762834581683,1.167127002692692,2.0655434695575754,1.1673674267766883,2.1380793279318078,1.2030300357875052,1.765412813791376,1.102775561952327,1.8290374763033763,1.140151799896578
2022-03-15,2.6174203453193723,1.0752622054223835,2.6198026942510513,1.1269571011352584,2.4166913435033464,1.0802595591019877,2.4582872658248207,1.167127002692692,2.111205761856233,1.1673674267766883,2.1950760606994817,1.2030300357875052,1.7942430253947765,1.102775561952327,1.8693695755176432,1.140151799896578
2022-03-16,2.727719783573805,1.0752622054223835,2.74831796925755,1.1269571011352584,2.5021339146115267,1.0802595591019877,2.5672047003393104,1.167127002692692,2.1870138282145812,1.1673674267766883,2.2830115915639126,1.2030300357875052,1.8461208307041093,1.102775561952327,1.9341911150099804,1.140151799896578
2022-03-17,2.863471594833942,1.0752622054223835,2.8836262193542286,1.1269571011352584,2.620656471973046,1.0802595591019877,2.6914114080559686,1.167127002692692,2.2622853101765292,1.1673674267766883,2.3641189383104604,1.2030300357875052,1.9028482840974286,1.102775561952327,1.9968495125137133,1.140151799896578
2022-03-18,2.875607078068884,1.0752622054223835,2.891547615055318,1.1269571011352584,2.631860800886282,1.0802595591019877,2.700146147528111,1.167127002692692,2.288199138712918,1.1673674267766883,2.3948277424636277,1.2030300357875052,1.923526566679193,1.102775561952327,2.023125342593084,1.140151799896578
2022-03-21,2.9158169422471656,1.0752622054223835,2.9424433685450726,1.1269571011352584,2.668263680575111,1.0802595591019877,2.7505091358923637,1.167127002692692,2.3071756158183265,1.1673674267766883,2.4037734843998626,1.2030300357875052,1.942207498450567,1.102775561952327,2.0323740095058715,1.140151799896578
2022-03-22,2.92912690177586,1.0752622054223835,2.9481386921052932,1.1269571011352584,2.6795887895328483,1.0802595591019877,2.753685192758482,1.167127002692692,2.321084480613646,1.1673674267766883,2.420872957620534,1.2030300357875052,1.9508856627112692,1.102775561952327,2.044645946129191,1.140151799896578
2022-03-23,2.9464712132580675,1.0752622054223835,2.9704620853757175,1.1269571011352584,2.693337686845759,1.0802595591019877,2.774634708031178,1.167127002692692,2.31700382963894,1.1673674267766883,2.4149677583661835,1.2030300357875052,1.9482984154742948,1.102775561952327,2.040257964114141,1.140151799896578
2022-03-24,2.9808269765451616,1.0752622054223835,3.0089483894484186,1.1269571011352584,2.722652524829792,1.0802595591019877,2.8096198756820003,1.167127002692692,2.3562404698855492,1.1673674267766883,2.4465316677693862,1.2030300357875052,1.9780622729026218,1.102775561952327,2.064436635587854,1.140151799896578
2022-03-25,3.020997847831582,1.0752622054223835,3.0473297853397923,1.1269571011352584,2.76519935083707,1.0802595591019877,2.852019057731615,1.167127002692692,2.3800773913055635,1.1673674267766883,2.467291401667687,1.2030300357875052,2.003982228468594,1.102775561952327,2.0871570999463156,1.140151799896578
2022-03-28,2.9657073994067553,1.0752622054223835,2.9862331413028094,1.1269571011352584,2.7170197276694514,1.0802595591019877,2.7936120714791137,1.167127002692692,2.3451450873881643,1.1673674267766883,2.431916766557874,1.2030300357875052,1.9761266766725811,1.102775561952327,2.0585960084402695,1.140151799896578
2022-03-29,3.022896867406231,1.0752622054223835,3.0318263957914873,1.1269571011352584,2.76802283381092,1.0802595591019877,2.8324616722640963,1.167127002692692,2.3857240066099505,1.1673674267766883,2.4807770879795594,1.2030300357875052,2.007052169839774,1.102775561952327,2.0966795559231644,1.140151799896578
2022-03-30,2.9740365188161926,1.0752622054223835,2.984081438419051,1.1269571011352584,2.72524358771506,1.0802595591019877,2.7907532560193697,1.167127002692692,2.343588231470485,1.1673674267766883,2.430134380006279,1.2030300357875052,1.9777301293226692,1.102775561952327,2.05847192055436,1.140151799896578
2022-03-31,2.9435346959587583,1.0752622054223835,2.9530906731004123,1.1269571011352584,2.6967578253620093,1.0802595591019877,2.759925919287848,1.167127002692692,2.312965477688747,1.1673674267766883,2.392506821571624,1.2030300357875052,1.9524068942694228,1.102775561952327,2.0271192165260494,1.140151799896578
2022-04-01,2.9799346833915914,1.0752622054223835,2.988703519621529,1.1269571011352584,2.7342969245258906,1.0802595591019877,2.7967535741279983,1.167127002692692,2.3259778956099972,1.1673674267766883,2.4098166546010877,1.2030300357875052,1.9660560297673957,1.102775561952327,2.0433545332399925,1.140151799896578
2022-04-04,2.9830736108989537,1.0752622054223835,2.9951578758130397,1.1269571011352584,2.732541007697493,1.0802595591019877,2.8022535140335987,1.167127002692692,2.335937106471381,1.1673674267766883,2.4232074362523983,1.2030300357875052,1.9711395259836455,1.102775561952327,2.0526799636882482,1.140151799896578
2022-04-05,2.914359555274288,1.0752622054223835,2.918448662402043,1.1269571011352584,2.6671602838931983,1.0802595591019877,2.727564475419037,1.167127002692692,2.277223235622002,1.1673674267766883,2.359594261717421,1.2030300357875052,1.9236685061881336,1.102775561952327,2.001162938505445,1.140151799896578
2022-04-06,2.9241325886609353,1.0752622054223835,2.905426698671849,1.1269571011352584,2.677183394812421,1.0802595591019877,2.721857331470742,1.167127002692692,2.2630453182278787,1.1673674267766883,2.32507461646523,1.2030300357875052,1.917934717897378,1.102775561952327,1.9764787576322596,1.140151799896578
2022-04-07,2.962158167187569,1.0752622054223835,2.9276834698584335,1.1269571011352584,2.7081589316615293,1.0802595591019877,2.747276716886841,1.167127002692692,2.2907083729716935,1.1673674267766883,2.344907757104361,1.2030300357875052,1.942771986472567,1.102775561952327,1.9941079079907214,1.140151799896578
2022-04-08,3.004364728099234,1.0752622054223835,2.949660420775432,1.1269571011352584,2.7538031810161945,1.0802595591019877,2.7808478980235694,1.167127002692692,2.3181898769747313,1.1673674267766883,2.35950197043522,1.2030300357875052,1.971415061701006,1.102775561952327,2.012529950750415,1.140151799896578
2022-04-11,2.9335228695518842,1.0752622054223835,2.892221154522059,1.1269571011352584,2.688550629416331,1.0802595591019877,2.726381941019675,1.167127002692692,2.2631833137849666,1.1673674267766883,2.310754015091449,1.2030300357875052,1.9241160976523952,1.102775561952327,1.9697077699595165,1.140151799896578
2022-04-12,3.01842892166821,1.0752622054223835,2.972786832416705,1.1269571011352584,2.7567297157963657,1.0802595591019877,2.799282309022954,1.167127002692692,2.3046796617836205,1.1673674267766883,2.3434292757675275,1.2030300357875052,1.9565661901439173,1.102775561952327,1.9942510825717639,1.140151799896578
2022-04-13,3.106378175829225,1.0752622054223835,3.055251404774068,1.1269571011352584,2.837115771936765,1.0802595591019877,2.8772121479524384,1.167127002692692,2.3635730540054567,1.1673674267766883,2.403826586290827,1.2030300357875052,2.003022477347581,1.102775561952327,2.0422100688827154,1.140151799896578
2022-04-14,3.1300142545305056,1.0752622054223835,3.0789214261382005,1.1269571011352584,2.8530217122083252,1.0802595591019877,2.893404026454321,1.167127002692692,2.371881427642245,1.1673674267766883,2.3992832279869263,1.2030300357875052,2.0085894314862616,1.102775561952327,2.03836383387842,1.140151799896578
2022-04-18,3.1566995028335834,1.0752622054223835,3.107694323528694,1.1269571011352584,2.881208125574932,1.0802595591019877,2.9268496112319657,1.167127002692692,2.3863992050219096,1.1673674267766883,2.4086860824816214,1.2030300357875052,2.0216144254426354,1.102775561952327,2.0480467512214497,1.140151799896578
2022-04-19,3.1342396767326903,1.0752622054223835,3.1056395207047864,1.1269571011352584,2.8576896428130776,1.0802595591019877,2.9149117508604454,1.167127002692692,2.382579831820197,1.1673674267766883,2.4260499951930172,1.2030300357875052,2.017668654617383,1.102775561952327,2.0598541838079836,1.140151799896578
2022-04-20,3.18326909759832,1.0752622054223835,3.149298658883939,1.1269571011352584,2.8976586294446633,1.0802595591019877,2.94968558449053,1.167127002692692,2.40566619186509,1.1673674267766883,2.449538269145391,1.2030300357875052,2.0409054706873113,1.102775561952327,2.080263505853551,1.140151799896578
2022-04-21,2.9893105148480745,1.0752622054223835,2.9307983552727257,1.1269571011352584,2.732873121918746,1.0802595591019877,2.7537504645073145,1.167127002692692,2.2759530913185277,1.1673674267766883,2.326407877483933,1.2030300357875052,1.9433214081608552,1.102775561952327,1.9856023235914824,1.140151799896578
2022-04-22,2.8617982560423885,1.0752622054223835,2.8084586223374686,1.1269571011352584,2.620403985969959,1.0802595591019877,2.6378664320432113,1.167127002692692,2.1795144745916053,1.1673674267766883,2.238208688156217,1.2030300357875052,1.862331171497918,1.102775561952327,1.9120339438924387,1.140151799896578
2022-04-25,2.814468345498963,1.0752622054223835,2.788051859219819,1.1269571011352584,2.5657507289763846,1.0802595591019877,2.610555157210333,1.167127002692692,2.155418041134965,1.1673674267766883,2.233089926640996,1.2030300357875052,1.836439501994714,1.102775561952327,1.901699587789803,1.140151799896578
2022-04-26,2.7890979205479587,1.0752622054223835,2.743889155279249,1.1269571011352584,2.542569117056417,1.0802595591019877,2.5709053747797443,1.167127002692692,2.1232732244798367,1.1673674267766883,2.1860605857219095,1.2030300357875052,1.8131591112080878,1.102775561952327,1.8656651422047155,1.140151799896578
2022-04-27,2.8533851873454372,1.0752622054223835,2.7943196433369106,1.1269571011352584,2.5972680692814776,1.0802595591019877,2.616608730746409,1.167127002692692,2.1443969583556446,1.1673674267766883,2.205796860311404,1.2030300357875052,1.8305765738768358,1.102775561952327,1.8811721471034069,1.140151799896578
2022-04-28,2.909550314068112,1.0752622054223835,2.856877041523792,1.1269571011352584,2.6592958013962726,1.0802595591019877,2.684027337987033,1.167127002692692,2.1974270058267127,1.1673674267766883,2.275043317952334,1.2030300357875052,1.8776849056743177,1.102775561952327,1.9417546578678595,1.140151799896578
2022-04-29,2.840241453937857,1.0752622054223835,2.7819432150520202,1.1269571011352584,2.5903780489919597,1.0802595591019877,2.610353433614422,1.167127002692692,2.1257262404640063,1.1673674267766883,2.205888558033879,1.2030300357875052,1.8170319170417641,1.102775561952327,1.882012409779302,1.140151799896578
2022-05-02,2.8228212297583055,1.0752622054223835,2.7752859932680276,1.1269571011352584,2.5746557105229573,1.0802595591019877,2.599622095134595,1.167127002692692,2.120694670473277,1.1673674267766883,2.212264340189126,1.2030300357875052,1.806888484310714,1.102775561952327,1.8827293611400358,1.140151799896578
2022-05-03,2.9454426119613704,1.0752622054223835,2.884157714989141,1.1269571011352584,2.6968647904333176,1.0802595591019877,2.712938380841893,1.167127002692692,2.1874903110873722,1.1673674267766883,2.271196817660834,1.2030300357875052,1.8691437751249034,1.102775561952327,1.9361446986529027,1.140151799896578
2022-05-04,3.0400919554793604,1.0752622054223835,2.9708939141432493,1.1269571011352584,2.7835323821421305,1.0802595591019877,2.7963112751890336,1.167127002692692,2.2339985215298412,1.1673674267766883,2.3429411693852997,1.2030300357875052,1.8998708797936223,1.102775561952327,1.9936421566644786,1.140151799896578
2022-05-05,2.9556009174867843,1.0752622054223835,2.8943381659381786,1.1269571011352584,2.7021801915375914,1.0802595591019877,2.7235645736553393,1.167127002692692,2.1516147446665963,1.1673674267766883,2.2532578348030525,1.2030300357875052,1.8307500775637982,1.102775561952327,1.9217666367324755,1.140151799896578
2022-05-06,2.9706660069772197,1.0752622054223835,2.9118690490903374,1.1269571011352584,2.720032529348732,1.0802595591019877,2.7447858844423174,1.167127002692692,2.151762291921196,1.1673674267766883,2.257502704974576,1.2030300357875052,1.8355723400722537,1.102775561952327,1.9278254607026577,1.140151799896578
2022-05-09,2.6276720316162074,1.0752622054223835,2.582803256915506,1.1269571011352584,2.406526695846006,1.0802595591019877,2.435510017217492,1.167127002692692,1.9413317410264472,1.1673674267766883,2.0422496886886825,1.2030300357875052,1.6585447678437824,1.102775561952327,1.7512386343160673,1.140151799896578
2022-05-10,2.6408469482334027,1.0752622054223835,2.601279896857893,1.1269571011352584,2.4107115590556645,1.0802595591019877,2.4447199625926808,1.167127002692692,1.9548119740790155,1.1673674267766883,2.065284465948546,1.2030300357875052,1.6725605966516122,1.102775561952327,1.7677787759938532,1.140151799896578
2022-05-11,2.6615460768629506,1.0752622054223835,2.622264942380998,1.1269571011352584,2.4332054643087915,1.0802595591019877,2.4675383914110482,1.167127002692692,1.954635645163573,1.1673674267766883,2.0674795381085853,1.2030300357875052,1.6744468163513766,1.102775561952327,1.7710003694464467,1.140151799896578
2022-05-12,2.621849422973774,1.0752622054223835,2.584251644665956,1.1269571011352584,2.4004965376991168,1.0802595591019877,2.4350135422679386,1.167127002692692,1.9491097325899813,1.1673674267766883,2.062584471508223,1.2030300357875052,1.6706999791122439,1.102775561952327,1.76637451057254,1.140151799896578
2022-05-13,2.7536040312749113,1.0752622054223835,2.7128412274539917,1.1269571011352584,2.5148634617829315,1.0802595591019877,2.5502113102232995,1.167127002692692,2.0427598283538764,1.1673674267766883,2.1620273348424885,1.2030300357875052,1.7453182473472308,1.102775561952327,1.8440510174248181,1.140151799896578
2022-05-16,2.814196758518541,1.0752622054223835,2.778093059185435,1.1269571011352584,2.5707970840433405,1.0802595591019877,2.6139515928777706,1.167127002692692,2.0692851660823153,1.1673674267766883,2.185524842947127,1.2030300357875052,1.7687673378339088,1.102775561952327,1.864925604756356,1.140151799896578
2022-05-17,2.9101952180385093,1.0752622054223835,2.868735444922448,1.1269571011352584,2.656947272263138,1.0802595591019877,2.6990645119426744,1.167127002692692,2.12245054876611,1.1673674267766883,2.23605695791413,1.2030300357875052,1.8120512767239305,1.102775561952327,1.905535741577026,1.140151799896578
2022-05-18,2.7738167588033185,1.0752622054223835,2.735333406641048,1.1269571011352584,2.5376860577722433,1.0802595591019877,2.5791742876787116,1.167127002692692,2.0238990817488753,1.1673674267766883,2.13371172468429,1.2030300357875052,1.7315290962528875,1.102775561952327,1.8225352613487213,1.140151799896578
2022-05-19,2.8031006116439525,1.0752622054223835,2.769057241506702,1.1269571011352584,2.5597417076644513,1.0802595591019877,2.609937749727947,1.167127002692692,2.0315925035839175,1.1673674267766883,2.1458673206472922,1.2030300357875052,1.7349154544533143,1.102775561952327,1.8289254357673932,1.140151799896578
2022-05-20,2.7993035531550388,1.0752622054223835,2.76718319285349,1.1269571011352584,2.563288502392826,1.0802595591019877,2.615661468481051,1.167127002692692,2.0349811284089823,1.1673674267766883,2.1509378744551504,1.2030300357875052,1.7414350651588781,1.102775561952327,1.8367145430796408,1.140151799896578
2022-05-23,2.910893771709215,1.0752622054223835,2.8813259417339863,1.1269571011352584,2.6622527808438687,1.0802595591019877,2.7255666277821007,1.167127002692692,2.1094883265660056,1.1673674267766883,2.226909139887176,1.2030300357875052,1.805582707479101,1.102775561952327,1.9005240051610208,1.140151799896578
2022-05-24,2.8532577809677875,1.0752622054223835,2.828197869075549,1.1269571011352584,2.6211895441821302,1.0802595591019877,2.6871957733889107,1.167127002692692,2.0822018398066464,1.1673674267766883,2.197574588420951,1.2030300357875052,1.787950131618591,1.102775561952327,1.8825708052121157,1.140151799896578
2022-05-25,2.9518633059560857,1.0752622054223835,2.9262569574443322,1.1269571011352584,2.7185775345615486,1.0802595591019877,2.7887824615328816,1.167127002692692,2.151893762378961,1.1673674267766883,2.2634999952461663,1.2030300357875052,1.8474966841727087,1.102775561952327,1.9391153108881232,1.140151799896578
2022-05-26,3.072397032402408,1.0752622054223835,3.0454417172619044,1.1269571011352584,2.824106649202829,1.0802595591019877,2.8998479883685313,1.167127002692692,2.2087438867324187,1.1673674267766883,2.3291216973193944,1.2030300357875052,1.8921185633115507,1.102775561952327,1.9914543109799767,1.140151799896578
2022-05-27,3.1760875175215397,1.0752622054223835,3.156300212842713,1.1269571011352584,2.9237474305108653,1.0802595591019877,3.0135804345446093,1.167127002692692,2.2835319370671385,1.1673674267766883,2.407271372892838,1.2030300357875052,1.956024550406621,1.102775561952327,2.0577042835514003,1.140151799896578
2022-05-31,3.069522800376134,1.0752622054223835,3.0521173132488904,1.1269571011352584,2.8324356519192557,1.0802595591019877,2.920234272671201,1.167127002692692,2.236335320072734,1.1673674267766883,2.356123337190743,1.2030300357875052,1.9189403705387855,1.102775561952327,2.018289428479,1.140151799896578
2022-06-01,3.1447372306243797,1.0752622054223835,3.127435307264294,1.1269571011352584,2.9061397375250744,1.0802595591019877,2.9956670962805605,1.167127002692692,2.2727849443458776,1.1673674267766883,2.3901027576439664,1.2030300357875052,1.9517012316999547,1.102775561952327,2.0479312526715763,1.140151799896578
2022-06-02,3.20297086144118,1.0752622054223835,3.1725128878114157,1.1269571011352584,2.945524770204488,1.0802595591019877,3.0192920585440226,1.167127002692692,2.308663457418631,1.1673674267766883,2.4289606625586866,1.2030300357875052,1.975650024618141,1.102775561952327,2.072372556696666,1.140151799896578
2022-06-03,3.1872119931225504,1.0752622054223835,3.166816900589697,1.1269571011352584,2.9387489359482335,1.0802595591019877,3.0229339260444896,1.167127002692692,2.3049566273875928,1.1673674267766883,2.424203713389926,1.2030300357875052,1.977191068735509,1.102775561952327,2.0725462787588076,1.140151799896578
2022-06-06,3.1744651614165362,1.0752622054223835,3.1878000450887045,1.1269571011352584,2.928186727153769,1.0802595591019877,3.0483069661764093,1.167127002692692,2.3096250160723706,1.1673674267766883,2.430525062508098,1.2030300357875052,1.9785871097248915,1.102775561952327,2.0765312863279393,1.140151799896578
2022-06-07,3.3135658000164114,1.0752622054223835,3.3299458325636246,1.1269571011352584,3.051148002400299,1.0802595591019877,3.180905682686912,1.167127002692692,2.3856107761695955,1.1673674267766883,2.5176497771663344,1.2030300357875052,2.039692169220371,1.102775561952327,2.146569918055767,1.140151799896578
2022-06-08,3.244578477269738,1.0752622054223835,3.25606725698875,1.1269571011352584,2.9886810074805648,1.0802595591019877,3.1157344559841613,1.167127002692692,2.3396888013897335,1.1673674267766883,2.468892669527401,1.2030300357875052,2.0017729612261967,1.102775561952327,2.106530432305892,1.140151799896578
2022-06-09,3.094084753495904,1.0752622054223835,3.1383020094743177,1.1269571011352584,2.850257295533714,1.0802595591019877,3.013494128284388,1.167127002692692,2.2661045834804887,1.1673674267766883,2.3929242497811964,1.2030300357875052,1.9442579983048007,1.102775561952327,2.046901375114884,1.140151799896578
2022-06-10,3.0294963858705035,1.0752622054223835,3.069390731307727,1.1269571011352584,2.79042095663505,1.0802595591019877,2.950263889844012,1.167127002692692,2.220427525088188,1.1673674267766883,2.3449867055809808,1.2030300357875052,1.9080424855286595,1.102775561952327,2.0081431608095035,1.140151799896578
2022-06-13,2.846822169883106,1.0752622054223835,2.861734597404501,1.1269571011352584,2.6274665966317903,1.0802595591019877,2.753167908400985,1.167127002692692,2.099315944196361,1.1673674267766883,2.213831447155034,1.2030300357875052,1.808415814623901,1.102775561952327,1.899952745263932,1.140151799896578
2022-06-14,2.827604524874086,1.0752622054223835,2.827330674715369,1.1269571011352584,2.605649978869938,1.0802595591019877,2.712813643292376,1.167127002692692,2.09567661519825,1.1673674267766883,2.2070850126079726,1.2030300357875052,1.8043378859547565,1.102775561952327,1.8933007097349694,1.140151799896578
2022-06-15,2.877726158079689,1.0752622054223835,2.8771100708827246,1.1269571011352584,2.6376679321008463,1.0802595591019877,2.7452105981404333,1.167127002692692,2.1103660038374374,1.1673674267766883,2.222528323429165,1.2030300357875052,1.8104640813725852,1.102775561952327,1.900736340246618,1.140151799896578
2022-06-16,2.734422051309258,1.0752622054223835,2.7182804102706752,1.1269571011352584,2.5022646312024777,1.0802595591019877,2.5862649268451996,1.167127002692692,2.000196459829852,1.1673674267766883,2.106063759817961,1.2030300357875052,1.7175722124831692,1.102775561952327,1.803039493142152,1.140151799896578
2022-06-17,2.6443728024460897,1.0752622054223835,2.606008183341091,1.1269571011352584,2.4163276657042703,1.0802595591019877,2.469140872215792,1.167127002692692,1.9333519010564824,1.1673674267766883,2.0281731417479363,1.2030300357875052,1.659400274516213,1.102775561952327,1.7357607973477651,1.140151799896578
2022-06-21,2.722182495922512,1.0752622054223835,2.668498524468391,1.1269571011352584,2.490363212847782,1.0802595591019877,2.5305517348275774,1.167127002692692,1.9969855647150183,1.1673674267766883,2.0968518412729718,1.2030300357875052,1.7134013770140915,1.102775561952327,1.7947277326342612,1.140151799896578
2022-06-22,2.61058109133265,1.0752622054223835,2.542631372729828,1.1269571011352584,2.3871243730247698,1.0802595591019877,2.4071055725348796,1.167127002692692,1.9249269890865057,1.1673674267766883,2.0127774017491613,1.2030300357875052,1.6557217061565537,1.102775561952327,1.7268477266678646,1.140151799896578
2022-06-23,2.53492352018396,1.0752622054223835,2.448007413693698,1.1269571011352584,2.3150614719178733,1.0802595591019877,2.3134104471223464,1.167127002692692,1.8753213557632984,1.1673674267766883,1.9535932037384474,1.2030300357875052,1.6166964199842349,1.102775561952327,1.6798909988864317,1.140151799896578
2022-06-24,2.593477584702931,1.0752622054223835,2.5057599169604243,1.1269571011352584,2.367438274098651,1.0802595591019877,2.366305732813388,1.167127002692692,1.9168230383264406,1.1673674267766883,2.00130529267871,1.2030300357875052,1.6501766982143404,1.102775561952327,1.7194730412740458,1.140151799896578
2022-06-27,2.705538293944809,1.0752622054223835,2.603933635139595,1.1269571011352584,2.4725861150656168,1.0802595591019877,2.460142008984819,1.167127002692692,1.9778936870373853,1.1673674267766883,2.064920485691742,1.2030300357875052,1.7012553640822428,1.102775561952327,1.7722928089251604,1.140151799896578
2022-06-28,2.7110944644004764,1.0752622054223835,2.6225330236974727,1.1269571011352584,2.4855778571136873,1.0802595591019877,2.4882980892612427,1.167127002692692,1.9837196459084092,1.1673674267766883,2.0747453951227577,1.2030300357875052,1.708129976704834,1.102775561952327,1.7820449007027497,1.140151799896578
2022-06-29,2.636504192619798,1.0752622054223835,2.526028827609168,1.1269571011352584,2.419118202332622,1.0802595591019877,2.394179066713385,1.167127002692692,1.935057852586562,1.1673674267766883,2.018012309700313,1.2030300357875052,1.6694337905020344,1.102775561952327,1.7364928979133192,1.140151799896578
2022-06-30,2.5209924709286717,1.0752622054223835,2.4174409254052227,1.1269571011352584,2.315751643868371,1.0802595591019877,2.286646548129172,1.167127002692692,1.8737774932855547,1.1673674267766883,1.9536367657530522,1.2030300357875052,1.621317020201619,1.102775561952327,1.6852159522945023,1.140151799896578
2022-07-01,2.5143844907159294,1.0752622054223835,2.3982585593995545,1.1269571011352584,2.3174562276932966,1.0802595591019877,2.274879087278464,1.167127002692692,1.8842199557338175,1.1673674267766883,1.9593684065499077,1.2030300357875052,1.634762196935524,1.102775561952327,1.6952712610931764,1.140151799896578
2022-07-05,2.4135380437200036,1.0752622054223835,2.2611091046840444,1.1269571011352584,2.2263638022723304,1.0802595591019877,2.140043157423875,1.167127002692692,1.8152484745232853,1.1673674267766883,1.8759323515647848,1.2030300357875052,1.577492911158177,1.102775561952327,1.6260902181817554,1.140151799896578
2022-07-06,2.3731385522969863,1.0752622054223835,2.2236167096190145,1.1269571011352584,2.188197071085642,1.0802595591019877,2.1049851938228556,1.167127002692692,1.7889989925225829,1.1673674267766883,1.8502217754916084,1.2030300357875052,1.5565071815714095,1.102775561952327,1.6058514315095889,1.140151799896578
2022-07-07,2.537944275510151,1.0752622054223835,2.3832355941023224,1.1269571011352584,2.3370996184054684,1.0802595591019877,2.253005570326924,1.167127002692692,1.8957022590043455,1.1673674267766883,1.9526879875597432,1.2030300357875052,1.6428854348606698,1.102775561952327,1.687474518338613,1.140151799896578
2022-07-08,2.544687028831812,1.0752622054223835,2.3910648744593987,1.1269571011352584,2.342912439075269,1.0802595591019877,2.259798664163556,1.167127002692692,1.9058910302313683,1.1673674267766883,1.9589585299225416,1.2030300357875052,1.6526243945663184,1.102775561952327,1.693683640666137,1.140151799896578
2022-07-11,2.532566027100532,1.0752622054223835,2.372366499980049,1.1269571011352584,2.3307809774103037,1.0802595591019877,2.241539465507801,1.167127002692692,1.8909656666590766,1.1673674267766883,1.9436669087629368,1.2030300357875052,1.6413639668032645,1.102775561952327,1.6822038046191679,1.140151799896578
2022-07-12,2.493112035405817,1.0752622054223835,2.333345739161928,1.1269571011352584,2.2932255086647126,1.0802595591019877,2.2030182124373945,1.167127002692692,1.858432002939538,1.1673674267766883,1.9042433613358172,1.2030300357875052,1.6133566718560501,1.102775561952327,1.6499090096012163,1.140151799896578
2022-07-13,2.563161534196272,1.0752622054223835,2.395282708229269,1.1269571011352584,2.357316594814227,1.0802595591019877,2.259351313239234,1.167127002692692,1.8865783622150964,1.1673674267766883,1.934660784845272,1.2030300357875052,1.6344571850298177,1.102775561952327,1.6734282885463327,1.140151799896578
2022-07-14,2.5042373708838253,1.0752622054223835,2.350628409788568,1.1269571011352584,2.303314629745249,1.0802595591019877,2.217524743378795,1.167127002692692,1.8525225123934455,1.1673674267766883,1.8970070044657246,1.2030300357875052,1.606949654142474,1.102775561952327,1.6434685367080821,1.140151799896578
2022-07-15,2.557060092822947,1.0752622054223835,2.4113489104909274,1.1269571011352584,2.3525805746127415,1.0802595591019877,2.2747103580939485,1.167127002692692,1.8973630769642125,1.1673674267766883,1.9401349871951705,1.2030300357875052,1.6458133483017443,1.102775561952327,1.6799729192452983,1.140151799896578
2022-07-18,2.5965810391753927,1.0752622054223835,2.4625953177054742,1.1269571011352584,2.388001365705173,1.0802595591019877,2.3219974048212393,1.167127002692692,1.9307599803274582,1.1673674267766883,1.9762616356958917,1.2030300357875052,1.6721365368090157,1.102775561952327,1.708837327862815,1.140151799896578
2022-07-19,2.682105560905248,1.0752622054223835,2.5538623546909682,1.1269571011352584,2.4696351304584434,1.0802595591019877,2.4103175298361217,1.167127002692692,2.00234353673999,1.1673674267766883,2.053553541876557,1.2030300357875052,1.7333242297845726,1.102775561952327,1.7686518431509282,1.140151799896578
2022-07-20,2.7341242060841973,1.0752622054223835,2.6199037678005923,1.1269571011352584,2.5181779011503966,1.0802595591019877,2.471656033749363,1.167127002692692,2.0374324734589275,1.1673674267766883,2.083928508294835,1.2030300357875052,1.7608181564487415,1.102775561952327,1.792373915182952,1.140151799896578
2022-07-21,2.6758042174861374,1.0752622054223835,2.557241582893911,1.1269571011352584,2.466117943637748,1.0802595591019877,2.412869069593789,1.167127002692692,2.0032052366103064,1.1673674267766883,2.040452027558088,1.2030300357875052,1.733049702896105,1.102775561952327,1.757769107773074,1.140151799896578
2022-07-22,2.6422256112477847,1.0752622054223835,2.513313139520903,1.1269571011352584,2.4342325551157447,1.0802595591019877,2.3707906077160206,1.167127002692692,1.9717809743834935,1.1673674267766883,2.014770357230398,1.2030300357875052,1.707442029724896,1.102775561952327,1.7371647210482966,1.140151799896578
2022-07-25,2.8108024302431662,1.0752622054223835,2.670479431112834,1.1269571011352584,2.5864010891754963,1.0802595591019877,2.5179130833790206,1.167127002692692,2.0694117621623827,1.1673674267766883,2.112045515976883,1.2030300357875052,1.7875292548609338,1.102775561952327,1.8159445560863627,1.140151799896578
2022-07-26,2.8055222813654552,1.0752622054223835,2.6590062040577696,1.1269571011352584,2.5808112091829565,1.0802595591019877,2.5065078515548236,1.167127002692692,2.0594682784239087,1.1673674267766883,2.0970356983819083,1.2030300357875052,1.778837689350985,1.102775561952327,1.8030071823364966,1.140151799896578
2022-07-27,2.902456734485779,1.0752622054223835,2.7576822695292136,1.1269571011352584,2.6676465362792525,1.0802595591019877,2.5978460629581654,1.167127002692692,2.137928436128457,1.1673674267766883,2.174439767239666,1.2030300357875052,1.8417152108662775,1.102775561952327,1.8637944168939404,1.140151799896578
2022-07-28,2.8790090922538356,1.0752622054223835,2.747120878519864,1.1269571011352584,2.6491084265905256,1.0802595591019877,2.5903791552356017,1.167127002692692,2.1407986891478323,1.1673674267766883,2.1816712254610384,1.2030300357875052,1.8460927638309,1.102775561952327,1.8745365796824383,1.140151799896578
2022-07-29,2.948427904090357,1.0752622054223835,2.823562759637597,1.1269571011352584,2.717843878806683,1.0802595591019877,2.666691887383836,1.167127002692692,2.1961451955293776,1.1673674267766883,2.2320307279784326,1.2030300357875052,1.8936091285456975,1.102775561952327,1.9171373686160285,1.140151799896578
2022-08-01,2.881656484151867,1.0752622054223835,2.7708873678385717,1.1269571011352584,2.6565129546915998,1.0802595591019877,2.6171166543684112,1.167127002692692,2.154000027581469,1.1673674267766883,2.1945869886361757,1.2030300357875052,1.8589149498317763,1.102775561952327,1.887021021542732,1.140151799896578
2022-08-02,2.8890091944762015,1.0752622054223835,2.7726020655279453,1.1269571011352584,2.6644951545239204,1.0802595591019877,2.6179583030279567,1.167127002692692,2.1573370674161243,1.1673674267766883,2.198854082408838,1.2030300357875052,1.861871090104929,1.102775561952327,1.8893646077293893,1.140151799896578
2022-08-03,2.8515495340908448,1.0752622054223835,2.7339459767574117,1.1269571011352584,2.626389282950673,1.0802595591019877,2.575660672555634,1.167127002692692,2.1317367197187274,1.1673674267766883,2.1676611169481177,1.2030300357875052,1.837739207511319,1.102775561952327,1.8619831182659596,1.140151799896578
2022-08-04,2.7300285965017896,1.0752622054223835,2.5599938431293165,1.1269571011352584,2.509818682256202,1.0802595591019877,2.4168032660002257,1.167127002692692,2.0469809402184818,1.1673674267766883,2.073528664818561,1.2030300357875052,1.771676910164842,1.102775561952327,1.7888423552723258,1.140151799896578
2022-08-05,2.7985070127226535,1.0752622054223835,2.6230764346269284,1.1269571011352584,2.5716639141526345,1.0802595591019877,2.475597355744219,1.167127002692692,2.1022690431491213,1.1673674267766883,2.128779008797568,1.2030300357875052,1.8156697752293036,1.102775561952327,1.8339498636467102,1.140151799896578
2022-08-08,2.808842339728024,1.0752622054223835,2.628453920526036,1.1269571011352584,2.5845432387135046,1.0802595591019877,2.484246598553287,1.167127002692692,2.1127194108467715,1.1673674267766883,2.1405272555684665,1.2030300357875052,1.825135163673659,1.102775561952327,1.8449391550717378,1.140151799896578
2022-08-09,2.858387520487164,1.0752622054223835,2.6887822998079614,1.1269571011352584,2.629826369488361,1.0802595591019877,2.5395063309402244,1.167127002692692,2.1413154439484394,1.1673674267766883,2.1718090999896957,1.2030300357875052,1.8489645993180035,1.102775561952327,1.8722627134781058,1.140151799896578
2022-08-10,2.8912783415075953,1.0752622054223835,2.730071459438039,1.1269571011352584,2.656468839688413,1.0802595591019877,2.5745237458475323,1.167127002692692,2.167271777765921,1.1673674267766883,2.2054839908850212,1.2030300357875052,1.8687325001835555,1.102775561952327,1.9003788734452172,1.140151799896578
2022-08-11,3.0000968017115235,1.0752622054223835,2.8383333632884447,1.1269571011352584,2.7484685906026884,1.0802595591019877,2.669314286508344,1.167127002692692,2.2260691820146397,1.1673674267766883,2.27236820811998,1.2030300357875052,1.911459753651683,1.102775561952327,1.9526261556217328,1.140151799896578
2022-08-12,3.0757049714497073,1.0752622054223835,2.914307907956604,1.1269571011352584,2.7998712895579354,1.0802595591019877,2.723192642216526,1.167127002692692,2.2627756044261385,1.1673674267766883,2.310724571672622,1.2030300357875052,1.9359871290957418,1.102775561952327,1.9799527404472508,1.140151799896578
2022-08-15,3.0401969619244924,1.0752622054223835,2.8825867356391033,1.1269571011352584,2.7568917922495086,1.0802595591019877,2.6827317440191933,1.167127002692692,2.237184047288796,1.1673674267766883,2.277393364283948,1.2030300357875052,1.9175512989568197,1.102775561952327,1.951541621475799,1.140151799896578
2022-08-16,3.0323697614663496,1.0752622054223835,2.88060583018822,1.1269571011352584,2.7594182043372744,1.0802595591019877,2.689369410941013,1.167127002692692,2.234425648080515,1.1673674267766883,2.2735378329325746,1.2030300357875052,1.9189090647728217,1.102775561952327,1.952203954175694,1.140151799896578
2022-08-17,3.0243875528258286,1.0752622054223835,2.8708421638429376,1.1269571011352584,2.7529272269570613,1.0802595591019877,2.681180955237519,1.167127002692692,2.2365956859773193,1.1673674267766883,2.281338650413522,1.2030300357875052,1.9207803546182607,1.102775561952327,1.9588342603907958,1.140151799896578
2022-08-18,3.1364069241398247,1.0752622054223835,2.989304043357567,1.1269571011352584,2.8412910428151106,1.0802595591019877,2.7780270296590044,1.167127002692692,2.3087705507026137,1.1673674267766883,2.3640862455685365,1.2030300357875052,1.9702742827984772,1.102775561952327,2.0218692962487568,1.140151799896578
2022-08-19,3.1182430082096912,1.0752622054223835,2.971291107729353,1.1269571011352584,2.834541139866025,1.0802595591019877,2.7705601865184755,1.167127002692692,2.2921216930864072,1.1673674267766883,2.343454677055983,1.2030300357875052,1.9598185151511955,1.102775561952327,2.0075772414219504,1.140151799896578
2022-08-22,3.160406615161761,1.0752622054223835,3.024828903394754,1.1269571011352584,2.862859354099131,1.0802595591019877,2.809867621785084,1.167127002692692,2.304679955195381,1.1673674267766883,2.3662597897974784,1.2030300357875052,1.9617197916288862,1.102775561952327,2.021802627220165,1.140151799896578
2022-08-23,3.199129492376937,1.0752622054223835,3.0517289857129075,1.1269571011352584,2.902146292170171,1.0802595591019877,2.840224554746832,1.167127002692692,2.335140896787014,1.1673674267766883,2.411142807206647,1.2030300357875052,1.9838434745363434,1.102775561952327,2.059776668771887,1.140151799896578
2022-08-24,3.257611747316468,1.0752622054223835,3.1083426045461686,1.1269571011352584,2.951157831226752,1.0802595591019877,2.8894373910453326,1.167127002692692,2.366620427304273,1.1673674267766883,2.447130358068808,1.2030300357875052,2.006219998192204,1.102775561952327,2.086685713294364,1.140151799896578
2022-08-25,3.2833735160724324,1.0752622054223835,3.1456607622212465,1.1269571011352584,2.9751206658408917,1.0802595591019877,2.9262422248871274,1.167127002692692,2.385268766560183,1.1673674267766883,2.4647362825413777,1.2030300357875052,2.0239051552317404,1.102775561952327,2.103043892842747,1.140151799896578
2022-08-26,3.233611967160916,1.0752622054223835,3.112935043960713,1.1269571011352584,2.9282744929784648,1.0802595591019877,2.893943808174244,1.167127002692692,2.3490989088040664,1.1673674267766883,2.4318571741465265,1.2030300357875052,1.9920342938310978,1.102775561952327,2.073827333380617,1.140151799896578
2022-08-29,3.237605871242515,1.0752622054223835,3.1068942668845247,1.1269571011352584,2.925297537138188,1.0802595591019877,2.8831673240540536,1.167127002692692,2.357141697704072,1.1673674267766883,2.44571232256993,1.2030300357875052,1.998434099951034,1.102775561952327,2.086033855356514,1.140151799896578
2022-08-30,3.017238207256875,1.0752622054223835,2.883981499846975,1.1269571011352584,2.759856209603367,1.0802595591019877,2.7086793766350623,1.167127002692692,2.244319171702456,1.1673674267766883,2.3190082737571505,1.2030300357875052,1.9242860604408896,1.102775561952327,1.9935882893238686,1.140151799896578
2022-08-31,3.0463076309717696,1.0752622054223835,2.9186218375026196,1.1269571011352584,2.7761545676823736,1.0802595591019877,2.7311513164567818,1.167127002692692,2.256683913651044,1.1673674267766883,2.3314141451609864,1.2030300357875052,1.9281246665539713,1.102775561952327,1.9996812440212917,1.140151799896578
2022-09-01,2.9451736083857583,1.0752622054223835,2.815343554381893,1.1269571011352584,2.6987853825501467,1.0802595591019877,2.648702843203631,1.167127002692692,2.1986616409206383,1.1673674267766883,2.260765369180054,1.2030300357875052,1.8893041051224149,1.102775561952327,1.9455433666925448,1.140151799896578
2022-09-02,3.032406304333399,1.0752622054223835,2.8991455310987044,1.1269571011352584,2.761942146585599,1.0802595591019877,2.7116535131644075,1.167127002692692,2.2467896684302437,1.1673674267766883,2.3160413720927218,1.2030300357875052,1.9184965178958582,1.102775561952327,1.9850172715360799,1.140151799896578
2022-09-06,2.978587647729151,1.0752622054223835,2.8421491463240245,1.1269571011352584,2.7061147409740065,1.0802595591019877,2.653600325324536,1.167127002692692,2.2142538668238476,1.1673674267766883,2.285333478381626,1.2030300357875052,1.8916913739834171,1.102775561952327,1.9601649942376353,1.140151799896578
2022-09-07,2.953676272426964,1.0752622054223835,2.8215825444557465,1.1269571011352584,2.687405456205865,1.0802595591019877,2.634986754153877,1.167127002692692,2.2065652238168907,1.1673674267766883,2.2639334543119123,1.2030300357875052,1.887557921463545,1.102775561952327,1.9457798625662113,1.140151799896578
2022-09-08,2.944484513926632,1.0752622054223835,2.8252989688621852,1.1269571011352584,2.681187591436103,1.0802595591019877,2.6356299939657797,1.167127002692692,2.2152258317106504,1.1673674267766883,2.271487623055637,1.2030300357875052,1.893817104346948,1.102775561952327,1.9510788948044742,1.140151799896578
2022-09-09,3.022382059643211,1.0752622054223835,2.894084702243215,1.1269571011352584,2.7477841047399676,1.0802595591019877,2.699164484352583,1.167127002692692,2.2667573559777785,1.1673674267766883,2.3284813956538337,1.2030300357875052,1.9338248383614862,1.102775561952327,1.995384705418464,1.140151799896578
2022-09-12,3.0652173451147053,1.0752622054223835,2.93291516403665,1.1269571011352584,2.7843122989465314,1.0802595591019877,2.735761018351448,1.167127002692692,2.2968339578764407,1.1673674267766883,2.358140011089311,1.2030300357875052,1.9565244368661348,1.102775561952327,2.017834789192,1.140151799896578
2022-09-13,2.988124369098216,1.0752622054223835,2.862811701181954,1.1269571011352584,2.7163622351229693,1.0802595591019877,2.6702921346635557,1.167127002692692,2.23899573441802,1.1673674267766883,2.3003759539957027,1.2030300357875052,1.906139042660018,1.102775561952327,1.9670058201995262,1.140151799896578
2022-09-14,3.085818455334748,1.0752622054223835,2.9571415079368815,1.1269571011352584,2.8025464578354353,1.0802595591019877,2.75811535586559,1.167127002692692,2.301800640558559,1.1673674267766883,2.3610718866118705,1.2030300357875052,1.952945821159193,1.102775561952327,2.0122732154718754,1.140151799896578
2022-09-15,2.967858171050618,1.0752622054223835,2.8518677488265785,1.1269571011352584,2.7028454839967018,1.0802595591019877,2.6639191637191755,1.167127002692692,2.241684963087304,1.1673674267766883,2.297619189101012,1.2030300357875052,1.9071475909871554,1.102775561952327,1.9636811962664207,1.140151799896578
2022-09-16,2.8534542055103103,1.0752622054223835,2.7414316464691635,1.1269571011352584,2.601098709206471,1.0802595591019877,2.560510232796994,1.167127002692692,2.1829929521156024,1.1673674267766883,2.2347757506294466,1.2030300357875052,1.8624841214294434,1.102775561952327,1.9155354826486335,1.140151799896578
2022-09-19,2.884364630570381,1.0752622054223835,2.7668188618544383,1.1269571011352584,2.629921155832014,1.0802595591019877,2.5892909331947362,1.167127002692692,2.1973758801046888,1.1673674267766883,2.248664838413438,1.2030300357875052,1.8763738775168377,1.102775561952327,1.9297129062311864,1.140151799896578
2022-09-20,2.850904371161958,1.0752622054223835,2.7392773841694416,1.1269571011352584,2.6027672839689404,1.0802595591019877,2.5657346494974833,1.167127002692692,2.172152278678575,1.1673674267766883,2.229849225163218,1.2030300357875052,1.8571543265927475,1.102775561952327,1.9151709619603838,1.140151799896578
2022-09-21,2.7963377618163263,1.0752622054223835,2.677759564227803,1.1269571011352584,2.552575903099626,1.0802595591019877,2.51054673917912,1.167127002692692,2.13632026955955,1.1673674267766883,2.189282247260645,1.2030300357875052,1.8288715178910473,1.102775561952327,1.8834091452064778,1.140151799896578
2022-09-22,2.7432698891071623,1.0752622054223835,2.6234402154216547,1.1269571011352584,2.5015417970465563,1.0802595591019877,2.45685033247595,1.167127002692692,2.0959866135641847,1.1673674267766883,2.1595875528985604,1.2030300357875052,1.7974094905727984,1.102775561952327,1.8604244033231838,1.140151799896578
2022-09-23,2.5522035508960665,1.0752622054223835,2.4371910216208357,1.1269571011352584,2.3361827763040064,1.0802595591019877,2.285948150922009,1.167127002692692,1.9635536352347633,1.1673674267766883,2.025020489230632,1.2030300357875052,1.6933050867951214,1.102775561952327,1.7539757123298902,1.140151799896578
2022-09-26,2.488352788455973,1.0752622054223835,2.368951127442676,1.1269571011352584,2.276355499246349,1.0802595591019877,2.2191802852532962,1.167127002692692,1.916814996559488,1.1673674267766883,1.9747812209567894,1.2030300357875052,1.6538202793350996,1.102775561952327,1.7117285534516387,1.140151799896578
2022-09-27,2.561844915648804,1.0752622054223835,2.442011914154587,1.1269571011352584,2.338037298053342,1.0802595591019877,2.2821960033818076,1.167127002692692,1.9597576650162765,1.1673674267766883,2.0212568875062638,1.2030300357875052,1.6848522706151117,1.102775561952327,1.7462830016301374,1.140151799896578
2022-09-28,2.711257209700328,1.0752622054223835,2.5812400932214845,1.1269571011352584,2.4667372578448323,1.0802595591019877,2.4080578044377536,1.167127002692692,2.062369320813952,1.1673674267766883,2.126281212526225,1.2030300357875052,1.7672312899002556,1.102775561952327,1.8309523222340378,1.140151799896578
2022-09-29,2.66991227974515,1.0752622054223835,2.540256457438802,1.1269571011352584,2.429825355085846,1.0802595591019877,2.3725019798068825,1.167127002692692,2.0329038173138914,1.1673674267766883,2.1024892880476087,1.2030300357875052,1.7433550223786718,1.102775561952327,1.810742130402596,1.140151799896578
2022-09-30,2.6750343456222,1.0752622054223835,2.550425142749634,1.1269571011352584,2.432603789919744,1.0802595591019877,2.3783302620023448,1.167127002692692,2.03178173040344,1.1673674267766883,2.0996938129255422,1.2030300357875052,1.7402237392995499,1.102775561952327,1.8061884664149872,1.140151799896578
2022-10-03,2.8152542976198056,1.0752622054223835,2.687308392328527,1.1269571011352584,2.555697928440089,1.0802595591019877,2.5046550858962986,1.167127002692692,2.1345224155964937,1.1673674267766883,2.205488875237497,1.2030300357875052,1.8223112730867046,1.102775561952327,1.8907768619875653,1.140151799896578
2022-10-04,2.9534833177967137,1.0752622054223835,2.8290418597668627,1.1269571011352584,2.6778007689384635,1.0802595591019877,2.633369412407074,1.167127002692692,2.224604504151451,1.1673674267766883,2.2989302139669503,1.2030300357875052,1.8936299100512817,1.102775561952327,1.9653720284325569,1.140151799896578
2022-10-05,2.953085269238479,1.0752622054223835,2.8268568947653914,1.1269571011352584,2.6757423673112943,1.0802595591019877,2.630471647727126,1.167127002692692,2.2321939210104933,1.1673674267766883,2.319049126090734,1.2030300357875052,1.8984625759741913,1.102775561952327,1.9790186556291591,1.140151799896578
2022-10-06,2.9388801835475458,1.0752622054223835,2.8195863158462076,1.1269571011352584,2.6602064134212013,1.0802595591019877,2.6221214251033906,1.167127002692692,2.2343344235776392,1.1673674267766883,2.3281668764419403,1.2030300357875052,1.8997267666620477,1.102775561952327,1.9854374490255275,1.140151799896578
2022-10-07,2.8878967802329445,1.0752622054223835,2.7731140791631965,1.1269571011352584,2.613034804131367,1.0802595591019877,2.578717107051997,1.167127002692692,2.196298242485002,1.1673674267766883,2.297498423394341,1.2030300357875052,1.8678402230132598,1.102775561952327,1.959124578707957,1.140151799896578
2022-10-10,2.85979931766045,1.0752622054223835,2.747731913721585,1.1269571011352584,2.5980360672429788,1.0802595591019877,2.5645007375666533,1.167127002692692,2.1718106945179674,1.1673674267766883,2.270433220047113,1.2030300357875052,1.8521817554083355,1.102775561952327,1.9394246116322176,1.140151799896578
2022-10-11,2.8460784502537466,1.0752622054223835,2.7266754121156507,1.1269571011352584,2.5934125198905043,1.0802595591019877,2.5503126396357696,1.167127002692692,2.1640381581154644,1.1673674267766883,2.2521108740110787,1.2030300357875052,1.8479673135224288,1.102775561952327,1.9264897506119687,1.140151799896578
2022-10-12,2.8811335780047393,1.0752622054223835,2.758340708652381,1.1269571011352584,2.612317648155546,1.0802595591019877,2.566713017297385,1.167127002692692,2.170575685414545,1.1673674267766883,2.270237075962478,1.2030300357875052,1.8491393503088163,1.102775561952327,1.938047219972845,1.140151799896578
2022-10-13,2.971299056670998,1.0752622054223835,2.847512711140469,1.1269571011352584,2.6919807458363407,1.0802595591019877,2.6483851251288923,1.167127002692692,2.237380971826858,1.1673674267766883,2.347639229846236,1.2030300357875052,1.906325140901542,1.102775561952327,2.003371031563442,1.140151799896578
2022-10-14,2.8597038423182566,1.0752622054223835,2.733202695740777,1.1269571011352584,2.598212639780667,1.0802595591019877,2.5487752366992744,1.167127002692692,2.151651014518565,1.1673674267766883,2.246921973251171,1.2030300357875052,1.8382882882937044,1.102775561952327,1.9216269340199286,1.140151799896578
2022-10-17,2.931442701384224,1.0752622054223835,2.7994396412485765,1.1269571011352584,2.660434969632738,1.0802595591019877,2.6073505299387234,1.167127002692692,2.1969340436816243,1.1673674267766883,2.2940379318350805,1.2030300357875052,1.875525317133799,1.102775561952327,1.9597192659937317,1.140151799896578
2022-10-18,2.9601787342346593,1.0752622054223835,2.829329602284048,1.1269571011352584,2.690504475900033,1.0802595591019877,2.6405106818307615,1.167127002692692,2.2283003977145652,1.1673674267766883,2.3233041122037035,1.2030300357875052,1.9040589544424706,1.102775561952327,1.9861381401519485,1.140151799896578
2022-10-19,2.958558464949365,1.0752622054223835,2.82872207175922,1.1269571011352584,2.687105811355056,1.0802595591019877,2.6382105145676857,1.167127002692692,2.2404027669295377,1.1673674267766883,2.349300004467144,1.2030300357875052,1.9123131208679642,1.102775561952327,2.006799740435631,1.140151799896578
2022-10-20,2.9357802503158617,1.0752622054223835,2.814559012835945,1.1269571011352584,2.664643449936881,1.0802595591019877,2.6244405900850234,1.167127002692692,2.2305098347762855,1.1673674267766883,2.3416471374956096,1.2030300357875052,1.8994886341369617,1.102775561952327,1.9997067703953606,1.140151799896578
2022-10-21,2.9936242725307833,1.0752622054223835,2.87084608007,1.1269571011352584,2.7269813455060037,1.0802595591019877,2.686724699702839,1.167127002692692,2.283657099531305,1.1673674267766883,2.392290436024414,1.2030300357875052,1.9465517076360785,1.102775561952327,2.0462766887503534,1.140151799896578
2022-10-24,2.9973567425218657,1.0752622054223835,2.8641150480477973,1.1269571011352584,2.737082842880209,1.0802595591019877,2.6833329098561256,1.167127002692692,2.2836837442873876,1.1673674267766883,2.4033155673239657,1.2030300357875052,1.9502181954037527,1.102775561952327,2.0557086521590016,1.140151799896578
2022-10-25,3.05904095274941,1.0752622054223835,2.9304652386784658,1.1269571011352584,2.785641917662983,1.0802595591019877,2.7412105904874693,1.167127002692692,2.3113243056841344,1.1673674267766883,2.438398303050066,1.2030300357875052,1.9696581759083207,1.102775561952327,2.082486423993096,1.140151799896578
2022-10-26,3.1023616997025374,1.0752622054223835,2.9693880854761283,1.1269571011352584,2.8177679224142285,1.0802595591019877,2.7716923359497083,1.167127002692692,2.338691683178731,1.1673674267766883,2.472848867699893,1.2030300357875052,1.9885888972130283,1.102775561952327,2.106806334765257,1.140151799896578
2022-10-27,3.124171844463666,1.0752622054223835,2.984467146577491,1.1269571011352584,2.843370969893304,1.0802595591019877,2.7871865014971973,1.167127002692692,2.362868663658674,1.1673674267766883,2.4806006712880024,1.2030300357875052,2.0056924497691493,1.102775561952327,2.1161211898587933,1.140151799896578
2022-10-28,3.1409338233351525,1.0752622054223835,2.992519968187277,1.1269571011352584,2.866652140579117,1.0802595591019877,2.799212968508588,1.167127002692692,2.3846022643679374,1.1673674267766883,2.4929760279343145,1.2030300357875052,2.0284017766876277,1.102775561952327,2.1289653337333254,1.140151799896578
2022-10-31,3.153482110051155,1.0752622054223835,3.0068512888338472,1.1269571011352584,2.8720273532007576,1.0802595591019877,2.8078513075490146,1.167127002692692,2.394411020189825,1.1673674267766883,2.519454653403328,1.2030300357875052,2.034007085209542,1.102775561952327,2.146739723137453,1.140151799896578
2022-11-01,3.1380617259984325,1.0752622054223835,2.9920796808792876,1.1269571011352584,2.853566802310149,1.0802595591019877,2.787853428882211,1.167127002692692,2.407622971239252,1.1673674267766883,2.526494877004093,1.2030300357875052,2.04615215506616,1.102775561952327,2.153903874635146,1.140151799896578
2022-11-02,3.0389266454128268,1.0752622054223835,2.8978196505331444,1.1269571011352584,2.7713617887370026,1.0802595591019877,2.7084632348532005,1.167127002692692,2.344761228339923,1.1673674267766883,2.46230480297209,1.2030300357875052,1.9931876772311716,1.102775561952327,2.099727344439181,1.140151799896578
2022-11-03,3.0586456329412055,1.0752622054223835,2.916253416387778,1.1269571011352584,2.792406029815637,1.0802595591019877,2.7266602404915914,1.167127002692692,2.3611687891829862,1.1673674267766883,2.4826870937396346,1.2030300357875052,2.00663528069368,1.102775561952327,2.117030560589934,1.140151799896578
2022-11-04,3.1318972341347724,1.0752622054223835,2.990155797576802,1.1269571011352584,2.8474016501880226,1.0802595591019877,2.7873554412408867,1.167127002692692,2.397750527384953,1.1673674267766883,2.5170264665407243,1.2030300357875052,2.0304819403429537,1.102775561952327,2.1431897292639843,1.140151799896578
2022-11-07,3.1989185028733917,1.0752622054223835,3.060358437264493,1.1269571011352584,2.893259783217591,1.0802595591019877,2.8401097064124494,1.167127002692692,2.442876233572611,1.1673674267766883,2.5686952716648745,1.2030300357875052,2.0627108220026207,1.102775561952327,2.1816813683480993,1.140151799896578
2022-11-08,3.1831466416402914,1.0752622054223835,3.0420206298509305,1.1269571011352584,2.882556215968167,1.0802595591019877,2.826447273450984,1.167127002692692,2.4344253022913547,1.1673674267766883,2.560569891577079,1.2030300357875052,2.0579219544631693,1.102775561952327,2.1756747116475452,1.140151799896578
2022-11-09,3.020989145462708,1.0752622054223835,2.885954846018276,1.1269571011352584,2.758131051134566,1.0802595591019877,2.7000763559023575,1.167127002692692,2.3283824238968958,1.1673674267766883,2.4346895141819362,1.2030300357875052,1.9786038290049195,1.102775561952327,2.0787809860378097,1.140151799896578
2022-11-10,3.1297012723782207,1.0752622054223835,2.9808572710662107,1.1269571011352584,2.8343969837644263,1.0802595591019877,2.7693890262637155,1.167127002692692,2.396115332445161,1.1673674267766883,2.515613972484231,1.2030300357875052,2.0242223955725844,1.102775561952327,2.135377833226871,1.140151799896578
2022-11-11,3.120310724123992,1.0752622054223835,2.96811711480002,1.1269571011352584,2.815496171665437,1.0802595591019877,2.7460310041994083,1.167127002692692,2.394980633792634,1.1673674267766883,2.528099242262304,1.2030300357875052,2.0148649281474738,1.102775561952327,2.140181635471079,1.140151799896578
2022-11-14,3.1584661483715415,1.0752622054223835,2.9931594977148017,1.1269571011352584,2.84808512759936,1.0802595591019877,2.7690056083349166,1.167127002692692,2.40479229047636,1.1673674267766883,2.533273970417132,1.2030300357875052,2.0238347466302873,1.102775561952327,2.1460801684980537,1.140151799896578
2022-11-15,3.206097821853051,1.0752622054223835,3.0348338951758795,1.1269571011352584,2.8800257100068363,1.0802595591019877,2.796987426361388,1.167127002692692,2.4422820938283856,1.1673674267766883,2.5751449788789653,1.2030300357875052,2.051137513071251,1.102775561952327,2.1771203569607684,1.140151799896578
2022-11-16,3.140439591793607,1.0752622054223835,2.964040255572156,1.1269571011352584,2.8344730841661785,1.0802595591019877,2.7458386758588738,1.167127002692692,2.39791144056874,1.1673674267766883,2.5149834300584484,1.2030300357875052,2.0201147069609,1.102775561952327,2.1334068830655424,1.140151799896578
2022-11-17,3.1368309525830655,1.0752622054223835,2.9630440230776913,1.1269571011352584,2.8356638355597483,1.0802595591019877,2.7507922091022867,1.167127002692692,2.402884836322307,1.1673674267766883,2.5156128731918215,1.2030300357875052,2.0270485595760794,1.102775561952327,2.1359892038267208,1.140151799896578
2022-11-18,3.1248767714365013,1.0752622054223835,2.9416770976068545,1.1269571011352584,2.8302672316436825,1.0802595591019877,2.736856938749358,1.167127002692692,2.401990900015192,1.1673674267766883,2.5004282150497055,1.2030300357875052,2.028351060749862,1.102775561952327,2.125280768113119,1.140151799896578
2022-11-21,3.128423943464121,1.0752622054223835,2.9485499731124536,1.1269571011352584,2.8289237644311727,1.0802595591019877,2.7373723603065865,1.167127002692692,2.3872823318004808,1.1673674267766883,2.483075208798019,1.2030300357875052,2.0168442973625735,1.102775561952327,2.111217674673695,1.140151799896578
2022-11-22,3.2298901314993067,1.0752622054223835,3.0470643549128154,1.1269571011352584,2.9151078949984064,1.0802595591019877,2.8243769979367386,1.167127002692692,2.4539049532519974,1.1673674267766883,2.5553962307876894,1.2030300357875052,2.0689101239803307,1.102775561952327,2.16875981510013,1.140151799896578
2022-11-23,3.1993050039762383,1.0752622054223835,3.0279733559751922,1.1269571011352584,2.88635486083402,1.0802595591019877,2.8028330490476403,1.167127002692692,2.44045947211745,1.1673674267766883,2.532890307824761,1.2030300357875052,2.0560418292643616,1.102775561952327,2.1486153728928934,1.140151799896578
2022-11-25,3.2176714626120813,1.0752622054223835,3.0459391087149115,1.1269571011352584,2.9052749742289072,1.0802595591019877,2.8211292267247985,1.167127002692692,2.447875367010877,1.1673674267766883,2.5396854871123327,1.2030300357875052,2.0634217468661715,1.102775561952327,2.155573157547028,1.140151799896578
2022-11-28,3.151752961933347,1.0752622054223835,2.983072888954119,1.1269571011352584,2.850872569492137,1.0802595591019877,2.768778722496002,1.167127002692692,2.398236717985291,1.1673674267766883,2.4814838605987704,1.2030300357875052,2.024482849068378,1.102775561952327,2.1085896131847885,1.140151799896578
2022-11-29,3.1964330865711275,1.0752622054223835,3.0318980013443264,1.1269571011352584,2.8828554197320093,1.0802595591019877,2.8078061631585105,1.167127002692692,2.4245605378442145,1.1673674267766883,2.5136919954639887,1.2030300357875052,2.0437035127044823,1.102775561952327,2.132644418727561,1.140151799896578
2022-11-30,3.2231008388281586,1.0752622054223835,3.0545932801208897,1.1269571011352584,2.9111317806084718,1.0802595591019877,2.8315229209977675,1.167127002692692,2.4550299747118887,1.1673674267766883,2.5402932822016493,1.2030300357875052,2.0694207498901864,1.102775561952327,2.1551386021700547,1.140151799896578
2022-12-01,3.1593099719969033,1.0752622054223835,3.006070587808923,1.1269571011352584,2.85682983875056,1.0802595591019877,2.784375571553507,1.167127002692692,2.428205613897023,1.1673674267766883,2.5098885275715426,1.2030300357875052,2.04771607482406,1.102775561952327,2.1303724781650364,1.140151799896578
2022-12-02,3.1417240998246796,1.0752622054223835,3.0038699914879556,1.1269571011352584,2.8456319056066315,1.0802595591019877,2.786635051420728,1.167127002692692,2.428388831363263,1.1673674267766883,2.50777038723938,1.2030300357875052,2.0499459395787887,1.102775561952327,2.129731671534009,1.140151799896578
2022-12-05,2.978022825592377,1.0752622054223835,2.8591151554451444,1.1269571011352584,2.706064409215224,1.0802595591019877,2.664248933780235,1.167127002692692,2.318945363778513,1.1673674267766883,2.405541399875748,1.2030300357875052,1.9641997248084508,1.102775561952327,2.0502518673486705,1.140151799896578
2022-12-06,2.951678746191953,1.0752622054223835,2.8229284631937794,1.1269571011352584,2.6814095216782774,1.0802595591019877,2.6267195761354722,1.167127002692692,2.2815780962849512,1.1673674267766883,2.366595177626504,1.2030300357875052,1.9319723568852694,1.102775561952327,2.015984348872244,1.140151799896578
2022-12-07,2.899600002474051,1.0752622054223835,2.792166526675988,1.1269571011352584,2.6313695521122478,1.0802595591019877,2.594984266015249,1.167127002692692,2.258523554955357,1.1673674267766883,2.3508598188570278,1.2030300357875052,1.9144621125403172,1.102775561952327,2.0054068901338833,1.140151799896578
2022-12-08,2.869981800561904,1.0752622054223835,2.77848333255453,1.1269571011352584,2.6079043806529403,1.0802595591019877,2.5849802396694312,1.167127002692692,2.2363018724203694,1.1673674267766883,2.3313186709366645,1.2030300357875052,1.8961870573655377,1.102775561952327,1.9898211523348543,1.140151799896578
2022-12-09,2.813091009392562,1.0752622054223835,2.724178667976261,1.1269571011352584,2.5576460423828835,1.0802595591019877,2.536281009809011,1.167127002692692,2.1853215871067353,1.1673674267766883,2.284930872391531,1.2030300357875052,1.8545366158201975,1.102775561952327,1.9511724982294267,1.140151799896578
2022-12-12,2.9236117123407444,1.0752622054223835,2.8223692455987432,1.1269571011352584,2.6526724626229288,1.0802595591019877,2.622762446032097,1.167127002692692,2.258207266868194,1.1673674267766883,2.3560284133795286,1.2030300357875052,1.9121087161402026,1.102775561952327,2.0056718994750056,1.140151799896578
2022-12-13,2.957076364285787,1.0752622054223835,2.8513657685729727,1.1269571011352584,2.673948314112586,1.0802595591019877,2.645427123814044,1.167127002692692,2.295455073934738,1.1673674267766883,2.383763229740991,1.2030300357875052,1.9386316705124285,1.102775561952327,2.023196208468161,1.140151799896578
2022-12-14,2.950254070808193,1.0752622054223835,2.8340883577091796,1.1269571011352584,2.669405780819405,1.0802595591019877,2.6297571713188885,1.167127002692692,2.28183013723793,1.1673674267766883,2.369723853720425,1.2030300357875052,1.9279614823710725,1.102775561952327,2.012611957127524,1.140151799896578
2022-12-15,2.950827273379527,1.0752622054223835,2.8334997496505467,1.1269571011352584,2.6688180217717528,1.0802595591019877,2.6256441787595572,1.167127002692692,2.2783135838909714,1.1673674267766883,2.357979503133737,1.2030300357875052,1.9236976575390108,1.102775561952327,2.001851399964486,1.140151799896578
2022-12-16,2.9051066436822097,1.0752622054223835,2.7889402702976844,1.1269571011352584,2.62932657520636,1.0802595591019877,2.5868769608457196,1.167127002692692,2.2483613180999678,1.1673674267766883,2.3302398767323145,1.2030300357875052,1.9013114996885496,1.102775561952327,1.9818169763084066,1.140151799896578
2022-12-19,2.8862824117318495,1.0752622054223835,2.7696273392484523,1.1269571011352584,2.6155333861214465,1.0802595591019877,2.5666301447934594,1.167127002692692,2.2316918274382065,1.1673674267766883,2.313675111319248,1.2030300357875052,1.889164870684619,1.102775561952327,1.9695749366842055,1.140151799896578
2022-12-20,2.957036075829101,1.0752622054223835,2.8264106457425524,1.1269571011352584,2.6776330250568443,1.0802595591019877,2.6176717759089367,1.167127002692692,2.278324335721476,1.1673674267766883,2.354302945013774,1.2030300357875052,1.926147542793217,1.102775561952327,2.0011205377452086,1.140151799896578
2022-12-21,2.9997311696646416,1.0752622054223835,2.86203738315082,1.1269571011352584,2.716057175564103,1.0802595591019877,2.649246308692052,1.167127002692692,2.3230673221328346,1.1673674267766883,2.3951955290911338,1.2030300357875052,1.962771993591308,1.102775561952327,2.034241698416527,1.140151799896578
2022-12-22,2.9163233031587557,1.0752622054223835,2.785790492569104,1.1269571011352584,2.642918547785345,1.0802595591019877,2.5785022215648628,1.167127002692692,2.2601563778223155,1.1673674267766883,2.3359527422483213,1.2030300357875052,1.91152522187792,1.102775561952327,1.9873583618600794,1.140151799896578
2022-12-23,3.012604970927761,1.0752622054223835,2.859700887689577,1.1269571011352584,2.7260569624273705,1.0802595591019877,2.644420778144723,1.167127002692692,2.3302743941549777,1.1673674267766883,2.401818850397125,1.2030300357875052,1.9682335337934098,1.102775561952327,2.039936537963344,1.140151799896578
2022-12-27,3.020248752634987,1.0752622054223835,2.8511409435344657,1.1269571011352584,2.7331648539432445,1.0802595591019877,2.634227197469963,1.167127002692692,2.3356754251057095,1.1673674267766883,2.4047457777492056,1.2030300357875052,1.971597348281798,1.102775561952327,2.0408125903156553,1.140151799896578
2022-12-28,2.87417892794203,1.0752622054223835,2.726446203365365,1.1269571011352584,2.6100230228439902,1.0802595591019877,2.5223965417763736,1.167127002692692,2.245547766630146,1.1673674267766883,2.3188244678212033,1.2030300357875052,1.9011833939960692,1.102775561952327,1.9755969291483853,1.140151799896578
2022-12-29,2.9492341421756993,1.0752622054223835,2.7863398900777043,1.1269571011352584,2.673315623456308,1.0802595591019877,2.572685668043359,1.167127002692692,2.294346507833295,1.1673674267766883,2.354557229840135,1.2030300357875052,1.9373724757033077,1.102775561952327,1.9989059545908887,1.140151799896578
2022-12-30,2.95656105796499,1.0752622054223835,2.7902313515704744,1.1269571011352584,2.6792011457236073,1.0802595591019877,2.5760827862686084,1.167127002692692,2.303461429543803,1.1673674267766883,2.3600013100966897,1.2030300357875052,1.9443311531104075,1.102775561952327,2.003250285531427,1.140151799896578
2023-01-03,2.7945728496186932,1.0752622054223835,2.6428313297428816,1.1269571011352584,2.5394517641001157,1.0802595591019877,2.4416160391560346,1.167127002692692,2.1810119471853837,1.1673674267766883,2.2585529099493638,1.2030300357875052,1.845754284122978,1.102775561952327,1.9232614036740412,1.140151799896578
2023-01-04,2.8139763876867905,1.0752622054223835,2.6682433486541774,1.1269571011352584,2.5543217108749916,1.0802595591019877,2.4630584244395113,1.167127002692692,2.185908735687771,1.1673674267766883,2.2582312317627786,1.2030300357875052,1.8493017929712496,1.102775561952327,1.9224127520063485,1.140151799896578
2023-01-05,2.807706270618799,1.0752622054223835,2.6640948234131643,1.1269571011352584,2.5494241816019274,1.0802595591019877,2.4602094071557543,1.167127002692692,2.18768166101567,1.1673674267766883,2.2633994170869443,1.2030300357875052,1.853317490584862,1.102775561952327,1.9292317152224914,1.140151799896578
2023-01-06,2.8798815092202723,1.0752622054223835,2.7299371949366065,1.1269571011352584,2.614734384828002,1.0802595591019877,2.520743151016592,1.167127002692692,2.239724205888002,1.1673674267766883,2.312033503032931,1.2030300357875052,1.896429286328199,1.102775561952327,1.9688534473364374,1.140151799896578
2023-01-09,2.873198215339602,1.0752622054223835,2.7287171752967487,1.1269571011352584,2.6105908063914076,1.0802595591019877,2.520075989592207,1.167127002692692,2.2511217781031085,1.1673674267766883,2.32055113585244,1.2030300357875052,1.9041035733658973,1.102775561952327,1.9730442283964265,1.140151799896578
2023-01-10,2.891387462532873,1.0752622054223835,2.752802210792886,1.1269571011352584,2.6283485119010774,1.0802595591019877,2.5422519737875904,1.167127002692692,2.273554416051992,1.1673674267766883,2.3336675582195636,1.2030300357875052,1.9237880962425236,1.102775561952327,1.9852791393190923,1.140151799896578
2023-01-11,2.875085405002959,1.0752622054223835,2.7486473623442884,1.1269571011352584,2.614592134243555,1.0802595591019877,2.543412647823521,1.167127002692692,2.2769189509482457,1.1673674267766883,2.3360595464085487,1.2030300357875052,1.9279870404725206,1.102775561952327,1.9892159590026368,1.140151799896578
2023-01-12,2.959980584619074,1.0752622054223835,2.821410206968895,1.1269571011352584,2.6921275541680254,1.0802595591019877,2.607799244555852,1.167127002692692,2.3347230430903316,1.1673674267766883,2.3951917304589756,1.2030300357875052,1.97390536056276,1.102775561952327,2.0358017114790554,1.140151799896578
2023-01-13,2.990094738728765,1.0752622054223835,2.851831526016456,1.1269571011352584,2.7220861880638156,1.0802595591019877,2.638534207477803,1.167127002692692,2.3515966821310097,1.1673674267766883,2.412521178759531,1.2030300357875052,1.9877929115435424,1.102775561952327,2.050207614362198,1.140151799896578
2023-01-17,3.0463120353722943,1.0752622054223835,2.8922095822380673,1.1269571011352584,2.772098487647716,1.0802595591019877,2.675089479381505,1.167127002692692,2.3666175953381168,1.1673674267766883,2.4351415353246533,1.2030300357875052,1.9981539586350698,1.102775561952327,2.0673741214033523,1.140151799896578
2023-01-18,2.957934207673723,1.0752622054223835,2.819889506602619,1.1269571011352584,2.694451657539851,1.0802595591019877,2.6141771385498713,1.167127002692692,2.3038531212835878,1.1673674267766883,2.3731815905447102,1.2030300357875052,1.949680915518895,1.102775561952327,2.01922326118944,1.140151799896578
2023-01-19,2.962470335744492,1.0752622054223835,2.822747268642783,1.1269571011352584,2.7050779940101912,1.0802595591019877,2.6175484261133755,1.167127002692692,2.3030519860214813,1.1673674267766883,2.388590345865963,1.2030300357875052,1.9504816913856617,1.102775561952327,2.033339148150537,1.140151799896578
2023-01-20,3.0176632737559084,1.0752622054223835,2.871626693903967,1.1269571011352584,2.753788346083114,1.0802595591019877,2.6598440311534346,1.167127002692692,2.334161419806161,1.1673674267766883,2.4185402956752142,1.2030300357875052,1.9761232852277195,1.102775561952327,2.0563262453283393,1.140151799896578
2023-01-23,3.028868371869232,1.0752622054223835,2.891123313622879,1.1269571011352584,2.7598852097660984,1.0802595591019877,2.6767136793660566,1.167127002692692,2.3489863682938052,1.1673674267766883,2.438502049071502,1.2030300357875052,1.986291480166652,1.102775561952327,2.071744824931918,1.140151799896578
2023-01-24,3.0537432866691003,1.0752622054223835,2.9044977115785726,1.1269571011352584,2.7790941632148307,1.0802595591019877,2.686458467533326,1.167127002692692,2.350261888186178,1.1673674267766883,2.441792232996685,1.2030300357875052,1.9877464260881927,1.102775561952327,2.0743926043448546,1.140151799896578
2023-01-25,3.0509524962506873,1.0752622054223835,2.8968734150989177,1.1269571011352584,2.7785147790764566,1.0802595591019877,2.677585426829312,1.167127002692692,2.3545758717676897,1.1673674267766883,2.4451471173640185,1.2030300357875052,1.9906090044556441,1.102775561952327,2.0764123184759837,1.140151799896578
2023-01-26,3.060747665541676,1.0752622054223835,2.9084688513311887,1.1269571011352584,2.790035952179385,1.0802595591019877,2.6926221039234535,1.167127002692692,2.3859067473247824,1.1673674267766883,2.480288702774538,1.2030300357875052,2.021167219007559,1.102775561952327,2.1106637193750455,1.140151799896578
2023-01-27,3.0507287738671116,1.0735417858937077,2.9085174291788216,1.125153969773442,2.780161599241376,1.0785311438074245,2.690517486155505,1.1652595994883839,2.3673527782938795,1.1654996388938454,2.4603661825069327,1.2011051877302452,2.0030727607814693,1.1010111210532032,2.09120934283001,1.1383275570167435
2023-01-30,2.9926389340146344,1.0537701473409227,2.8607249073198684,1.1075221171750447,2.732739952160705,1.0606526432969854,2.6531240467080126,1.1497670341167348,2.325916395092416,1.146075555156952,2.412447754936342,1.1785943296344525,1.9699135389195837,1.0836275048697255,2.0535110326015236,1.1185914785466682
2023-01-31,3.032663569147136,1.0661243780321068,2.903129767003505,1.1223245141795848,2.769089428524105,1.0730084340689408,2.6921974493210583,1.1650146349378963,2.3634618163049472,1.1631177341934114,2.4439372994662634,1.1922143912617478,2.0014254467215125,1.0996239591079227,2.079457555900521,1.1310638226414678
2023-02-01,3.04477769712447,1.0644185790272553,2.9040262900613447,1.1205287949568974,2.7842780248189065,1.0712916205744305,2.699758710962542,1.1631506115219956,2.3500668867587535,1.161256745818702,2.4246237907703514,1.190306848235729,1.9903747116701913,1.09786456077335,2.062299313484247,1.1292541205252413
2023-02-02,3.034735371212397,1.0619594050760426,2.907176726282621,1.1221657629973498,2.7690602476962596,1.0665168251435027,2.698411350776248,1.1629952981063674,2.3202041215105034,1.147420316722294,2.393166153867784,1.1754945805164665,1.9610051298917652,1.0824546952992267,2.029880815777765,1.1119983959005124
2023-02-03,3.041546467247355,1.0635027514880677,2.9064271905931904,1.1203563216734735,2.7765041789208436,1.0684940786288584,2.700525322311983,1.1623205983885387,2.322894146533823,1.148128494284783,2.3906138133993213,1.1734230730348232,1.9640705905993086,1.083650154987986,2.0271455442280093,1.1097624093196279
2023-02-06,3.0231474385738237,1.0553780626576859,2.8861857612213715,1.1107736616338404,2.7562788741747912,1.0590135502690483,2.6814192288522003,1.1522506776058903,2.3022043031404027,1.1360815566487337,2.3723920561005927,1.1626158311357675,1.9469028285580179,1.0724593828308635,2.0124738170670455,1.0999675922643646
2023-02-07,3.0800286293160153,1.0553780626576859,2.954868183921922,1.1107736616338404,2.807389625465461,1.0590135502690483,2.7428216693616054,1.1522506776058903,2.336135770618175,1.1360815566487337,2.4118825685624863,1.1626158311357675,1.9728967807250064,1.0724593828308635,2.0440770455286823,1.0999675922643646
2023-02-08,3.0240049011392305,1.0553780626576859,2.8951706836867683,1.1107736616338404,2.76133292726752,1.0590135502690483,2.691324535323232,1.1522506776058903,2.3181374106530845,1.1360815566487337,2.384508791552823,1.1626158311357675,1.9629395487203622,1.0724593828308635,2.0260916736527865,1.0999675922643646
2023-02-09,2.9979728188909918,1.0553780626576859,2.8681505440033495,1.1107736616338404,2.738390601040418,1.0590135502690483,2.661690912985229,1.1522506776058903,2.289762012591056,1.1360815566487337,2.353598853007758,1.1626158311357675,1.9382471900501907,1.0724593828308635,1.9987585123299347,1.0999675922643646
2023-02-10,3.040295886987748,1.0553780626576859,2.9266839941539184,1.1107736616338404,2.7763201111920877,1.0590135502690483,2.717258222106531,1.1522506776058903,2.326942487023819,1.1360815566487337,2.409002017909058,1.1626158311357675,1.9676986110809778,1.0724593828308635,2.044795801114998,1.0999675922643646
2023-02-13,3.0622193139365392,1.0553780626576859,2.947238081816103,1.1107736616338404,2.7950684457232464,1.0590135502690483,2.7374288009475336,1.1522506776058903,2.3408217113610457,1.1360815566487337,2.418528620737337,1.1626158311357675,1.981318631967326,1.0724593828308635,2.052913829286671,1.0999675922643646
2023-02-14,3.088054291795867,1.0553780626576859,2.9854199853618866,1.1107736616338404,2.8173113354508583,1.0590135502690483,2.7717244410999915,1.1522506776058903,2.3419340633873436,1.1360815566487337,2.4211774100830974,1.1626158311357675,1.9820060910266524,1.0724593828308635,2.0545743825912965,1.0999675922643646
2023-02-15,3.1114273211559462,1.0553780626576859,2.9856703176098107,1.1107736616338404,2.841738805236191,1.0590135502690483,2.7695602900866434,1.1522506776058903,2.345326270548276,1.1360815566487337,2.4210662757470205,1.1626158311357675,1.9826704264626234,1.0724593828308635,2.0535649214109393,1.0999675922643646
2023-02-16,3.0977323608828806,1.0553780626576859,2.989941069196845,1.1107736616338404,2.829004790095951,1.0590135502690483,2.772386726084722,1.1522506776058903,2.3373130754571303,1.1360815566487337,2.412106720576955,1.1626158311357675,1.9756207996350397,1.0724593828308635,2.0461796349178454,1.0999675922643646
2023-02-17,3.0488974654052323,1.0553780626576859,2.9218981884057915,1.1107736616338404,2.78515164119167,1.0590135502690483,2.7118093281149522,1.1522506776058903,2.3117020972610303,1.1360815566487337,2.371248279855283,1.1626158311357675,1.959961391287901,1.0724593828308635,2.0172380785583246,1.0999675922643646
2023-02-21,2.9965132989280594,1.0553780626576859,2.8518573331028607,1.1107736616338404,2.7422528570809575,1.0590135502690483,2.650838528168127,1.1522506776058903,2.267349398359949,1.1360815566487337,2.3255785059526533,1.1626158311357675,1.9259962133424129,1.0724593828308635,1.9821639400025015,1.0999675922643646
2023-02-22,2.9697754469982347,1.0553780626576859,2.829181334220363,1.1107736616338404,2.717724190912957,1.0590135502690483,2.627946694159263,1.1522506776058903,2.2497557105921406,1.1360815566487337,2.311176405396977,1.1626158311357675,1.912162723245193,1.0724593828308635,1.9696960073350112,1.0999675922643646
2023-02-23,3.0817487568514106,1.0553780626576859,2.927945151900308,1.1107736616338404,2.8179030910228926,1.0590135502690483,2.714613908173864,1.1522506776058903,2.2930373999464897,1.1360815566487337,2.3620682449987913,1.1626158311357675,1.9429856557397338,1.0724593828308635,2.0083938827646244,1.0999675922643646
2023-02-24,3.0982421999631207,1.0553780626576859,2.946790620627141,1.1107736616338404,2.8342507000156516,1.0590135502690483,2.7269421435391625,1.1522506776058903,2.3021978812027726,1.1360815566487337,2.375922744471708,1.1626158311357675,1.9484358496295677,1.0724593828308635,2.0158719168227774,1.0999675922643646
2023-02-27,3.152170392537442,1.0553780626576859,2.986751283905261,1.1107736616338404,2.8797760763259257,1.0590135502690483,2.763824803283256,1.1522506776058903,2.323154241453014,1.1360815566487337,2.3951563679441,1.1626158311357675,1.9628791526239946,1.0724593828308635,2.0293936442814786,1.0999675922643646
2023-02-28,3.1797956488496317,1.0553780626576859,3.0092464099004426,1.1107736616338404,2.906620147940234,1.0590135502690483,2.7839929609493113,1.1522506776058903,2.32451927740516,1.1360815566487337,2.388539110556684,1.1626158311357675,1.9604845748029618,1.0724593828308635,2.0211048527614537,1.0999675922643646
2023-03-01,3.28185739819761,1.0553780626576859,3.0693786406729813,1.1107736616338404,3.0094732644014384,1.0590135502690483,2.835999812999027,1.1522506776058903,2.362930755430881,1.1360815566487337,2.4407870163019303,1.1626158311357675,1.994028793114366,1.0724593828308635,2.0638774675451463,1.0999675922643646
2023-03-02,3.3044378691692735,1.0553780626576859,3.0819004000327648,1.1107736616338404,3.0355232916849952,1.0590135502690483,2.8481292088907577,1.1522506776058903,2.368194692462028,1.1360815566487337,2.4526712110816313,1.1626158311357675,1.9979312707937193,1.0724593828308635,2.0724472334285005,1.0999675922643646
2023-03-03,3.3703244992541594,1.0553780626576859,3.139639305309443,1.1107736616338404,3.0962468274889883,1.0590135502690483,2.8988007657888044,1.1522506776058903,2.411540282010667,1.1360815566487337,2.499483742412826,1.1626158311357675,2.0321857783174146,1.0724593828308635,2.108787207832008,1.0999675922643646
2023-03-06,3.311127067891699,1.0536894577574336,3.0747935906339467,1.1089964237752263,3.046264339226673,1.0573191285886179,2.8480016814456337,1.150407076521721,2.370784875882089,1.1342638261580957,2.4584182019875196,1.1607556458059503,2.001305146342828,1.0707434478183342,2.0794182912020895,1.0982076441167417
2023-03-07,3.309621411182761,1.0535575347485586,3.066375726873582,1.106153975059732,3.0434996550791498,1.056686050697673,2.839301515049055,1.1470629732453708,2.3517260031364797,1.1244294792479814,2.4422779593388144,1.1527961928934154,1.9838491055921608,1.0608402993805337,2.064686017609656,1.0901475362006698
2023-03-08,3.3181100499227036,1.056259737868832,3.0737161703747704,1.1088019417411734,3.0483552507390863,1.0583718863418858,2.8444135528360404,1.1491282097946425,2.3544874294550477,1.1257497985169906,2.438896891856402,1.151200272287109,1.9845844500806897,1.0612335163168214,2.0597612672775183,1.087547283961253
2023-03-09,3.230182363727295,1.0282695647356836,2.996722228224079,1.0810274083012217,2.9726725547655133,1.0320952777735213,2.776890288793245,1.121849164013264,2.293565132082882,1.0966210534942233,2.3824080584587275,1.124536594701672,1.936351211455682,1.0354413513992315,2.0161767993903594,1.0645348259513852
2023-03-10,3.1003030919130103,0.9869248704557738,2.876321671371456,1.037594519958565,2.86422594110781,0.9944432203118903,2.673713485577774,1.080166274739616,2.2170389052428585,1.060031610132293,2.3070166411648727,1.088950580218405,1.8767981985117295,1.0035960684579077,1.9586285576351061,1.034149540524402
2023-03-13,3.016379041219038,0.9586728468781606,2.7976553414760246,1.0076019483261662,2.778637874916758,0.9631839585921504,2.592257960968514,1.045583054632939,2.163453051175991,1.032755577755114,2.2502246818646294,1.060444392003293,1.8310259574494516,0.9775533016133993,1.9081256619913025,1.005872200366225
2023-03-14,3.08931653037468,0.9571389703231555,2.854748927741509,1.0059897852088444,2.847928753799907,0.961642864258403,2.6466278695869345,1.0439101217455262,2.2073661354300107,1.031103168830706,2.2925163206701713,1.0587476809760878,1.868974439022684,0.9759892163308178,1.9443225259746562,1.004262804845639
2023-03-15,2.9808649273892818,0.9231021284874662,2.7472980224862336,0.9677805809238462,2.745442774340287,0.9265120738812829,2.5429654578384544,1.0026052760934014,2.1351147355242177,0.9968137723798981,2.2090645134267786,1.0196762652887685,1.8072998973763632,0.943176702015152,1.8731122413639196,0.9668952763607983
2023-03-16,3.039857092789192,0.941435514943473,2.8087982879727345,0.9893125169232054,2.7999547524720736,0.9450839661106349,2.6018316750283628,1.0257181772791728,2.1778456282211933,1.016842443094004,2.248358647533739,1.0380098436875043,1.8412782132619654,0.9609814396077462,1.9028103336935096,0.9824369875467455
2023-03-17,2.983683172020694,0.9243915936595011,2.762172383978104,0.973202770339169,2.746057636029592,0.927186245866301,2.5564275731771757,1.0080755464300029,2.137956300533968,0.998223827731471,2.193485025431823,1.0127042314960446,1.8070494866389435,0.9430713522860357,1.8565282863003616,0.9584995132257577
2023-03-20,3.0559241772915198,0.9467130809680953,2.819453341582641,0.9933007739318924,2.814488320116336,0.9503102657847222,2.611749258356858,1.029866593468506,2.1832571188146086,1.0193384555302958,2.2460753657268597,1.036964518410509,1.8464606266681336,0.9636632681515824,1.903129182414284,0.9826129132503377
2023-03-21,3.1348629492178097,0.9713812794092255,2.9032074127846923,1.0229517535068955,2.883570135043676,0.973885751019232,2.6878133527938135,1.0600521691496387,2.2450482323193617,1.0483353035510767,2.304830363725093,1.0642826103987297,1.8966665358307924,0.9900235079770274,1.9495078204127776,1.0067496092770145
2023-03-22,3.0976694823218915,0.9597988067368465,2.864119249946093,1.0090904761587733,2.8504064035469616,0.9626964246053835,2.651674962288577,1.0457730488774724,2.2031997957783895,1.0286348810004857,2.2629477394412696,1.044826173238028,1.8612224464350149,0.9713776975581195,1.9127675354333178,0.9877013433750063
2023-03-23,3.087037361187312,0.9563111364461265,2.8589063784931033,1.0070787241644854,2.83568050536565,0.9574343097457345,2.6423958137992423,1.0418396700013624,2.1973966720575233,1.0257790173188268,2.251796220899661,1.039545831437005,1.855331902988356,0.9681463481975416,1.9014719556619462,0.9817395430389939
2023-03-24,3.0834205680488043,0.9549498031013536,2.8637721699807934,1.0085813016968452,2.8344428359669145,0.9567822951255082,2.6483413021268265,1.0439855601887604,2.2030012445468388,1.0282230105024215,2.256523042731354,1.0415605555612588,1.8611365806003997,0.9710105952330601,1.9076178184346229,0.9847502763185995
2023-03-27,3.1338563116078006,0.9711129420591686,2.912888042573314,1.0264165511716705,2.8814779375841506,0.9732032448808969,2.6935389702872934,1.0623700385013384,2.242029000048652,1.046783607210903,2.3014548160422996,1.062671548057277,1.8935112574479156,0.9882003053898782,1.9459014756631705,1.0048477636836304
2023-03-28,3.127242387951421,0.9694653671630106,2.9018532603517246,1.0229542591127594,2.8812076909935547,0.9735626573814754,2.688663960139123,1.0609376115385762,2.2432445302294233,1.0476571165499886,2.3044994908539396,1.0643824835037883,1.8958909203690009,0.9897149760217345,1.9504168500725243,1.0074311544175456
2023-03-29,3.1502493049285243,0.9766437122606051,2.9237919982526988,1.0307709884553637,2.900737254143857,0.980191671795925,2.7079813758120284,1.0686513367956871,2.259754835417337,1.0554289602631879,2.3252806058867685,1.0739506384108817,1.9091121620419809,0.9966787019714928,1.9681289742470889,1.0165367832504082
2023-03-30,3.120555764703185,0.9673425172379639,2.8952820239912698,1.0206141826850543,2.874936416389063,0.9714072593262595,2.681576726374948,1.0581461948377393,2.259696737009921,1.055212207789229,2.321781096805658,1.07214300789881,1.9107506673889434,0.997385285589824,1.9674392557839444,1.016015014231985
2023-03-31,3.173300963430646,0.9833912753732988,2.9486133828249588,1.0391691218631836,2.9217587356339667,0.9868793747005307,2.729808992005718,1.0768903506035925,2.293499360941127,1.0708334703217934,2.357067320905862,1.0882544283385123,1.9391396440316815,1.0120638347056032,1.9966505595505613,1.0309353086237667
2023-04-03,3.2017671780572323,0.9928671336752182,2.984903496828615,1.0526684041835528,2.941363206983012,0.9939414956966188,2.7580138444783437,1.0885477557819472,2.312394622788561,1.0802846680752674,2.379385026447715,1.0991362091739534,1.9519978804192653,1.0192486793941873,2.0140107857787664,1.0402729705677216
2023-04-04,3.0899063662730555,0.9576970001106979,2.8887352005778206,1.0183158581182186,2.8306089169912307,0.9559796817970863,2.6624042008905198,1.0503162316290306,2.246433670708572,1.0490012854674207,2.3113360637797298,1.067300965255825,1.8955153222225303,0.9892697244593223,1.9564254119953017,1.0101481101297953
2023-04-05,3.075200195605372,0.9532692493130179,2.8711864593875647,1.012246506305384,2.823501160066997,0.9537693600195931,2.6509684446469044,1.045971643270534,2.2336567606250504,1.042877379371902,2.3069181478977963,1.0651301730314402,1.8868917667723577,0.9845986421167763,1.958452469729311,1.011041353009721
2023-04-06,3.0642259140416006,0.9498673748064428,2.860839687338983,1.0085987167919335,2.814299323283254,0.9506610099667013,2.6425469465061338,1.0426488393846973,2.2218006312162166,1.037341842585167,2.2946607102426717,1.0594707755784258,1.8779859638532375,0.979951506750806,1.9495375613750763,1.0064390758833996
2023-04-10,3.1468212190568305,0.9754707695126366,2.9365974653728166,1.035307377906393,2.8816784027592925,0.9734214403215612,2.7048962720341874,1.0672495194158296,2.267530450636608,1.0586927480049155,2.3411049354364204,1.0809145990890296,1.9126613302666127,0.9980454532541134,1.984246528564926,1.0243574076742372
2023-04-11,3.1697676247819437,0.9825838358395929,2.962326551770112,1.0443782544184137,2.8956482200535563,0.9781403984324281,2.722356965979848,1.0741388472672668,2.2882335519454693,1.0683588687887615,2.3632639496026724,1.0911456662877568,1.9288023247485286,1.006467982584714,2.0015725693831072,1.0333018901275373
2023-04-12,3.143966486208491,0.974585842071745,2.936283248506097,1.0351965996862884,2.8757122391348657,0.9714060899677801,2.7019521229088106,1.066087869791172,2.2821894147589834,1.065536907034959,2.3556782488071204,1.0876432625252768,1.9267056549792154,1.0053739197220815,1.9980691912170128,1.0314932885628327
2023-04-13,3.164834814057491,0.9810547331870169,2.9562606089492234,1.0422396857414071,2.8981910909498936,0.9789993718168606,2.7231511863096802,1.0744522164984966,2.296401454681035,1.0721724005497688,2.3713890158609594,1.0948971011782698,1.9399816630526834,1.0123014710273834,2.0117820398563095,1.038572478513155
2023-04-14,3.14356334167843,0.9744608728797929,2.9347042455968753,1.0346399168651226,2.8813143775552157,0.9732984738107502,2.7054589107179616,1.0674715153093772,2.285558624930409,1.067109965678556,2.3574375348587,1.088455544772152,1.9329880192108007,1.0086521190341078,2.0014446287355803,1.0332358414041807
2023-04-17,3.1907143591562757,0.9890770318861835,2.980841499911774,1.0509057620658344,2.9225488589322923,0.9872273453373415,2.7464305279228465,1.0836373621197313,2.314953910149173,1.0808344011223678,2.384631463154934,1.1010112887104304,1.9532149986115692,1.0192067553957829,2.01998208944973,1.0428057133574118
2023-04-18,3.2207040729412038,0.9983734256584407,3.009521458949582,1.0610169787170842,2.939579492943148,0.9929802372188792,2.7629800142103687,1.0901671619754774,2.3361369342331706,1.0907245942054409,2.406158999045821,1.1109507952548199,1.9680740298854364,1.0269603437430606,2.0352085424527484,1.0506662940371347
2023-04-19,3.20596511534817,0.9938045539926396,2.9976587005096262,1.0568347230691697,2.9223871832325736,0.9871727318203251,2.7489580151562225,1.0846346127585227,2.3281782176365193,1.0870087298641542,2.3903449030843853,1.1036492484777525,1.9606050094095937,1.023062935556773,2.0208610447670274,1.0432594696711186
2023-04-20,3.1685187619105286,0.9821967057354682,2.9606508636102236,1.0437874848848094,2.8879641304940593,0.975544738375635,2.714733130316034,1.071130770753415,2.3155106030362997,1.0810943168038984,2.3708472893497037,1.0946469799274596,1.952753651617213,1.018966020006405,2.006344915386409,1.0357655900307956
2023-04-21,3.2063750089719165,0.9939316153096764,2.9883631949581657,1.0535575611182129,2.911477029355305,0.9834873178993365,2.7303412609442135,1.077289147355183,2.3224352748963364,1.0843273935100903,2.3732924597450173,1.0957759427251321,1.9548469788259697,1.020058338688135,2.004241704445903,1.0346798178367695
2023-04-24,3.2120328244449405,0.9956854593411737,2.9963978137898803,1.0563901931875466,2.919333283868274,0.9861411347083965,2.740074290519147,1.0811294318214322,2.3289555451115302,1.0873716581592905,2.3849030792652877,1.1011366969373686,1.960281584472755,1.0228941692505937,2.013766504025253,1.039596948276593
2023-04-25,3.1166003018820243,0.9661027059082091,2.9141828352637007,1.0274050241794535,2.833673817741042,0.9572056501606048,2.666572855019237,1.0521285520003885,2.2641883170510764,1.0571323312136558,2.318888312512855,1.0706569332761724,1.9095333590720862,0.9964132471864701,1.9624414656654092,1.0131006523344275
2023-04-26,3.0845852620267555,0.9561784892496737,2.8873746954140134,1.0179537237197889,2.8039153906096765,0.9471533518291254,2.641247323262246,1.0421360573246974,2.2399263853169114,1.045804619529634,2.2962256462888653,1.0601933242319987,1.8902154021868376,0.9863329476946656,1.9425089351860652,1.0028105825491096
2023-04-27,3.0591977626144446,0.9483087178633118,2.867129948447438,1.010816369640624,2.777351327269983,0.9381800990288971,2.619466505212493,1.0335421722887281,2.23712800412796,1.0444980766031369,2.2957182530406675,1.0599590550366476,1.8918567315487966,0.9871894094639674,1.9460114985992918,1.004618763501696
2023-04-28,3.106227092059735,0.9628871552736872,2.908136874868932,1.0252735003744229,2.815973140144866,0.9512264197704825,2.653125504758608,1.0468227374109516,2.256827369283003,1.0536955605990368,2.321649471716215,1.0719317916766409,1.905041171199743,0.994069179467733,1.964708053600521,1.0142707670898534
2023-05-01,3.179312139380385,0.985542502491382,2.972819142876735,1.048077452934429,2.8650521355265797,0.967805142201222,2.6953880761485505,1.0634979457993579,2.2803351669285874,1.064671172803918,2.34126773354091,1.0809897648132067,1.9177502318196846,1.0007008920276856,1.9725294626237437,1.018308530621778
2023-05-02,3.0867294411994033,0.9568431549430564,2.896949046264569,1.0213291935249385,2.777126304340923,0.9381040870271754,2.6214850080221783,1.034338596970831,2.249070829606894,1.0500740911266404,2.3019976040712637,1.0628583023531766,1.8954060404522919,0.9890414736832167,1.9415699167156004,1.002325818931123
2023-05-03,3.2211448840600903,0.998510070968554,3.013996608990623,1.062594708014123,2.8918159473318847,0.9768458693729528,2.7228307506748957,1.0743257847455445,2.2799236708632296,1.0644790484158626,2.3346406290711963,1.0779299558048316,1.9132434758563597,0.9983492225361,1.9610596231367619,1.0123872829974612
2023-05-04,3.210529544835657,0.9952194635901663,3.0157543905834023,1.0632144198654108,2.8776533745159716,0.9720617990839415,2.7220535519047937,1.0740191315764533,2.2555366159876264,1.0530929176872752,2.314350042476519,1.0685615627258684,1.89419431460259,0.9884091832427979,1.9459865097973037,1.0046058631568762
2023-05-05,3.2670757160740203,1.012747989467913,3.0650488560773406,1.0805933505556433,2.933343656383805,0.9908737922389698,2.7704133987950033,1.093100093713972,2.3026855348025266,1.0751063898378226,2.365388658505731,1.0921266683938,1.9339778446021094,1.0091686196375746,1.9892925209622032,1.0269623761682265
2023-05-08,3.2928450121999124,1.0207361125203114,3.1020579959299597,1.0936410481005712,2.9544166762021935,0.9979921886859493,2.808386718527287,1.108082926014756,2.317192698556115,1.0818796744284365,2.378422883312499,1.0981447172510659,1.9446749676007384,1.014750483401293,1.999607029455566,1.03228718990966
2023-05-09,3.2979124391380097,1.0223069443250608,3.102240390881036,1.0937053520580486,2.962941107321363,1.0008717133442178,2.8095957758195556,1.1085599741838337,2.310853597315009,1.0789199961974598,2.372588653947942,1.0954509876368452,1.937951413964862,1.011242067128214,1.993634912076099,1.0292041139969201
2023-05-10,3.3181060169597254,1.0285666723253908,3.149328709654899,1.1103064982534807,2.966279541588235,1.0019994254058293,2.853551476837565,1.125903227332605,2.339344322777282,1.092222099560102,2.3946172612499157,1.1056218445129653,1.9568321475992345,1.0210942192367427,2.0069891288897974,1.0360981620498575
2023-05-11,3.3016337431695577,1.0234604967687972,3.1279930088130024,1.1027845246922814,2.960816023425934,1.0001538670278791,2.839000320151724,1.1201618925759014,2.338404773113674,1.091783430957009,2.395465510575497,1.1060134908103225,1.9604343795988186,1.0229738992469257,2.0129952887184928,1.0391988122078035
2023-05-12,3.327140973568197,1.0313673830940886,3.1537157015066994,1.1118531470824535,2.9851873592727367,1.0083864237281133,2.8660121450331904,1.1308197345868296,2.350257397599609,1.097317331321858,2.4080246539273835,1.1118121891922788,1.9714801998493205,1.0287377166588345,2.0243175462877723,1.0450438714006622
2023-05-15,3.3999841939438133,1.0539477673254107,3.2227318389816793,1.1361850199948949,3.0403925546858908,1.027034556281992,2.9201541922551084,1.152182133757252,2.3781709876175294,1.1103499745282406,2.437751740785068,1.1255375210586482,1.9885858850581897,1.0376636310783658,2.0424298695000065,1.0543942682316751
2023-05-16,3.359184604996906,1.0413004627423537,3.1750429485706624,1.1193721402356234,3.003395179938018,1.014536965370839,2.87583623161592,1.1346959466961513,2.3533732664842253,1.0987721068424916,2.408842176572948,1.1121896486343148,1.9704070948397778,1.028177759933255,2.0206823745542195,1.0431672320618368
2023-05-17,3.394164644388153,1.0521437879798734,3.20895358724813,1.131327450701657,3.019188428177697,1.0198718724285118,2.893369227286941,1.1416138020672724,2.3749417157682924,1.108842252024596,2.4382319416703515,1.1257592352328145,1.9809745658787627,1.03369197003201,2.0386710375666137,1.0524537899293354
2023-05-18,3.4117430887768183,1.0575928610224743,3.223115233585154,1.1363201870602855,3.04527474891492,1.0286837453565956,2.915079599823034,1.1501798919743202,2.40737342630828,1.1239843713925806,2.4685693769721166,1.1397663718716882,2.008836882088496,1.0482308000748461,2.0647788202626147,1.065931802977412
2023-05-19,3.407131672775631,1.0561633862598216,3.2362607057043062,1.14095466775827,3.0387067216346875,1.026465087449081,2.9296786875897856,1.155940138518362,2.4052360532025774,1.1229864481205236,2.467281385407146,1.1391716916140848,2.005166918398559,1.0463157770039098,2.0624478893958793,1.0647284715033514
2023-05-22,3.4259997263564865,1.0620122201987385,3.2558062971003303,1.1478455321741317,3.063120315910719,1.034711918907042,2.9544673567081055,1.165720807550668,2.421881148232963,1.13075791658904,2.4804923932850933,1.1452713632126548,2.0193628285812766,1.0537233422578633,2.071939778771296,1.069628612213974
2023-05-23,3.3975595304117663,1.0531961553853706,3.230059792148273,1.138768514691661,3.0358267941467076,1.0254922574619854,2.931562673228865,1.1566834878248333,2.387870695743575,1.114878694593687,2.4488989571348605,1.1306843167914284,1.990816403751515,1.0388275376231608,2.0449656168733776,1.055703335209246
2023-05-24,3.354730115569187,1.0399196330328269,3.194472931338539,1.126222246438253,3.0008878298599937,1.013689990801434,2.9025701105050206,1.1452441217561349,2.364975833900051,1.1041892574602155,2.4249112197370835,1.1196089074153261,1.9739869393911982,1.0300457579532725,2.026782425353776,1.0463163529668058
2023-05-25,3.421458967682692,1.0606046482239235,3.2571593223305735,1.1483225457995543,3.04873171756688,1.0298514979417264,2.9499653008347777,1.1639444669874939,2.391722172811817,1.1166769199891207,2.451877363205361,1.132059480524967,1.9930804463933454,1.0400089372932926,2.0444992117619547,1.055462555888741
2023-05-26,3.4811063800012265,1.0790945156626708,3.312383101138091,1.1677918759714492,3.099806843888787,1.0471045068067233,2.9986416362238617,1.1831503034877806,2.4355011433791636,1.1371169888939325,2.4952858937754456,1.1521016895297753,2.028320974927209,1.0583977909376499,2.079595533922687,1.0735808577579482
2023-05-30,3.4786273900130866,1.0783260632775464,3.2998114988704006,1.1633597150323634,3.0986512046860737,1.046714135703508,2.9851905944714425,1.1778430323756377,2.4357632009503134,1.1372393415838633,2.4932050238911554,1.1511409283940024,2.0300795377834993,1.05931542629484,2.0789065354503133,1.0732251657212524
2023-05-31,3.4652141771532596,1.0741681540227161,3.2680520735981022,1.15216282213499,3.0854914148168224,1.0422688021796178,2.9521683915774095,1.164813723069737,2.4156148991847597,1.1278322524936957,2.472261761440077,1.141471187498041,2.0126253952952107,1.0502076834470988,2.062692771798752,1.064854890826647
2023-06-01,3.519218592729219,1.090908771030107,3.332192188918114,1.1747756369295246,3.1253348457063272,1.0557277814490178,3.005938468178749,1.1860293567356361,2.451698827346096,1.1446795645345167,2.5114421214613247,1.159561202389509,2.0384725596749957,1.0636949874880925,2.0917778801714118,1.0798699334565003
2023-06-02,3.5742252225071,1.107960060487793,3.3835357989243633,1.1928770004546991,3.184548836813547,1.0757300719390266,3.06038783457298,1.2075130124001976,2.4988598348844473,1.166698680818243,2.5630652555611566,1.1833961866546783,2.0807109706584477,1.0857354048728245,2.1372680596339153,1.10335401249508
2023-06-05,3.55418239197867,1.1017470620497571,3.360867607766546,1.1848852529216394,3.1622771984011107,1.0682067860924886,3.0342580661662923,1.1972031964332026,2.4819017408502284,1.15878107549172,2.5440547335313815,1.1746188138478262,2.0646922604889166,1.0773766846965414,2.1215860876882235,1.095258272425359
2023-06-06,3.5896047161777997,1.1127274894204635,3.385822321990235,1.193683121902314,3.1881477337894832,1.0769457674429148,3.0489241589155327,1.202989880603004,2.5144695764733154,1.173986750627284,2.5782771092315735,1.1904196713616964,2.0888593730109366,1.089987321189893,2.146342883127768,1.108038845017371
2023-06-07,3.58653750798221,1.111776697579895,3.391382379686297,1.1956433390659515,3.1826879298104713,1.075101463703804,3.0458643172717985,1.2017825830968012,2.5327106123558343,1.1825033517602475,2.59998419213353,1.200442076789664,2.100020308325457,1.0958112067719623,2.1612244688945936,1.1157213897005724
2023-06-08,3.615053252640528,1.120616181442729,3.4231004476879145,1.2068256513175357,3.1964872921755023,1.079762842702941,3.063269943297281,1.2086501832347016,2.540728790929844,1.1862469784472145,2.611734615204228,1.205867379880668,2.1042916508220593,1.0980400352062312,2.1683310631163026,1.119390133644203
2023-06-09,3.615801319545346,1.1208480717690268,3.43592094837356,1.2113455622364873,3.196744882259314,1.0798498557819007,3.0747103166858714,1.2131641208400532,2.5382482636075405,1.1850888390773047,2.6068719538398932,1.2036222341891725,2.102996259106511,1.0973640870959058,2.164879648187435,1.1176083578424327
2023-06-12,3.621133574840337,1.1225009966776123,3.444326939188958,1.214309122755903,3.205865854310791,1.0829308899954966,3.090234675630136,1.219289444311347,2.54935921564073,1.1902764582061527,2.615830601774505,1.2077585431576623,2.115448108806522,1.1038615844735344,2.1749873152561716,1.1228263907265086
2023-06-13,3.628530321105935,1.1247938850463244,3.454237223152765,1.2178030269173894,3.2137757042133313,1.0856028111500176,3.0989137453197757,1.2227138761651706,2.557865676266861,1.19424806007529,2.631460190017134,1.2149749006363406,2.1213798055466184,1.1069568020470035,2.188252068109862,1.1296742534547721
2023-06-14,3.6099646783468216,1.1190387942521427,3.420327872796113,1.20584817065322,3.2082642772471526,1.0837410693364589,3.0811278232281074,1.2156962256175492,2.5401002659992247,1.185953524930063,2.6163634973109735,1.2080045870476384,2.1115762375551888,1.1018412040555137,2.1817163888837388,1.12630024153988
2023-06-15,3.6067069989284413,1.1180289589841494,3.411306695416699,1.2026677240280226,3.2068716690014702,1.0832706508737266,3.081832395227591,1.215974223016421,2.540996836642849,1.1863721269551044,2.6150398700554165,1.2073934533890711,2.114519780723924,1.103377173769296,2.1825758466613707,1.126743932345647
2023-06-16,3.556857962281703,1.1025764515958105,3.3616386716021913,1.1851570940872378,3.1761647507079442,1.0728979553624927,3.0426423796388375,1.200511328658723,2.52508274151019,1.1789419567876966,2.592857076109284,1.197151406797303,2.105688465416307,1.0987689067700401,2.1674900871429057,1.1189559839780074
2023-06-20,3.5379338147847195,1.0967102293238045,3.3193468051715977,1.170246953403224,3.1726691241419624,1.0717171442617721,3.0157144250607573,1.1898865786897732,2.5181296243448728,1.1756955991844804,2.590311495875749,1.1959760836428677,2.1024196296044586,1.0970631961626138,2.1691387227944867,1.1198070839385927
2023-06-21,3.532130867007115,1.094911396298343,3.316696552931008,1.1693125980037018,3.1721595610129367,1.071545015520926,3.016830261820596,1.1903268455709828,2.5249047949146513,1.1788588748735491,2.597667702949717,1.1993725275612142,2.109783496819693,1.1009057343455273,2.176410055462512,1.123560873286301
2023-06-22,3.545854887334397,1.0991656515411858,3.3200094935164777,1.1704805864226615,3.1841291609712683,1.0755883068265608,3.017227047327335,1.1904834020887896,2.5201306069911955,1.1766298427867885,2.6014536543000735,1.2011205440743138,2.1054355596335856,1.0986369380505638,2.1783150835105385,1.1245443345471535
2023-06-23,3.483581446714718,1.0798617518872728,3.2604993259844695,1.1495000753949058,3.143518850937874,1.0618702783169394,2.968104354735149,1.1711014499587011,2.4835306874239156,1.1595416182769194,2.5604251683938553,1.1821772285811607,2.079642892502871,1.085178071208979,2.149686635645099,1.1097650406343216
2023-06-26,3.431860669396003,1.0638290309480132,3.2247211972708123,1.1368863749944558,3.1027384518636203,1.0480947942914713,2.941302556436579,1.1605264764747392,2.471937465706958,1.154128831095027,2.5453313540722857,1.1752082439751448,2.074426662653577,1.0824561912808215,2.1407978628091704,1.1051762558394183
2023-06-27,3.467741478828703,1.0749515823583353,3.2445058790091377,1.1438615315199065,3.1328970195524395,1.0582822587807685,2.960781625717517,1.1682121787117103,2.4932799259696807,1.1640934637192037,2.5725808617364887,1.1877896495355647,2.089427141059674,1.0902835881298776,2.1619533923771987,1.1160976928253532
2023-06-28,3.527939394862504,1.0936120982849915,3.294170216519449,1.1613708618416678,3.173786556760878,1.0720946093072563,2.996286634936008,1.18222110926371,2.515083541314178,1.1742734061490958,2.5965455802323416,1.1988544308245745,2.100024167422741,1.0958132204867985,2.1751151945168816,1.1228924077592262
2023-06-29,3.5578396462826247,1.1028807599696062,3.3292018017321845,1.173721365803537,3.201935013656751,1.0816030650142403,3.0309244692868913,1.195887885489766,2.5278457406435253,1.1802319801011152,2.615661662212978,1.2076805418533825,2.1114704774216397,1.1017860173798828,2.1916991046209664,1.1314537689201347
2023-06-30,3.6066976015822623,1.1180260459376592,3.387039128825511,1.19411211127144,3.2409998270715517,1.0947990298740653,3.079741935054424,1.2151494066867758,2.5546203743638953,1.1927328532612902,2.6544615267602714,1.2255948776855898,2.1303173916444766,1.1116205221875637,2.22005133586137,1.1460904673732273
2023-07-03,3.5394649241601717,1.0971848519148923,3.324495719618926,1.172062220622646,3.1975773066646123,1.0801310459947948,3.0318564418584275,1.1962556065330332,2.5414025250013497,1.186561539768931,2.6376152218399014,1.2178167483700246,2.1254550424519985,1.1090833006591652,2.2119384608312775,1.1419022359639868
2023-07-05,3.524419241440582,1.0925208997299254,3.316574440045289,1.1692695466924432,3.1734224100579285,1.0719716017545278,3.019525635841873,1.191390337971263,2.520243465753225,1.1766825356857424,2.6161390089876955,1.2079009382524555,2.1060981717885965,1.0989826955760154,2.1910590081562473,1.1311233223018229
2023-07-06,3.4636120007991282,1.0736715016575948,3.26620020706731,1.1515099403202929,3.1164262156503937,1.0527184756597123,2.968242567046907,1.1711559832969387,2.4753233685480893,1.1557096834193468,2.5749103681386227,1.1888652089607843,2.070358043231034,1.0803331457361485,2.1577877827677385,1.1139472175696319
2023-07-07,3.4488502618112067,1.0690955680765288,3.283701864740986,1.157680208982855,3.0840313002491824,1.0417755803044408,2.9756935057656975,1.174095841231249,2.489697337178638,1.1624207802184838,2.600679732415683,1.2007632155963248,2.0737858147576116,1.0821217905593374,2.1712826536027543,1.1209138775619527
2023-07-10,3.5145299601898894,1.0894553602155996,3.357069866971601,1.1835463465475988,3.1373621101730618,1.0597905516350064,3.0373155108068213,1.1984095481728172,2.536379660183022,1.1842164023283828,2.656060654444078,1.2263332130045552,2.1103211190211915,1.1011862708865678,2.2133813035932874,1.1426470963682254
2023-07-11,3.50010576488069,1.0849840604758316,3.3375042191026125,1.1766484111542947,3.127588360010435,1.0564890111329375,3.0211982995884417,1.1920503076707023,2.535952125976143,1.184016789853843,2.651614522723143,1.2242803837554737,2.1117094753281247,1.1019107288330448,2.213364505222268,1.1426384242926826
2023-07-12,3.5016324204784293,1.085457302457832,3.3493969530306376,1.1808412347620068,3.125908124529929,1.0559214331409077,3.0287452999579263,1.1950280678904337,2.548571469666874,1.189908665593023,2.663385141912493,1.2297150116226414,2.120675023440725,1.1065890398273197,2.2215868617104753,1.1468831749604969
2023-07-13,3.5486010448281275,1.1000169221336784,3.394898453557615,1.196882942812521,3.1693954605254513,1.0706113115117817,3.0718115724912565,1.212020386279657,2.583829095083718,1.2063701831573006,2.6963039440645997,1.244913994501255,2.149410069304753,1.121583268768857,2.2460737217779903,1.1595243947584126
2023-07-14,3.5156378995908364,1.0897988060057417,3.3673977613665578,1.187187480680356,3.1375346872419443,1.0598488475984968,3.0428770388392943,1.2006039162826936,2.5596596178504023,1.1950856377776353,2.67524329621314,1.2351900554396886,2.1283243473604703,1.1105805321201592,2.231161167608986,1.1518258627915152
2023-07-17,3.579935088929304,1.109730039588911,3.4358968105596768,1.2113370523684888,3.188894168960887,1.0771979107767993,3.0997701034864398,1.2230517626310107,2.6050206845153117,1.2162643753361202,2.718470414502294,1.25514850434475,2.163652102736106,1.1290149015866093,2.264794163276663,1.1691887296321481
2023-07-18,3.6091738839502034,1.1187936589982168,3.4552417319923903,1.2181571699094418,3.213927153508886,1.0856539702215064,3.1149072707393564,1.2290243149403246,2.624669733385592,1.225438367040761,2.733583070714556,1.2621261884645791,2.1813532887585,1.1382515541749654,2.2789227996039263,1.1764825679097104
2023-07-19,3.5448907889655183,1.098866794468506,3.3837949764311555,1.192968374362133,3.154845187239902,1.0656962772855025,3.0491326114630097,1.2030721280752699,2.6032932207317985,1.2154578356137837,2.708521512744554,1.250554983997983,2.1646569481313658,1.1295392397755462,2.25931546580704,1.166360379295321
2023-07-20,3.506032658700924,1.086821315048996,3.341175665343122,1.1779427919556156,3.125344268124107,1.0557309643106023,3.01610441631918,1.1900404544547813,2.564373942130185,1.1972867199837631,2.664708653320925,1.2303260917932826,2.1336796699656837,1.1133749920134315,2.22973780710105,1.1510910600041073
2023-07-21,3.4878718780305626,1.0811917258660497,3.325670516283629,1.1724763991639178,3.1128245251844637,1.0515018365241375,3.0052201849551357,1.1857459494075504,2.5556069332546554,1.1931934701155587,2.6604935206473836,1.2283799174142693,2.127128972956766,1.1099567740247376,2.227056933383636,1.149707072272775
2023-07-24,3.4974534819377197,1.0841618896872032,3.3274725668625944,1.1731117181961526,3.120493676291567,1.0540924504210847,3.0074047027948607,1.186607877326453,2.5567873945886115,1.193744618548078,2.656143622471185,1.226371520280064,2.130187698672006,1.111552847121704,2.2269616350439043,1.1496578749785682
2023-07-25,3.53290458623231,1.0951512384868407,3.351851553281234,1.1817066123901014,3.1489529055452956,1.0637058840034301,3.0259219723650683,1.193914089861855,2.5785332721677023,1.2038976036537565,2.6726510132688657,1.2339931691160466,2.1504041305870163,1.1221019797017964,2.242337637848871,1.15759566000021
2023-07-26,3.526870283762245,1.0932806887275157,3.350757402537406,1.181320865841252,3.1486005665336005,1.0635868650497828,3.0283079315089276,1.1948554988822147,2.5796520448323905,1.204419950115053,2.6693852665693965,1.2324853369676658,2.1481299169446655,1.1209152727037726,2.2385668313113647,1.1556489998680164
2023-07-27,3.5460356481128867,1.0992216848660619,3.3749130620689325,1.1898370253851034,3.171454204131197,1.0713067482975238,3.058170612742772,1.2066381807265425,2.569888600675487,1.1998614721808039,2.6585827708996304,1.2274977026675962,2.140311025171925,1.1168352982410792,2.233754877637313,1.153164852701603
2023-07-28,3.617009141752632,1.1212224798386192,3.4462340666201676,1.214981486988122,3.225797692977364,1.08966379922107,3.111560467333778,1.2277037932023518,2.6191251212768867,1.2228496297524314,2.7171357382419346,1.2545322692358303,2.174558381557295,1.1347059049112243,2.275199515885142,1.1745604411964696
2023-07-31,3.6342848872846343,1.1265777204496688,3.471986541901413,1.2240606093303597,3.2407253412735977,1.09470630947871,3.13298477618516,1.236157013224818,2.64765205942783,1.236168640544418,2.7379776997191008,1.2641552383276118,2.1995316833975616,1.1477372189028894,2.29306137807511,1.1837815387696544
2023-08-01,3.546228994544989,1.0992816195683455,3.378736390033871,1.1911849526025484,3.1894346678113967,1.0773804895021186,3.070682812144847,1.2115750202411528,2.602302917576168,1.214995470590682,2.6981712765854082,1.2457761630237094,2.1703827507282414,1.1325270197644095,2.268285636476835,1.1709911853173682
2023-08-02,3.6042788191931496,1.117276257070055,3.3666977343373574,1.1869406837813559,3.223866448531953,1.0890114312302956,3.047882007026194,1.2025786869781119,2.5817952066965675,1.2054205761144825,2.6771453024962963,1.2360682332299724,2.1466103963866767,1.1201223719638302,2.2450907586255813,1.1590169449168004
2023-08-03,3.5812267501603987,1.11013043658872,3.335658745128026,1.1759977830569293,3.19876939232911,1.0805337285923438,3.015927033912732,1.189970466082218,2.5877975116204293,1.2082230067025364,2.6837451139338526,1.2391154407370368,2.155356747210903,1.1246863036618002,2.254121525977759,1.1636790336749325
2023-08-04,3.59341282677641,1.1139079506915146,3.3294958799247367,1.1738250440658884,3.2028899262365638,1.0819256313276546,3.0054211844480605,1.1858252561870544,2.5913846742277227,1.2098978256833302,2.680677160525345,1.2376989319858127,2.156153678337033,1.125102150144606,2.249433435841592,1.161258830444288
2023-08-07,3.6294689314002904,1.1250848411707346,3.3341705026285364,1.1754730981254726,3.233035889984294,1.092108838247309,3.009619989063844,1.1874819453010315,2.6028808627807236,1.2152653088178316,2.6813483670329976,1.2380088356138577,2.168172475817338,1.1313736766239582,2.253690529358293,1.1634565338124017
2023-08-08,3.6273555226059595,1.124429713866261,3.3369224327906997,1.1764433004204633,3.259849425740289,1.1011663620052417,3.039901575646275,1.1994299113141398,2.6020440118085992,1.2148745894539086,2.6773007284958634,1.236139995170015,2.1707588838976393,1.132723289743623,2.2556745754200476,1.164480787730081
2023-08-09,3.560527615827856,1.1037139931081257,3.285326113790124,1.1582528434838242,3.2162103994760263,1.086425243162933,3.0048168248701685,1.185586798810434,2.572528803930762,1.2010941630312548,2.64261527542209,1.2201253296007972,2.1503945538431357,1.122096982462851,2.2303879996631193,1.1514267186824922
2023-08-10,3.5737133283831453,1.1078013804356894,3.3014782203293587,1.1639473233251996,3.229580853018807,1.0909417381794841,3.019239289346844,1.1912773565004517,2.5750033990179615,1.2022495326856433,2.641018179516473,1.2193879323767787,2.15138837304534,1.122615567076039,2.228659316655183,1.1505342946720643
2023-08-11,3.579481547975839,1.1095894482072952,3.3051294566078404,1.1652345790359897,3.2329539642271388,1.0920811639973111,3.021098192480735,1.1920108092013173,2.571041340313959,1.2003996775642176,2.6400407622987054,1.2189366478042276,2.1474529318623086,1.1205620152437734,2.2270376705605703,1.1496971279361123
2023-08-14,3.6292508588083505,1.1250172417031257,3.3522510037111455,1.1818474399914567,3.2588968602063635,1.1008445885161715,3.0454945382464262,1.2016366823126567,2.5971573082143458,1.212593024654885,2.6656147085974444,1.2307444277512944,2.1641943923828695,1.1292978736463952,2.243732156110881,1.1583155731215202
2023-08-15,3.62235377640322,1.1228792421750997,3.3348600618977513,1.1757162045802518,3.2535743750009085,1.0990466706049211,3.032071878095053,1.196340609504267,2.586593172944004,1.2076607101201393,2.651537250777235,1.2242447064250108,2.155446353938307,1.1247330613315711,2.23286585156306,1.1527058974096738
2023-08-16,3.5578610914948885,1.1028874076868593,3.2526310545075843,1.1467260896486668,3.201579384594864,1.0814829346925123,2.962388276879185,1.1688461023478538,2.546656406815879,1.1890145372906873,2.6100550212074007,1.2050918923558556,2.1239253201876185,1.108285076568708,2.199788544038332,1.1356299018107907
2023-08-17,3.4764826178427257,1.0776612137631287,3.1615547625502822,1.1146168345915453,3.1282219069744706,1.0567030212034754,2.8799221938869,1.1363081124990106,2.483416740436539,1.1594884172938151,2.5439398467047396,1.1745657693019464,2.071911075733718,1.081143533337723,2.145145221905887,1.10742055836455
2023-08-18,3.537642759675895,1.096620006291986,3.2135331798203413,1.1329420015666376,3.183489296485542,1.0753721627180757,2.929883968043447,1.1560211344026703,2.513370844290167,1.1734737609146342,2.5762883210099443,1.1895014253699363,2.095066551243792,1.0932262877098966,2.170409458496954,1.1204630949287997
2023-08-21,3.5711364808904404,1.1070025935864705,3.2337160973608916,1.1400575574723415,3.206756151690991,1.0832316295080386,2.9431243878194024,1.1612453020681182,2.5263072005982847,1.17951364743751,2.586600174952716,1.194262524841258,2.1024945348162363,1.0971022824372492,2.1762413233268783,1.1234737661599639
2023-08-22,3.5925202921325914,1.1136312773773294,3.25103554979645,1.1461635890613717,3.2240553145575523,1.089075229549529,2.9579732700336705,1.167104108030804,2.5316911928265506,1.1820273925233946,2.5902855425168427,1.1959641006838346,2.1059421871928694,1.09890130128311,2.178108472086842,1.1244376724266316
2023-08-23,3.673919855857406,1.138864008929978,3.3242454272632873,1.1719739792053327,3.292816611940147,1.1123025685449053,3.021112665262526,1.1920165196123123,2.585333678317499,1.2070726616434986,2.646662097296081,1.2219937929820393,2.143395547032801,1.1184448320200042,2.217973046237989,1.1450175606852955
2023-08-24,3.5772418323711657,1.1088951675499932,3.2318812338064298,1.1394106701145108,3.2071771521840025,1.0833738420831445,2.9391237910199863,1.1596668182439152,2.5239259080926635,1.1784018400499305,2.584898833096067,1.193476996083851,2.0946237399330427,1.0929952244221366,2.1676530766285564,1.1190401264898355
2023-08-25,3.6061519219401394,1.1178568928452668,3.228560300181153,1.1382398637223081,3.2325609989543143,1.091948421626927,2.935655338750927,1.1582982984764323,2.527868930502436,1.1802428072701394,2.591269686839653,1.1964184912367886,2.095916161415104,1.0936696226354778,2.1719484202854593,1.1212575763027055
2023-08-28,3.6472527351102353,1.1305975727440272,3.2544664937838568,1.1473731799791702,3.269589741598142,1.1044566085096608,2.9593402031197793,1.1676434480026567,2.5526526341616624,1.1918141303036889,2.6145772175766164,1.207179841512445,2.1206641173910077,1.1065833489435442,2.195728077122919,1.1335337059482606
2023-08-29,3.716460980447558,1.1520511653176948,3.332776818259395,1.1749817499829847,3.330328161633383,1.124973846053221,3.0310914103245343,1.1959537540940595,2.607164073580201,1.217265107413837,2.67477118192845,1.2349720749403803,2.165983138763252,1.1302312590626813,2.245433899759133,1.1591940898214126
2023-08-30,3.7582033913051474,1.164990731567591,3.370652529769253,1.1883349602993436,3.364499042608858,1.1365166567098,3.0625463018306722,1.208364661747075,2.6279964112158245,1.2269915676572405,2.697222441710477,1.2453380752417762,2.181828952642877,1.1384997602580635,2.2617044194482783,1.1675936647383154
2023-08-31,3.7726087744398287,1.1694561997951514,3.392062445288279,1.1958830984962094,3.3817724318586033,1.1423515505087132,3.0861157613586956,1.2176642768984005,2.6409522034453228,1.2330405286642157,2.71338389165962,1.2527999992794607,2.1922524627462567,1.1439388501277663,2.2744541014649013,1.1741756247071022
2023-09-01,3.8065741455147766,1.1799849919802987,3.4140901281252916,1.2036490326524072,3.4081968923260773,1.1512776459201022,3.105768007376672,1.2254183081102348,2.675460584112855,1.2491522295447275,2.741082262474886,1.2655886500280962,2.2186989162216224,1.1577388691003392,2.295875227077954,1.1852341743311356
2023-09-05,3.78316986080722,1.1727299895431362,3.379604352335085,1.191490955650221,3.383449403780378,1.14291802608139,3.070568617850561,1.211529963502025,2.637922836980992,1.2316261404667224,2.697899927832912,1.2456508782389148,2.1835936132381906,1.1394205774753197,2.2558567687982682,1.1645748441559953
2023-09-06,3.8005452540265665,1.1781161195500203,3.3923274262447882,1.1959765184294873,3.4027133553102447,1.1494253252395927,3.085777029809203,1.217530626271149,2.643826595105013,1.2343825603022842,2.7047245287083608,1.2488018735691837,2.190994279479937,1.1432823177514175,2.263966822522169,1.1687616190799375
2023-09-07,3.7930249868929984,1.1757849414318307,3.348747181470757,1.1806121555988496,3.3978676550940836,1.1477884637219213,3.045501710639608,1.2016395122670827,2.626888474288584,1.2264742803194728,2.6867967480547392,1.240524414688788,2.177717850308386,1.136354546713003,2.2503752422527756,1.1617450333228123
2023-09-08,3.8010048779386287,1.1782585965641168,3.356228105953418,1.1832495808509609,3.4044183565306394,1.1500012690167047,3.050879929609674,1.203761553570648,2.6183897309810327,1.2225062816077765,2.681352171647455,1.2380105922473381,2.168866703618175,1.1317359315036815,2.2442977735195373,1.1586075702973375
2023-09-11,3.809816057536402,1.1809899395748042,3.364289037445864,1.1860914895379138,3.4149758941712753,1.1535675703383776,3.061125122738209,1.2078039183577187,2.630907539812158,1.2283507514920518,2.6952659053175334,1.2444347202837096,2.1805001060213685,1.137806355049477,2.2572455460715934,1.1652917935204323
2023-09-12,3.7711031458517112,1.1689894758934076,3.317997284679382,1.1697711753850601,3.3925138289237227,1.1459799589363098,3.0282414943682627,1.1948292853053097,2.601316810171576,1.2145350645318778,2.6679802815134828,1.2318366394934737,2.159166047767227,1.126674034077088,2.23798099667964,1.155346565651279
2023-09-13,3.7058716813620287,1.1487686300198507,3.267734937238752,1.1520510146378768,3.334739189327448,1.1264638766295487,2.982976302101115,1.1769693565557875,2.5670686613749134,1.1985448639357,2.635100660813094,1.2166557471337993,2.1328465697521777,1.1129402721458632,2.212748644041503,1.1423204890192504
2023-09-14,3.7450502238468926,1.1609134327670334,3.301329336970152,1.1638948339928865,3.368480138287516,1.137861457672276,3.014923335419854,1.189574444709702,2.5979502629837006,1.2129632492150781,2.6590663025758237,1.2277209547055588,2.1598611189993906,1.1270367290675551,2.2338690103101637,1.1532237731266661
2023-09-15,3.6568204939199203,1.1335634447777085,3.2160265304427536,1.1338210407695017,3.2976843992704215,1.113946891016725,2.944532265318401,1.16180079715299,2.5444849235105176,1.1880006882254397,2.6019530699095132,1.2013511299037176,2.1178711230938476,1.1051259371084567,2.190045834450129,1.1306002764120195
2023-09-18,3.660241946657973,1.134624047494834,3.2157023781679834,1.1337067597876533,3.3049149794280686,1.1163893570964505,2.9454717756307707,1.1621714923030144,2.550353951729404,1.1907408929320293,2.6066431735791276,1.2035166037579608,2.125515137426894,1.1091146588068466,2.1956440057993545,1.133490304545346
2023-09-19,3.617147663548634,1.121265419666952,3.194033328444792,1.1260672629498425,3.2623526197527575,1.1020119326694382,2.924202372903834,1.1537793923643676,2.5364689706131234,1.1842581006899824,2.5952939121109275,1.1982765215112543,2.114961941531625,1.1036078976181813,2.187076099765091,1.129067165641935
2023-09-20,3.5785490168083687,1.1093003765275904,3.1466686811050537,1.1093686961830351,3.2314909207459745,1.091586952744826,2.8845468178893743,1.1381328137990752,2.5111867847724074,1.1724540401113195,2.5681686326568434,1.1857524735190093,2.096179197333525,1.093806877359181,2.166590878103542,1.118491771780955
2023-09-21,3.4964422238693804,1.0838484137642228,3.0580854298009585,1.0781383710480843,3.167858462173624,1.0700921185484118,2.8088648271431786,1.1082715695482674,2.4577723331605044,1.1475152382776748,2.511820243515039,1.1597357856138284,2.0548795699087066,1.0722563264486946,2.1209335248011145,1.094921390078452
2023-09-22,3.5318493358148,1.094824125548056,3.082531856093637,1.0867570413979348,3.199048795166377,1.0806281099473278,2.8280006352589027,1.1158218339433532,2.466775250685527,1.1517186321028607,2.5210537039313863,1.1639989786100362,2.0604632124286453,1.0751699259142333,2.126572928631789,1.0978327042753802
2023-09-25,3.5761640313675214,1.1085610642434442,3.108342390199194,1.0958566325752348,3.233224599319353,1.0921725836369958,2.845394405046389,1.1226847560592408,2.4865148910149903,1.1609349202718522,2.536370217748938,1.171070786089463,2.074043781201518,1.0822563999814854,2.1371563505595703,1.103296343240699
2023-09-26,3.5855354010761205,1.1114660583898153,3.1223156705873834,1.1007829598809116,3.2361754942962992,1.0931693862073122,2.8564812388012495,1.1270592003287134,2.468327448956132,1.1524433416881694,2.5211959534163206,1.164064656804402,2.0548393531295357,1.0722353409386305,2.119839588502965,1.0943566509019422
2023-09-27,3.6970475212786233,1.1460332632393244,3.2166999203228377,1.1340584466514037,3.332609780719601,1.1257445694396493,2.9420348330443518,1.1608154050616888,2.5185391715534675,1.1758868136661131,2.5699977982632003,1.186597019945841,2.09351980275523,1.0924191791685627,2.1567452356269445,1.1134090077901773
2023-09-28,3.743430804996205,1.1604114354680197,3.2534525709687423,1.147015718058192,3.3637179476316477,1.1362528054080674,2.9660835566516623,1.1703041196485748,2.558697196627133,1.1946362906170196,2.616231123593789,1.2079434686068236,2.1269728312536587,1.1098752977516595,2.195916063574338,1.1336307530194183
2023-09-29,3.689762606497645,1.1437750410739849,3.219815334340933,1.135156796410334,3.310959290347598,1.1184311053482354,2.9337976085711848,1.1575653085788034,2.526987323468889,1.179831191641011,2.5845016262453435,1.1932936011931283,2.099906264716548,1.0957516976975934,2.168873926404866,1.1196703841186213
2023-10-02,3.6556639910977236,1.1332049450030532,3.2001980056784136,1.1282406407783119,3.2733203788488403,1.1057168054429527,2.909718476280173,1.148064595878199,2.5081449861852967,1.1710338474501087,2.5687436079365127,1.1860179461018494,2.0833983859140264,1.087137724527848,2.154610296659463,1.1123068561599292
2023-10-03,3.551148532392829,1.10080660781395,3.1117961544353236,1.0970742688489756,3.1868513980279727,1.076507869507149,2.836795842058677,1.1192920890977824,2.4409916712820996,1.1396804746773,2.505125674786423,1.15664482759489,2.0322443202150624,1.0604450310131017,2.105529522869018,1.086969150646599
2023-10-04,3.550289885513161,1.1005404392348845,3.1373417872961906,1.1060804681956695,3.172166796791632,1.0715474597430543,2.8502710183256696,1.1246088827743754,2.463087426842542,1.1499968151555333,2.5287701461169534,1.1675617471494368,2.048761001738089,1.0690635975287979,2.1235085112640673,1.096250714040981
2023-10-05,3.5595810290899714,1.1034205643972663,3.1345236313949507,1.1050869177921676,3.176174475188793,1.0729012402599831,2.842444790119061,1.1215209498363559,2.4573396587920873,1.1473132259007464,2.526128122022333,1.166341894774691,2.0418473512112896,1.0654559868323983,2.118786131403258,1.0938128089104275
2023-10-06,3.6325058822905048,1.1260262536678636,3.197077874922911,1.1271406281176404,3.24072130928113,1.0947049474849797,2.8986081958790546,1.143680900451036,2.500806618827744,1.167607619457688,2.5697462738182217,1.1864808882678068,2.075683839901212,1.083112198706748,2.1530900554310257,1.1115220391821077
2023-10-09,3.6539456990101535,1.132672298377068,3.2142106655176566,1.1331808514427713,3.265802552475222,1.1031773085408392,2.9194864165346135,1.1519186547750289,2.522927632894121,1.1779357529405319,2.593775394199838,1.1975754046351021,2.0944730280502006,1.0929165814825628,2.1726608932522407,1.1216253869304593
2023-10-10,3.6995170775295616,1.1467987912972482,3.262825224519889,1.1503200787976136,3.3021581966346867,1.115458124980188,2.9580065690116735,1.167117246545075,2.5508378583885474,1.1909668252764456,2.6207374826567538,1.2100241055001824,2.1148730522184715,1.1035615143022053,2.1915171049304694,1.131359812484545
2023-10-11,3.7310359046411006,1.1565691889132408,3.2878790100820416,1.159152875714057,3.332774466472533,1.1258001997426923,2.9800627646078555,1.1758197851205985,2.5637143422982325,1.1969787578311586,2.633191905512188,1.2157744532457677,2.1279885994701004,1.1104053355758876,2.204295704516925,1.1379567010050227
2023-10-12,3.6606196483559286,1.1347411297630352,3.2265642547469797,1.1375361511471247,3.277646854226359,1.1071782745262018,2.9318896034258146,1.156812482085791,2.509512015645921,1.1716721031241903,2.5663426713738873,1.1849094065644925,2.0902809225641352,1.0907290996980354,2.153641008119441,1.111806465768991
2023-10-13,3.6030636934675564,1.116899585011464,3.158006520024477,1.1133658896769356,3.2320291352020245,1.0917687598092467,2.8773718795137886,1.1353018551363154,2.4781234206203293,1.1570170064685632,2.532376472371644,1.1692268287264154,2.066285316919408,1.0782079571764471,2.126831822029035,1.0979663567048792
2023-10-16,3.648584887325568,1.131010521385256,3.20105619367045,1.1285431978601936,3.265875721836432,1.1032020249092263,2.911411474928722,1.1487325889590125,2.5108994410778633,1.1723198815223954,2.5648018719121315,1.1841980020446565,2.089752744743674,1.0904534913277082,2.1504798798176927,1.110174548995602
2023-10-17,3.6653393722352856,1.136204178460115,3.2200529045956587,1.1352405526079021,3.279784472699516,1.107900354981469,2.9265653158597464,1.1547117200695662,2.5298572670252746,1.1811711464934265,2.5838215528865223,1.1929796036397173,2.108265864235071,1.1001138187686166,2.167752300674007,1.1190913504101063
2023-10-18,3.5559527647641755,1.102295852967063,3.117403302220171,1.099051087782832,3.1916257626866242,1.078120634109262,2.842319242394454,1.1214714134640607,2.4621957825958782,1.1495805132278227,2.510957552585482,1.1593374714647497,2.0554695549335587,1.0725641864248572,2.1103740289005763,1.0894701028057738
2023-10-19,3.4831468552965172,1.0797270345977852,3.0443784109296708,1.0733059151415867,3.133619468204674,1.0585262995477545,2.783065509334743,1.0980921368591163,2.4201160748620225,1.1299338172359372,2.4684479884788026,1.1397103254328462,2.0242019779481817,1.0562484578895919,2.0783728282896257,1.0729496420523383
2023-10-20,3.425766516764723,1.061939928471914,2.996617024494397,1.0564674766635365,3.0849918575545257,1.0421000533874822,2.7419457370874385,1.0818678336859597,2.3848718318646296,1.113478547821678,2.436507474986738,1.124963029481528,1.9980320609030242,1.0425927383402689,2.0562469202094418,1.0615272519827699
2023-10-23,3.425484271310904,1.061852436310504,2.9867988827393535,1.0530060575496856,3.0876311103400567,1.0429915842555362,2.7350399227784217,1.0791430611766868,2.3894954699969353,1.1156372893542097,2.4464953592842056,1.129574548507322,2.0020690875139375,1.044699298445777,2.0652531533022067,1.0661766750514283
2023-10-24,3.4888722621652852,1.0815018310209907,3.034128533394729,1.0696922861169444,3.1376847491642725,1.0598995380198941,2.7729952891594882,1.0941188097657377,2.4120663514175043,1.1261754624884797,2.4725879524690826,1.141621793581523,2.01492429860813,1.0514072737575337,2.0813278130942865,1.0744751382699922
2023-10-25,3.421991987175837,1.0607698768463814,2.9657096808655448,1.0455709880341777,3.082185025318189,1.0411519147348067,2.713183840293668,1.0705194796481339,2.361565597150817,1.1025970438189923,2.4212668462337943,1.1179262589938002,1.9759165336325981,1.0310526391657377,2.040937650473782,1.0536239175764608
2023-10-26,3.3529731769503566,1.0393750065201686,2.903999831881104,1.0238149718636165,3.03005157415301,1.0235414072355837,2.664869339099523,1.0514564092031111,2.338254994014714,1.0917135002331122,2.396775186773736,1.1066181831081028,1.96408561995028,1.0248791522960932,2.0284464811780136,1.0471754135148783
2023-10-27,3.3867390361816816,1.0498419528112926,2.937459887282185,1.0356114276701656,3.0569795343982804,1.0326375832078136,2.691976606720746,1.0621519093006693,2.3347719217973335,1.090087280264916,2.4045380774121763,1.1102023974229809,1.9569549342838477,1.0211582905338201,2.0351827953639474,1.050653002230516
2023-10-30,3.4091527990592994,1.0567899072706994,2.9588902144137412,1.04316676205013,3.079498509205881,1.040244418471176,2.713575026870448,1.0706738270404486,2.3503677950395487,1.0973688750482193,2.417114428431586,1.1160090407794496,1.9739183855655527,1.0300099858942542,2.050547475428114,1.0585849419434996
2023-10-31,3.456895542591578,1.0715894931162644,2.9896284819001666,1.0540036423130903,3.1116633546051853,1.0511095969401998,2.7348752922082245,1.0790781041952526,2.3765930492446916,1.109613247084668,2.444280833724671,1.1285520770362123,1.991876458990798,1.0393806848505467,2.0695068286655647,1.0683726138148684
2023-11-01,3.5349431356218175,1.0957831604179726,3.057287732866273,1.0778571402932557,3.177421494528205,1.0733224792713578,2.79273336964827,1.1019067080055478,2.424435633411086,1.131950586320204,2.491970820229175,1.1505710826189195,2.032394747666111,1.0605235255333751,2.1113690364252284,1.0899837704946895
2023-11-02,3.549093831277942,1.1001696790728062,3.1188891885808614,1.0995749420495788,3.209320275838875,1.0840977821705997,2.8552831344379634,1.126586473770159,2.473257265145617,1.1547450354305135,2.5464306607230767,1.1757158062760606,2.078464251797548,1.0845630449216,2.1579298306408807,1.114020549078092
2023-11-03,3.6057632877185024,1.1177364216469219,3.18840987337612,1.1240846948278675,3.2551037039731763,1.099563272877223,2.914000430667884,1.149754092739759,2.5268386302380343,1.179761767900686,2.6094122702509495,1.2047951269772967,2.117912601765798,1.1051475810865572,2.206611456061776,1.13915219622961
2023-11-06,3.6087756859042637,1.118670223147481,3.1697239453737844,1.1174969076517356,3.2560096682183475,1.099869304604973,2.898320618232036,1.1435674332143253,2.5085824951606615,1.1712381170683068,2.588926729181735,1.1953367212147963,2.104097014841631,1.097938472241459,2.1910161761356415,1.1311012104840825
2023-11-07,3.5938896778666147,1.1140557678910081,3.14303351442892,1.1080871058649557,3.2172920404765675,1.0867906179180236,2.8544141499381297,1.1262436054319467,2.506471055679913,1.1702523020088038,2.589372980189429,1.1955427603469058,2.0950388505592987,1.0932118332208693,2.1845200546655636,1.1277476200641265
2023-11-08,3.624198475248621,1.1234510731362455,3.168269710085405,1.1169842120776827,3.2314517538666854,1.0915737223024513,2.8669121025532918,1.1311748237045733,2.5088275819161177,1.171352546213265,2.5947103740225823,1.1980070953829032,2.0949415691776747,1.0931610708412047,2.18735914920801,1.1292132885099446
2023-11-09,3.6179699458620593,1.1215203157367315,3.1101605084663055,1.096497616325321,3.240919093396354,1.0947717583054135,2.831720156408652,1.1172894159724942,2.4948568103463047,1.1648296990599474,2.5734667122714985,1.1881986567361436,2.087278065409717,1.0891621793644062,2.171102470132733,1.120820858741157
2023-11-10,3.7029897450536797,1.1478752698850694,3.169096908032661,1.1172758435143653,3.309282331644937,1.1178646342409313,2.886020131583115,1.1387141275255388,2.556548636141293,1.193633144042131,2.6401517514018655,1.2189878927271391,2.1359165362230486,1.114542210779436,2.225375367496816,1.1488389722419283
2023-11-13,3.6870420951349416,1.1429317204250806,3.168220228101564,1.116966767036765,3.3057518256572007,1.116672040986821,2.889783386289871,1.1401989651582234,2.5535660110704397,1.1922405790463038,2.6371078623410753,1.2175824947571399,2.136934325882824,1.1150733034126346,2.2280465889657917,1.1502179770479801
2023-11-14,3.853554314033575,1.194548190187856,3.320954547748966,1.1708137684916935,3.4425011546073256,1.1628655123409373,3.0164763612505974,1.1901872098233364,2.6527229387583073,1.238536195596071,2.7512585387911512,1.2702871517774696,2.2148409818335018,1.1557257610743197,2.3195884505730744,1.1974760080939144
2023-11-15,3.8187253143021644,1.18375168514219,3.3012842116675203,1.1638789249146781,3.4031297869467996,1.149565994470088,2.989708166488535,1.1796254950208842,2.6288831386070752,1.2274055739424956,2.7278734900537245,1.25949001056518,2.193069858993819,1.1443653755117837,2.298100083305256,1.1863827452998326
2023-11-16,3.7675656971960487,1.167892916056658,3.2614372361448334,1.1498307387971245,3.3618270752240003,1.1356140749582173,2.9542136176792395,1.1656206917497727,2.598505893495652,1.213222668881705,2.6985163379325083,1.2459354817462558,2.1696780345860907,1.132159291965253,2.276619119218989,1.1752933043614304
2023-11-17,3.8012244363188104,1.1783266566053967,3.2959748455355347,1.162007089910641,3.392647651677911,1.1460251638203816,2.9898509630714862,1.1796818371387334,2.6357738477479833,1.2306227937130372,2.7344296427018695,1.2625170603159068,2.2007864287319983,1.1483919573326398,2.3062011212692872,1.1905648658825554
2023-11-20,3.853398548225974,1.194499904955989,3.338564872914813,1.1770223482465005,3.4369336631126304,1.1609848321149434,3.026693236232527,1.1942184013433703,2.6703808211776296,1.2467805268054757,2.7684153755344454,1.2782086571441462,2.2286191577930197,1.1629153485109074,2.3321520789700996,1.2039619188063637
2023-11-21,3.781938359566389,1.1723482413027946,3.2810241418141404,1.156736168699897,3.3832143823734153,1.1428386366268783,2.9854361508279674,1.1779399196042535,2.631892198391354,1.2288104811052796,2.729857282239347,1.2604059498306708,2.201803047831661,1.1489224391560842,2.3054964022024955,1.19020105816713
2023-11-22,3.8033186206256775,1.1789758245863902,3.295074374328153,1.1616896257380447,3.4064134790582106,1.1506752148125112,2.9986609467475964,1.1831579226883353,2.6440968417980604,1.2345087364310405,2.7401226837313266,1.26514560168063,2.21117997449643,1.1538154115162063,2.3134857590951596,1.1943255239518695
2023-11-24,3.8217961078696843,1.1847035883981434,3.306834648116254,1.1658357500749983,3.425341689774116,1.1570691018334027,3.0131955880970382,1.1888927411194348,2.659655100634992,1.2417727693341576,2.754812072969184,1.2719278586561984,2.2255034641136278,1.1612895489711546,2.3264028963480596,1.2009939318540483
2023-11-27,3.8282667459578277,1.1867093961246375,3.328080752736441,1.1733261361849174,3.424999712060934,1.1569535828921478,3.026422933042395,1.194111749952429,2.6627614467306513,1.2432230987369415,2.7538741635425072,1.271494815277163,2.2269940223114104,1.1620673368673005,2.3246939357142837,1.2001116894212507
2023-11-28,3.775103342647852,1.1702294812115697,3.2766660531624328,1.1551997097919642,3.3764155643733846,1.1405420183769943,2.979081725630139,1.1754327043336854,2.627303489758731,1.2266680478908978,2.7181055239584206,1.254980030258017,2.1974503481873726,1.1466511577637015,2.2948579500647512,1.1847090101294464
2023-11-29,3.7526893766839535,1.1632814637982425,3.271312283662984,1.1533122202304062,3.356689677099077,1.1338786788510458,2.9724892400948737,1.1728315594794405,2.6213800854613054,1.2239024554061642,2.711455224815035,1.2519095120067483,2.1911820372525623,1.143380291599854,2.2887685721922817,1.1815653990700368
2023-11-30,3.7421113703283555,1.1600024290894648,3.277931440527,1.1556458263911558,3.3546133946646877,1.1331773175069544,2.983754864871388,1.177276547907634,2.6206964637394012,1.2235832776155615,2.7142882925775647,1.2532175714014273,2.1940894697327598,1.1448974184019627,2.295573206140522,1.1850782575233823
2023-12-01,3.8082368263016653,1.1805003998772656,3.3561809100752376,1.183232941784333,3.4108187096427023,1.152163287144385,3.0467831028886136,1.2021451010676862,2.6729025540849625,1.2479579047501248,2.7763770213165513,1.281884638954441,2.23659251292214,1.1670759234688846,2.3463798104314018,1.2113069144543223
2023-12-04,3.8421340490848683,1.1910080670406975,3.3824176648657978,1.1924827985070487,3.433597422080493,1.1598578609207764,3.0613378453602427,1.2078878506395156,2.679320948758983,1.2509546044827842,2.788283359957309,1.2873819300257154,2.241193561946694,1.1694767960052244,2.3561176709240024,1.2163340365315911
2023-12-05,3.7925734387494914,1.1756449677935603,3.3681662425442,1.1874584113211335,3.3941962894857247,1.1465482885535143,3.0550102039151414,1.2053912032223333,2.645506561514895,1.2351669238615617,2.759829451031936,1.2742444387953828,2.216505951742786,1.1565945587132274,2.3366653997799505,1.2062918982409887
2023-12-06,3.7057093133320693,1.1487182981909654,3.3260440723757294,1.172608097628818,3.321093360453929,1.1218543607364069,3.019663605558595,1.1914447755906963,2.6099879740174234,1.2185835650835597,2.727819870781748,1.2594652539415037,2.1904757079142363,1.1430117220191018,2.312441427382805,1.1937863928962174
2023-12-07,3.7289457295729447,1.1559212637404341,3.366224354834386,1.1867737922350168,3.349301274245309,1.1313829007861846,3.0603918303456323,1.2075145889805967,2.6315596566749413,1.2286552199031744,2.751556328746449,1.270424644764336,2.2119564455526133,1.1542205817337166,2.3361098748256266,1.2060051112445556
2023-12-08,3.8210517183059522,1.1844728379963871,3.4398815646042427,1.212741890896796,3.4270548102653042,1.157647788273354,3.1270109351715303,1.2337999620444156,2.686832094661631,1.2544615014658458,2.8103881562556783,1.2975879642222725,2.252398797094856,1.175323797675252,2.381072103157095,1.2292166381359197
2023-12-11,3.82424977931102,1.1854641923862295,3.4559703727657953,1.2184140546808309,3.4340630119135973,1.1600151356275952,3.137955186823521,1.238118148821748,2.687707786923188,1.2548703555328475,2.8096140987076073,1.2972305731068294,2.259810107948543,1.179191092414328,2.388125851595722,1.2328581007067045
2023-12-12,3.8578067305980834,1.1958663801229392,3.4677566483871303,1.2225693460521179,3.4673907743469714,1.1712731436272124,3.1513721135192214,1.2434119594258988,2.6938198019017374,1.2577240089123085,2.81631855383927,1.3003260957897549,2.2668285775546013,1.1828533987349938,2.3961889387190656,1.2370206293565558
2023-12-13,3.9412411686489044,1.2217298943881958,3.552767922236406,1.2525403584428825,3.524504764139072,1.1905660606136124,3.2141559140513465,1.2681840668215811,2.755030149022686,1.2863026551578822,2.8930276251581386,1.3357435406962435,2.306525002897408,1.2035673830650402,2.450170425779374,1.264888303736457
2023-12-14,4.045590977711893,1.254076882494396,3.6537440338407907,1.2881398284312036,3.6030299926203577,1.217091623263713,3.290077363632614,1.2981397924502112,2.82563468229405,1.3192673755785853,2.9823066599444035,1.3769646797542676,2.356897134189827,1.2298520555324397,2.520660257221179,1.3012783288485819
2023-12-15,4.081793937156567,1.2652992959236269,3.6692812475484855,1.2936175257231755,3.635521909411332,1.2280672853678511,3.301666775839439,1.3027125351227955,2.8168185594039654,1.3151511947499517,2.976453450830092,1.3742621869751466,2.350850634409544,1.2266969326059094,2.5181640540963284,1.2999896763927548
2023-12-18,4.160822436913996,1.2897970306550945,3.7346959745387838,1.3166797091771105,3.6964871189365165,1.2486611316515608,3.350835380950281,1.3221126025920849,2.8450822216132607,1.328347284004074,3.006944252509164,1.388340134603194,2.3685545694525985,1.2359350196602257,2.5389327443000633,1.3107114094796577
2023-12-19,4.276791480351664,1.3257458196605565,3.850470866050041,1.357496539121047,3.7987045282806045,1.28318983469295,3.4525947363606564,1.3622629862798543,2.9051064920153746,1.3563721600365721,3.069118428805468,1.4170466542588294,2.4177938069571434,1.2616285370307367,2.5921117957259145,1.3381648304517775
2023-12-20,4.182706531425978,1.29658079529492,3.763276600868668,1.326755905745903,3.72613858831409,1.2586773000073117,3.3867902607436218,1.3362990350171775,2.8466523337270564,1.329080357426733,3.00965561647722,1.389592001980924,2.3722525110571717,1.2378646418815982,2.5467317168186097,1.3147375902775635
2023-12-21,4.27059133327502,1.3238238603819943,3.846203773081825,1.3559921610493846,3.8004931084523093,1.2837940111635804,3.454727812501362,1.3631046172546097,2.9075703949653646,1.3575225376132916,3.0821290779631947,1.4230538179725698,2.416485566874932,1.2609458845165908,2.6003708844562365,1.3424285439570056
2023-12-22,4.229350863980708,1.3110398890289463,3.816990589911243,1.3456929544249603,3.77343012602637,1.274652225144978,3.438291709574467,1.3566195541743142,2.906257686400756,1.356909643953053,3.081052129750862,1.4225565788153012,2.415990578005066,1.2606875944664053,2.6006627462410616,1.3425792161527221
2023-12-26,4.262144259179578,1.3212053850081438,3.86800643802335,1.3636787643847574,3.8087531226284463,1.2865842166524073,3.4829849709398135,1.3742538206733474,2.9342127708512837,1.3699616605949156,3.1176965921596134,1.439475741127863,2.4399671053888166,1.2731987817641794,2.6312919546417497,1.3583913927470976
2023-12-27,4.270749471955799,1.323872881171512,3.88260911380731,1.3688269871679537,3.8157083088798616,1.2889336555808018,3.496062462660411,1.37941370310517,2.9591851944940966,1.3816210955556796,3.146076081886126,1.452578872173275,2.4531822066577873,1.2800945513011468,2.6480938212999057,1.3670652728956914
2023-12-28,4.253549902666862,1.3185412541353263,3.866339562737412,1.363091101859699,3.79960881689887,1.2834953003994691,3.4770138223851554,1.3718978318351778,2.9440653934776964,1.3745617752793657,3.1298711836230924,1.445096887558177,2.439905471378818,1.2731666205328773,2.634665278285867,1.3601328543112674
2023-12-29,4.18452989049025,1.2971460112209956,3.8049105431630688,1.3414340930483803,3.743868222232683,1.264666311747444,3.426198954319909,1.3518482114181147,2.8953786933278773,1.3518303247013004,3.075830972574878,1.4201459115571897,2.4085700110283437,1.2568154697914884,2.598118673438514,1.3412658512137219
2024-01-02,4.092082339668197,1.268488557472487,3.729809737009871,1.3149570495945369,3.670336261089504,1.2398274583010893,3.3669821098855595,1.3284834896661961,2.838373565532942,1.3252150634250308,3.0156194728340293,1.392345581842027,2.3648032076581997,1.233977522259528,2.549606661770833,1.3162217663192355
2024-01-03,3.998362224572788,1.2394366265152106,3.632165821049228,1.280532356461155,3.59130754243851,1.2131318183357287,3.2877683005049394,1.2972287236825137,2.777832117003531,1.2969487208522963,2.9447339859327153,1.359616951657458,2.316573997555849,1.2088110471000293,2.4933835769870805,1.287196878256467
2024-01-04,4.0020647541043495,1.2405843591253196,3.626098831100541,1.2783934186156978,3.5952692950217453,1.2144700852645012,3.288150686099729,1.297379598541003,2.771377892489557,1.2939352924394516,2.9427670294506734,1.3587087856265263,2.3110557895233628,1.2059315919922262,2.4922265853898575,1.2865995870952274
2024-01-05,4.006269371039601,1.2418877318407753,3.621973854745984,1.276939144237299,3.600773792627069,1.2163294863628649,3.283435651276059,1.2955192245586002,2.764868871719871,1.2908962800709318,2.948598671532454,1.3614013206630575,2.306060110647423,1.2033247977264823,2.497568380912907,1.289357262482607
2024-01-08,4.154078382760585,1.287706467754722,3.74995255761166,1.3220584691887365,3.7229615928484736,1.2576041214391986,3.392340112826519,1.338488796240017,2.827783723797204,1.3202707467368053,3.0136525034613313,1.3914374098593314,2.3544788149571123,1.2285901528230931,2.548533920331297,1.3156679688831359
2024-01-09,4.119350202614525,1.2769412153769584,3.7235952123152734,1.312766097874948,3.696538043247267,1.248678333715424,3.3715909745125603,1.330301972914177,2.8144106450599384,1.3140269578281858,3.016122660280911,1.3925779091713903,2.347184728979256,1.2247840271746857,2.5515415508458967,1.3172206431868705
2024-01-10,4.127835077545705,1.2795714084836436,3.7442882116706895,1.3200614848513017,3.722814298736648,1.2575543659750403,3.4060968579392465,1.3439166863081422,2.828888841269331,1.3207867176923898,3.0276028371402086,1.3978784365332813,2.3678523985163187,1.2355686199744724,2.565334968826556,1.324341426659202
2024-01-11,4.05869783623518,1.258139826169803,3.68789192957835,1.3001787846769768,3.6914768865317518,1.246968691704368,3.3810434617587957,1.3340315660135986,2.80505707079973,1.3096598450361931,2.9989972887765206,1.3846709316610177,2.357805880402824,1.2303262482249426,2.5533387337614206,1.3181484299341126
2024-01-12,3.9699093753992187,1.2306166393770501,3.6155383718154934,1.274670292943619,3.6462471487656627,1.2316902357741453,3.3478563075908436,1.3209371731887345,2.7798468735029087,1.2978893953619999,2.984856929896789,1.3781421682048807,2.347864533406868,1.2251387557967084,2.5511654158041606,1.3170264653411534
2024-01-16,3.916943637467937,1.214197997979584,3.564566698521379,1.2567000569654543,3.6142167582791824,1.220870475730291,3.313984811640772,1.3075727650417912,2.757743519089554,1.287569507037047,2.9519626878683516,1.362954525012852,2.3342125784935956,1.218015031740802,2.52942420423367,1.3058026729325805
2024-01-17,3.880703633902781,1.2029641013887127,3.529838011863249,1.2444563409144365,3.588663032898575,1.212238511753411,3.2885103909570104,1.2975215244403564,2.7388034803450703,1.2787265467759894,2.927449245967339,1.3516363919280627,2.320669683847105,1.210948216402435,2.5124073459477736,1.2970178044247809
2024-01-18,3.8831087961358626,1.2037096681975605,3.522568744175438,1.241893535981888,3.6121727505339813,1.220180016669538,3.2998448473622837,1.3019936712196747,2.762225932280889,1.2896623117170873,2.9509232653557955,1.362474611895145,2.3496960920480485,1.226094481070845,2.5417206751621446,1.3121506649297972
2024-01-19,4.013309453090996,1.244070059268376,3.624089275515359,1.277684942991039,3.7214451547486265,1.2570918736609948,3.386317915798765,1.336112665609741,2.808732541359882,1.3113758943295755,3.0077116262713237,1.3886944397391663,2.3839557998925525,1.243971532853585,2.5860379278179155,1.3350292263344339
2024-01-22,4.102100714219337,1.2715941141127827,3.698177545090133,1.3038050132463412,3.789268489915944,1.280002372120075,3.4439975416597837,1.3588708591925078,2.853129047975117,1.3321042861256387,3.0652452094277924,1.4152583451115397,2.418722558426032,1.2621131686620972,2.631005404707996,1.358243462768093
2024-01-23,4.071878036339054,1.2622255047141686,3.6560855406259987,1.288965334575211,3.7680775005346265,1.2728441259446346,3.4132947238144964,1.346756691293029,2.823198011701721,1.3181297125828588,3.0274682670600748,1.3978163040068776,2.391517844526545,1.2479174819585461,2.599151555279635,1.3417990713302603
2024-01-24,4.033210623878122,1.2502391451587205,3.6229313071008042,1.277276697306328,3.750495879072291,1.2669051123230357,3.396674724683344,1.3401990697425084,2.7968185578296265,1.3058133458928876,3.007643247989569,1.3886628687139244,2.374538315612156,1.23905739713159,2.5898007389925435,1.336971758900282
2024-01-25,4.068420067149342,1.261153582405392,3.655934192660763,1.2889119763376975,3.7833977483958146,1.2780192550377498,3.4271473530457297,1.3522224135991054,2.8082423871627937,1.3111470450571363,3.025261470828474,1.3967974012538036,2.38458661437114,1.2443006980394116,2.6061912008326074,1.3454332533564235
2024-01-26,4.098806559711867,1.2705729720749581,3.6826247769940315,1.2983218322020789,3.794138753847152,1.2816475311795048,3.4387716830366695,1.356808933505479,2.813694797675895,1.3136927341206484,3.0277244846696156,1.3979346025720132,2.383767753142243,1.2438734082137566,2.601777303645922,1.343154600873074
2024-01-29,4.228624447032815,1.3108147098878946,3.7974805073034568,1.3388146087526025,3.8993621141902937,1.3171916345335153,3.5335592365381667,1.3942085084788287,2.8872852870030896,1.3480515747487696,3.095045787086041,1.429017608510847,2.439487467977341,1.2729485022556448,2.6520315942833133,1.369098128625675
2024-01-30,4.200956112072148,1.3022379112341393,3.775711397431324,1.3311398353705406,3.8795761641918074,1.3105080060178507,3.517410584260426,1.387836862526701,2.8706821731503918,1.3402997069733142,3.066121292456577,1.4156628425441378,2.4308802984645856,1.2684571967319453,2.630410247204111,1.3579362156649428
2024-01-31,4.217192086647799,1.3072708373238664,3.7874274193084934,1.335270358546486,3.899419803979514,1.317211121953645,3.529987326818334,1.392799168323606,2.833178568486864,1.3227895587545018,3.0377197683769834,1.402549537988959,2.3975258788859515,1.2510525332509592,2.606091991483546,1.3453820370230913
2024-02-01,4.3216658925695,1.3396562627300486,3.8901956661354187,1.3715016518745666,3.9894551364488415,1.3476247596892799,3.620623517986344,1.428560773108915,2.89155808832986,1.3500465132410162,3.111795838583155,1.4367512965333988,2.4443278917804205,1.2754742829006758,2.667252192642502,1.3769556868746213
2024-02-02,4.4633296348372316,1.3835700506647066,4.019719686198217,1.4171657836353309,4.170670795710649,1.408838810458631,3.790870332170122,1.495733711494116,2.9405686598029583,1.372929176880474,3.1510378546030187,1.4548697786960318,2.4943034997495266,1.3015520456064358,2.7095311903816865,1.398782009309716
2024-02-05,4.453864993575001,1.3806361436351884,4.015769820783174,1.4157732452114742,4.16795807128618,1.4079224611137724,3.7913941706213046,1.4959403982868986,2.914607445359444,1.360808083003639,3.13284045547394,1.4464678339193004,2.4750517446443,1.2915062908531596,2.696735754258469,1.3921764290108203
2024-02-06,4.5672187948485075,1.4157742439777907,4.1116920263033805,1.449590943500442,4.2232934530386705,1.4266145701828052,3.8401616871585342,1.5151822114113334,2.9467722094919173,1.3758255671211186,3.167134521538463,1.4623017916843573,2.4881370356925503,1.2983343241429803,2.7108148744307163,1.3994447048194767
2024-02-07,4.622352482620071,1.4328649196446845,4.234133332201438,1.4927580404047702,4.268110118379693,1.4417534916130714,3.959760559822288,1.5623713922656048,3.0046489177829883,1.4028477627123397,3.2189755895038736,1.4862373984775377,2.535483488563806,1.323040167915792,2.755242384215833,1.4223801859191039
2024-02-08,4.785993412930006,1.4835913299175376,4.403058083349012,1.552313033295797,4.367868684472622,1.4754516055308526,4.06252391174745,1.6029179149140356,3.0848710452427763,1.4403028648245788,3.311436939725917,1.5289278485268685,2.5852355576089203,1.3490012858171723,2.81496093270535,1.4532095897457717
2024-02-09,4.97214560551755,1.5412959181064594,4.588000237632652,1.6175150158873908,4.468557328659318,1.509463896754741,4.16755961567754,1.6443610215129398,3.1453517565715665,1.4685408496595744,3.3855737309338574,1.5631576426438667,2.615640120709767,1.3648666852377522,2.854255227753354,1.4734950742520092
2024-02-12,5.1398619587450805,1.5932856527478665,4.745191092614506,1.6729331839615318,4.555393004818675,1.5387967011639356,4.251863311702337,1.677624063795807,3.2027686160286697,1.4953483453222618,3.4513277415297754,1.593517012241511,2.640349184356048,1.3777601171465261,2.8859656417872634,1.4898654178804014
2024-02-13,5.024300973786195,1.5574633561900493,4.637050839192132,1.6348079715219581,4.466360049362379,1.5087216630703837,4.1719128288685035,1.6460786343966587,3.1339875831693353,1.4632350033964585,3.3755831225367863,1.5585448658705088,2.590942427239825,1.3519791863985797,2.8316805921556174,1.461841030831904
2024-02-14,5.263873117404113,1.6317273855138408,4.902102764151056,1.7282529249668899,4.620585353262775,1.560818461003492,4.357385726783701,1.7192592081625409,3.2491127672527127,1.516986077595962,3.5042186095315584,1.6179373235723908,2.667728186605951,1.3920467492218132,2.9239291084193875,1.5094638688318238
2024-02-15,5.345043719499813,1.6568891421489467,4.985789515497358,1.757756972465223,4.689103776195852,1.5839637578125363,4.4240705923709225,1.7455705279296199,3.294289228807181,1.5380786244302551,3.5588492738967923,1.6431609185409388,2.7029247129689074,1.4104126421015484,2.967676727501023,1.532048359735177
2024-02-16,5.232403045053417,1.6219721011949706,4.8989769782180295,1.7271509185542373,4.619151931847814,1.5603342559870665,4.36418490184022,1.7219419048657445,3.2536138441943283,1.5190875962392787,3.513595449827408,1.622266716678908,2.67577999308412,1.3962482608636575,2.9371385413565005,1.5162831729281223
2024-02-20,5.084866212366943,1.5762377369925873,4.7535388359513435,1.675876209135191,4.519614175015411,1.5267107307077024,4.261828277533951,1.6815558615156463,3.1858677348002415,1.4874574522202955,3.4422979747896227,1.5893478669169854,2.6314778691519574,1.373130977808726,2.889728612498749,1.4918080328063603
2024-02-21,4.982102898851965,1.5443825404199107,4.635574556557417,1.6342875030813167,4.468831555009032,1.5095565295093394,4.181480581374029,1.649853706797396,3.129316170167904,1.4610539561403293,3.4046373433924035,1.5719595279015122,2.592968409434298,1.3530363637909248,2.8717888385652683,1.482546713682847
2024-02-22,5.238505070789013,1.6238636442238028,4.912635301949087,1.731966206824196,4.645928233886241,1.5693792023182644,4.3960303625499355,1.7345069163190157,3.245597203603786,1.5153446876251138,3.544758025632685,1.6366548300108994,2.6770463115546663,1.3969090382694114,2.9761376117859233,1.536416249192431
2024-02-23,5.287105315622117,1.6389290435349404,4.931021492653167,1.7384483206011034,4.687081375622643,1.5832805975830697,4.409742001489777,1.739917009201411,3.271981219439708,1.5276631842613526,3.568762821114425,1.6477381152970925,2.698326964117917,1.4080134916281628,2.9937729521639245,1.5455204060061138
2024-02-26,5.586880074764277,1.7318550455619992,5.225548401767706,1.842284779494028,4.866627477367929,1.6439306773413334,4.588371769481119,1.81039754333988,3.3861192968539044,1.5809533858530038,3.6831601813910644,1.7005566690272431,2.762057327229347,1.4412686205582443,3.0545199333679025,1.576880733109798
2024-02-27,5.708194281389408,1.7694607607430166,5.3463594666549294,1.8848771294110063,4.955248640981371,1.6738666135113676,4.665801492539881,1.8409483765002272,3.441382429902193,1.6067553230105966,3.7317434851935682,1.7229881292993616,2.7975315996506254,1.4597794440570484,3.082282341214453,1.5912129381675297
2024-02-28,5.523087046309072,1.7120800948339785,5.273391868625085,1.8591521557027642,4.843250463720089,1.6360339993936104,4.652561933650437,1.8357245485079585,3.396186652561146,1.5856537577822334,3.6815653016763594,1.6998202950436077,2.7823020398463494,1.4518325102861855,3.061300997104555,1.5803814235585671
2024-02-29,5.501919101944017,1.7055183267698328,5.358018712262779,1.8889876359209943,4.880766744062694,1.648706874899648,4.773272940035086,1.8833525351646643,3.4435118788648316,1.607749546560434,3.717052729817778,1.7162052415624751,2.8295106637513543,1.4764664335517363,3.101783117700442,1.6012801170998119
2024-03-01,5.690260317502009,1.7639014816051648,5.51385880199823,1.9439295871346667,5.015705128389215,1.6942886151451986,4.896707916600393,1.9320552971819882,3.538340597289388,1.6520243550731444,3.8116781753573488,1.7598948788704052,2.905890595390453,1.5163222314841578,3.171797079978682,1.6374244771215534
2024-03-04,5.679138269496526,1.7604538015587843,5.547186610599,1.9556794188840618,5.021508055093984,1.6962488246070277,4.931975833501675,1.9459706800943926,3.539528404264114,1.6525789331295575,3.8014863443791658,1.7551891953578846,2.911579197797081,1.519290600048661,3.166081858587116,1.6344740224856653
2024-03-05,5.547252331546166,1.7195709968410469,5.376218538861326,1.8954040464015838,4.947590149888414,1.671279600531967,4.838031199051536,1.9089036890214945,3.4648764438175097,1.6177244996964892,3.725728884380054,1.720211120149275,2.8667115439893482,1.4958782179544703,3.1206948597002637,1.6110432099064065
2024-03-06,5.662480902376731,1.7552902496467797,5.508273139687139,1.9419603429773196,5.040218974024943,1.7025693111811275,4.9390315936354705,1.9487546155412938,3.520025000699642,1.643472942112183,3.7840242470793335,1.7471267477433432,2.9055849776213294,1.5161627571328542,3.161910745757293,1.6323207062197853
2024-03-07,5.7165741667820384,1.772058408554361,5.56095667427779,1.9605341014508748,5.073649376701525,1.7138619907156685,4.978388510052883,1.964283362638344,3.5553024345806157,1.6599437080979398,3.8216369455309045,1.7644929555762512,2.934463474660043,1.5312318403051912,3.1972524036853356,1.650565661459426
2024-03-08,5.703321797875278,1.7679503586857948,5.5703609731017965,1.9638496188383732,5.007439242095859,1.6914964260745833,4.92565930948623,1.9434784191934629,3.5232849264738593,1.6449949767006198,3.806704949197963,1.7575986841638473,2.891742888540485,1.5089398192023058,3.1743170064388435,1.6387253766313177
2024-03-11,5.506738478670003,1.7070122664620515,5.372507150626862,1.8940955839150757,4.8890511304279185,1.6515053132333968,4.803235346417539,1.8951745647717986,3.4271314574743057,1.6001016522044642,3.7112503958449277,1.7135262384109688,2.8265612796942223,1.474927416005065,3.113531997664717,1.6073454179835611
2024-03-12,5.624642866397706,1.7435609852545766,5.488987147694319,1.9351610012098988,5.00516050557503,1.690726676409216,4.924410143476768,1.9429855456452045,3.487654829386504,1.628359554941893,3.766062823746773,1.738833755657979,2.883071586185362,1.5044150485320515,3.163574245564148,1.6331794797266488
2024-03-13,5.702792263358048,1.7677862103573547,5.57080157563833,1.9640049547542344,5.060904314056655,1.7095567506774743,4.986754566631893,1.9675842913858406,3.5074289110693346,1.6375919235172272,3.788549329528391,1.749216029435604,2.8919782201295847,1.5090626175350754,3.1778879204740975,1.6405688432527898
2024-03-14,5.580961018677019,1.7300202205769428,5.428066091390365,1.9136830765692032,4.9927719521354454,1.6865418640022822,4.896254847093702,1.9318765331316705,3.4402048928586675,1.6062055399070745,3.7041712979512282,1.7102577389320026,2.8486452572585472,1.4864510522333187,3.1159257987255797,1.608581205882844
2024-03-15,5.606989614232156,1.738088722842576,5.44671984476931,1.9202595204729365,5.0041787933241535,1.6903950572554916,4.900231244150571,1.933445468654939,3.4278432851239744,1.6004339991285474,3.71343508009138,1.714534931810673,2.8266980424077555,1.4749987801311937,3.118131802769123,1.6097200445053803
2024-03-18,5.657160396317518,1.753640966837717,5.492582634053939,1.936428602098059,5.0658093246042695,1.711213647029086,4.957487313157311,1.9560365427611301,3.439372384705216,1.6058168481722106,3.721642810893622,1.718324533855095,2.8435102090924533,1.4837715337041832,3.130179859258879,1.615939793783352
2024-03-19,5.647366785803569,1.7506050839199025,5.463581605600487,1.9262041913373833,5.0984433090555505,1.7222372991193335,4.975322678006628,1.9630737015464177,3.447844437514137,1.6097723852927819,3.7430485920886074,1.7282078248807704,2.8608818708818156,1.4928362373137463,3.158922639795485,1.6307781113693833
2024-03-20,5.864350842680473,1.8178671208134787,5.697306196903081,2.0086045872469445,5.240028021269646,1.7700641469587706,5.130711954808607,2.0243844189679665,3.5448066925257673,1.6550433258361366,3.847397081139408,1.776386701231252,2.92853500674802,1.528138307565899,3.2313896675486644,1.6681888542495988
2024-03-21,5.99841491624948,1.859425117250135,5.81552856959459,2.050284284966624,5.358036731328034,1.8099270991901966,5.239341763367216,2.067245622991594,3.6134540824279724,1.6870942708801289,3.91222241100415,1.8063172884428416,2.986097843851325,1.5581751608959937,3.286950389181097,1.6968718006277748
2024-03-22,5.940403147461256,1.8414422765352123,5.753294780988988,2.0283435521088893,5.314289804992726,1.7951495320605049,5.1907832495508135,2.0480862744169706,3.5919757008585687,1.6770661776300342,3.8927134011621862,1.79730975818106,2.9711659671070634,1.5503835610673484,3.273328788737131,1.689839717104743
2024-03-25,5.996992808688417,1.8589842837040418,5.835739693175634,2.0574097850073922,5.305599883190769,1.792214105196548,5.194939629180548,2.049726224239892,3.6059542744096915,1.6835926674691772,3.9050086329950275,1.8029866056329344,2.9690495495709968,1.5492791936262162,3.2643887444053266,1.6852244636549385
2024-03-26,5.969014162038497,1.8503112927466145,5.792389432286401,2.042126503773922,5.2912755826898294,1.7873754038300556,5.168875084597225,2.0394421431207945,3.594295619410045,1.6781493299844912,3.900465747587242,1.8008891041134865,2.9589015722838097,1.5439838794841192,3.262882453446765,1.6844468484346005
2024-03-27,5.972520789075324,1.8513982983106079,5.78582493739933,2.0398121688781954,5.292593639166695,1.7878206389516804,5.163731597010411,2.037412717921794,3.587337019342269,1.6749004124557536,3.905769162282652,1.8033377505976826,2.9554941923844886,1.5422058752121586,3.2729618657282002,1.689650294925174
2024-03-28,5.968558394604376,1.8501700111869919,5.765478936534084,2.032639117394272,5.305602113709375,1.792214858658361,5.162312876045504,2.0368529444163785,3.592632438849961,1.677372803611014,3.9135751151205653,1.8069418472165852,2.968156420604147,1.5488131501660238,3.2841665162153557,1.6954346400464517
2024-04-01,5.910693272147968,1.8322326287933992,5.682773687134002,2.0034811017298324,5.282719244118204,1.7844851009398044,5.126742301428094,2.0228181442437183,3.582644073116381,1.672709311500646,3.8997629548051065,1.8005646167456433,2.968254938445302,1.5488645577424067,3.2808976188326606,1.6937470880206897
2024-04-02,5.790878942315793,1.7950918545377,5.560007835201104,1.9601995850222111,5.2131646441019965,1.7609897869367093,5.048996033342457,1.992142414416795,3.5159878633573807,1.6415880333446968,3.8267160434996286,1.766838032493351,2.9229518860866337,1.5252249804112745,3.2267844329012925,1.665811424753212
2024-04-03,5.883882558296976,1.823921680744291,5.629062541612696,1.9845450555438249,5.308272989533017,1.793117071684173,5.128719027136346,2.023598085265472,3.564810463007422,1.6643829343674086,3.882793015024449,1.7927294038182247,2.9671423298895037,1.5482839876786973,3.280596124175115,1.6935914429023111
2024-04-04,5.752112241438085,1.7830747169552927,5.5034378085212685,1.9402556306053738,5.193507047473627,1.7543495157652538,5.013988792296505,1.9783298843140167,3.4925991096574047,1.6306680018540112,3.8052324478992205,1.7569188136775238,2.9060893459546744,1.5164259414791335,3.219744907595059,1.6621773048038302
2024-04-05,5.860584457216367,1.8166995937532495,5.583952933049676,1.9686415103319053,5.29623682435893,1.7890512948686585,5.098303283131607,2.0115971858197703,3.56636965377263,1.6651109086953466,3.88037070897862,1.7916109977490362,2.9712322429510483,1.5504181444531802,3.2885244124176816,1.6976843822999792
2024-04-08,5.809379969689292,1.800826915461883,5.566716154943667,1.9625646258576415,5.26093475275743,1.7771263717572654,5.081484665940971,2.0049611971130963,3.554140551261936,1.659401233599673,3.8713531071980487,1.7874474691237925,2.959906056915232,1.5445080294229452,3.281528371069548,1.6940727107278286
2024-04-09,5.669114116437091,1.757346453661361,5.462062747708292,1.925668712845581,5.1296606395021245,1.7327824101689226,4.985506011738709,1.967091658960896,3.4945655986997375,1.6315861406545542,3.806539682774554,1.7575223787889351,2.908587345224095,1.5177294220136248,3.2251094630083177,1.6649467298714025
2024-04-10,5.606417445314422,1.7379113584435137,5.394461065533413,1.901835510937655,5.067060701863864,1.7116363581314962,4.911064814606603,1.9377199848285527,3.4465563995149817,1.6091710101322036,3.7443235706083495,1.7287964968683658,2.8662885947739327,1.4956575189029842,3.166280062735448,1.6345763443920687
2024-04-11,5.697207280031807,1.7660549432774297,5.488541028272128,1.9350037202973212,5.1396678328874525,1.7361628070200747,4.987928908767605,1.9680476422702817,3.4989688957454943,1.6336420066070247,3.798235977198266,1.7536884641069894,2.905568283368351,1.5161540459078107,3.2084571726219258,1.6563500677296368
2024-04-12,5.5227186072119725,1.7119658838430911,5.3191634084845445,1.8752890670341278,5.006746177237029,1.6912623110558938,4.866677826047822,1.9202065619674062,3.41544341112007,1.5946445921195125,3.701365612032102,1.7089623220437882,2.848444853299927,1.4863464794809171,3.139411448721211,1.6207055559576642
2024-04-15,5.349527054876431,1.6582789137010518,5.148518734773953,1.815127709620923,4.8576557676194945,1.640900063440383,4.724326780994671,1.8640402364812667,3.3310891991869647,1.5552602511453144,3.612573006192882,1.6679657727264106,2.784429981984153,1.4529428913776081,3.0724242910233004,1.5861237687557863
2024-04-16,5.381146670366522,1.6680805543112724,5.154841871652553,1.8173569529336753,4.871914965115976,1.6457167732271394,4.720244704295081,1.862429603777566,3.337371578751227,1.5581934464561125,3.620840749867917,1.6717830833922436,2.782842935569385,1.4521147549828903,3.0713112950774453,1.5855491901308858
2024-04-17,5.30375851226531,1.6440913026572563,5.094322537608158,1.7960206568355677,4.8056528968053795,1.623333665552173,4.665269521004104,1.84073848070061,3.2881526106694734,1.5352134840226164,3.574544889792148,1.6504077617328774,2.742576847297795,1.4311035149458537,3.0350320660892693,1.5668202184916489
2024-04-18,5.295542222660861,1.6415443672627528,5.113538025780304,1.8027951422423278,4.7864745867542124,1.616855295802424,4.6702737935665395,1.8427129769289883,3.266895258033541,1.525288587503089,3.556725670852986,1.6421804270226068,2.7207536719200536,1.4197159678581075,3.015556898589235,1.556766260071076
2024-04-19,5.152057319323719,1.5970660447498268,5.003898311382885,1.7641412897597628,4.695840625662332,1.586239443296597,4.581272066496317,1.8075962697099572,3.206426082328558,1.4970559885632486,3.499227601806136,1.6156329189158896,2.6792049027907927,1.3980354123611323,2.9764474646427224,1.536576209189631
2024-04-22,5.290834798410514,1.6400851312794371,5.144120808596872,1.8135772058585549,4.804391353573668,1.6229075204179813,4.68317982161217,1.8478052062952943,3.264946290531294,1.524378629376552,3.562791426638337,1.6449810550011517,2.719644745810084,1.4191373193307728,3.021952383790779,1.560067897517614
2024-04-23,5.546349785488208,1.7192912201278512,5.393848806479409,1.9016196569354384,5.017775470898633,1.6949879700022663,4.8825392125538505,1.9264648637369957,3.3957300436218962,1.5854405705359382,3.6927366243161073,1.7049782209228184,2.8207751694645515,1.471908166901542,3.1235000615065522,1.6124913813956472
2024-04-24,5.52654389976484,1.7131516712807626,5.357545025927196,1.8888206361997757,5.006158988370484,1.6910639605974713,4.8599688433238715,1.9175594517392123,3.3761702609297646,1.576308256531996,3.680071432384543,1.69913055871346,2.8050023251682723,1.463677741950883,3.113489839650116,1.6073236541180709
2024-04-25,5.572308807613126,1.7273381555986815,5.362595330710927,1.8906011382484653,5.051980704057663,1.7065423847129135,4.865698526694358,1.9198201675702697,3.390028654371904,1.58277863519089,3.6856359935792167,1.7016997794868665,2.815389334523771,1.4690977853721179,3.1156912652316526,1.6084601291323526
2024-04-26,5.690853916339552,1.764085488981029,5.490804694171716,1.9358017833735828,5.137937201817564,1.735578205564512,4.9512191387412665,1.9535633587790664,3.432251306296819,1.602492070740077,3.7241144493600844,1.7194657172602572,2.8423541301446362,1.4831682803632933,3.138196684903631,1.6200784401748227
2024-04-29,5.701651784816695,1.7674326778866796,5.46045053249387,1.9251003209137811,5.174594972832038,1.7479610794569354,4.955780843351095,1.955363234472227,3.436887793809686,1.604656811550817,3.7276870634510795,1.7211152335503705,2.8553361678398628,1.489942435040164,3.1525115774576973,1.6274684323036859
2024-04-30,5.518966166988218,1.7108026796132323,5.262293814985606,1.8552394993210692,5.035415663285721,1.7009467686886652,4.809256069785701,1.8975501139518691,3.340895021559897,1.5598385151468117,3.626112120550288,1.6742169347935787,2.7894429867160393,1.4555587264450234,3.080934494754128,1.5905171191318586
2024-05-01,5.493354129500765,1.702863304549478,5.2675322364298935,1.857086322535284,5.007762510019778,1.6916056249108622,4.810669797502398,1.8981079173108482,3.335828534373234,1.5574730107537504,3.6185299218648526,1.6707161479949064,2.7865662711451233,1.4540576280276374,3.075656365341919,1.5877923110577497
2024-05-02,5.7062557013969615,1.7688598279332495,5.461535800414881,1.9254829357933736,5.171518877683942,1.7469219846825983,4.955459070054737,1.9552362749287329,3.418483439851238,1.5960639584484222,3.704528070516745,1.7104224648564057,2.840517302634317,1.4822098057415318,3.13171336366818,1.6167314578123697
2024-05-03,5.8710137139919905,1.8199325181630486,5.583257037596696,1.9683961700340866,5.343667268657972,1.8050731421922375,5.072778154497467,2.0015259377835846,3.464571651776634,1.617582194607163,3.775691080712431,1.7432792306815146,2.8757390466345067,1.500588857431864,3.1889470809841254,1.6462780798965335
2024-05-06,6.031319619193597,1.8696251170807903,5.7675620056720245,2.033373510470825,5.469820587196362,1.8476873162497587,5.1995248887814,2.0515353938394814,3.543358355979336,1.6543671085011271,3.8651360090583413,1.7845769646703333,2.935096758265111,1.5315622939054476,3.25694699013354,1.6813826950013695
2024-05-07,5.918295696215357,1.8345892744173284,5.604424888502851,1.9758589675322058,5.40479189924589,1.8257208403840415,5.050341808903341,1.99267340643133,3.4918039995159487,1.630296770966949,3.8080933011242255,1.758239701934153,2.895155508230032,1.5107205576482308,3.2128637152434454,1.6586249234552761
2024-05-08,5.948472450288573,1.843943648075078,5.61678097120672,1.9802151463194508,5.460440517197056,1.8445187596057213,5.091023555693625,2.008724881365811,3.5090438915467543,1.6383459456381329,3.8210871749754993,1.7642391202993724,2.9168605889426944,1.5220464817807413,3.2327381552526244,1.6688850043241112
2024-05-09,6.038077901990877,1.871720090662678,5.700606123792385,2.0097679876432624,5.53986344516802,1.8713475621764812,5.1618032934176545,2.036651882431009,3.547582430586984,1.6563392968582418,3.8678186312748033,1.785815561656621,2.9463198083261095,1.537418591571832,3.2702807850737043,1.6882662003636009
2024-05-10,5.994685767271417,1.8582691329821925,5.663360572306798,1.9966369423767887,5.53026801978898,1.8681062591969335,5.159112475147096,2.0355901875572413,3.539314201170384,1.65247892333173,3.8535304834569755,1.7792185623780075,2.94694529156475,1.5377449748643337,3.2656074088851077,1.6858535931352547
2024-05-13,5.897622837597563,1.8281809760425098,5.613891622889872,1.9791964967888134,5.4315573985791215,1.8347621375971284,5.106343615269083,2.0147695960516843,3.5046588466914144,1.6362986014947627,3.8194424623012324,1.7634797378752824,2.914934240935564,1.521041294485177,3.234674399492137,1.6698845807886578
2024-05-14,5.9834626916466505,1.8547901357802885,5.69547400090355,2.007958640344633,5.51294261721599,1.8622537954693354,5.182139391319703,2.044675735669726,3.554682489213236,1.6596542603137108,3.8692902191326923,1.7864950103969817,2.9523430361446947,1.5405615709603548,3.2721390991723744,1.6892255457802894
2024-05-15,6.234144570589176,1.932498028390798,5.927820227122013,2.0898730889774972,5.691700915515019,1.9226377578271945,5.345150089035981,2.108993576836516,3.6606642839559105,1.7091363554640158,3.9879401037313533,1.8412770026527079,3.024585276694139,1.5782582810743262,3.3544878878961955,1.7317376986443063
2024-05-16,6.073946880952394,1.8828389747916308,5.751347747137102,2.027657118732961,5.561343232578565,1.878603363371699,5.208429436293291,2.0550487906935255,3.575108085957899,1.6691908163238738,3.904412213020542,1.802711231792207,2.960082728314359,1.5446002182928877,3.290291717622142,1.6985967448273918
2024-05-17,6.077012661392142,1.8837893240477657,5.745958574649799,2.025757147728182,5.577779814922468,1.8841555865635187,5.21206668331722,2.0564839104718398,3.573637992027077,1.6685044406313174,3.902649902332881,1.8018975530366803,2.959196370125703,1.5441377078912064,3.28935897028037,1.698115218648423
2024-05-20,6.147806012439006,1.9057342773243806,5.8357077060043,2.057398507821847,5.602441547584315,1.892486238348094,5.251028289534132,2.0718566831509926,3.611746714346536,1.6862971136884841,3.9435460465327035,1.82077976486876,2.979878707490523,1.5549299545074686,3.3112387165198545,1.7094105288912769
2024-05-21,6.183469093789332,1.9167893360602626,5.857954164852621,2.0652415722014696,5.626947695600675,1.9007643341536424,5.26625291802819,2.0778637443501817,3.625319598744381,1.6926341903427236,3.9535278405263727,1.8253884719324798,2.9886482493965114,1.5595059875395023,3.318387628970768,1.713101119410393
2024-05-22,6.14746744427567,1.9056293259071149,5.807627219094392,2.0474986370987276,5.589301875556196,1.8880477005644478,5.2147139265651115,2.0575284122937028,3.5790990013283186,1.6710541444037144,3.914702414503946,1.8074623340784044,2.946170285097016,1.53734056888345,3.2832914214810254,1.694982876739512
2024-05-23,6.06848719366028,1.8811465477379794,5.722875084182853,2.0176189850177453,5.536465305840645,1.8701996819427609,5.164527542120687,2.0377267676859963,3.5490558516317177,1.657027225955017,3.880600268472516,1.7917169879609887,2.926404482397578,1.5270265790505808,3.2615273323137113,1.6837472738852912
2024-05-24,6.256594510657875,1.9394571972758,5.899804189428615,2.079995940043843,5.694792820620394,1.9236821931528465,5.31066673434379,2.09538775242706,3.6376620047489223,1.6983967659792583,3.9834494941223806,1.8392036374601977,2.9956585947234404,1.5631640545315855,3.344474949275105,1.72656856885048
2024-05-28,6.331975980327372,1.9628244034520494,5.953634211934887,2.0989738967133436,5.762530801282496,1.9465638591421675,5.348101662454742,2.110158155805869,3.6344285211433727,1.6968870770385753,3.9831075789229526,1.839045771349577,2.9868127399134394,1.5585482006772926,3.338840680121177,1.7236599054048998
2024-05-29,6.369533820957639,1.9744668111868688,5.951946311963611,2.0983788218642925,5.8070635673677184,1.9616068803421292,5.3642357566677505,2.116524057697587,3.619352382036144,1.6898481421760883,3.972162285060048,1.8339922055103646,2.9721509306211327,1.550897524695557,3.3291219197557402,1.718642643673341
2024-05-30,6.317070000368053,1.9582037571778979,5.886303596979702,2.075236260471385,5.785560923033795,1.954343358153738,5.316476519333119,2.0976800733200567,3.596481619165924,1.6791699566702478,3.9512977282460993,1.8243588038963023,2.9572078642124886,1.5431000859902204,3.3164445977440757,1.712098039197448
2024-05-31,6.187016119155603,1.917888864543979,5.750844771620301,2.027479793011751,5.72765758422943,1.9347838016798433,5.22906096349983,2.0631892091353152,3.561429989654081,1.662804617029703,3.9071428829699046,1.8039720129596297,2.9459078784035686,1.5372036424955131,3.2966328109310243,1.7018703027296977
2024-06-03,6.1054040132694976,1.8925902478802312,5.683219235812304,2.0036381814247157,5.645510470191892,1.907034778059404,5.173714507824942,2.041351596051552,3.5101864700436183,1.6388794068616934,3.867671272311314,1.7857475243582779,2.904523206475673,1.5156087145286832,3.2667402347134282,1.686438408838415
2024-06-04,6.0040239300791995,1.861163833451599,5.620102905944328,1.9813863056571954,5.524626862404313,1.8662006948767766,5.103369158391113,2.0135959881368968,3.438151350353501,1.6052467565058035,3.805590435743225,1.7570841007097358,2.8398405083846567,1.4818566478599067,3.2139242949130153,1.6591724424380807
2024-06-05,6.175472499674698,1.9143105032091168,5.824855721568086,2.053572603970802,5.672863617416039,1.9162745807878272,5.284343910126972,2.0850017639566265,3.540856011934701,1.6531987830692343,3.9140684261619048,1.8071696144979221,2.9199128402483887,1.5236391764672657,3.3006466541884407,1.7039424293605312
2024-06-06,6.082981883993895,1.8856396999539213,5.7560619913614355,2.029319141493744,5.580346931470364,1.8850227500489143,5.212740780347335,2.056749883603183,3.484901711544479,1.6270741451283481,3.8612040970475867,1.7827615564712276,2.8683381084480986,1.4967269752523726,3.248611917430991,1.6770797551481573
2024-06-07,6.0027057887747235,1.8607552279976836,5.684403101252736,2.0040555571935696,5.517613365193906,1.8638315586991558,5.160861201230223,2.036280168570971,3.4425404636611554,1.6072960001786627,3.819576384607812,1.7635415713173166,2.8405423699115224,1.482222886092791,3.221625217542243,1.6631480054679844
2024-06-10,6.122099643822326,1.8977656609237934,5.781887697816989,2.0384240817343984,5.616476358072685,1.8972271509451235,5.225328119379454,2.061716370367074,3.489326042358968,1.6291398315877097,3.8714422093704193,1.7874886086034716,2.8740128770688202,1.499688125211623,3.2581722828288022,1.6820152462649813
2024-06-11,6.081089020729319,1.8850529386933526,5.739721682907798,2.0235583104303108,5.582614540414536,1.8857887408556635,5.194473076464795,2.0495421402264626,3.4634335887632233,1.6170508416285356,3.8409176066279307,1.7733950546425508,2.8535099330343825,1.4889894877957452,3.2333435231061056,1.6691975224694893
2024-06-12,6.241241011048712,1.9346978261403305,5.914663587004906,2.0852346709640264,5.709221106432139,1.928556020413651,5.340254041403998,2.1070617820626123,3.5409870948537807,1.6532599846887208,3.9413329485531476,1.8197579525274559,2.912047056272509,1.5195347331927673,3.3147552081958995,1.7112259002403138
2024-06-13,6.2923563984437925,1.9505428846311847,5.958022311435895,2.100520936047795,5.740852646928632,1.9392410502491122,5.359254815552502,2.114558767173715,3.538750233258805,1.6522156109965274,3.940759258161729,1.8194930731920373,2.904853405834598,1.5157810157947917,3.3081420495929175,1.7078118899822283
2024-06-14,6.152149194164071,1.907080603195651,5.844964354545873,2.0606619706024225,5.609876447684577,1.8949977230291444,5.265834519982535,2.0776986603439056,3.4708718031940746,1.6205236874612492,3.8640159790692685,1.7840598341699943,2.848773938226058,1.4865181992250585,3.242791404932773,1.6740749445018106
2024-06-17,6.26290383872234,1.9414130011406274,5.950657809079564,2.0979245558104536,5.688725891345686,1.921632804495438,5.343026102700883,2.108155532354436,3.518947536174539,1.6429698821075667,3.918313619340514,1.8091296681517557,2.884406737059993,1.5051117433617869,3.284141134824878,1.6954215370297754
2024-06-18,6.356591954046994,1.9704550126144535,6.057251778343027,2.135504620535048,5.7762410161098705,1.9511951243977215,5.445632539163208,2.1486401421102967,3.55362458398068,1.6591603323942532,3.9609534391134056,1.8288169546964104,2.9115972745558945,1.519300032678818,3.317609553678114,1.7126994419079828
2024-06-20,6.246260366793876,1.9362537565444922,5.929817130967883,2.0905771041886303,5.687062983914842,1.9210710798613138,5.332614572738887,2.104047537359136,3.505006990694785,1.636461147286164,3.9001313295128948,1.8007346995102167,2.876254496354715,1.500857824154562,3.2716214878438152,1.6889583315047085
2024-06-21,6.169954466063626,1.9125999896088535,5.838685303472251,2.0584482698894617,5.638680282050979,1.9047275630796094,5.266534409884774,2.0779748103647147,3.4773489637737542,1.6235478245489978,3.8638689332841,1.783991941469622,2.8594070587257616,1.492066665856708,3.2488299793776942,1.677192328544266
2024-06-24,6.098640140711583,1.890493541550365,5.751480174043389,2.027703806287087,5.594557192104726,1.8898229291253854,5.203780129823625,2.053214350627684,3.462895108340627,1.6167994292083907,3.847238484157832,1.7763134752129857,2.8572491840803136,1.4909406656890347,3.2461976015677068,1.6758333765840943
2024-06-25,6.178505116252747,1.9152505721298139,5.840294237028089,2.0590155048614203,5.657910383907407,1.91122342793,5.275437634304877,2.081487685176902,3.4844212593956434,1.6268498256685604,3.8727345470180623,1.7880852954965467,2.8682175413706124,1.4966640621680776,3.260365704741369,1.6831475894249406
2024-06-26,6.094745992474162,1.889286409809054,5.7657087892115095,2.032720152733834,5.588908059326312,1.88791467074358,5.217239574760519,2.0585249373178356,3.4656300853386455,1.6180763691996263,3.848366083106957,1.776834100387696,2.854222460098495,1.4893612914106376,3.2419177347969956,1.6736239166367923
2024-06-27,6.156181462628963,1.9083305502846408,5.814494911710271,2.0499198653801822,5.633051850722405,1.9028262975791412,5.24868186547197,2.0709308731749956,3.4845344487423793,1.626902672915003,3.872803731229451,1.7881172386286057,2.865083707682388,1.4950287969936886,3.2557159630155414,1.6807471833705232
2024-06-28,6.135861284620263,1.9020315779888073,5.782450763838552,2.038622592566491,5.633934102244965,1.9031243192275638,5.235281232691764,2.065643491532154,3.4961050482047304,1.6323048979380088,3.8759465612987407,1.7895683187800886,2.8783411166224098,1.5019466430886237,3.263291474147038,1.6846580033380796
2024-07-01,6.182981522924143,1.9166381958797596,5.811219159023571,2.04876498768083,5.669703230778847,1.9152070126270633,5.246636817423945,2.0701239747482414,3.5128497002114947,1.6401228488027713,3.89515993112266,1.798439348705323,2.8826110308243105,1.5041747262246998,3.2662203406288217,1.6861700161013702
2024-07-02,6.166344666756671,1.9114810020774307,5.806273680615397,2.0470214425257196,5.659330217204046,1.9117030429249655,5.247728249050476,2.0705546122891096,3.5196878420073503,1.643315525279098,3.892500459647061,1.7972114406776547,2.890184257506178,1.5081265102319854,3.2670325361099724,1.6865893079814969
2024-07-03,6.285619571449036,1.9484545620493832,5.926359299624969,2.089358034042624,5.7765265830366905,1.9512915879617845,5.365834919173967,2.1171550265942036,3.5676398350537766,1.665703946689881,3.941304339199938,1.819744743265843,2.931437315979452,1.5296527610065205,3.310627247191418,1.7090948608897818
2024-07-05,6.167880004454349,1.9119569353895447,5.831456279636581,2.055899653063227,5.6647014660243435,1.9135174330241427,5.282567940709388,2.0843010337559873,3.512986950296097,1.640186929825009,3.8820729128197495,1.7923969244944133,2.8855835061024493,1.5057257929971135,3.261127176473138,1.6835406954215706
2024-07-08,6.234416059513756,1.932582186177891,5.877246103524688,2.072043010490791,5.731134191124702,1.9359581879986598,5.325906501401372,2.1014007867294757,3.5396790892869685,1.6526492868224383,3.9079022812428996,1.8043226357221458,2.90964096766075,1.5182792125414666,3.283607702459339,1.6951461552224913
2024-07-09,6.175490191723741,1.9143159874980198,5.835472264723782,2.0573155022013436,5.675499829456681,1.9171650845023076,5.286784510691874,2.0859647324101345,3.503223053101089,1.635628240370709,3.879587741360229,1.7912494927534548,2.8801683534091764,1.5029001131767115,3.260108334869755,1.683014723507977
2024-07-10,6.21894664275271,1.9277868823390756,5.889616172958063,2.076404120346875,5.730547041432808,1.9357598507733038,5.34356397667337,2.108367757031802,3.518550366220545,1.6427844464721135,3.919792739296928,1.809812594547105,2.8934913435516094,1.509852180186687,3.298501485228785,1.7028349965476728
2024-07-11,6.283344679878477,1.9477493773323578,5.950925407529625,2.0980188985499444,5.7870048339521505,1.9548311064897401,5.401732506868388,2.131318853729152,3.5613736505321234,1.6627783127214923,3.982077695286497,1.838570262438738,2.927294282872352,1.52749088567094,3.355006317105637,1.7320053351468294
2024-07-12,6.371346565845104,1.9750287368659,6.034756941613071,2.127573989692402,5.861586650882331,1.9800245977511033,5.474753031450812,2.160129984334717,3.5896383547942445,1.6759748885021657,4.016433577558977,1.8544327614454232,2.9455558925051393,1.537019972799274,3.379750049575255,1.7447791640455472
2024-07-15,6.508883286893985,2.0176632056769392,6.1626857723011055,2.172675732038776,5.976244893477381,2.018755773146922,5.58014279664879,2.201712790086563,3.6602314778398823,1.7089342815751245,4.083882303718791,1.8855746003662448,2.999808217235931,1.5653293682835672,3.433451337130573,1.7725021868237294
2024-07-16,6.628256157237083,2.0546671336367917,6.273711203203019,2.211818123566175,6.087728577216661,2.05641459305338,5.680717817559776,2.2413958802820195,3.7218957399760746,1.737724857294332,4.160712158242756,1.9210478122431658,3.0497582490960657,1.5913937851246582,3.5039052420821193,1.8088736650638293
2024-07-17,6.278591775142121,1.9462760430315351,5.904069350096808,2.081499636876591,5.7729371328193455,1.9500790835417257,5.335939516422759,2.1053594340796797,3.549828747448495,1.657388085142573,3.9663725771717075,1.8313190319647266,2.9131733958093498,1.520122468217141,3.345792619052306,1.7272488093234837
2024-07-18,6.163198616669269,1.9105057703479964,5.830141086098206,2.055435977128847,5.688863559488642,1.9216793083391253,5.286794192084845,2.085968552320755,3.496284127211059,1.6323885085661565,3.9189335855029324,1.8094159135334793,2.8789918309337423,1.5022861922024768,3.315084241913211,1.7113957622614147
2024-07-19,6.217726409107997,1.9274086268966677,5.890108977242096,2.0765778601655387,5.736043389292713,1.9376164989146,5.332069707999109,2.1038325543900327,3.4975962584550606,1.633001132679788,3.9220507989970566,1.8108551662227863,2.8768160414067676,1.501150843873803,3.312708870068009,1.710169488353115
2024-07-22,6.357702420891604,1.9707992418769467,6.026563044252197,2.1246852034383954,5.8756666739050845,1.9847807829928166,5.470020385002076,2.158262661472765,3.562654816729057,1.663376479489794,4.00666969569025,1.8499246668718157,2.933586583692426,1.5307742699923592,3.389575626983624,1.749851569544585
2024-07-23,6.432985391332361,1.9941359146635407,6.063905505299125,2.137850414498794,5.947337691315926,2.0089910157969246,5.511546904974864,2.1746474518775525,3.58944112850424,1.6758828050450791,4.043846788412249,1.867089750617797,2.9522891341523585,1.5405334443717513,3.4188410158525153,1.7649596810845345
2024-07-24,6.088080049299895,1.887220060224798,5.7195673439656005,2.016452830006205,5.631974689749738,1.9024624361626585,5.202811948083079,2.052832342819108,3.4358846603097173,1.6041884561373736,3.8758650286532186,1.7895306742364754,2.832221908307724,1.477881187569775,3.2841260328911477,1.6954137407315537
2024-07-25,6.001699248882164,1.8604432146435108,5.610330892923859,1.9779411493848813,5.561098077527121,1.8785205508055731,5.105809463603996,2.0145588400556957,3.3910538117820455,1.5832572734007413,3.838324223435152,1.7721976603217435,2.7971391276704654,1.4595746483260263,3.2597479107571443,1.6828286563513304
2024-07-26,6.150704420396556,1.9066327434411052,5.778251450765878,2.037142110526462,5.6994577960324335,1.925258006428992,5.247828834105545,2.0705942993384023,3.468185612570199,1.6192695254576217,3.9156649122048544,1.807906730141456,2.8609048817409586,1.4928482446058784,3.3250295777578414,1.7165299924579134
2024-07-29,6.042291531117827,1.8730262570320977,5.670022336616553,1.9989855699367756,5.606393929222053,1.8938213398024488,5.1552983625593045,2.0340852833328538,3.4291021882391295,1.6010217714330242,3.870328066575882,1.7869741962873649,2.8350574674035984,1.4793608101345685,3.29354527530766,1.7002763778107328
2024-07-30,5.902212969064206,1.829603852895766,5.528804720371986,1.9491988212548987,5.480280193454094,1.8512205366739551,5.022091973334909,1.981527092339474,3.372237478450997,1.5744720702578099,3.822808278922649,1.7650337734372408,2.796124332285995,1.4590451181350683,3.2655711523083055,1.6858348758576955
2024-07-31,6.223206373796208,1.929107339660818,5.851487038448373,2.062961564893992,5.758838576196987,1.9453166377113196,5.302553039251227,2.0921863959544478,3.4987957268374816,1.6335611553588985,3.957487537884383,1.827216708940339,2.88870860423209,1.5073564998713023,3.3639232491853654,1.736608657011379
2024-08-01,5.99650271387561,1.8588323611349138,5.665190952774075,1.997282249207055,5.553677510599924,1.8760139078230111,5.131491803889661,2.0246921178492787,3.3726671965752235,1.5746727023867753,3.809147249272815,1.75872632170213,2.7911467926622158,1.456447789109123,3.2448549153987893,1.6751402215232138
2024-08-02,5.605985006813767,1.737777308528494,5.3224679967011514,1.876454110797168,5.189077882158758,1.7528533583605632,4.837596195237422,1.9087320530085519,3.1991721079992965,1.4936691630348622,3.6248724873661966,1.673644582146792,2.6517012454288262,1.3836837340249872,3.0922115160691357,1.5963388253332986
2024-08-05,5.41628771988569,1.6789737904469517,5.148897380432088,1.8152612024295567,4.990113478793774,1.6856438404938885,4.6767248840402145,1.8452583326525773,3.105823578596142,1.4500854435358372,3.5219056381431826,1.6261036245149174,2.5736643853384944,1.3429633345653893,3.00228287225675,1.5499136099554796
2024-08-06,5.573956578206953,1.725084383236901,5.3098459453663205,1.8690089572064839,5.154173934466993,1.7382772195177494,4.82490558905618,1.9006788612292311,3.203010137876147,1.493068372262691,3.62517574810207,1.6711065456931746,2.6593898835166696,1.385475427651236,3.0958000939056554,1.5956343045470882
2024-08-07,5.340324286038485,1.725084383236901,5.090468430769352,1.8690089572064839,4.971495007072254,1.7382772195177494,4.648944956036119,1.9006788612292311,3.1007112184727537,1.493068372262691,3.497975027766415,1.6711065456931746,2.588245782816338,1.385475427651236,2.997946350887858,1.5956343045470882
2024-08-08,5.64947161515476,1.725084383236901,5.355058002178031,1.8690089572064839,5.27528011438843,1.7382772195177494,4.897131370596445,1.9006788612292311,3.2516023246281063,1.493068372262691,3.6670842768489096,1.6711065456931746,2.7112854665338384,1.385475427651236,3.1443312813257243,1.5956343045470882
2024-08-09,5.758384674422066,1.725084383236901,5.441389301410664,1.8690089572064839,5.379690565098709,1.7382772195177494,4.978440047467996,1.9006788612292311,3.291573401629314,1.493068372262691,3.7112574727985157,1.6711065456931746,2.7437564884669925,1.385475427651236,3.1799143594706405,1.5956343045470882
2024-08-12,5.795894449831226,1.725084383236901,5.47382533211275,1.8690089572064839,5.407851794280241,1.7382772195177494,5.002430424419696,1.9006788612292311,3.3152077952235888,1.493068372262691,3.7301488008768278,1.6711065456931746,2.7576193272210383,1.385475427651236,3.1881450547822996,1.5956343045470882
2024-08-13,6.036291007243373,1.725084383236901,5.6913496957667515,1.8690089572064839,5.633955369823374,1.7382772195177494,5.2057676383697356,1.9006788612292311,3.408219048902336,1.493068372262691,3.8336789174264605,1.6711065456931746,2.8305957290387753,1.385475427651236,3.2729918772010835,1.5956343045470882
2024-08-14,6.069364497843208,1.725084383236901,5.729842817768773,1.8690089572064839,5.673406100514096,1.7382772195177494,5.248117272637243,1.9006788612292311,3.426417361105424,1.493068372262691,3.8471189195771767,1.6711065456931746,2.8482868438527977,1.385475427651236,3.2895020131421018,1.5956343045470882
2024-08-15,6.298537374248231,1.725084383236901,5.931348995146394,1.8690089572064839,5.885529034271586,1.7382772195177494,5.430424063656873,1.9006788612292311,3.5307397753558987,1.493068372262691,3.961890911037772,1.6711065456931746,2.928042499157569,1.385475427651236,3.3777896873315676,1.5956343045470882
2024-08-16,6.349837616106786,1.725084383236901,5.950747817877843,1.8690089572064839,5.932374144327552,1.7382772195177494,5.445154571762211,1.9006788612292311,3.5355893144564416,1.493068372262691,3.9721852147795254,1.6711065456931746,2.930010533331664,1.385475427651236,3.385971223233253,1.5956343045470882
2024-08-19,6.439649924842064,1.725084383236901,6.0422763756938105,1.8690089572064839,6.0014916939544865,1.7382772195177494,5.521651951690946,1.9006788612292311,3.570891690452225,1.493068372262691,4.012001991842656,1.6711065456931746,2.9505880784779843,1.385475427651236,3.4105730520646143,1.5956343045470882
2024-08-20,6.3376861953398835,1.725084383236901,5.955312594436782,1.8690089572064839,5.903019856918727,1.7382772195177494,5.4460192015239715,1.9006788612292311,3.5474723507798585,1.493068372262691,3.9741532272279563,1.6711065456931746,2.9357207420274953,1.385475427651236,3.380718602813227,1.5956343045470882
2024-08-21,6.485735872768869,1.725084383236901,6.101369492594246,1.8690089572064839,6.040437412890255,1.7382772195177494,5.582139081871124,1.9006788612292311,3.6136091360050955,1.493068372262691,4.041998723668151,1.6711065456931746,2.9890750385061136,1.385475427651236,3.435030977752366,1.5956343045470882
2024-08-22,6.357371784197212,1.725084383236901,5.953531499250989,1.8690089572064839,5.9251466850309225,1.7382772195177494,5.438545862196823,1.9006788612292311,3.5483435878235037,1.493068372262691,3.9727121963293177,1.6711065456931746,2.9406637152413335,1.385475427651236,3.3802422431356427,1.5956343045470882
2024-08-23,6.568589988295628,1.725084383236901,6.181597651129361,1.8690089572064839,6.122183087481155,1.7382772195177494,5.644147450239408,1.9006788612292311,3.6550420619492727,1.493068372262691,4.09266942583117,1.6711065456931746,3.0222390964832013,1.385475427651236,3.473106733573308,1.5956343045470882
2024-08-26,6.436895137301182,1.725084383236901,6.040057728967925,1.8690089572064839,6.010258448448249,1.7382772195177494,5.521073068766716,1.9006788612292311,3.593904610306488,1.493068372262691,4.03444071147902,1.6711065456931746,2.9777391655089724,1.385475427651236,3.431667168024498,1.5956343045470882
2024-08-27,6.391467281956021,1.725084383236901,5.978247063645114,1.8690089572064839,5.989758301437367,1.7382772195177494,5.481265239138039,1.9006788612292311,3.580723610582255,1.493068372262691,4.018705689160555,1.6711065456931746,2.9730911118556818,1.385475427651236,3.4282209872997105,1.5956343045470882
2024-08-28,6.145695557550044,1.725084383236901,5.760338916748913,1.8690089572064839,5.770537248346105,1.7382772195177494,5.292361163535589,1.9006788612292311,3.491167535863918,1.493068372262691,3.925869431739133,1.6711065456931746,2.910526620351448,1.385475427651236,3.3667995375613198,1.5956343045470882
2024-08-29,6.182841725586699,1.725084383236901,5.7959999510853555,1.8690089572064839,5.8068704758487995,1.7382772195177494,5.3272356032477655,1.9006788612292311,3.5232620767290515,1.493068372262691,3.9722971885507876,1.6711065456931746,2.9354400517458874,1.385475427651236,3.406689321052869,1.5956343045470882
2024-08-30,6.247123508657883,1.725084383236901,5.869911731919457,1.8690089572064839,5.871672329837326,1.7382772195177494,5.399487879488624,1.9006788612292311,3.566567786034275,1.493068372262691,4.021195653406014,1.6711065456931746,2.9733195784787645,1.385475427651236,3.4492764595112897,1.5956343045470882
2024-09-03,5.913252612912973,1.725084383236901,5.562541621658318,1.8690089572064839,5.561217314183285,1.7382772195177494,5.120299121387212,1.9006788612292311,3.3691810338213335,1.493068372262691,3.7922560485897128,1.6711065456931746,2.8170502917726075,1.385475427651236,3.2642764070160992,1.5956343045470882
2024-09-04,5.857311956121862,1.722324248223722,5.507070963546649,1.8660185428749534,5.51804212556958,1.735495975966521,5.077733677104255,1.8976377750512643,3.3539399255327638,1.4906794628670708,3.775408063248543,1.6684327752200656,2.8074014167000567,1.383258666966994,3.2528990725907745,1.5930812896598128
2024-09-05,5.811010839922049,1.7078498365620438,5.4309213378414,1.8388415403742304,5.480190323720255,1.7227237272721267,5.012111742399021,1.871566129491545,3.326680329556826,1.478137716677254,3.736684443341087,1.6506736549787484,2.7839330238716844,1.3714141414973546,3.2193470513799887,1.5762343230524276
2024-09-06,5.534408170483905,1.6251098113991282,5.199110999562038,1.7599889692436022,5.224545394112563,1.6410615103718689,4.806079798911626,1.7947218840595895,3.2196508118849363,1.431118922269847,3.61196087069477,1.5959038596725794,2.7066137165650606,1.3340524620099894,3.122067059997925,1.5289710942798445
2024-09-09,5.674675784842604,1.6662976438274577,5.342861028248851,1.8086508394822935,5.335844927912234,1.6760213714244299,4.934116705702674,1.842534373281518,3.291559360731475,1.4630819179299248,3.6953850346701325,1.632763878383868,2.757419471004698,1.3590939156092454,3.1858230003582664,1.5601943153145834
2024-09-10,5.676844658344341,1.666934506432958,5.355880680775484,1.8130582169805212,5.3393879040524395,1.6771342417963495,4.9580567540052805,1.8514742432778217,3.281583398640938,1.4586476519334652,3.695664093225001,1.6328871772347497,2.7469600853156133,1.3539386290811988,3.182658368134107,1.5586444987661943
2024-09-11,5.783719388565828,1.698316935650929,5.499150261626336,1.8615574473194951,5.418452838176901,1.7019690188772325,5.0877835904038315,1.8999177985194604,3.336897509816914,1.4832345018118018,3.7765433639214363,1.668622763774233,2.7846225926000074,1.3725019579599047,3.2418673578847463,1.587640939941387
2024-09-12,6.000856144514256,1.762076431090587,5.648492737448897,1.912112457610558,5.598146572452034,1.758411914618213,5.214947208717381,1.947404177895685,3.4179429250054345,1.5192587895424337,3.8738427037068,1.7116133712215367,2.84149331744769,1.4005327515803656,3.3156564135238256,1.6237776823553811
2024-09-13,6.143868172788583,1.8040701263760528,5.7797220876591755,1.956535861694555,5.7163981161341315,1.7955554442920918,5.329677339074647,1.9902475521900158,3.488647785153974,1.5506867515069735,3.9595576293706776,1.7494855369496822,2.8960821939302925,1.4274388537050517,3.385095165987776,1.6577839491331052
2024-09-16,6.164317741766108,1.8100748868058119,5.788033619559449,1.9593494589543996,5.7454768240804155,1.804689243461636,5.3445135100427485,1.9957877849423176,3.495811498151018,1.5538709866376692,3.9692987816906937,1.753789554391095,2.903042975015754,1.4308697264179695,3.393894021043803,1.6620930157818627
2024-09-17,6.229735830623759,1.82928409125382,5.846520743608403,1.9791483617240486,5.804359485575033,1.8231846458589362,5.399583307674833,2.016352356297004,3.522227428492843,1.5656127375200948,4.003385443354672,1.7688503584419517,2.920355866208945,1.43940301100876,3.421097248116871,1.675415262571104
2024-09-18,6.253934300297635,1.8363896695336415,5.878534769291689,1.989985662960435,5.823698798966616,1.8292592419146443,5.427569876505334,2.0268033079335566,3.5419862124321417,1.5743954196271692,4.022242663380054,1.7771822067920737,2.93496146857155,1.4466019103831786,3.436767328492451,1.6830893770212012
2024-09-19,6.444225465995284,1.8922662928096563,6.094622276606106,2.0631350204749714,5.983672667628696,1.8795080078307103,5.613469459216376,2.0962233057880675,3.648100445170385,1.6215626732415258,4.1472226957135865,1.8324032136422188,3.0155051729585853,1.486300788165152,3.5341915592355795,1.7308009827702435
2024-09-20,6.504257113330372,1.909893836003705,6.151320280578444,2.0823282751636776,6.026351889977171,1.8929138113610258,5.660122968981159,2.1136450046458366,3.671102273292889,1.6317868725091622,4.197600293273498,1.8546619825672064,3.029191259197624,1.4930464707613529,3.5732337727688814,1.7499211409225033
2024-09-23,6.574595890368504,1.9305479390559723,6.228120017533187,2.108326314038504,6.0847348190516595,1.9112522447632658,5.719089295062181,2.1356646464886886,3.6973239553002153,1.643442280963986,4.236289607034615,1.8717564161366302,3.0473380343312133,1.5019907652117737,3.6001719402151195,1.7631135799594138
2024-09-24,6.641552288549938,1.9502088488170028,6.268125783875424,2.1218689576701566,6.156900446582153,1.9339199076465439,5.755955009591193,2.149431314418692,3.714707840743674,1.651169332391075,4.2632133495864375,1.8836523657865551,3.0579299892983025,1.5072113933032016,3.6208383702215117,1.7732345586233853
2024-09-25,6.609884515616265,1.940910002957723,6.245039075361885,2.1140537076546453,6.122823727339824,1.9232162027057553,5.734429897427828,2.1413932477463122,3.703141572816995,1.6460281832860828,4.252110361990169,1.8787466369060057,3.0488500833714367,1.5027360332684765,3.6099131435153207,1.7678841431738763
2024-09-26,6.581517918337205,1.932580506083954,6.259906311347115,2.119086524099487,6.103003884847784,1.9169906695345875,5.756940754536367,2.149799418590746,3.6940431039556207,1.6419839587064697,4.259605042400118,1.8820580762657986,3.040235003130845,1.4984897793848744,3.6145347560088172,1.770147487226301
2024-09-27,6.673924706500766,1.9597146048816123,6.3655650325554864,2.154853828134115,6.160462237609164,1.9350386878889354,5.834936775186087,2.1789252698013972,3.722672082170477,1.6547093984644994,4.284466631966288,1.8930428870560143,3.0558554269966316,1.506188870240823,3.629498309488402,1.7774755939896492
2024-09-30,6.632689433253278,1.947606382093203,6.355458826317939,2.151432702580057,6.142391414601859,1.9293625323842958,5.846625460348304,2.183290145112303,3.7296441813576293,1.6578084622008036,4.288821543426424,1.8949670551897717,3.0704671466062905,1.5133907847216974,3.640216155281869,1.7827244487055274
2024-10-01,6.514262502370352,1.9128317934862151,6.221207090435029,2.105986168686931,6.055466183031144,1.9020587880295035,5.73533883542977,2.141732670101245,3.674583309940971,1.6333341761477407,4.241793861573548,1.8741884084471157,3.028972885942413,1.492938837604479,3.6066801930622923,1.7663008691131574
2024-10-02,6.552626822854748,1.9240969968659298,6.26079018296747,2.119385729925671,6.085052354188899,1.9113519844827258,5.765937315234735,2.1531589808623277,3.6933338039184735,1.6416686783347652,4.267398291178099,1.8855014346656855,3.041816960831264,1.4992695044531852,3.625019025073815,1.775281952321694
2024-10-03,6.502529035256074,1.9093864074680975,6.249248108929311,2.1154785382940515,6.039210527528326,1.896952787687043,5.758941773069057,2.1505466537389926,3.677017616531192,1.6344162134329678,4.257318851025106,1.8810479485900164,3.025808648472834,1.49137922872463,3.615839768841583,1.7707865916595564
2024-10-04,6.653471536485157,1.9537087870520122,6.424957487299834,2.1749592009978906,6.163098210367309,1.9358666629775734,5.904109211101047,2.204756152704839,3.755889341333962,1.6694743064971715,4.353660123163871,1.9236152447364019,3.084310457355137,1.5202139611039958,3.6921400378129943,1.8081531515383629
2024-10-07,6.562854413048774,1.927100200941105,6.373079999137731,2.157397774260694,6.066158702679799,1.905417373537072,5.851016596981254,2.1849299158487017,3.709448923431898,1.6488317695573191,4.3105643591643235,1.904573871209787,3.041656693609677,1.4991905109565407,3.6503177240661584,1.7876714938462135
2024-10-08,6.672918853083962,1.9594192485930788,6.476875318330688,2.192534284493714,6.158797069645167,1.9345156484954793,5.95291219248495,2.222980523160961,3.7559584357280142,1.669505018614891,4.36383455318653,1.928110701006393,3.0775949131410285,1.5169039622527596,3.694063232333864,1.8090949983259492
2024-10-09,6.653707278658668,1.953778009795861,6.426403950830455,2.1754488539132684,6.159365708538517,1.9346942614332152,5.910756455494666,2.2072384158966867,3.7483199492069197,1.6661097489920214,4.365502280551913,1.9288475673885535,3.0787359678455464,1.5174663723331245,3.7013867590627756,1.8126815518693251
2024-10-10,6.564701819200523,1.9276426686757515,6.323108597626693,2.1404815908123154,6.096292679576222,1.9148826391073315,5.834531178540468,2.178773808900528,3.7009350277750155,1.6450473848868385,4.329830237954559,1.9130862807906261,3.043471320879188,1.5000849156370846,3.6759379788802877,1.800218511026207
2024-10-11,6.696479744750212,1.9663376100569725,6.495705521111536,2.198908633721054,6.219879507814635,1.9537020141365062,5.996617664855821,2.2393013440792746,3.7881633155319143,1.6838199290103462,4.430154578912277,1.9574134506258678,3.1124089538820785,1.5340633213732988,3.7572605859780994,1.840044662474765
2024-10-14,6.788244293535609,1.9932831232854848,6.6556020547963115,2.2530363750847604,6.293520291098503,1.9768330324212686,6.128055088416402,2.2883836794375028,3.8367268347926053,1.7054061740433306,4.491360038563156,1.9844563873537733,3.143653284984734,1.5494632199906198,3.8023141880816085,1.86210878024855
2024-10-15,6.837852227429962,2.0078498732633605,6.705847316272539,2.2700452648665657,6.338505307481976,1.9909630998934653,6.161778551101277,2.3009769444308383,3.8483337208154067,1.7105653776919187,4.49449402529864,1.985841103774125,3.151571359705099,1.5533659294945403,3.8042438660119253,1.8630538021587226
2024-10-16,6.963105608309918,2.0446289636211166,6.855808243066556,2.3208096315048703,6.440866065529238,2.023115237071399,6.288484711041766,2.3482924963161502,3.900281069800825,1.7336557183650008,4.55528965268949,2.012702960775807,3.188714159298373,1.5716731016410834,3.8475805547678776,1.884277095302752
2024-10-17,6.8402376620599465,2.008550326338418,6.727232058130798,2.277284369741192,6.334291963831323,1.9896396630059523,6.179140563722883,2.3074603956649122,3.8491946313713186,1.7109480481922104,4.503658925290026,1.9898905106734177,3.1548156965726015,1.5549650182596617,3.810502251079919,1.866118723469491
2024-10-18,6.890327116150027,2.0232584687055715,6.803215501295279,2.303006079053785,6.33590885623424,1.9901475387518168,6.211989356899896,2.3197270350979666,3.869224749395057,1.7198513369629214,4.5280934313515635,2.000686619471047,3.155756823799017,1.5554288868515411,3.8176940243975634,1.8696407533644217
2024-10-21,6.955405072243151,2.0423677974169543,6.888164185840877,2.331762677588534,6.370948719446957,2.0011537730764117,6.294653368072177,2.350596041873226,3.8774566648146727,1.7235103828072893,4.534371882759263,2.0034606818690115,3.1514502362787913,1.5533062294331372,3.809978571983958,1.8658622619057208
2024-10-22,6.878685235382654,2.0198399758739276,6.7842364274764515,2.296581334406014,6.323486150276277,1.9862454911927596,6.224318809535689,2.324331190540609,3.8419525408212976,1.7077289746253903,4.497030002313561,1.9869615963960119,3.129383443656217,1.5424298125855311,3.7851873358368104,1.853721240354287
2024-10-23,6.771864334889401,1.9884733530830936,6.611924175376313,2.238250657683146,6.243383129762669,1.9610846448581598,6.075642510581285,2.268811386763136,3.7910139056037457,1.6850870022520696,4.438323132626522,1.9610226332463854,3.098087275784392,1.5270043643417122,3.748579455809913,1.8357932492803133
2024-10-24,6.7039105269210175,1.9685195663999375,6.580522622651522,2.2276206891332517,6.164927103196798,1.9364411293478818,6.031660102407854,2.252387150428073,3.773842462179395,1.6774543802557464,4.431365104420091,1.9579483075634996,3.0824328828539955,1.5192885306036894,3.7414988242731044,1.8323256488921809
2024-10-25,6.65135175150203,1.9530863386766824,6.563696695940403,2.2219248220107057,6.102429129418465,1.9168101353556715,6.020065527205866,2.24805741835494,3.756518354816504,1.6697538998909345,4.411285714490567,1.949076457331569,3.066590773905719,1.5114801742370119,3.7219593988616486,1.82275659861913
2024-10-28,6.774023861004218,1.9891074709452123,6.7176727674253875,2.2740483845512762,6.2047682233315475,1.9489554676971885,6.148437382602241,2.2959949865637275,3.824773241674312,1.700092860799062,4.488300352329585,1.9831044997657432,3.1138940298349325,1.5347952947683388,3.7786012005030405,1.8504958097806228
2024-10-29,6.777754631464882,1.9902029650780881,6.645088837661731,2.249477469304583,6.243145375008259,1.9610099646425736,6.0676605474443335,2.265830703021079,3.8399157580254717,1.7068236347081238,4.517249234727338,1.9958952344402556,3.128263883939215,1.5418779970871865,3.807335341161847,1.864567791465191
2024-10-30,6.6741188711831825,1.9597716189146788,6.510213967177319,2.2038199935744585,6.141124239010127,1.9289645048175694,5.9431686921540905,2.2193420331643736,3.7944351902130347,1.6866077464038114,4.4730007410088675,1.976344540388462,3.094770322648131,1.5253694840221754,3.7768602216551193,1.8496431995441769
2024-10-31,6.562905691994219,1.927115258362747,6.425888509871496,2.175274368236362,6.060168241368715,1.9035357331750085,5.918290853912623,2.2100519667093463,3.7140626568764663,1.6508825513410004,4.383897642144283,1.936975348839212,3.0395122319205936,1.4981335354529806,3.7099320458659477,1.8168664384407198
2024-11-01,6.602399911240312,1.9387122423966818,6.534462266591982,2.212028462194636,6.0738534873774475,1.9078343522491599,5.989715746218189,2.236723978546608,3.7351745277573105,1.660266673926768,4.403303288739492,1.9455495132361758,3.0472908252858844,1.501967496526344,3.716938603661954,1.8202977626674657
2024-11-04,6.565090825632019,1.9277568955540465,6.530660409827436,2.210741467943348,6.052186391817684,1.901028585645094,5.983371833323368,2.2343549876477304,3.757451460934419,1.6701686609628208,4.428816270554713,1.9568221342883625,3.0748265734850135,1.5155394859290112,3.752132732926599,1.8375333970404268
2024-11-05,6.737303971235181,1.9783251340992591,6.687307296238504,2.263769147516463,6.198717039790886,1.9470547541131968,6.112417634394626,2.2825442256377104,3.837161921217776,1.7055995678155944,4.548005743639497,2.0094846483459294,3.1341915666459474,1.5447996698994293,3.8408354156827826,1.8809737957611927
2024-11-06,7.172336584671384,2.1060670256612544,7.118447336919827,2.4097175059689557,6.563255509556226,2.0615585064312247,6.4693295078398885,2.4158248986090536,4.0567684232799115,1.8032135759541386,4.813380589922662,2.12673750810957,3.30936830219261,1.6311418597407923,4.037125455146942,1.9771029917932446
2024-11-07,7.523037556828952,2.2090459844160524,7.465956965242225,2.5273555238156384,6.893216151466923,2.1652011525430623,6.790280747998537,2.535676885785637,4.1865257028965495,1.8608900474137604,4.96238337083341,2.192572693392645,3.4100754002506015,1.6807789953556387,4.153832035141535,2.034257749809271
2024-11-08,7.7797532677386645,2.2844273454737065,7.741876687413059,2.620759120595614,7.093013039958359,2.227958571392334,7.020193907296692,2.6215327591148974,4.275057884741873,1.9002421660351287,5.062234996806984,2.236690999484692,3.469940137216741,1.710285496135001,4.216686896666044,2.0650396851614223
2024-11-11,7.95934685402503,2.337162758213026,7.9215121181935215,2.6815688199241285,7.227768993453415,2.270286236651669,7.154462111107041,2.671672185382098,4.3511514378269425,1.9340653754592065,5.208063090342694,2.301123485232404,3.523526053813938,1.7366972532054834,4.308279174901449,2.1098952065803833
2024-11-12,7.840550036505934,2.3022795570167545,7.826773745241006,2.64949824259378,7.1281404464074765,2.2389923035803627,7.093102857466181,2.648758958821907,4.288980458372083,1.9064306814155354,5.138565881790047,2.2704169334905218,3.476112893647185,1.7133279623957103,4.256448405625143,2.084512104137409
2024-11-13,7.954777939576847,2.3358211535701328,7.942272971543272,2.6885967277512006,7.18106203813944,2.255615297679869,7.147748180136395,2.6691650195951686,4.290458995940582,1.9070878840797971,5.1289343774264955,2.266161362752491,3.4664912794924145,1.7085856018685606,4.244563273954849,2.0786915940630366
2024-11-14,7.592121802597688,2.2293317100353938,7.58528789450098,2.567751106676379,6.896424780213734,2.1662090023635274,6.8729444028029105,2.5665457594833554,4.166670107895831,1.852064333266884,4.96237625934205,2.192569551261011,3.3747734215243232,1.6633791383515208,4.1264596518675365,2.020852662089111
2024-11-15,7.419673662466273,2.178694468283023,7.414027222721355,2.5097764080744875,6.752192190908812,2.1209046681115358,6.732142699672421,2.513966545551373,4.125408283104491,1.8337236554491863,4.907246752593504,2.1682112052679314,3.3482920233790283,1.6503268235062272,4.0812722434419175,1.9987230152940696
2024-11-18,7.518586222489275,2.2077389057029557,7.516025689403926,2.544304652664035,6.837200951469979,2.14760643725657,6.820763089270124,2.547059827236147,4.173163015181797,1.854950398564149,4.956996023754056,2.1901923553144855,3.38250892067679,1.6671918588834789,4.114318842726423,2.014906938989255
2024-11-19,7.814163075139094,2.2945313554946916,7.827047411589567,2.649590883384631,7.098954194293805,2.229824724133216,7.104566884342702,2.6530399405732714,4.289062962066438,1.9064673539011698,5.093239380747315,2.250389934154388,3.46620194950959,1.7084429951221456,4.215260288491525,2.0643410317949877
2024-11-20,7.662714098991099,2.250060255878824,7.660457725881003,2.593197394332075,7.000236605443508,2.1988169285762096,6.982610366334176,2.6074980351260977,4.247711682449605,1.8880869138542948,5.050675738970177,2.231583672784012,3.4424777885698337,1.696749684356334,4.197744479965362,2.055763008192425
2024-11-21,7.9266247715215545,2.327554327521301,7.922840102224346,2.682018365480239,7.2407346489634055,2.27435882796998,7.219424791408185,2.695931030191548,4.355194679444791,1.9358625764367934,5.147318793992942,2.2742843082678372,3.5273204693460247,1.738567468135486,4.277896659064282,2.095015965489849
2024-11-22,8.01348356603997,2.353059327302666,7.977061811317032,2.7003733515354904,7.333187467742341,2.3033988211135887,7.260441084522657,2.7112476378916983,4.416154168125577,1.962958768800553,5.226715997286926,2.3093650601697,3.5806627809685176,1.7648591556835713,4.341890187149232,2.1263555404517462
2024-11-25,8.048102950809714,2.3632248770996536,8.020287394177691,2.715005958731277,7.342072417912964,2.3061896380453377,7.28330031077203,2.7197838993186743,4.449549561345343,1.977802856543556,5.252741915042301,2.3208643161373685,3.605980921394919,1.7773381168898352,4.36248773216616,2.1364427840435063
2024-11-26,8.231055889662835,2.416946721747862,8.220077404819307,2.782638331828124,7.513209136780956,2.3599447231599338,7.481102833135157,2.7936487809812056,4.494897953355784,1.9979599933551282,5.291725430178691,2.338088739240769,3.6381443164298264,1.793191009406529,4.40301851404965,2.156291939342708
2024-11-27,8.155990443649724,2.3949046914069205,8.14140256528569,2.756005538308648,7.4327441123480185,2.3346701691907357,7.395475553820527,2.7616732086877014,4.4533526420259335,1.9794933071678356,5.2591648224679375,2.3237022047850724,3.6021321599355147,1.7754411156039906,4.365821623689179,2.1380754920130025
2024-11-29,8.31498826034907,2.441592413734159,8.313764749459859,2.814353117901932,7.5641817715335415,2.3759555380088155,7.547537057738448,2.8184571407535635,4.499068457208917,1.9998137617692633,5.305716077724152,2.3442703478507276,3.6335892079023435,1.7909458594212841,4.396773384079463,2.153233509456053
2024-12-02,8.169455667076267,2.3988585860292697,8.164499140639549,2.7638241284202114,7.4552879026305865,2.3417513109437205,7.43212153073365,2.7753578205710947,4.472306120802403,1.9879180350978702,5.274111088100712,2.3303060423860162,3.6197272794387705,1.7841135066249254,4.3810865091409,2.1455511701982073
2024-12-03,8.194479145233307,2.4062064177423723,8.204470434567096,2.7773551025434413,7.496029193076257,2.354548398267072,7.495516516718838,2.79903124536796,4.4959241432029176,1.9984161296860155,5.283790283114216,2.3345826846957114,3.6388383182276636,1.793533073292993,4.387796130356017,2.1488370755597304
2024-12-04,8.322021503952282,2.4436576378436663,8.343145881159979,2.8242991390006287,7.597802816598162,2.3865161129166723,7.6149949456210795,2.8436477644429177,4.542474240293806,2.019107418484899,5.368124210273928,2.3718446719302633,3.6701716411448255,1.8089768347447168,4.449384104516067,2.178998577678789
2024-12-05,8.166521410475855,2.3979969782396737,8.180783076734503,2.7693365223478277,7.475917507399361,2.3482311953750767,7.478944712507046,2.792842879605913,4.471290794690405,1.987466727643723,5.286617711059256,2.3358319515986414,3.6155183126464565,1.7820389651129844,4.39348332794859,2.151622269009902
2024-12-06,8.223073478890463,2.4146027865581927,8.21286116511931,2.7801955099163633,7.498637082911909,2.3553675523388127,7.4609947335432905,2.786139865629332,4.490549019249262,1.996026913572507,5.307934989014444,2.3452507485857357,3.6188661907237356,1.7836890879081844,4.397465001224749,2.15357221538489
2024-12-09,7.747829333792027,2.2750532811334905,7.750318161046302,2.623616705378844,7.0912487938469315,2.2274044109496773,7.066794362004569,2.6389346457607035,4.2945133297605596,1.9088900154865769,5.0923893896696955,2.2500143752571518,3.4679839966048416,1.7093213414854591,4.228239324648493,2.070697260131618
2024-12-10,7.608829002961475,2.2342375706795385,7.5835151968103744,2.5671510178570545,6.995106705599928,2.1972055958093724,6.938364697028999,2.5909754898710537,4.2336893685854715,1.88185406443134,5.009805689931445,2.2135257061169007,3.430765656967551,1.6909769366961171,4.170056997651601,2.042203606899119
2024-12-11,7.819712727740035,2.2961609416426287,7.787145233334385,2.6360833061115505,7.168539674730829,2.251681947108944,7.1161843160679865,2.6573782078984753,4.315003711369247,1.9179978891530236,5.108995904238405,2.257351774981201,3.494770341104257,1.7225239601705677,4.250028190498609,2.0813679297302374
2024-12-12,7.699485655329065,2.2608577639672145,7.647649450258857,2.588861571570856,7.074148399939541,2.222033073132373,7.006296874869661,2.616343226426339,4.27082742910367,1.8983617493479155,5.04468426016759,2.228936405970086,3.461748474077595,1.7062479386838385,4.2009713597755285,2.0573433092748967
2024-12-13,7.701149818207656,2.261346424604171,7.635970635570952,2.584908090864965,7.057243139292385,2.2167230278598953,6.974005798087982,2.604284853576797,4.246797792179879,1.887680694132249,5.060302904029272,2.2358373262496882,3.434756421781149,1.6929439294710011,4.219732686472567,2.0665313009672115
2024-12-16,7.829932786326149,2.2991619341552427,7.725424216870862,2.61518967484354,7.122169394568723,2.237116759851706,6.993969784240563,2.611739953021715,4.293314254062569,1.9083570322468113,5.122233956171303,2.2632008577732274,3.4609116870100216,1.7058354979129817,4.262565837496771,2.087507996385462
2024-12-17,7.67601249928589,2.2539651649728527,7.574513921377232,2.564103930485235,6.985762265574623,2.1942704503173287,6.851502547251821,2.5585387831112403,4.21566173037999,1.8738408680733785,5.035385492006517,2.22482785094147,3.3998696126474104,1.675748703816266,4.192444949914185,2.0531676673154355
2024-12-18,7.172754287751396,2.1061896789518464,7.087542182359598,2.3992555767808015,6.607498145166129,2.075455387583533,6.490313026489052,2.423660719423505,3.9897763024659536,1.773435908330698,4.747388765205813,2.097579770375773,3.2395983332680953,1.5967532071419903,3.9743847227158176,1.946376948925606
2024-12-19,7.248966937435223,2.12856857131733,7.113177073824519,2.407933430785038,6.674796131964021,2.096594094883117,6.5189913994504884,2.434370009678064,4.0216824619469556,1.7876180390144567,4.776216692867627,2.1103170625748997,3.2694529913464785,1.6114681551481196,4.000582479916829,1.9592067865702016
2024-12-20,7.357497388885273,2.160437182387198,7.228247759611457,2.4468868475682863,6.750015667426252,2.120221008837051,6.605392749659667,2.466634641253225,4.086254451823938,1.8163199703606898,4.853332226639832,2.1443896847304376,3.314062996603909,1.6334558096773666,4.058521959195479,1.9875815098968488
2024-12-23,7.3258383780982665,2.1511409094228107,7.219161235434417,2.443810902022653,6.721643169365412,2.111309034491261,6.5873503283375,2.4598971067670825,4.081488114701005,1.8142013569938717,4.858711799283335,2.1467665877624746,3.3088406138135187,1.6308817694379194,4.0645153842699155,1.9905166722487262
2024-12-24,7.400903782997877,2.1731829276912853,7.280251157045404,2.464490896771054,6.787712166612048,2.132061708691871,6.6411619856513155,2.4799918540537376,4.125323306771271,1.833685883887756,4.910309289064474,2.1695643522009647,3.342503601686174,1.6474737905214167,4.107062464787817,2.0113532702486148
2024-12-26,7.473215611245064,2.1944163925794458,7.335359426801689,2.483145998940122,6.8239310942383336,2.143438294325795,6.660414369867971,2.4871812218378047,4.150755419818363,1.8449903328300605,4.942503588167637,2.1837890373616053,3.3575016778639277,1.6548661348104774,4.126794580502108,2.0210166868173016
2024-12-27,7.280179972754713,2.1377338891577766,7.152004347208172,2.4210771341733275,6.654498125349385,2.090218367450432,6.512142811973941,2.4318125594622266,4.059116904661119,1.8042574643568274,4.833550546391949,2.1356493741377784,3.2903838750613823,1.6217846982074486,4.0428787901843135,1.9799205747595285
2024-12-30,7.184842376550824,2.1097391951971027,7.043193810345624,2.384242886042889,6.57643146806934,2.065697155202943,6.426359621046758,2.399778765500599,4.008878808846689,1.7819268782965525,4.77512665014271,2.109835439585564,3.254794210995866,1.6042430450789904,4.000594354005324,1.9592126016720963
2024-12-31,7.076199532311918,2.0778375813890424,6.943183795022052,2.350387766619934,6.505031255878634,2.043269913937016,6.3654613937275695,2.3770376988010957,3.9728283333219547,1.765902619550906,4.733949754656187,2.091641896302901,3.23428817367444,1.5941359029303745,3.97742731105271,1.9478669968744502
2025-01-02,7.280408930183717,2.1378011196461695,7.152172120459654,2.421133928319858,6.681491885150253,2.098697271716312,6.546548432680785,2.4446605609521743,4.037579709268173,1.7946842871210573,4.821149703386109,2.130170202595034,3.279414228120528,1.6163779109665275,4.04066930739561,1.9788385239091413
2025-01-03,7.487040360273813,2.1984758574029057,7.362244271601016,2.4922469837605323,6.847749981869054,2.150919951917419,6.7143172494690555,2.507310034026026,4.148903761768129,1.8441672799500761,4.949663619202236,2.186952615698294,3.3630092021063778,1.6575807173274635,4.14112102373466,2.028032781335921
2025-01-06,7.649120879396885,2.2460687767810477,7.501736400458199,2.539467481285134,7.00475881842425,2.200237383200408,6.859377427362939,2.561479479117364,4.202975408257756,1.8682018603971053,5.01338718169041,2.215108147545848,3.4044336467333296,1.6779982530858029,4.192558152791326,2.0532231062037143
2025-01-07,7.35752806675237,2.160446190559577,7.291476577704905,2.4682908957588614,6.765140309673563,2.1249717510314197,6.689697919341231,2.4981165015837847,4.10545356822326,1.8248538830037961,4.892677631540567,2.161774004713225,3.338558653183172,1.6455293799722779,4.102368821995366,2.009054650770359
2025-01-08,7.325336327595627,2.1509934885654167,7.232699685399299,2.4483939014240597,6.7635589598771855,2.1244750394346186,6.661256782384553,2.4874958017536977,4.12455365409387,1.833343777064823,4.918106358573806,2.173009398747574,3.3608559722271236,1.6565194201042526,4.130524314559622,2.0228432509024734
2025-01-10,7.2700161158186365,2.1347493995575033,7.121192370807322,2.41064674740323,6.737365189672244,2.1162474167703964,6.566905241410401,2.4522623511107424,4.093113192268959,1.8193686466946475,4.847857632418352,2.1419707974941202,3.3365848878554245,1.6445565383440854,4.0698431404900655,1.9931258363382334
2025-01-13,7.1361555598494375,2.095442919774342,7.007339429171001,2.3721055580705275,6.612002459419046,2.07687022010837,6.472268386786734,2.4169223565334317,4.052952624099575,1.8015174720193838,4.805108264562168,2.1230824751665525,3.3101849542758375,1.6315443762563804,4.038478114066711,1.977765429962893
2025-01-14,7.325145070140855,2.150937328203427,7.144166089687255,2.418423748474105,6.798280645878576,2.1353813323603736,6.588710429108857,2.4604050056620275,4.154307218050381,1.8465690896440463,4.914079063113613,2.171229984019938,3.3917741126645145,1.6717585438546563,4.127778300616167,2.0214984444446538
2025-01-15,7.699695050470996,2.260919250234422,7.423549873762921,2.51299999010467,7.11898530124483,2.2361166167569277,6.799708333769317,2.5391974046293937,4.28379219050417,1.9041245219114729,5.067944020115824,2.2392134665489034,3.4797210213230296,1.7151063586181745,4.236956592723725,2.074966371157095
2025-01-16,7.746276019482725,2.274597169793944,7.468488939360811,2.528212640834201,7.159203767436648,2.2487494817996847,6.82931012155113,2.5502515232795546,4.304887646207399,1.9135013480316694,5.086904824614388,2.24759108252123,3.4976796179275165,1.723957902474555,4.2512857414278615,2.0819837906273464
2025-01-17,7.768486850259521,2.2811191027455466,7.495034086330565,2.537198632065711,7.212721536845295,2.265559738936403,6.888510959768392,2.572358738379739,4.337611149656841,1.928046784082246,5.112708701416035,2.2589922322170595,3.5287139560589678,1.7392542984610717,4.276433570271294,2.094299446456191
2025-01-21,7.995297232350396,2.3477191376379563,7.781264453510532,2.634092560458801,7.418802778425597,2.3302911113440743,7.156493274955345,2.6724306776171805,4.469392062170442,1.9866227503938818,5.271631986509814,2.329210679523832,3.6385537475289715,1.7933928123318958,4.414766946576136,2.162045503693149
2025-01-22,8.217175268065528,2.412870850642728,7.996137318591876,2.706830740575515,7.602644161270057,2.388036808747633,7.329484059784144,2.7370301766398963,4.530428350482347,2.013753079815271,5.338466507073766,2.3587407528401743,3.676769072598429,1.8122286174500797,4.457508271458268,2.1829772290597544
2025-01-23,8.18317649090882,2.4028875345173284,7.991166431350805,2.7051480092946525,7.559183386913598,2.374385514974263,7.320202919131677,2.733564344415932,4.519923103146819,2.0090835491352665,5.322130570850477,2.351522905082843,3.6694542959253615,1.8086232652086294,4.4453845990601915,2.1770398983436148
2025-01-24,8.108644945770738,2.381002277497687,7.850832833124765,2.65764265983916,7.480080513640264,2.3495388209757806,7.187687270416687,2.684079370241553,4.466600412983013,1.9853818760848652,5.258591726830347,2.3234489889910126,3.6247798209586497,1.7866038344514459,4.390894531682525,2.1503544568253057
2025-01-27,7.246013437184517,2.1277013128702587,7.076160025271322,2.39540251980178,6.6451600403867825,2.0872852181222656,6.469574639332468,2.4159164374250146,4.061968432248829,1.805524954319739,4.79172497062352,2.117169218845004,3.3014239195868726,1.6272261834440715,4.010385734318092,1.9640077380940975
2025-01-28,7.438535032020603,2.180738101197331,7.295347742908184,2.465649989951663,6.811078577605474,2.135978198632484,6.66735171462168,2.485788181546569,4.147847412926719,1.8407478217138757,4.900574180326693,2.1617985842395986,3.370511175807351,1.6586202910563583,4.101612451785637,2.005470338525251
2025-01-29,7.555776255915841,2.180738101197331,7.39208054765301,2.465649989951663,6.924319019509353,2.135978198632484,6.755751803696858,2.485788181546569,4.211230933791536,1.8407478217138757,4.969675305090636,2.1617985842395986,3.4234321531687515,1.6586202910563583,4.161558573113242,2.005470338525251
2025-01-30,7.781313068928508,2.180738101197331,7.558031418588401,2.465649989951663,7.150549996494108,2.135978198632484,6.914635188536629,2.485788181546569,4.316780890308565,1.8407478217138757,5.081611953000874,2.1617985842395986,3.5046158050618175,1.6586202910563583,4.25007005733574,2.005470338525251
2025-01-31,7.736553960242451,2.180738101197331,7.560839133547821,2.465649989951663,7.0835808426235545,2.135978198632484,6.887539373067504,2.485788181546569,4.278291559150433,1.8407478217138757,5.045808229867721,2.1617985842395986,3.467994989519531,1.6586202910563583,4.214710471323971,2.005470338525251
2025-02-03,7.718960399847483,2.180738101197331,7.514145387152474,2.465649989951663,7.078492799622091,2.135978198632484,6.84856942225245,2.485788181546569,4.257886836107031,1.8407478217138757,5.013512356434797,2.1617985842395986,3.456289143629327,1.6586202910563583,4.18969367835062,2.005470338525251
2025-02-04,7.994005862929828,2.180738101197331,7.8313250179559635,2.465649989951663,7.301623812070356,2.135978198632484,7.105192978233441,2.485788181546569,4.338172893716857,1.8407478217138757,5.1070728587955045,2.1617985842395986,3.508995403391207,1.6586202910563583,4.253402603605473,2.005470338525251
2025-02-05,8.09319605168752,2.180738101197331,7.9031731964521805,2.465649989951663,7.390952145430124,2.135978198632484,7.179992816756813,2.485788181546569,4.406540433588978,1.8407478217138757,5.175657666142334,2.1617985842395986,3.5666233818959294,1.6586202910563583,4.311372859811816,2.005470338525251
2025-02-06,8.172263081627566,2.180738101197331,7.988390293211688,2.465649989951663,7.467974101198367,2.135978198632484,7.2406315119262565,2.485788181546569,4.425556074008467,1.8407478217138757,5.203425148312105,2.1617985842395986,3.5814458512845238,1.6586202910563583,4.335281569581692,2.005470338525251
2025-02-07,8.060221581159416,2.180738101197331,7.8566009002140635,2.465649989951663,7.339059934649001,2.135978198632484,7.107549813258687,2.485788181546569,4.373962624131877,1.8407478217138757,5.151819784900764,2.1617985842395986,3.537636732550501,1.6586202910563583,4.288774570189492,2.005470338525251
2025-02-10,8.067415964396517,2.180738101197331,7.876913503007725,2.465649989951663,7.326069715280305,2.135978198632484,7.110336894024457,2.485788181546569,4.40017300319362,1.8407478217138757,5.17155573351743,2.1617985842395986,3.5527911753556847,1.6586202910563583,4.2953936961256005,2.005470338525251
2025-02-11,7.865356997948093,2.180738101197331,7.681123975827218,2.465649989951663,7.159348255683948,2.135978198632484,6.948988076012247,2.485788181546569,4.305838883076749,1.8407478217138757,5.0670374675050525,2.1617985842395986,3.481951019748056,1.6586202910563583,4.220997413777241,2.005470338525251
2025-02-12,7.935425050515156,2.177248920235415,7.800885175428025,2.46170494996774,7.1474796160316165,2.132560633514672,7.017278268239267,2.4818109204560947,4.32236963719952,1.8378026251991335,5.0550501379144945,2.1583397065048153,3.4837683938800277,1.6559664985906681,4.198583973168701,2.0022615859836104
2025-02-13,8.303027263986607,2.271760007468285,8.165064797841541,2.5698525247858894,7.398664194311303,2.203563660977604,7.276748903223457,2.56906133179189,4.457581157958384,1.8928367128449022,5.169069352244178,2.2037228828294695,3.5744755098524146,1.6980013331555666,4.266758974005355,2.0331250901604645
2025-02-14,8.459138557173075,2.312798695705187,8.341237798642153,2.623302070982348,7.509584802670666,2.234889204128451,7.417433024483807,2.6165735385827897,4.490754753808086,1.9065456304786796,5.211210588452235,2.220954996544912,3.595647716471922,1.707709770450541,4.299214838329286,2.0480443683050464
2025-02-18,8.520732372662494,2.329259709806185,8.348588166718224,2.6258135078366913,7.572730180184537,2.253798757979271,7.402304927538407,2.6124183411935062,4.523580276130342,1.9208427031564668,5.2461876009221085,2.2358215752703954,3.627200854570498,1.7231450780180082,4.3306295954216,2.063154393501277
2025-02-19,8.428548969119557,2.302017047748454,8.253465808481925,2.595499360620693,7.457076682728199,2.2159821739998207,7.301548588639652,2.576318307072923,4.4580180573010795,1.8920507678170948,5.162302956753786,2.1991544621969443,3.5663040240681294,1.6933477934732653,4.25019259047555,2.02400892251279
2025-02-20,8.098021554112986,2.215436931334159,7.939099193160185,2.5004159197706577,7.177740314313241,2.135670735932294,7.034055305621132,2.4846203923105743,4.318514850099671,1.8344197754752511,4.996348276263975,2.130025451175668,3.4577719830767952,1.642726521758716,4.116878765374488,1.9614211981859018
2025-02-21,7.5991975198227255,2.082868324380679,7.402036143782983,2.335471101600397,6.721057952170554,2.003351606044201,6.5192706764306205,2.3065580025704953,4.0751980385356115,1.7324696454837332,4.702530205073538,2.0069566969961907,3.2649142764858663,1.5520202468041224,3.8824517740691897,1.8513817497862803
2025-02-24,7.434868077152378,2.037680112474939,7.206575611304211,2.2733484511860764,6.607296960826969,1.9697451655288174,6.356129914265714,2.2488964671147533,3.990654833850789,1.696298131478301,4.615813860743172,1.9693984562596725,3.2099883356270773,1.5259933232774805,3.825961639955198,1.8241705008888505
2025-02-25,7.253626881424356,1.9914111347487327,7.012523786944967,2.2157921160449137,6.506556950285632,1.9420919912846948,6.23528833661611,2.209051631631439,3.9218869061684467,1.6684906418061278,4.558317146519709,1.9463948496251307,3.170362317239234,1.5080076158788143,3.7895688139949786,1.8075514232276582
2025-02-26,7.463431778306928,2.0499534108069035,7.219401194352525,2.2820010749710677,6.684824557740454,1.996288289347363,6.414477535086457,2.2733379359494292,4.019400762970255,1.7108106490735515,4.68351271029069,2.0007236819388496,3.2418504055216655,1.5426337166303055,3.884044357349364,1.8533949814170974
2025-02-27,7.123136828489238,1.9546448408443984,6.820849325981585,2.1549695267595124,6.400406176738746,1.9099133768842784,6.051109105265861,2.1445080604449744,3.8556775518725557,1.64050085825212,4.509442135902811,1.9257437966897715,3.117875268302378,1.4832216000364784,3.759317256065689,1.793528661110462
2025-02-28,7.531407273963967,2.0680270750563037,7.225454026702633,2.2851615048184724,6.788530951676173,2.0263395347094533,6.445428872576707,2.2864897147302523,3.9992802979141744,1.7022091455341268,4.6694095089601655,1.9947270604847638,3.2285825603744147,1.5363201947756902,3.888990400215484,1.8559716911883029
2025-03-03,7.169483313871824,1.9697082940969532,6.852423187465914,2.167861349748621,6.518000110746411,1.9457795237952966,6.150955813494122,2.181760605282573,3.832665312753754,1.6315385837901215,4.451129683866402,1.9014300509579927,3.1079330542463075,1.4789335794037597,3.722847278585995,1.7764579060658234
2025-03-04,7.082950786890062,1.9484987652132044,6.774992466089934,2.146152420105112,6.456158434623531,1.928869559822235,6.101459368095332,2.1659765222998826,3.7759298549164626,1.6079724500035313,4.404026218666932,1.8818877602032256,3.055106569860395,1.4539475646570243,3.674919100522638,1.7536240244304837
2025-03-05,7.189072233429475,1.9787784894661182,6.8852268357470106,2.1821528866961724,6.543940115108534,1.9558081991776133,6.1964741185116665,2.2003462120091815,3.852854128694492,1.6415527849568945,4.482415630980913,1.9159530813120838,3.1094912010174873,1.4803171346507795,3.734908723379098,1.7826129140478992
2025-03-06,6.55062661007256,1.8060775024583697,6.25664485575757,1.9857005506879122,6.036892544989701,1.8066585940237878,5.689168404303937,2.022105065747271,3.6009496391205342,1.5351876711162227,4.188203272802669,1.7913993980532374,2.9305020122506034,1.3956166657431375,3.5214022904210265,1.6813415454782206
2025-03-07,6.616239143692963,1.8212960503778866,6.339430832106703,2.0091262615582988,6.069229000515206,1.8136821937835705,5.75061144516181,2.0413384473306313,3.6149139701620765,1.5386593699471334,4.217162672112463,1.8007439935686855,2.9315634130215855,1.3938700477676838,3.5336104028909534,1.6843166739148903
2025-03-10,6.163414503965196,1.8212960503778866,5.890178642771528,2.0091262615582988,5.6930617997819,1.8136821937835705,5.367094251966746,2.0413384473306313,3.391566774070162,1.5386593699471334,3.977059331552252,1.8007439935686855,2.7695852814771804,1.3938700477676838,3.355159120177277,1.6843166739148903
2025-03-11,6.348402236150247,1.8212960503778866,6.066131080426169,2.0091262615582988,5.840351848014298,1.8136821937835705,5.508199852060221,2.0413384473306313,3.4837197838559586,1.5386593699471334,4.099858807418855,1.8007439935686855,2.835736983491192,1.3938700477676838,3.4459738646928226,1.6843166739148903
2025-03-12,6.636280146637602,1.8212960503778866,6.376007117838092,2.0091262615582988,6.078383250488364,1.8136821937835705,5.776888726961213,2.0413384473306313,3.5985227135726703,1.5386593699471334,4.232339961608226,1.8007439935686855,2.912275699153323,1.3938700477676838,3.5380760843286683,1.6843166739148903
2025-03-13,6.326472914892983,1.8212960503778866,6.03583223915787,2.0091262615582988,5.806956685273192,1.8136821937835705,5.467750069143151,2.0413384473306313,3.467274227201182,1.5386593699471334,4.086471044553524,1.8007439935686855,2.8139603911244824,1.3938700477676838,3.4267971089113742,1.6843166739148903
2025-03-14,6.668412167434396,1.8212960503778866,6.443463713553015,2.0091262615582988,6.099840894167095,1.8136821937835705,5.810420941977104,2.0413384473306313,3.6212135186678607,1.5386593699471334,4.265177451809834,1.8007439935686855,2.925090826033794,1.3938700477676838,3.558930140075807,1.6843166739148903
2025-03-17,6.747442039750689,1.8212960503778866,6.504519618156094,2.0091262615582988,6.183868558741207,1.8136821937835705,5.878965668067591,2.0413384473306313,3.6577381572038075,1.5386593699471334,4.308345018778792,1.8007439935686855,2.958992394188503,1.3938700477676838,3.5988186733189265,1.6843166739148903
2025-03-18,6.557772932498337,1.8212960503778866,6.296111416986853,2.0091262615582988,6.033264530689593,1.8136821937835705,5.702463934914371,2.0413384473306313,3.5761376011228783,1.5386593699471334,4.222705465205873,1.8007439935686855,2.8983149201647667,1.3938700477676838,3.535488839811256,1.6843166739148903
2025-03-19,6.865505143197928,1.8212960503778866,6.61317553564794,2.0091262615582988,6.310831721186071,1.8136821937835705,5.986812181845893,2.0413384473306313,3.720323942985211,1.5386593699471334,4.390795253544109,1.8007439935686855,3.0079424926382368,1.3938700477676838,3.6673560168480366,1.6843166739148903
2025-03-20,6.855773797091573,1.8212960503778866,6.614054343678513,2.0091262615582988,6.292182583785549,1.8136821937835705,5.988666599511587,2.0413384473306313,3.7124014050619887,1.5386593699471334,4.380829992109504,1.8007439935686855,3.003630934956038,1.3938700477676838,3.661621545120649,1.6843166739148903
2025-03-21,6.919996070142106,1.8212960503778866,6.663175938118774,2.0091262615582988,6.328693136094403,1.8136821937835705,6.027555827372248,2.0413384473306313,3.721291654819008,1.5386593699471334,4.381773118404281,1.8007439935686855,3.007087501662458,1.3938700477676838,3.657141002244912,1.6843166739148903
2025-03-24,7.2724112160076775,1.8212960503778866,7.015427286971246,2.0091262615582988,6.6231341313084044,1.8136821937835705,6.328433593023847,2.0413384473306313,3.8884711137216,1.5386593699471334,4.564339281305848,1.8007439935686855,3.1351319642114523,1.3938700477676838,3.799691369478173,1.6843166739148903
2025-03-25,7.249012693250672,1.8212960503778866,6.990088043857385,2.0091262615582988,6.60598131538674,1.8136821937835705,6.306677511797989,2.0413384473306313,3.885385757851427,1.5386593699471334,4.555349352805578,1.8007439935686855,3.1357746041891605,1.3938700477676838,3.795654656433601,1.6843166739148903
2025-03-26,6.9405357729124395,1.8212960503778866,6.6697252483067695,2.0091262615582988,6.357403722695964,1.8136821937835705,6.03800110818456,2.0413384473306313,3.7666604074214716,1.5386593699471334,4.424059207666426,1.8007439935686855,3.0538522112189614,1.3938700477676838,3.7034967980962046,1.6843166739148903
2025-03-27,6.757348640278366,1.8212960503778866,6.480316989392722,2.0091262615582988,6.226412180798263,1.8136821937835705,5.9046564990715895,2.0413384473306313,3.7015825934198126,1.5386593699471334,4.343208093594128,1.8007439935686855,3.015353690658232,1.3938700477676838,3.6536258655807154,1.6843166739148903
2025-03-28,6.675305726910628,1.8212960503778866,6.383042002535481,2.0091262615582988,6.160507415396097,1.8136821937835705,5.83184238124979,2.0413384473306313,3.6262378559767208,1.5386593699471334,4.258685610475714,1.8007439935686855,2.955886024516859,1.3938700477676838,3.5839208238051534,1.6843166739148903
2025-03-31,6.979829252742623,1.8212960503778866,6.3259341735971795,2.0091262615582988,6.502270268822838,1.8136821937835705,5.792429154733515,2.0413384473306313,3.683594623150622,1.5386593699471334,4.3292778139344925,1.8007439935686855,3.0047761856436193,1.3938700477676838,3.6438456363896834,1.6843166739148903
2025-04-01,6.946210929783126,1.8212960503778866,6.432972459190846,2.0091262615582988,6.436534931462417,1.8136821937835705,5.877070274243597,2.0413384473306313,3.6969803565378805,1.5386593699471334,4.3431558238143015,1.8007439935686855,3.0146229388468138,1.3938700477676838,3.6545549609583743,1.6843166739148903
2025-04-02,7.086783064667713,1.8212960503778866,6.643317703136695,2.0091262615582988,6.554092012592658,1.8136821937835705,6.067597022702774,2.0413384473306313,3.785535230337795,1.5386593699471334,4.446108253676179,1.8007439935686855,3.0828155425394175,1.3938700477676838,3.7364731674330316,1.6843166739148903
2025-04-03,6.409852931079045,1.8212960503778866,5.9529569133732405,2.0091262615582988,5.968835199995026,1.8136821937835705,5.485100390595893,2.0413384473306313,3.4515679570059077,1.5386593699471334,4.056538726261766,1.8007439935686855,2.826432559893184,1.3938700477676838,3.4323680142098123,1.6843166739148903
2025-04-04,5.880675720269981,1.8212960503778866,5.457585555587602,2.0091262615582988,5.505168008357286,1.8136821937835705,5.053111907109282,2.0413384473306313,3.2079415398718703,1.5386593699471334,3.782853120842719,1.8007439935686855,2.6409871113295593,1.3938700477676838,3.220468127231098,1.6843166739148903
2025-04-07,6.077777935775188,1.8212960503778866,5.654215001047716,2.0091262615582988,5.664006782187185,1.8136821937835705,5.219499269074411,2.0413384473306313,3.2622546892778055,1.5386593699471334,3.851575254808939,1.8007439935686855,2.6739787557100403,1.3938700477676838,3.2647742321336044,1.6843166739148903
2025-04-08,6.008146002920065,1.8212960503778866,5.569510304364711,2.0091262615582988,5.594838945442345,1.8136821937835705,5.14520371482435,2.0413384473306313,3.194263745175614,1.5386593699471334,3.7741400060972747,1.8007439935686855,2.6158679739539736,1.3938700477676838,3.1960724620445693,1.6843166739148903
2025-04-09,6.805797688144048,1.8212960503778866,6.40341633535842,2.0091262615582988,6.2800011277388,1.8136821937835705,5.873431924269563,2.0413384473306313,3.60338714467062,1.5386593699471334,4.237514660149928,1.8007439935686855,2.931842869169118,1.3938700477676838,3.5626932744146353,1.6843166739148903
2025-04-10,6.518287854999398,1.8212960503778866,6.115925991941848,2.0091262615582988,6.057563111244349,1.8136821937835705,5.649716588706787,2.0413384473306313,3.4611018620914424,1.5386593699471334,4.055998209028513,1.8007439935686855,2.8345686910497117,1.3938700477676838,3.430963580607555,1.6843166739148903
2025-04-11,6.616483452916532,1.8212960503778866,6.231301646836884,2.0091262615582988,6.148519141890625,1.8136821937835705,5.756453685815747,2.0413384473306313,3.525188574426575,1.5386593699471334,4.137007875126144,1.8007439935686855,2.8844100298358457,1.3938700477676838,3.4968154455936435,1.6843166739148903
2025-04-14,6.693375706967635,1.8212960503778866,6.3013501405769965,2.0091262615582988,6.234579527439662,1.8136821937835705,5.839251178737522,2.0413384473306313,3.5897553099992683,1.5386593699471334,4.195228014758377,1.8007439935686855,2.9381206232698704,1.3938700477676838,3.54738042263047,1.6843166739148903
2025-04-15,6.818602337185171,1.8212960503778866,6.42674927881981,2.0091262615582988,6.32953985096932,1.8136821937835705,5.937060841033444,2.0413384473306313,3.628705048611703,1.5386593699471334,4.247189671487978,1.8007439935686855,2.9646909917744617,1.3938700477676838,3.585115469700645,1.6843166739148903
2025-04-16,6.685477388752195,1.8212960503778866,6.283087277220794,2.0091262615582988,6.226436860348656,1.8136821937835705,5.82969338433577,2.0413384473306313,3.572533095419607,1.5386593699471334,4.169191741892763,1.8007439935686855,2.923794140209159,1.3938700477676838,3.5255192757806677,1.6843166739148903
2025-04-17,6.711205573647364,1.8212960503778866,6.329827951211905,2.0091262615582988,6.231593375418812,1.8136821937835705,5.863588053289575,2.0413384473306313,3.5828336938094725,1.5386593699471334,4.183135018675201,1.8007439935686855,2.9290394119097205,1.3938700477676838,3.534602361770367,1.6843166739148903
2025-04-21,6.404352677119456,1.8212960503778866,6.022297145268674,2.0091262615582988,5.96731797697928,1.8136821937835705,5.594434502913626,2.0413384473306313,3.4416766901581535,1.5386593699471334,4.021569583567805,1.8007439935686855,2.8235812760727064,1.3938700477676838,3.4070182477748676,1.6843166739148903
2025-04-22,6.661415496601769,1.8212960503778866,6.280690487820358,2.0091262615582988,6.216094647244836,1.8136821937835705,5.843025763296442,2.0413384473306313,3.5498295112727347,1.5386593699471334,4.149937601639141,1.8007439935686855,2.908408139357485,1.3938700477676838,3.5130811098949097,1.6843166739148903
2025-04-23,6.890821313288472,1.8212960503778866,6.497599619349079,2.0091262615582988,6.400428004943444,1.8136821937835705,6.011264218722917,2.0413384473306313,3.6418034635375953,1.5386593699471334,4.262369905212745,1.8007439935686855,2.9713271044327656,1.3938700477676838,3.5951987817074778,1.6843166739148903
2025-04-24,7.110506022909614,1.8212960503778866,6.735154263584337,2.0091262615582988,6.564830676717518,1.8136821937835705,6.191915148798135,2.0413384473306313,3.721844595117188,1.5386593699471334,4.364528880646504,1.8007439935686855,3.0191017509088867,1.3938700477676838,3.6618329335293343,1.6843166739148903
2025-04-25,7.184971342855361,1.8212960503778866,6.815672315803477,2.0091262615582988,6.621138932271012,1.8136821937835705,6.253912430340975,2.0413384473306313,3.738146608451977,1.5386593699471334,4.406584522950588,1.8007439935686855,3.0206715764438155,1.3938700477676838,3.6915621624556034,1.6843166739148903
2025-04-28,7.30618354347621,1.8212960503778866,6.930882931019721,2.0091262615582988,6.742739964228864,1.8136821937835705,6.375490405046954,2.0413384473306313,3.773598155331601,1.5386593699471334,4.437713178567301,1.8007439935686855,3.0519663621240656,1.3938700477676838,3.7193072695479814,1.6843166739148903
2025-04-29,7.411402578745929,1.8212960503778866,7.029836725529215,2.0091262615582988,6.7907493370517615,1.8136821937835705,6.417180734799617,2.0413384473306313,3.805001673713561,1.5386593699471334,4.483944322378326,1.8007439935686855,3.0668039187675986,1.3938700477676838,3.7459256189658996,1.6843166739148903
2025-04-30,7.360785320226753,1.8212960503778866,6.9839686508966095,2.0091262615582988,6.766089056353388,1.8136821937835705,6.394781871450784,2.0413384473306313,3.7961475538995666,1.5386593699471334,4.471360416640953,1.8007439935686855,3.0679211787751504,1.3938700477676838,3.7418673012001045,1.6843166739148903
2025-05-01,7.445327956083897,1.8212960503778866,7.041462617618554,2.0091262615582988,6.810186722202575,1.8136821937835705,6.414982164494641,2.0413384473306313,3.8297244360578566,1.5386593699471334,4.517987080756299,1.8007439935686855,3.0864365818412605,1.3938700477676838,3.77359623538129,1.6843166739148903
2025-05-02,7.717164674337417,1.8212960503778866,7.28656938383839,2.0091262615582988,7.014016685861458,1.8136821937835705,6.590565283247582,2.0413384473306313,3.944831050468636,1.5386593699471334,4.654699701838489,1.8007439935686855,3.164298187844719,1.3938700477676838,3.8722936721073955,1.6843166739148903
2025-05-05,7.677794063518378,1.8212960503778866,7.24810737235516,2.0091262615582988,6.96706138098969,1.8136821937835705,6.54100176729739,2.0413384473306313,3.9179078371542753,1.5386593699471334,4.622974146152093,1.8007439935686855,3.1420213852844174,1.3938700477676838,3.8437968687651916,1.6843166739148903
2025-05-06,7.66856213972321,1.8212960503778866,7.248868578833506,2.0091262615582988,6.939943746439065,1.8136821937835705,6.522844126306092,2.0413384473306313,3.8923667030880313,1.5386593699471334,4.595065186866513,1.8007439935686855,3.11557492622483,1.3938700477676838,3.8167298691941456,1.6843166739148903
2025-05-07,7.69188556198116,1.8212960503778866,7.281214343795622,2.0091262615582988,6.954384408514664,1.8136821937835705,6.546262151083821,2.0413384473306313,3.9000040759284276,1.5386593699471334,4.601250708985686,1.8007439935686855,3.122708296748728,1.3938700477676838,3.8220475431134733,1.6843166739148903
2025-05-08,8.089158339699338,1.8212960503778866,7.724896739936593,2.0091262615582988,7.22110581176534,1.8136821937835705,6.8672310436899675,2.0413384473306313,4.03896825898202,1.5386593699471334,4.794357729711608,1.8007439935686855,3.191061577509803,1.3938700477676838,3.9271866277070107,1.6843166739148903
2025-05-09,8.220849327374378,1.8212960503778866,7.824428829562257,2.0091262615582988,7.322336864255031,1.8136821937835705,6.94821223133187,2.0413384473306313,4.072801504498451,1.5386593699471334,4.843413809186527,1.8007439935686855,3.215572859116918,1.3938700477676838,3.9648287228496226,1.6843166739148903
2025-05-12,8.375128839316979,1.8212960503778866,7.983154520486813,2.0091262615582988,7.417729956324918,1.8136821937835705,7.0503036001093236,2.0413384473306313,4.12687892350798,1.5386593699471334,4.921077580974673,1.8007439935686855,3.238522269400933,1.3938700477676838,4.006064311619198,1.6843166739148903
2025-05-13,8.539465150030157,1.8212960503778866,8.162488696735808,2.0091262615582988,7.489513579427845,1.8136821937835705,7.134546715734523,2.0413384473306313,4.172902110530838,1.5386593699471334,4.9934570412567405,1.8007439935686855,3.2539727189578103,1.3938700477676838,4.042097200741049,1.6843166739148903
2025-05-14,8.573432816101894,1.8212960503778866,8.183637912371863,2.0091262615582988,7.529157881501718,1.8136821937835705,7.155666507879093,2.0413384473306313,4.201726928175431,1.5386593699471334,5.027681533207386,1.8007439935686855,3.282122512060013,1.3938700477676838,4.072472682875976,1.6843166739148903
2025-05-15,8.567481893184997,1.8212960503778866,8.174468246854948,2.0091262615582988,7.561646121953802,1.8136821937835705,7.182095263425704,2.0413384473306313,4.227094004200671,1.5386593699471334,5.05034210818589,1.8007439935686855,3.313784674870484,1.3938700477676838,4.107227465516386,1.6843166739148903
2025-05-16,8.704789825926941,1.8212960503778866,8.306031132634416,2.0091262615582988,7.659947079743941,1.8136821937835705,7.277767525311716,2.0413384473306313,4.28199895810449,1.5386593699471334,5.111681630205191,1.8007439935686855,3.3512840696671446,1.3938700477676838,4.15078502479758,1.6843166739148903
2025-05-19,8.737908711686032,1.8212960503778866,8.31642627855585,2.0091262615582988,7.6884842479459445,1.8136821937835705,7.281772861909969,2.0413384473306313,4.2961342268955836,1.5386593699471334,5.127073599188068,1.8007439935686855,3.366289506801712,1.3938700477676838,4.166598046525701,1.6843166739148903
2025-05-20,8.738208186404716,1.8212960503778866,8.339281060078362,2.0091262615582988,7.684951005808881,1.8136821937835705,7.284884443892241,2.0413384473306313,4.299237427820843,1.5386593699471334,5.125132421400674,1.8007439935686855,3.3683106173248927,1.3938700477676838,4.164029014626589,1.6843166739148903
2025-05-21,8.531651761619534,1.8212960503778866,8.142648244372463,2.0091262615582988,7.494519251162432,1.8136821937835705,7.10040630440889,2.0413384473306313,4.230082584586497,1.5386593699471334,5.0340085946676325,1.8007439935686855,3.320805596794068,1.3938700477676838,4.096221103216418,1.6843166739148903
2025-05-22,8.559296789013123,1.8212960503778866,8.177449692100478,2.0091262615582988,7.493901663598352,1.8136821937835705,7.101848298220837,2.0413384473306313,4.2389336876324775,1.5386593699471334,5.055905489347202,1.8007439935686855,3.3188896170605875,1.3938700477676838,4.099496586693297,1.6843166739148903
2025-05-23,8.65741077497978,1.8212960503778866,8.267351852071304,2.0091262615582988,7.552822838940566,1.8136821937835705,7.158333977420708,2.0413384473306313,4.267068053683726,1.5386593699471334,5.09499549500009,1.8007439935686855,3.3342903961739894,1.3938700477676838,4.121242532094453,1.6843166739148903
2025-05-27,8.869036988321529,1.8212960503778866,8.488782958294362,2.0091262615582988,7.736958687616286,1.8136821937835705,7.346553183317359,2.0413384473306313,4.345396939893499,1.5386593699471334,5.201360886762623,1.8007439935686855,3.384393202186678,1.3938700477676838,4.194768075400278,1.6843166739148903
2025-05-28,8.865193226449533,1.8212960503778866,8.50925763781999,2.0091262615582988,7.724427700078007,1.8136821937835705,7.3519894450618075,2.0413384473306313,4.333158555259173,1.5386593699471334,5.177953403971194,1.8007439935686855,3.3714545186552813,1.3938700477676838,4.17289551266583,1.6843166739148903
2025-05-29,8.81996223841227,1.8212960503778866,8.442955479660595,2.0091262615582988,7.703665466754159,1.8136821937835705,7.316016218757016,2.0413384473306313,4.310168380629122,1.5386593699471334,5.143763637061846,1.8007439935686855,3.359038021627467,1.3938700477676838,4.151018791342601,1.6843166739148903
2025-05-30,8.917728161984758,1.8212960503778866,8.510155358393774,2.0091262615582988,7.777326486988513,1.8136821937835705,7.367602322152348,2.0413384473306313,4.35003505686707,1.5386593699471334,5.190748256659727,1.8007439935686855,3.3898331566590776,1.3938700477676838,4.1875644564500565,1.6843166739148903
2025-06-02,9.021865815204732,1.8212960503778866,8.60674625433864,2.0091262615582988,7.890629453159365,1.8136821937835705,7.461143387951408,2.0413384473306313,4.402118173880808,1.5386593699471334,5.255421362289635,1.8007439935686855,3.4277652514675503,1.3938700477676838,4.236265348138165,1.6843166739148903
2025-06-03,9.042302494276607,1.8212960503778866,8.627516628294291,2.0091262615582988,7.887984555072234,1.8136821937835705,7.458025196697159,2.0413384473306313,4.398358889029914,1.5386593699471334,5.2544705438204025,1.8007439935686855,3.4164715467883346,1.3938700477676838,4.225426560100688,1.6843166739148903
2025-06-04,9.020290966010204,1.818381976697282,8.602277670460737,2.0059116595398057,7.8451543312027185,1.8107803022735167,7.415770845305466,2.0380723058149024,4.392837324071007,1.536197514955218,5.2514746097135925,1.7978628031789756,3.405787910602537,1.3916398556912555,4.21423975738543,1.6816217672366265
2025-06-05,9.037902932668517,1.8211244705226652,8.62192396197946,2.0095184365947003,7.875480150249074,1.8176125219494315,7.445841863181182,2.046083381005014,4.4044590200805755,1.5397265126556976,5.261723918556392,1.8008859793471435,3.416595369348435,1.395847668624243,4.225500438453599,1.685995377816487
2025-06-06,9.315332939945545,1.8741318656235204,8.90782121408847,2.072462052381278,8.07406623085443,1.861407485873548,7.649596019360215,2.099127520710075,4.489482157934956,1.5681088492789372,5.360904128839099,1.8333825622550162,3.4679080150464623,1.4162021754669243,4.288472142607548,1.7103768644076696
2025-06-09,9.169764695171407,1.8489777982000684,8.793496472951983,2.0498556327634683,7.942733242101578,1.8344771933746746,7.546647618606413,2.074113769174273,4.433312895789115,1.549248748627814,5.302417057580661,1.8142277591594957,3.4220114860012036,1.3977501286269585,4.239108897446057,1.6909511955272716
2025-06-10,8.945391247601227,1.8088082742449503,8.594162684720388,2.0088178297187183,7.77262573462134,1.798742724393372,7.395819536447727,2.0367159492919913,4.354486673943075,1.5237561167583933,5.214221032638649,1.7862226282818676,3.3694748781472414,1.3774504525955944,4.179346135687547,1.6683104925724903
2025-06-11,9.0794808566925,1.8359219451511402,8.73507958252493,2.0417560445516436,7.873858664955222,1.822170070971505,7.488795550056717,2.0623203774268037,4.404230700219567,1.5411629364335024,5.258104527399183,1.8012556870760188,3.402016921625339,1.3907537280727333,4.199820510392213,1.6764834490684795
2025-06-12,9.099896346387073,1.8400500716533998,8.709161517100972,2.0356979009202654,7.87292523053817,1.8219540553773297,7.435029276616359,2.0475138200046947,4.411614209838838,1.5437466320072721,5.274407376493076,1.8068405132225687,3.403266556825108,1.3912645823256213,4.210003243169235,1.6805481901508
2025-06-13,8.894807698362673,1.7985799969264027,8.481326430667844,1.982443244166317,7.746823684710816,1.792771608436475,7.28379742282355,2.005866464070324,4.339690725335486,1.5185786024192243,5.193171212404585,1.7790116441314074,3.3592836592870787,1.3732842547341788,4.162821013382488,1.661713997800937
2025-06-16,9.05056036788005,1.8300740601328973,8.642002085815742,2.0199999128848045,7.830756260991045,1.8121953033470861,7.377560337525684,2.0316875948976536,4.4048819243127175,1.5413908178738696,5.263990526898037,1.8032720391694756,3.395808561614862,1.3882157336921341,4.203323088173744,1.677881607314834
2025-06-17,8.998171447299123,1.8194807266047572,8.549485676929056,1.9983749310766823,7.80214886528014,1.805574973659832,7.311628554579736,2.01353080872548,4.396791320039428,1.5385596901950394,5.242414221817096,1.7958806984247995,3.3907615221900778,1.3861524903110896,4.189141145759267,1.672220462588605
2025-06-18,8.995791116637225,1.8189994103964988,8.525504801886981,1.9927695904374576,7.79931938895796,1.8049201756389135,7.289475136073197,2.0074300350950196,4.416450591171606,1.5454390164811715,5.262838883494689,1.8028775235756997,3.4024336572730105,1.3909240907337583,4.204127609381047,1.6782027559175254
2025-06-20,9.043144029729477,1.8285744349694981,8.560759088310022,2.0010100021842034,7.831750739107315,1.812425445687305,7.311183669779005,2.0134082930306634,4.426134310513077,1.5488276194749147,5.269893998670949,1.8052943766960579,3.406395331433989,1.3925436338564772,4.205184233217852,1.6786245387937004
2025-06-23,8.936857445769629,1.807082691658733,8.483294059793987,1.9829031619751694,7.811625057598831,1.8077679561306423,7.324727662869383,2.0171381388724026,4.436750717754595,1.552542595931051,5.288834234892492,1.8117826859395971,3.432866988525898,1.4033653189441706,4.2400595583626774,1.6925460635925595
2025-06-24,9.13400530853762,1.8469470950765359,8.667115263651732,2.0258699203827466,7.920711354389038,1.8330127304684045,7.406722879729529,2.039718593292864,4.495984817758553,1.5732702566084416,5.349909608050404,1.8327051234201985,3.4617270872319734,1.4151634054301265,4.268549646173331,1.7039187307241386
2025-06-25,8.966810179204108,1.8131393023281734,8.536456438739252,1.9953294492835738,7.7960668461642655,1.804167471483885,7.319590589533831,2.0157234532998785,4.408523278124803,1.5426650289485397,5.2435281264822216,1.7962622859536252,3.398451118512625,1.3892960181063143,4.189976394186682,1.6725538768764199
2025-06-26,9.183413444949078,1.8569376973299618,8.738111383690212,2.0424647041919606,7.946564675916965,1.8389957117140634,7.440012202234314,2.0488860552289596,4.48045342510078,1.5678353899212454,5.315263405080058,1.8208364605188168,3.443933232127821,1.407889229289033,4.233408709748814,1.6898911792717155
2025-06-27,9.234212883398532,1.8672096286576176,8.753395518883273,2.0460372503973323,7.996618729542545,1.8505792316028922,7.456881604233878,2.0535316769803043,4.518963182441237,1.5813110261319445,5.361085340034499,1.8365335659109652,3.4780036603556126,1.4218173125897462,4.274037747641951,1.7061094698893444
2025-06-30,9.438376810078585,1.9084927195431332,8.96902065777996,2.096437928094689,8.131738407961688,1.8818486567337345,7.610941107898885,2.0959577322278924,4.580884557841188,1.6029790392845331,5.427429580848413,1.8592609461766274,3.510412269942301,1.4350660399308222,4.311487540641122,1.7210586702132147
2025-07-01,9.171188199404616,1.8544656841241198,8.791538213516622,2.054952804810704,7.906774591568809,1.8297874818097923,7.486112672982425,2.061581546726531,4.476024313347573,1.5662855204116786,5.301535481529812,1.8161337201609993,3.435912124943075,1.404610178955818,4.224166074287412,1.6862017060338776
2025-07-02,9.29278605058241,1.8790534515289021,8.919623898572425,2.0848918247374835,7.965906486544885,1.843471797702431,7.5529425258149026,2.0799856500827523,4.495090064867763,1.572957157661903,5.312841418863014,1.820006766771813,3.434510396252314,1.4040371484720398,4.214638411636541,1.6823984557037812
2025-07-03,9.469825362586235,1.9148517932174265,9.073918675475763,2.120957013429683,8.110703425252272,1.876980736496978,7.671476498978764,2.1126284197563545,4.560637697371557,1.5958940991306538,5.39049725731427,1.8466091326844922,3.484420660672951,1.4244405996926566,4.272525535137559,1.705505825226718
2025-07-07,9.401999262685973,1.9011369754622764,8.95177501020581,2.092406893821438,8.065517416619759,1.8665237806306891,7.576247904782259,2.086403659177375,4.529592364854267,1.5850304729762577,5.352876116504758,1.8337213527850418,3.463507361475706,1.4158911863608226,4.2458821855834,1.6948703386756216
2025-07-08,9.260848437912843,1.872595487147318,8.828932468541822,2.0636934173612693,7.956193183380271,1.8412239429885018,7.483283529322265,2.0608024360428425,4.466844700536262,1.5630733183272383,5.281592780610443,1.8093019990988783,3.4228411577902205,1.3992667321958112,4.196271655379554,1.6750668178869452
2025-07-09,9.367550999847584,1.8941713435373275,8.932693731537514,2.0879467952395427,8.056161380870659,1.8643586048191365,7.579459742854438,2.0872881591027603,4.5003383954319665,1.5747936946406078,5.3116794357004995,1.8196087091126596,3.443908521447505,1.4078791274960192,4.212681588878145,1.68161733161548
2025-07-10,9.198888568237724,1.8600668540403487,8.817278881569488,2.0609694832039804,7.924215273362813,1.8338236081532606,7.507622676549872,2.0675051319518403,4.46656623558975,1.5629758756899474,5.273972692173459,1.8066916045048529,3.423699996594731,1.3996178278242877,4.191922602793342,1.6733307640099129
2025-07-11,9.039198509711214,1.8277766286961117,8.681909050157131,2.029327851444946,7.829288719585887,1.8118556845984939,7.4394586214611245,2.0487336060264854,4.413197691135418,1.5443007361972965,5.213629047101969,1.7860198332805404,3.3865456676144894,1.3844290375467168,4.1485644667425134,1.6560230725760021
2025-07-14,9.312641792948599,1.8830683939824104,8.952450578124836,2.0925648025009354,8.038585548344116,1.8602912018639872,7.650432579152434,2.1068331881481885,4.507935957779964,1.5774522932234172,5.32751430263648,1.8250332197845005,3.450803071021845,1.4106976380280916,4.2337326891456,1.690020505297723
2025-07-15,9.196621496359942,1.8596084393933714,8.844415645922094,2.0673124881100096,7.959891720825609,1.842079859322035,7.581335511695132,2.087804722317452,4.4951095013890185,1.5729639590418045,5.271068501523633,1.8056967231940895,3.440001341327203,1.4062818616846628,4.197569027731944,1.6755847027038513
2025-07-16,9.254768380638014,1.8713660654705921,8.986905046922647,2.1006182631780974,7.993861907768484,1.8499412473131756,7.691390118335384,2.118112380790271,4.542032533356934,1.589383634271449,5.311490568877285,1.8195440094784767,3.470452288268579,1.418730291236222,4.225492685083147,1.6867312622463162
2025-07-17,9.263636535947272,1.8731592562049801,9.008594567309002,2.10568801771598,8.009769046402829,1.8536224807677844,7.7144029999557695,2.12444983978375,4.576834443869846,1.6015617916501945,5.324918030653345,1.8241438213995023,3.49960532841547,1.4306481329762837,4.237236308468399,1.6914190793062964
2025-07-18,9.35938137590311,1.8925193997621237,9.056599035078605,2.1169086839169093,8.069674144873673,1.8674857315799949,7.7246147457699745,2.1272620265153765,4.610250727021972,1.6132550794393323,5.35674186902128,1.8350456339340626,3.5195115545206686,1.4387858521015713,4.25905578054422,1.700128971481928
2025-07-21,9.074547381974044,1.8349243688971202,8.838361069494207,2.065897278563027,7.875203284511166,1.822481243119234,7.59686646097837,2.0920817509762673,4.519928349111608,1.581648764820289,5.270227378159018,1.805408581671578,3.467533532743954,1.4175370960756093,4.210134982336518,1.6806007777632939
2025-07-22,8.999106109973585,1.8196697206389354,8.765858187521163,2.048950301020656,7.7978798918623085,1.8045870469104779,7.526065039522224,2.072583927428569,4.495615755093079,1.5731411113070322,5.238977450627488,1.7947033723335808,3.4445692143759175,1.408149220553891,4.173761313459805,1.6660811444354375
2025-07-23,9.309437825118554,1.882420533719959,9.071810023378344,2.1204641326121596,8.02127351029705,1.8562848462841897,7.743446031065512,2.1324479263224334,4.606491092807659,1.6119394787589778,5.369877224980309,1.8395453798975903,3.5156404191346873,1.4372033214751938,4.264300499083606,1.7022225571017295
2025-07-24,9.342704204881139,1.8891471822592139,9.085539971216903,2.123673399766044,8.021826245829315,1.8564127604603147,7.7295428621535045,2.1286191679638446,4.57704696247193,1.6016361578256129,5.309035057809047,1.8187028312072404,3.490322066196031,1.4268531102477684,4.204862678620439,1.6784961806985876
2025-07-25,9.442470214577488,1.9093204288878114,9.192879294017104,2.148763120938572,8.102938617388503,1.8751838029859447,7.809202956253521,2.1505565588609636,4.621786552614601,1.6172917859732647,5.368574724622101,1.8390991856149521,3.521178995731262,1.4394675065828386,4.246163133471512,1.6949824873932406
2025-07-28,9.467372183111594,1.9143557465707086,9.238267827248054,2.159372333047299,8.120842044331493,1.8793270179116255,7.8400156269992785,2.1590419819623374,4.620056793991992,1.6166864952744804,5.352381447357755,1.8335518952153764,3.5173264746054524,1.4378925855164155,4.228647629712187,1.6879906523655421
2025-07-29,9.434873432694438,1.9077843169898132,9.17921338529727,2.145568822424242,8.098858967330425,1.8742396894893496,7.788981034767423,2.1449876952870097,4.573533989865618,1.6004068709089925,5.3134627982737905,1.8202196311589067,3.490409421451729,1.4268888213128008,4.207389704963853,1.6795049185314568
2025-07-30,9.666470290194555,1.9546145003255802,9.370553932497266,2.1902931681067894,8.263737669771313,1.9123959543795968,7.909884556007927,2.1782830087843923,4.680586986683299,1.6378676948665845,5.43720260301364,1.8626088658810196,3.5635421647235437,1.4567856847595793,4.292525623890687,1.7134894563584655
2025-07-31,9.604602611734984,1.9421045087993851,9.397181201651463,2.1965170825235796,8.178921473329895,1.892767771900648,7.927413687432749,2.183110311745778,4.666516810015968,1.6329441483349088,5.416828935605216,1.855629509709077,3.5485003767891863,1.4506365611283556,4.273434396566087,1.705868624336502
2025-08-01,9.235015618673744,1.8673719462318452,9.067392125215227,2.1194314837171455,7.924470537264992,1.8338826813805749,7.706716427443426,2.1223330541112326,4.534424126268889,1.5867212408121754,5.279781385062434,1.8086814738667543,3.4594094615561275,1.4142159537791743,4.186566278790627,1.6711926277452356
2025-08-04,9.43853957490623,1.908525631504035,9.185377577142582,2.1470096537115846,8.060610469332877,1.8653882138309221,7.772034934547643,2.1403209518076918,4.606907189235389,1.6120850824832256,5.353343259539087,1.8338813808032908,3.5099297358884725,1.4348687787032197,4.237033276140979,1.6913380329054548
2025-08-05,9.420042458531535,1.9047854108449116,9.1457622126453,2.137749874318017,8.10678121032897,1.8760730566732384,7.783053863807249,2.1433554267372865,4.592692648094521,1.6071110188031321,5.318423785076279,1.8219191039717664,3.499570481126352,1.4306338873101476,4.214997253248769,1.6825416980214591
2025-08-06,9.361622831908647,1.8929726347360845,9.094231987301127,2.125705090057086,8.108619526740469,1.8764984802537918,7.794832906484053,2.1465992273693884,4.598244486252134,1.6090537615384677,5.3253358029705,1.8242869366149292,3.5213260719736543,1.4395276317489187,4.24195470565201,1.6933025680803713
2025-08-07,9.489103759128238,1.9187499931076422,9.154504157781524,2.139793235131665,8.209880734370305,1.899932370769855,7.841899088056696,2.1595606635170475,4.630924106782064,1.6204892705673042,5.357283749519356,1.8352312645779176,3.532852725688419,1.4442397589944103,4.2616899248992635,1.701180468659667
2025-08-08,9.288255109423908,1.8781372698180328,9.01987177313354,2.1083239757447956,8.119940520416938,1.8791183870528216,7.819154205562909,2.1532970081220535,4.616298157838,1.6153712438432188,5.315551093894105,1.8209350133546744,3.528846789738271,1.4426021215324458,4.246098869036469,1.6949568343298673
2025-08-11,9.156692302793479,1.8515345325392334,8.880094525218423,2.0756521450962895,8.017348199437816,1.8553764499982879,7.700968547724133,2.120750160120755,4.577238133969884,1.601703054054989,5.2557840271892236,1.8004607591360602,3.505045663153258,1.43287215654608,4.202106024863154,1.6773957802439807
2025-08-12,9.28627729120155,1.8777373438822607,8.934889529706268,2.088460045764775,8.154501715329316,1.8871165462357697,7.7595688246410885,2.1368879414770334,4.67354797743462,1.6354045495634235,5.3700146903290165,1.8395924710575042,3.584869494444373,1.4655043548903866,4.299195597417124,1.716151974957803
2025-08-13,9.169563002546173,1.8541370602055605,8.851897100853916,2.0690612192674975,8.039435605644298,1.8604879223077884,7.688400406726035,2.1172890517070586,4.640394269434472,1.6238031441300935,5.354579127963538,1.834304749151416,3.549960323063019,1.4512333911177098,4.279940770982185,1.7084658374781208
2025-08-14,9.099975234522871,1.8400660232768469,8.803613356381955,2.0577752743373057,7.964874899654302,1.8432330676416557,7.636504869386329,2.1029976715461487,4.5903380500816455,1.6062870794060728,5.290458791093724,1.8123392060850605,3.5105121538654203,1.435106872749014,4.22538840550347,1.6866896359461037
2025-08-15,9.086477867447304,1.8373367799636098,8.804245741087296,2.057923089280766,7.9556077106642045,1.8410884527662383,7.642624560685406,2.104682957782806,4.579493141533449,1.602492143981219,5.29307761794128,1.8132363310334225,3.501255776635159,1.431322840676862,4.227122149332579,1.6873817114353373
2025-08-18,9.060615662975344,1.8321072971892658,8.776930277488866,2.051538314833674,7.953370187089135,1.8405706445777665,7.644409520393709,2.1051745133012747,4.6117773360439935,1.6137892824371547,5.328433334711915,1.8253480502987798,3.5340801862077544,1.4447415481779013,4.265219983719594,1.7025895967811857
2025-08-19,8.688168216817148,1.756796334964668,8.41444960726427,1.966811313497039,7.6447407161962895,1.7691475458391872,7.370255197870872,2.0296758510505475,4.480901849691901,1.5679923061698813,5.19320079212928,1.7790217771835486,3.4492694610605628,1.4100706941238723,4.174141020361867,1.6662327157550287
2025-08-20,8.662491325142199,1.751604323477077,8.421981053601593,1.9685717297517702,7.613988339581195,1.7620308242083211,7.385725872497241,2.0339362808247667,4.461374798338016,1.5611592472651914,5.179674039224762,1.7743879513495489,3.4357029275218607,1.4045246584836502,4.166506841313052,1.6631853058024144
2025-08-21,8.69918177414503,1.7590233380182108,8.465661866369556,1.97878177565431,7.641653883716904,1.7684331904008468,7.427683280291482,2.0454908247430352,4.471640757106276,1.5647515920439998,5.198476117443948,1.7808289321525503,3.4438936995911034,1.407873068280991,4.1808017879950805,1.6688915595478855
2025-08-22,8.937901581159888,1.8072938216899477,8.642806227205313,2.020187874600244,7.834188698442419,1.8129896387626065,7.544776595574203,2.0777368553034754,4.571704505498467,1.5997666833958126,5.302328335570988,1.8164053261823807,3.5094921843282303,1.4346899064407777,4.253309753845146,1.6978352737786413
2025-08-25,8.938546290857929,1.8074241856062954,8.630682159039619,2.0173539691700775,7.834200469928875,1.8129923629225424,7.530845856688108,2.073900504519779,4.561556263917968,1.596215531138267,5.293324787105663,1.8133210031544678,3.505927489943689,1.4332326497254375,4.247813504212714,1.6956412820311557
2025-08-26,9.190980187501903,1.8584677351069347,8.865093304216424,2.0721457278545095,8.057417256372046,1.8646492397986152,7.719128592799648,2.1257512087892474,4.637000172108837,1.622615454983688,5.379926044475524,1.842987778801957,3.557964617931008,1.454505568530317,4.310070285715471,1.72049293069647
2025-08-27,9.060877744869474,1.8321602916179622,8.75338581216487,2.0460349815283685,7.940700877988668,1.8376387103324254,7.633140628498263,2.102071201796554,4.6216100879297235,1.6172300360672218,5.36232892661419,1.836959578248182,3.5496604391941644,1.451110797780226,4.29874610055668,1.7159725448976173
2025-08-28,9.344450404299801,1.8895002735740076,8.993075295686387,2.102060510222413,8.165257805680673,1.8896057229854282,7.796291920769774,2.1470010216061635,4.7143278567774445,1.6496745646632816,5.450585414385055,1.867193382024856,3.6129061380038423,1.4769658106830148,4.35779598843998,1.7395440664568709
2025-08-29,9.145855868894227,1.8493433448362337,8.83023602584564,2.0639981136126715,7.992538180062741,1.8496349099619276,7.67440454415767,2.113434766677981,4.628340416811194,1.6195851655161881,5.363376900336909,1.8373185799793412,3.549225917494969,1.450933164133185,4.292766934770319,1.7135857827835559
2025-09-02,9.00626048107815,1.8211163745965735,8.685770052541178,2.0302303303383757,7.8901414287213125,1.8259382316751414,7.566553971576609,2.083734071544251,4.588576986843876,1.6056708343509196,5.317798392639383,1.8217048648523781,3.5251302487177476,1.4410827895012106,4.260410439886349,1.7006697241070905
2025-09-03,8.963600361604726,1.812490259209558,8.627094063813018,2.0165152801749597,7.8714322135626,1.8216085410667358,7.534002448822958,2.0747697904068634,4.587990874027143,1.605465737158878,5.320530997450855,1.8226409664326237,3.531485875528534,1.4436809869484812,4.269726743398476,1.7043886041415899
2025-09-04,9.051666198673987,1.8302976653207108,8.703819223225189,2.0344491818090544,7.969099987526688,1.8442108383886147,7.617793595879536,2.097844821480644,4.642271875814276,1.624460170875222,5.384708830906568,1.8446262059602785,3.577516080044413,1.4624982591752833,4.327386529949516,1.7274052253496746
2025-09-05,9.009085875537503,1.8216876852005062,8.636767694183478,2.01877641507305,7.919576234981901,1.832750040890312,7.5488176706961685,2.0788497167129023,4.647295257285544,1.626217991903694,5.376662070013283,1.841869647252471,3.5827570765221863,1.4646407927247034,4.321835058638838,1.7251891902245295
2025-09-08,9.112141548721965,1.842526120234181,8.75746707246254,2.046988943974093,8.014409887267066,1.8546964651618136,7.656130407367045,2.108402298581973,4.676322023519477,1.6363752655183643,5.426802077881103,1.8590459840581266,3.6041086329628653,1.4733693668041778,4.364299279937876,1.7421400489598655
2025-09-09,9.26481957554809,1.8733984734465174,8.925429473276612,2.086248832092984,8.12656853720545,1.8806522441279647,7.776950946056436,2.1416747597254653,4.700583500313431,1.6448650316916287,5.468756682014479,1.8734182676254225,3.6122524222422054,1.4766985699098079,4.389602795401598,1.7522407008265841
2025-09-10,9.48144095975294,1.9172005321024974,9.090776223345033,2.124897332454052,8.338565656349912,1.9297126631772081,7.92176339729127,2.1815542927011595,4.776926641715215,1.6715796222723325,5.5223780389447015,1.891787201452431,3.673957007366488,1.5019235713656434,4.432775000460755,1.7694741723671816
2025-09-11,9.580361209099962,1.9372027612456064,9.22283825579617,2.1557657922620557,8.39518910361267,1.9428164735588513,8.022753325806587,2.2093656524985885,4.839535280581425,1.693488128045278,5.6047066644696555,1.9199903123193287,3.718676814348229,1.5202051495327606,4.493277654131192,1.7936256086612388
2025-09-12,9.67070331935761,1.9554704425603389,9.291100449456593,2.1717215423160505,8.463765508538245,1.958686439981587,8.053462452787265,2.217822560945603,4.8327700399219555,1.6911207819932401,5.586964264326132,1.913912342778334,3.706701591076527,1.5153096458379514,4.471813167485478,1.7850574194933333
2025-09-15,9.837098596103369,1.9891165006300429,9.400953976070756,2.197398938825236,8.613874145793567,1.9934246132000575,8.130278468417593,2.2389767282997863,4.8876450487117005,1.7103230752970398,5.633034870778904,1.9296946349423028,3.7443982343829143,1.5307201356802937,4.5015911396798804,1.7969441840365339
2025-09-16,9.81197940301617,1.9840372589243584,9.357264163687637,2.187186789333545,8.602580480012012,1.9908110306283637,8.09404069199923,2.22899729913248,4.859304927736019,1.7004060779745371,5.605001595811556,1.9200913462097964,3.7237702837739772,1.5222873736239038,4.479496233922075,1.7881243443028993
2025-09-17,9.83109017464669,1.9879015641174662,9.41390918257139,2.2004271162941627,8.613727643035112,1.9933907095000896,8.152776306163895,2.2451723506695127,4.846826992138321,1.696039700921351,5.609663050380422,1.921688209016245,3.7152279189345294,1.5187952317502107,4.483355570919848,1.7896649136165483
2025-09-18,10.324134685302788,2.08759792906796,9.845827806599736,2.301384692356611,9.00798066270921,2.0846288283702816,8.473112689730891,2.33338897336212,5.026831934762852,1.7590284417095967,5.796558483293951,1.9857125089649836,3.842148775827311,1.5706808216694668,4.619690105879385,1.8440869039922194
2025-09-19,10.57244582523112,2.1378078340410944,10.09307183092262,2.3591760354544387,9.19912984512943,2.1288646134050104,8.653624683162967,2.383099712550624,5.078906662589513,1.7772508387441832,5.855748671714111,2.0059891434357056,3.8684340546118583,1.581426314800517,4.648938075415066,1.855762102187975
2025-09-22,10.713141733978524,2.166257335784571,10.202408453731374,2.384732609770857,9.33025844669204,2.1592104226686692,8.748454096383867,2.409214543695054,5.12326605394054,1.7927734247498477,5.917958179024758,2.0273000984099916,3.906563261153985,1.5970136376647377,4.6970265605464325,1.8749580533516077
2025-09-23,10.595554219253629,2.142480480899735,10.091492497378145,2.358806878679125,9.238262493869819,2.1379206994190953,8.677546309597906,2.389687428469453,5.095247173668505,1.7829688384929403,5.903042005728847,2.022190302315474,3.893648494736025,1.5917340461880478,4.698138019661449,1.8754017253623596
2025-09-24,10.255472717747397,2.0737140941855636,9.79845048588799,2.2903106168402996,8.94757309911138,2.0706492969699806,8.447082383356024,2.326220553432809,4.978302306003306,1.7420465735346717,5.800456263701732,1.987047761828426,3.813320105710483,1.5588955832758837,4.622144177719194,1.8450665198620133
2025-09-25,10.347466406242656,2.0923157338816645,9.868015183191206,2.306570816860732,8.983554579812667,2.078976138996614,8.452987883717105,2.327846854171313,4.984493208830702,1.7442129427896171,5.820260307557136,1.9938319834877272,3.806131462855142,1.5559568466143177,4.618421027573508,1.843580313586722
2025-09-26,10.40664277375912,2.1042815272428266,9.915365242240942,2.317638520178294,9.065375599614361,2.0979111770514116,8.519850980720365,2.3462601125552527,5.045297849989123,1.7654901795410494,5.89203196469911,2.0184186201595917,3.86246166926312,1.578984787500506,4.685942364263775,1.8705334662607738
2025-09-29,10.599695564768243,2.143317884186635,10.07930195844178,2.3559574362299163,9.229903830081808,2.1359863356419533,8.648924200993726,2.381805258710007,5.105054382328742,1.7864006538372803,5.956413668155999,2.0404736989224945,3.903865499745714,1.5959107854972032,4.727273726051845,1.8870321103798986
2025-09-30,10.5270244979715,2.1286233869554034,9.986327192885918,2.334225317160935,9.194549333525083,2.12780459042132,8.582612792453439,2.3635439284100412,5.083058127104755,1.7787035517554455,5.955326371367922,2.040101226387409,3.8940345271192003,1.5918918572714225,4.735406906066051,1.8902787114306743
2025-10-01,10.587971163455304,2.1409471444930412,10.047076499453285,2.3484249890373516,9.246053023460965,2.139723585457827,8.634405540204451,2.37780700160731,5.087344345245541,1.7802034188118472,5.968085014919906,2.044471922925988,3.893374095765398,1.5916218711459567,4.744189053469358,1.893784367144411
2025-10-02,10.802599514245546,2.1843462006160532,10.26989658131339,2.4005074279764886,9.39507916707519,2.1742112477643345,8.795037161058115,2.4220429355076685,5.154847194760101,1.8038245451461914,6.03606950812513,2.067761200341601,3.9348108628616436,1.6085613337194864,4.782679833206219,1.9091491083305903
2025-10-03,10.667834697044384,2.157095998843611,10.161670088070982,2.3752103377015037,9.27530319641294,2.1464926667928848,8.712668559304687,2.399359655570221,5.095531758574869,1.783068422674562,5.9778517712884085,2.0478176961721033,3.8878078268522995,1.589346365344343,4.735090834372331,1.8901525419998786
2025-10-06,10.720776897956709,2.1678012087574454,10.213447976267412,2.3873130112032626,9.304295379936807,2.15320204415883,8.7444501408008,2.4081119045411246,5.114506798522473,1.7897083174201163,5.999361042493035,2.0551860732898097,3.9000192637989013,1.5943384338289697,4.751930846931995,1.8968747345956163
2025-10-07,10.772041465292316,2.1781671917542313,10.293524054831792,2.4060301637933663,9.334606955616755,2.1602167555421854,8.80485706846517,2.4247472148560147,5.093522358620723,1.7823652776886176,5.972357205840624,2.045935436660285,3.8799343504883126,1.586127666890345,4.728680001180374,1.887593466983586
2025-10-08,10.963033347033795,2.216786821286952,10.430093080732188,2.4379520978177,9.534552341079303,2.2064881597826864,8.925313462599963,2.457919395155911,5.191188433377393,1.8165413562837776,6.066983974006904,2.0783514914231684,3.95739682188489,1.6177945349166951,4.799835406541115,1.915997266408791
2025-10-09,10.859010111874278,2.1957527397960264,10.374042637145179,2.424850748149115,9.428729125673334,2.181998528442851,8.875787511766026,2.444280569401683,5.151668428080532,1.802712206187681,6.017052096806199,2.0612464534184105,3.9233652910979844,1.6038823529951247,4.759848650408906,1.9000353616865044
2025-10-10,10.39930867149905,2.102798530637651,9.87455588792702,2.3080996550703676,9.043430786932783,2.092832703766207,8.452791755004025,2.327792842783384,4.947160335324372,1.7311491309970934,5.781523064371856,1.980561863195228,3.77852274206594,1.5446703268087205,4.58691736462537,1.8310046881791842
2025-10-13,10.849651048396797,2.193860284677109,10.357066559719486,2.4208827237746107,9.43515956701323,2.1834866625650506,8.874606535070194,2.4439553432302916,5.15297834846057,1.803170583797029,6.01825837715919,2.061659685855064,3.923901649700515,1.6041016178439602,4.757182127072391,1.8989709394738985
2025-10-14,10.890955626880855,2.20221230207447,10.392975767180873,2.4292762181551337,9.45767134335453,2.188696342702706,8.890659885262622,2.4483762345480624,5.183865167383374,1.813978741631673,6.071529760872551,2.0799087302344774,3.9469682056299185,1.6135312883575592,4.798776075722786,1.9155744029603126
2025-10-15,10.974385271456098,2.219082244064483,10.485854308815517,2.4509858456405036,9.486567481881861,2.1953834933148317,8.93154741173831,2.4596361465685956,5.23944720858998,1.8334284452620195,6.117722914920431,2.0957330032209023,3.9804780507334496,1.6272302037593704,4.828919585946444,1.9276070828955012
2025-10-16,10.738622809053297,2.171409752057507,10.205852802629668,2.385537699194049,9.301636447633491,2.1525867134715524,8.702771148917263,2.396634032873046,5.168998512675677,1.8087764852596098,6.01376837001737,2.0601215553639203,3.9360171786166123,1.6090544788660575,4.754025810402503,1.8977110016636998
2025-10-17,10.381626604665446,2.099223117566372,9.864391974265647,2.3057239203150797,9.013776141000882,2.085970019206873,8.425207139726034,2.3201963856747567,5.073493530809577,1.7753566332320017,5.917426869780188,2.0271180891339533,3.879508651646815,1.585953640051418,4.699718747997527,1.8760327201599583
2025-10-20,10.621119267426224,2.147649877003956,10.107618625422568,2.362576234080966,9.195339527566546,2.1279874572968747,8.617542317958025,2.373163081682481,5.1611011504225415,1.806012978343518,6.0090401360860435,2.058501816118675,3.938036967487062,1.6098801740246094,4.7602562844445435,1.9001980809532764
2025-10-21,10.415859044921518,2.1061451089548857,9.960131033440367,2.3281021712426084,9.024350023724274,2.088417029427958,8.50017661252425,2.3408420382904893,5.121607738127055,1.7921931338789534,5.982073368836873,2.0492638782616943,3.9180177621234793,1.6016962686726182,4.746953210818083,1.8948877628810352
2025-10-22,10.08108178983043,2.038451270611017,9.52035912558071,2.2253089519463827,8.772240980125401,2.0300739001676207,8.133229382287224,2.2397893729720435,4.999986600046809,1.7496345117144092,5.814965752024342,1.99201824087111,3.843627790677479,1.571285446944453,4.634926543199211,1.8501689817682216
2025-10-23,10.441106567983772,2.111250299701175,9.889421763450352,2.31157443637265,9.067450106120807,2.098391259794693,8.439313563835453,2.324081117965688,5.141049218678396,1.7989962491775293,5.959175011122665,2.0414196452605258,3.942881129057949,1.6118604803897172,4.7377066065287385,1.891196705367313
2025-10-24,10.732557433897508,2.1701832991875847,10.241342647381073,2.3938331708445126,9.306123714885862,2.1536251578271917,8.734981588743603,2.405504384049777,5.273149169221754,1.8452216995545876,6.147574003714868,2.1059590158793053,4.0307752238815375,1.647791824315273,4.8720169519078915,1.9448106801811533
2025-10-27,10.796489348878307,2.183110690914203,10.282556989054092,2.4034666985574664,9.373182860520805,2.1691439997775523,8.77563625865077,2.416700170291596,5.291255252629833,1.851557522215085,6.160808760433992,2.1104928133120437,4.0478628519582855,1.654777292935548,4.887672727494683,1.9510601493164759
2025-10-28,10.747821953553913,2.17326987066251,10.200740765248918,2.3843428007247787,9.341493812770151,2.161810513510414,8.710424600244734,2.398741697386624,5.265863210841109,1.8426721398750545,6.12035504659304,2.09663468596983,4.028204333915028,1.646740837536619,4.84957255659219,1.935851331280882
2025-10-29,10.86124771687871,2.1962051960759683,10.27733646121587,2.4022464412983613,9.474534855621988,2.192598900349821,8.801760353859722,2.423894418489605,5.288367573719095,1.8505470429708144,6.1050844293439015,2.091403468898767,4.040917274773843,1.651937922178314,4.835477921545336,1.930225037890904
2025-10-30,10.64078618106923,2.1516266372307227,9.947474326689123,2.3251437657387632,9.321994009690105,2.15729786487469,8.517548135861327,2.345625937961075,5.1874355738405376,1.8152281262516736,5.965348054954329,2.0435343294115196,3.9736104081715893,1.624422692886846,4.735986157033442,1.8905099367073932
2025-10-31,10.88782587288412,2.20157944826529,10.217987750178706,2.3883741475943747,9.533011502861712,2.206131578669948,8.753828828551269,2.4106946775293885,5.198684033347826,1.8191642753920299,6.003693766270657,2.056670323613155,3.9472023216539394,1.613626995622017,4.756766483878928,1.8988050231132263
2025-11-03,10.813188974133414,2.186487448788972,10.244522562612612,2.394576450981096,9.50424132835798,2.1994735786793385,8.812903354699388,2.4269630611763655,5.217470201451418,1.8257380786211443,6.014995323796141,2.060541869844219,3.9683350913704527,1.6222661290963154,4.771734387425558,1.904779907635335
2025-11-04,10.46852507233911,2.1167944750393586,9.879687881656489,2.309299218178951,9.20316714948791,2.1297989272506697,8.48496672509655,2.336653426040248,5.051288444271418,1.7675864552594451,5.842413754100375,2.0014210341363814,3.839439274091256,1.569573170024148,4.641139046425327,1.8526488874713578
2025-11-05,10.673313613666412,2.1582038665092638,10.014668940692088,2.3408499774573523,9.389775646184459,2.172983905815607,8.58770996002505,2.364947624435636,5.1509357633498,1.802455826400903,5.93428430684298,2.032892899090784,3.9176743911744714,1.601555897699032,4.713007452753931,1.8813373024697355
2025-11-06,10.122600163528844,2.0468465185996414,9.447008780546309,2.2081638865890447,8.937384887321999,2.06829153879965,8.11924908225623,2.2359393736705884,4.983720354936748,1.7439424996957569,5.714564955904655,1.957624191826406,3.80576480342649,1.5558069552472027,4.559543045804034,1.820077413473055
2025-11-07,10.335875266211929,2.0899719403666386,9.661575521130365,2.2583171720180264,9.104891733440557,2.1070560092667883,8.294742647669405,2.2842681007188426,5.017332815034878,1.755704435259895,5.771422701240987,1.9771018071168047,3.825210772323228,1.5637565199795855,4.5986763152653145,1.835698623569399
2025-11-10,10.65316142137583,2.1541289802186117,9.901967610284757,2.3145069292442,9.368900113325687,2.168152885497687,8.505930336291183,2.342426541658395,5.172085532767431,1.8098567195328015,5.906840816328214,2.0234916513397434,3.931111187113045,1.607048896257074,4.688961822925574,1.8717387731207027
2025-11-11,10.424091936865594,2.1078098458744043,9.605959636987569,2.24531739719642,9.184565435051693,2.1254941144826582,8.233685840592354,2.2674538217638416,5.068337599490648,1.7735524293216227,5.807051445959851,1.9893070568819633,3.852982637618358,1.5751097337008984,4.611716518685837,1.840904009169306
2025-11-12,10.332227357986838,2.0892343128667807,9.556559477118101,2.233770498961276,9.108412321742009,2.1078707445710516,8.201302609408682,2.2585358860142803,5.066632250803221,1.772955680338736,5.788199379985768,1.982848951899076,3.8559331018661647,1.5763158914733948,4.59681556652341,1.8349558502863592
2025-11-13,9.746211418628121,1.9707386036672843,8.987291892369274,2.1007086852539922,8.612901288296758,1.9931994743082608,7.715420198733277,2.124729963570376,4.792459951699385,1.6770151598854075,5.502387855892564,1.8849392145551138,3.6581667492165644,1.495468471083912,4.385813122537329,1.75072794002678
2025-11-14,9.78467627594942,1.9785164135209423,9.056821165913119,2.1169606052497105,8.65827100688803,2.0036989443728395,7.798812852172495,2.1476952544994474,4.828106109915673,1.6894887430395427,5.549803774918684,1.90118236707494,3.68496750920444,1.5064246943264794,4.423548221278253,1.7657910286353486
2025-11-17,9.604331267825392,1.942049641539226,8.874774438824312,2.0744086168089853,8.503077453972992,1.9677840188753632,7.666604786838966,2.1112868113292445,4.731545238505638,1.655699405864393,5.4599769240105225,1.870410607934867,3.6170340281351776,1.4786533033444211,4.35339450248849,1.7377870822403476
2025-11-18,9.59001452304841,1.9391547154598539,8.906951421802772,2.081929733116058,8.478058952912324,1.9619942319623447,7.680755062423523,2.1151836197664853,4.7292528739571456,1.6548972436891116,5.471271398153867,1.8742797276294676,3.6136350261610457,1.477263782135046,4.362791126535209,1.7415380246085912
2025-11-19,9.776348817143104,1.9768325546515675,9.061964648771317,2.1181628538516324,8.61871484700094,1.994544849317815,7.816454825324307,2.1525536326572974,4.772679643526651,1.6700934793690958,5.514099465472002,1.8889512312903936,3.644660895451049,1.489947241499251,4.390963853797089,1.7527840078244898
2025-11-20,9.121507403846223,1.8444199486621662,8.544581961522573,1.997228726227905,8.085146563863809,1.8710663621207564,7.394005502603989,2.0362163871212426,4.5430648684671855,1.589744877066877,5.241924623314412,1.7957129778930476,3.481576159967734,1.4232777601032514,4.1891246364462855,1.6722138724045945
2025-11-21,9.293641876003795,1.8792265042284078,8.667421272608427,2.0259414475658835,8.245045139548116,1.9080701250025693,7.4974491227161515,2.064703462812672,4.620110433405616,1.6167052651986276,5.329227645259737,1.825620155271987,3.5433809276788106,1.448543716471799,4.261685635412649,1.70117875638332
2025-11-24,9.894953259998278,2.0008150381070764,9.139876883157271,2.136374224910036,8.74134617541819,2.0229242177969504,7.894666792418794,2.1740922275380687,4.850973673661648,1.6974907402305783,5.572887743504317,1.909090184327048,3.7142338531350956,1.5183888549600995,4.436590253368848,1.7709971442033832
2025-11-25,9.984117599666323,2.018844567603889,9.241974155623105,2.160238658109522,8.84183427895299,2.0461791963965483,7.985425789774552,2.1990861172003635,4.927358474477919,1.724219908600216,5.678510057165691,1.945272955546848,3.777102055838609,1.5440895464326658,4.5242333581971,1.805982499959888
2025-11-26,10.26613037494354,2.075869132236653,9.482407393310167,2.216438033481071,9.069805855858045,2.098936427907121,8.185615275577394,2.2542157910121516,5.058303389901772,1.770041180032613,5.800260436210222,1.9869806776955559,3.8772384909721307,1.5850255922214458,4.617208043294851,1.8430961147829594
2025-11-28,10.48489776183792,2.1201051246708156,9.687624733347967,2.26440597017935,9.230305533264104,2.1360792978790664,8.348463695859053,2.2990622036740764,5.139172144119247,1.7983394085312487,5.885471880995441,2.016171348729868,3.9285037492630788,1.6059829686047136,4.670514459875095,1.8643749587013578
2025-12-01,10.246131325725717,2.071825212334108,9.413419831083772,2.200312734238645,9.034088285370734,2.0906706600391427,8.112665200498835,2.234126255203128,5.041363881040938,1.7641135742838048,5.781409549092149,1.9805229765504133,3.8577438482832003,1.577056129511036,4.590624995193375,1.8324846993527906
2025-12-02,10.276576286914585,2.077981354215802,9.471929760029047,2.2139889692358965,9.046316450660155,2.0935005046885578,8.149253691884468,2.2442022668740993,5.041377849943649,1.7641184623917585,5.795001551665174,1.9851791547997886,3.855849625046979,1.5762817659237094,4.59793329448888,1.8354020246954892
2025-12-03,10.345011703749437,2.091819379272054,9.639611802998978,2.25318332591715,9.11126771683341,2.1085315407191345,8.29652692929558,2.284759469501998,5.079191318342679,1.777350447717069,5.84127939675326,2.0010324401835553,3.8864116327621923,1.5887755974202944,4.636673927285655,1.8508665021724489
2025-12-04,10.675103480040969,2.1585657875274165,9.940655330501496,2.3235498790944202,9.361480130531898,2.166435751478741,8.54809075167107,2.354036991319832,5.159150597650319,1.805330425624839,5.943135112337436,2.035924897342056,3.9384190952449254,1.6100363888865838,4.7058396802435825,1.8784760725789453
2025-12-05,10.690948433872713,2.161769726047553,9.964199992822673,2.329053258446264,9.339208443224678,2.1612816327971505,8.558886820392367,2.357010093252072,5.1682499199263985,1.8085145318157017,5.940469777252034,2.03501184018324,3.9418452075039743,1.6114369928538304,4.686179997038734,1.870628324460828
2025-12-08,10.83914060528666,2.19173501413976,10.008769985602983,2.3394711431724518,9.461547603490157,2.1895933876595692,8.577287001054323,2.362077272249527,5.221545140777848,1.827164013338365,5.9853648216341675,2.050391422995537,3.977847059852231,1.626154647564066,4.716062384776499,1.882556769578196
2025-12-09,10.922420715629238,2.2085747194693712,10.036136114623224,2.345867760262792,9.507974394614797,2.2003374856778746,8.577324786780693,2.362087677964698,5.268057146833325,1.843439859158226,6.026503652452455,2.0644842491432427,4.0072269757215135,1.638165236713678,4.736666911257013,1.890781680032108
2025-12-10,11.153497511338525,2.2552997433946294,10.227260589279819,2.390541600690366,9.722473184182576,2.249976841836198,8.7648070687782,2.413717947209665,5.362789138194476,1.8765892202879826,6.132953912196095,2.1009506477769713,4.08262835946119,1.6689895265257642,4.826278755962436,1.9265529169498274
2025-12-11,11.410338958340397,2.307234524294304,10.454971704428441,2.443767280133106,9.947563966038297,2.302067399134944,8.959194249122111,2.4672497388648322,5.450819277377654,1.907393416760125,6.24026160838554,2.1377107762645418,4.143341841434579,1.6938093623302335,4.904340022824227,1.9577133966853977
2025-12-12,10.802943532052879,2.184415762945881,9.875184392119612,2.308246562974542,9.472790635383303,2.1921952525258823,8.515574354869806,2.3450823834292147,5.2053949833660935,1.8215126236372483,5.968674993422685,2.0446740303827435,3.9731142874539316,1.6242198773942844,4.713102214161384,1.8813751293080043
2025-12-15,10.609407992570391,2.1452817915536015,9.687537240692837,2.2643855194604123,9.32447675910881,2.1578724232808026,8.369181681568405,2.3047676771139676,5.155710706121141,1.8041267118116953,5.907680326757228,2.023779240322949,3.9471911605301466,1.6136224329243942,4.676890150892757,1.8669200056720656
2025-12-16,10.605940410866717,2.1445806270876084,9.70882190819732,2.269360642826259,9.322852092540465,2.157496442593046,8.38492347799355,2.3091027704314286,5.126126605650443,1.793774411431315,5.8834239933633645,2.015469808997339,3.9256251094620276,1.6048061728605068,4.657583305055527,1.8592131030985528
2025-12-17,10.288525629105784,2.0803975782164033,9.358453352549734,2.187464752862598,9.042986063595126,2.0927297857954614,8.088754833740278,2.227541640057965,4.967259982370436,1.7381825570756206,5.684634311797199,1.9473709261038483,3.8100820151498542,1.557571843087996,4.501589587247671,1.7969435643369767
2025-12-18,10.569839805128291,2.137280882162261,9.622490142223647,2.2491812725814593,9.286620759767173,2.149111779746006,8.3123463966207,2.2891159524112394,5.072015812895717,1.7748395385940556,5.813828006721751,1.9916284863148699,3.8836042367090102,1.5876279263130995,4.598889170566348,1.8357835911027365
2025-12-19,11.012714220335594,2.2268325724690636,10.03483679750631,2.3455640551216796,9.643550786262445,2.23171260348259,8.638948734236036,2.3790581402673667,5.226595106957345,1.8289311370963675,5.981720379668875,2.0491429556472776,3.9854040433863305,1.6292439628923439,4.711969962867485,1.8809231574797536
2025-12-22,11.261100784345802,2.2770577286145155,10.286458539181572,2.404378655166523,9.852745753181313,2.280124547859243,8.860870414612037,2.4401725879209364,5.33221930190165,1.865891983500412,6.112623448300811,2.0939860917242257,4.057979866087902,1.6589131557022176,4.808096060393164,1.919294752438771
2025-12-23,11.1997980636322,2.264661974712726,10.252883609270707,2.396530779775891,9.799577880989077,2.267820427405935,8.833658376654938,2.432678733933987,5.314300040300367,1.859621534991259,6.092740711994651,2.0871749125893326,4.0467127045092255,1.6543071095444999,4.795534700418999,1.9142805114629076
2025-12-24,11.247701452366227,2.27434830854745,10.281507851252085,2.4032214708605055,9.835662469529652,2.2761711306709813,8.85293971382267,2.437988572382541,5.3280945140339995,1.8644486053908231,6.110140450297528,2.0931354973225536,4.0563433370671556,1.6582441382078499,4.809441478565486,1.9198318161757555
2025-12-26,11.16795601931575,2.2582233347880702,10.200296078002568,2.384238858583832,9.772283737766955,2.2615040108929594,8.784193894237072,2.4190568358106694,5.313836653552658,1.8594593830674815,6.0890016227718,2.0858940221673095,4.047458949120283,1.6546121763618593,4.794325227227727,1.9137977142142537
2025-12-29,11.047588009911449,2.2338842482865964,10.066044165846138,2.3528585316448094,9.699738807299392,2.2447156474331162,8.697072158896525,2.395064602492424,5.25339387862242,1.8383087733836991,6.017572963128787,2.061424885288848,4.009217826461365,1.6389791018860969,4.746405534329041,1.8946691414978
2025-12-30,10.942177858626906,2.212569724577639,9.96602462730888,2.3294797523844286,9.608599261166269,2.2236241140042967,8.61191280838644,2.371612785346201,5.218717664239923,1.8261746005803845,5.969334429224034,2.0448999316521563,3.9850684088953257,1.6291067546037348,4.709277587100626,1.8798484154995563
2025-12-31,10.814596911887229,2.1867721416982304,9.872442304835117,2.307605621671729,9.498842971492438,2.19822428976886,8.533947381565895,2.3501420845650087,5.154294965351497,1.8036313047019679,5.901539473340068,2.0216755835615587,3.937980074364474,1.609856915962065,4.658082155932511,1.8594122342844561
2026-01-02,11.284285824750375,2.281745873801429,10.234636183370974,2.392265587710233,9.861419547701146,2.2821318392583305,8.796885731674513,2.422552008672482,5.337357592389514,1.867690014392874,6.100972442149701,2.0899948357534686,4.0599368656593535,1.6597131824253457,4.801126355378233,1.9165125870882493
2026-01-05,11.48425758087461,2.3221812842916973,10.445706068162623,2.4416015106431295,10.011095850405882,2.3167699615218313,8.945964000090317,2.46360629420216,5.412136035282839,1.8938570734040332,6.1784936622912205,2.116551085809237,4.115397737974224,1.682385737180664,4.85748282012081,1.9390089485768314
2026-01-06,12.103520398666184,2.4473996987522177,10.896053682685013,2.5468667180649383,10.516567549048489,2.433746331073536,9.327269550067562,2.5686130607092323,5.566905721409117,1.9480152953903078,6.342846419210524,2.172852997752009,4.221639231122441,1.7258175472144917,4.969798245198274,1.9838429958299304
2026-01-07,11.867098683140558,2.3995939020668455,10.678721126813565,2.4960669450993755,10.317280509500808,2.387627281386685,9.13933226103256,2.5168574882323873,5.475452057938317,1.916013112458512,6.240474493479191,2.1377837037774188,4.151763743251455,1.697252258594161,4.886974462503809,1.9507814160474295
2026-01-08,11.600608855793027,2.3457081645550755,10.449650601934335,2.442523514340432,10.122696782028436,2.3425966731950094,8.97094526334574,2.4704858208124354,5.399445323600104,1.889416240074973,6.1437724388894,2.1046567233467055,4.105454937439006,1.678321093403046,4.822419086044202,1.9250122147410604
2026-01-09,12.052097028574085,2.4370016049475347,10.919972561056282,2.5524575674707233,10.470161401736895,2.4230070104508985,9.34927132330912,2.574672073135503,5.572062270399707,1.9498197154411934,6.341908769955515,2.172531789597195,4.220798270335974,1.7254737601681933,4.962495670628091,1.9809279556818555
2026-01-12,12.38345783396141,2.5040046180025315,11.209794898722688,2.6202012559152212,10.742364875213907,2.4860003970088616,9.596423256251603,2.6427346159330374,5.692244876598142,1.991874955251357,6.454731909389763,2.211181329651172,4.305714666022777,1.7601878126249044,5.042453652841388,2.0128455658439592
2026-01-13,12.5940823940387,2.5465940851909195,11.36044626491058,2.655414826052516,10.910939554831762,2.525011985734782,9.70304994930165,2.672098269992612,5.77776631577526,2.0218012877488016,6.535253705500128,2.238765479494825,4.372468133976321,1.7874768110505264,5.103856683658574,2.037356414494022
2026-01-14,12.697511600321544,2.5675080507117856,11.348127143461577,2.6525353284538458,11.008806393267253,2.547660350599581,9.701749875722,2.671740246033011,5.761095998521885,2.0159678796377767,6.503594192901802,2.2279199596272314,4.36323353282383,1.7837016810979232,5.085260675645038,2.0299332640102583
2026-01-15,12.780503932983798,2.5842895657806353,11.43734501479858,2.6733893030929314,11.057129458161711,2.558843284702805,9.750282597316293,2.6851055489107396,5.849864111844044,2.047030313806454,6.615047390868734,2.2661002022668817,4.426335503955417,1.8094979377367841,5.172837676483261,2.0648922323902257
2026-01-16,12.851627816366232,2.5986712138491956,11.527467036043586,2.694454615650852,11.07237101050757,2.562370488034938,9.801343022835702,2.699166949749485,5.885173307646682,2.0593859844309703,6.641944899908919,2.2753144145128252,4.437769896412751,1.8141723483304517,5.172935605882933,2.0649313238269484
2026-01-20,12.816363794872005,2.591540630949425,11.491341072180372,2.6860104561688316,11.021574654568797,2.5506151843846427,9.760747233097156,2.6879873783676893,5.863092791433385,2.0516593970831383,6.576231336698508,2.2528030838928284,4.416466818018144,1.8054635922074604,5.119070216352039,2.0434293492061957
2026-01-21,12.90199278102986,2.6088552921409143,11.568027288441618,2.703935255148161,11.097904443826314,2.568279440682213,9.825205502871459,2.705738377491735,5.975034598329926,2.0908309517925097,6.691371042790921,2.2922462043797864,4.501026561214838,1.8400318441606247,5.214832245423714,2.081655615397958
2026-01-22,13.091641727748241,2.647203372681051,11.816954333337474,2.7621199910474505,11.244836476795657,2.6022824834514915,10.0443595647135,2.7660906577097837,6.02567432732244,2.10855120278445,6.738645539528341,2.3084409102206864,4.528811958905728,1.8513905899619623,5.239418551657541,2.0914699718383694
2026-01-23,12.950253617736626,2.6186139039602243,11.69020970141674,2.732494431727266,11.136033205576778,2.577103206952508,9.946308565224255,2.7390886421089964,5.9155334491465625,2.070009843172557,6.685938078031021,2.290385047261197,4.449855400958531,1.8191129353086766,5.196272440586128,2.074246916490193
2026-01-26,12.814341034901302,2.5911316175401127,11.595834666022292,2.710435010613703,11.042220745100375,2.555393107109704,9.889364940529422,2.7234070819985985,5.914326890371622,2.069587634666432,6.653089895200054,2.2791323276117343,4.4553707795238715,1.821367636998348,5.172392401247128,2.0647144875171266
2026-01-27,13.158611420972413,2.6607450202037364,11.878299459351393,2.7764589310261174,11.297311787134184,2.6144263310911997,10.104731584079454,2.7827163547170763,6.0282083031910085,2.10943791148712,6.756017625710626,2.3143920222362717,4.530469396036556,1.8520681547483369,5.240721783164509,2.091990195511341
2026-01-28,13.487809498830355,2.7273107176241433,12.227658605781155,2.858118879536419,11.522703941062737,2.6665866319800586,10.364841596655728,2.8543473901383507,6.098797189048623,2.134138927853604,6.846052191735602,2.3452349378232187,4.55320067656271,1.8613607637693734,5.284457785919726,2.109448723695129
2026-01-29,13.226057073092575,2.6743829092842737,11.959303762867506,2.795393048886886,11.327006453940417,2.6212982772899056,10.143383919708821,2.7933607232100828,6.07694896079231,2.126493624528851,6.774376106201052,2.320681040877332,4.548626288677838,1.8594907416174857,5.239941559722926,2.091678746085549
2026-01-30,12.74444890242274,2.576999036411729,11.4516531228733,2.67673371064774,10.990191411056182,2.5433524674002475,9.756734996165843,2.6868824586343085,5.843020942252034,2.0446356982513674,6.547542667889181,2.242975278534802,4.402665846637012,1.7998217177425426,5.091657895333222,2.0324869047910394
2026-02-02,12.935634637693461,2.615657864215155,11.630339841760918,2.7185003236388527,11.141073508768024,2.578269635004433,9.89703389796391,2.725519016699585,5.982458054831851,2.0934286258926464,6.649704746529483,2.277972685717458,4.504961421371145,1.841640425645639,5.163418429408857,2.0611322593666523
2026-02-03,13.359126057176736,2.701290204090563,12.037943067134648,2.813774366802751,11.461596777049838,2.652445198900769,10.226441267902269,2.8162336752795354,6.090625449030658,2.13127940851888,6.785505852458994,2.3244937301531663,4.5738865067335,1.8698171871473508,5.261082004006752,2.1001175840930517
2026-02-04,12.732718500810032,2.574627083423874,11.36601489716674,2.656716449977231,10.968233397071831,2.5382709390667073,9.652103609445726,2.6580682869148404,5.799962726049372,2.0295684296550203,6.450342861876985,2.209677784647067,4.365358552336553,1.7845703948279352,5.005356904411789,1.9980372937755253
2026-02-05,12.37390531835307,2.502073045777913,10.974919654574462,2.565301017752015,10.695442842599007,2.4751416900980345,9.328139089124653,2.568852520860659,5.735982980722079,2.0071801355595356,6.3680316808386275,2.1814806496942127,4.3417273283645805,1.7749098864897683,4.969644336610599,1.9837815586329677
2026-02-06,13.185695012162558,2.6662214742217922,11.75718355636907,2.7481490427567294,11.330287135106895,2.622057493233236,9.947438748854239,2.7393998805070496,6.134361742783394,2.1465839553277757,6.79863191496282,2.3289902924810413,4.629430557932668,1.8925237456557666,5.287791778866304,2.1107795862832845
2026-02-09,13.463942260441396,2.722484628179156,12.060966499836693,2.8191559128369477,11.515714199293615,2.6649690644318627,10.180375878202673,2.803547844662773,6.280884952646563,2.1978565056864854,6.931650693104845,2.3745582018612565,4.734532523146073,1.9354897135847202,5.376437507713812,2.1461651692803976
2026-02-10,13.149775773143508,2.6589584026641715,11.754320493859025,2.7474798244478875,11.297330666383887,2.6144307001312392,9.954988754549781,2.741479057390906,6.175287778446698,2.160905114593183,6.819892653231921,2.3362735302940405,4.6724329199741055,1.9101032276815313,5.302197466351735,2.116530045518868
2026-02-11,13.108218492867778,2.6505552875474336,11.584401385935896,2.7077625714556044,11.300448791509128,2.6151522973204346,9.857025665343325,2.7145012511795152,6.179361527160927,2.162330632682054,6.842092516627744,2.3438784818475256,4.682532470103962,1.9142319511178179,5.327861571353633,2.126774637439969
2026-02-12,12.94401376617282,2.617352170982173,11.40434513014402,2.665675840001221,11.172701727097555,2.5855890441138114,9.714263608055123,2.6751863709827126,6.067812661160154,2.123296578931643,6.6718942387748585,2.28557408445193,4.615635637189867,1.8868843447081807,5.2067552267735495,2.078431432828414
2026-02-13,13.167459450138438,2.6625341413191004,11.615798597818653,2.71510142241146,11.363920941887095,2.629841036054557,9.878513796599993,2.7204188130447355,6.175368295333296,2.1609332896934075,6.778013395844001,2.3219270580724554,4.688632651148687,1.9167257216443376,5.283493598036918,2.1090638393832113
2026-02-17,13.08917143269057,2.6467038651674666,11.55507462296709,2.7009076716240696,11.320148042409146,2.619711102213686,9.850420240063112,2.712682199896048,6.151426525155752,2.1525553977659024,6.746267278707169,2.311051870305203,4.673785131782123,1.9106560155295849,5.265821029234113,2.1020093071651997
2026-02-18,13.322747154986661,2.6939341860620627,11.758212693210943,2.7483895953868136,11.469916584358627,2.6543705705031058,9.974989347287657,2.7469869698032863,6.2010195503980965,2.169909377975273,6.822291859887609,2.337095420503809,4.703152457427424,1.922661457761546,5.316985595386609,2.122433167689997
2026-02-19,13.524618317499865,2.7347536671756756,11.925671932675067,2.7875318735036503,11.625099023070836,2.690282923949364,10.09662154664245,2.780482952114985,6.279023452839876,2.1972051150797016,6.87976818997092,2.356784942820332,4.75679930975554,1.94459243623506,5.357135861834652,2.1384603424250304
2026-02-20,13.635021745581268,2.757077859454263,12.059062527905485,2.818710874395973,11.694374819246523,2.7063147436460895,10.192289509340654,2.806828709269207,6.343195703112188,2.219660772014812,6.960915399752915,2.384583339057704,4.799359784347751,1.961991273475229,5.414711967841845,2.1614435600515978
2026-02-23,13.524492871890994,2.7347283013700867,11.911374218711803,2.7841898954905173,11.592444467441565,2.6827259996406565,10.058838608218071,2.7700780047091142,6.298928374892899,2.204170401461994,6.921893818543712,2.3712158138011192,4.766158062165149,1.9484183195576965,5.3851313114549315,2.149635559990041
2026-02-24,13.663374825486498,2.762811011209549,12.035480096104207,2.813198666725671,11.71516566359565,2.711126165330838,10.165350949633332,2.7994101677625545,6.430368803473294,2.250165066743025,7.074822021173492,2.423604044819694,4.865116890737572,1.9888729565960839,5.498963926253401,2.1950752387100243
2026-02-25,13.822702160738725,2.7950278918736466,12.237700244580871,2.8604660335059755,11.82242916564142,2.7359491081155882,10.314953003148988,2.840608697139937,6.477833196243701,2.2667741791890257,7.1225523701084885,2.4399549108051994,4.893582191191245,2.0005096484875944,5.525701044465981,2.205748155814045
2026-02-26,13.88684555457311,2.80799804581039,12.350784531877034,2.886898594875269,11.903563274549205,2.7547251811031193,10.427051419345556,2.871479195133129,6.445998136355635,2.2556342054414684,7.086003951448273,2.427434610643363,4.884624592600413,1.996847757932144,5.514081985980583,2.2011100625440285
2026-02-27,13.708990707284025,2.7720347983138267,12.181818308621741,2.84740407116804,11.673672723942405,2.701523860284484,10.201279868556135,2.809304541448968,6.335025103922744,2.2168016518877502,6.944495706111781,2.3789584857675083,4.805830824461117,1.9646366521930625,5.40628400741941,2.158079288620795
2026-03-02,13.941174121840067,2.8189835867755986,12.437600280900883,2.907191092345623,11.798378103501221,2.730383206126262,10.349332140409874,2.8500762803924866,6.377059437786095,2.2315106355485392,7.027803916623261,2.407497170607642,4.823330024819566,1.9717903726763741,5.4554620399499685,2.1777101650811637
2026-03-03,13.166795565425124,2.6623999001071352,11.820633407133064,2.762979945566414,11.210493824323963,2.5943348994073165,9.88735879699899,2.7228546152293815,6.136782154999925,2.147430924946972,6.7520583429472465,2.313035700665043,4.65903202146227,1.9046249040887289,5.264772597244024,2.101590794308638
2026-03-04,13.353751544183911,2.7002034474242116,12.04180128420693,2.8146761946514958,11.38165360677136,2.633944733187767,10.085161176073592,2.7773269097849416,6.268837473922512,2.193640757477373,6.893969531843969,2.3616498609062395,4.760042235102004,1.945918152896488,5.375986075838982,2.145984966801586
2026-03-05,12.865248776754731,2.601425448423396,11.59151406914296,2.7094251051273135,11.01243557211412,2.5485002159512913,9.751736658990147,2.6855059792603173,6.06730947454901,2.123120499927614,6.675842739980646,2.286926712612,4.624256016842767,1.8904083792488278,5.222471596364131,2.084705089865152
2026-03-06,12.370862222317179,2.5014577146943773,11.140054050702506,2.603899882052271,10.70449655990302,2.477236903309803,9.457982566068019,2.6046097860425372,5.873171874713631,2.0551863489260502,6.45518454843627,2.2113363890746665,4.50062815185926,1.8398689733374238,5.076785212322088,2.026550030381833
2026-03-09,12.867148107925065,2.60180950383711,11.625464360910003,2.717360718395031,11.025926635604517,2.551622320774837,9.781725389033863,2.6937644994253964,6.072487314884283,2.1249323704127594,6.679403747351891,2.2881465979805293,4.6267181914866455,1.891414922909258,5.220244141813183,2.0838159350360392
2026-03-10,13.016420680932475,2.6319932551901926,11.800536318263637,2.758282409351731,11.131615979383989,2.5760809715139876,9.915233485838565,2.7305309549590535,6.14966804669491,2.151940057196156,6.775470939054088,2.321056095023297,4.674844956833284,1.9110892748798367,5.283303218105504,2.10898784356309
2026-03-11,12.991883176918574,2.627031634277126,11.787558729911327,2.755249000301281,11.09812062527184,2.5683294694389756,9.895760232652236,2.725168265245799,6.166077161442323,2.1576820632784295,6.800914078882799,2.3297720876542387,4.682384765247397,1.9141715689725631,5.298837690816166,2.1151888910423784
2026-03-12,12.603573823783613,2.5485133055113987,11.420110494913112,2.6693608698292546,10.764309432215141,2.4910788111244644,9.576887980906825,2.637354846095165,5.9928218192689275,2.0970551955978998,6.622780668035077,2.2687493716401823,4.5574062857284865,1.8630800281824762,5.169123216023564,2.0634094948619204
2026-03-13,12.565121671548907,2.5407380646974995,11.402441466923454,2.6652308737189268,10.738691349969162,2.485150269004186,9.569239921314553,2.6352486663978443,5.9617876823405656,2.0861954870917576,6.5946579250332835,2.2591154340673927,4.526131624188081,1.850294861872737,5.14059632652764,2.0520221372415213
2026-03-16,12.981078039289448,2.6248467748554507,11.81549428379183,2.7617787159672407,11.07412366522424,2.562776087767592,9.895746023467337,2.7251643522144757,6.135184522200895,2.1468718687522617,6.767547243552623,2.3183416945182653,4.65101054481044,1.9013457027163696,5.259198528491674,2.0993657387415796
2026-03-17,13.240438379945603,2.677290890177477,12.104225542680023,2.8292673733419655,11.267609399002776,2.607552598021755,10.104037732627583,2.782525276728829,6.226526606425534,2.178835006999444,6.917096167403437,2.3695722944766153,4.710594940999714,1.9257039651954417,5.361642595822975,2.140259339530282
2026-03-18,13.099007153889053,2.6486927031505774,11.973171438639922,2.798634508860399,11.130012588794663,2.5757099145178857,9.982764569443528,2.749128168475875,6.176797093642242,2.1614332659996625,6.869949370665371,2.35342133450438,4.673031860559407,1.9103480762143565,5.321726122466989,2.124325490271509
2026-03-19,13.412075581678211,2.7119968948751967,12.211059243625835,2.854238909388908,11.360169239411206,2.6289728162581847,10.15333646998364,2.796101530740736,6.30691509216857,2.20696517618813,6.9706508925780595,2.387918402430141,4.770633883167719,1.9502480473012431,5.402240789622841,2.156465317809384
2026-03-20,12.694428141569556,2.5668845580607123,11.439612490931665,2.673919307777704,10.799555456174941,2.4992354535933146,9.56492014307109,2.6340590536439747,6.006037845461813,2.101679851098893,6.684713253123653,2.2899654620630345,4.562656484583361,1.8652263236885702,5.203603503956764,2.0771733287915106
2026-03-23,12.993212478609783,2.6230967458510976,11.717168350476054,2.7344137303007963,11.031157729034183,2.548748368902429,9.775381326014049,2.6877101961522474,6.150820072105711,2.148899433867218,6.789965227516082,2.322299732900488,4.664404710200611,1.903770359752744,5.279851700588959,2.1042378914342748
2026-03-24,13.285345849624417,2.6230967458510976,11.970485849189286,2.7344137303007963,11.227496026909101,2.548748368902429,9.945826834903313,2.6877101961522474,6.356387594929242,2.148899433867218,6.944234445480821,2.322299732900488,4.806936992273534,1.903770359752744,5.384175951409566,2.1042378914342748
2026-03-25,13.454292765752635,2.6230967458510976,12.140518679150588,2.7344137303007963,11.450515997963702,2.548748368902429,10.154323765018232,2.6877101961522474,6.4355580394342216,2.148899433867218,7.0388519614721154,2.322299732900488,4.874602387885159,1.903770359752744,5.466026458576589,2.1042378914342748
2026-03-26,12.550963832138638,2.6230967458510976,11.30030996432632,2.7344137303007963,10.759977693826016,2.548748368902429,9.529144568640449,2.6877101961522474,6.030887358377803,2.148899433867218,6.663619539125302,2.322299732900488,4.594141406681703,1.903770359752744,5.214747949799303,2.1042378914342748
2026-03-27,12.782871086173428,2.6230967458510976,11.259780072339565,2.7344137303007963,10.904659886246563,2.548748368902429,9.470128001942149,2.6877101961522474,6.063891905454415,2.148899433867218,6.677590787137445,2.322299732900488,4.607712012453922,1.903770359752744,5.208893437051569,2.1042378914342748
2026-03-30,12.031408723036677,2.6230967458510976,10.604511926297368,2.7344137303007963,10.333867031145616,2.548748368902429,8.985153269922401,2.6877101961522474,5.75047566732895,2.148899433867218,6.348238744045049,2.322299732900488,4.39178554307405,1.903770359752744,4.992504839991129,2.1042378914342748
2026-03-31,12.888110870444452,2.6230967458510976,11.397097179392476,2.7344137303007963,11.057778266434259,2.548748368902429,9.640454572258582,2.6877101961522474,6.140790002053345,2.148899433867218,6.739725520870405,2.322299732900488,4.676786528781443,1.903770359752744,5.273742822204339,2.1042378914342748
2026-04-01,13.388442401561123,2.6230967458510976,11.775197022015476,2.7344137303007963,11.43211174049741,2.548748368902429,9.923012463334262,2.6877101961522474,6.340024060634005,2.148899433867218,6.900286340538617,2.322299732900488,4.81926953815699,1.903770359752744,5.382302387457069,2.1042378914342748
2026-04-02,13.633293396905351,2.6230967458510976,11.988231378514639,2.7344137303007963,11.581956435910767,2.548748368902429,10.053813745399252,2.6877101961522474,6.400035758827205,2.148899433867218,6.9374226177778855,2.322299732900488,4.853250422580818,1.903770359752744,5.398471768794241,2.1042378914342748
2026-04-06,13.578984932965668,2.6230967458510976,11.972347684606827,2.7344137303007963,11.552563630464538,2.548748368902429,10.045175015607212,2.6877101961522474,6.392670979892665,2.148899433867218,6.931870683315149,2.322299732900488,4.849072006895969,1.903770359752744,5.401381980061272,2.1042378914342748
2026-04-07,13.766658509806048,2.6230967458510976,12.08708734050051,2.7344137303007963,11.6831080713314,2.548748368902429,10.115368415047387,2.6877101961522474,6.454604290456794,2.148899433867218,6.971312556565046,2.322299732900488,4.8854428155329765,1.903770359752744,5.419390003406846,2.1042378914342748
2026-04-08,14.627927001254523,2.6230967458510976,12.883349824916927,2.7344137303007963,12.378407425224678,2.548748368902429,10.744819766688027,2.6877101961522474,6.839922036895991,2.148899433867218,7.349379625662536,2.322299732900488,5.156284697996074,1.903770359752744,5.681252813974535,2.1042378914342748
2026-04-09,14.74950491180265,2.618899791057736,12.902545492907924,2.730038668332315,12.509724264107351,2.544670371512185,10.79258115904906,2.6834098598384037,6.91920622294049,2.14546119477303,7.389437243554165,2.318584053327847,5.220794153540537,1.9007243271771397,5.719053354146279,2.10087111080798
2026-04-10,15.014976965329964,2.667203946028379,13.16460901311804,2.7860614839885502,12.65560850664679,2.5738729428322134,10.939486856694591,2.7192269678160668,7.013086100433676,2.174762684326986,7.5050258003118815,2.3542745917223615,5.272929764276192,1.9192607774966022,5.780141101353737,2.1222110416202686
2026-04-13,15.019402225327035,2.671471036748637,13.214894831304285,2.8019163157518965,12.67988321487677,2.5819460501909597,10.997292822820988,2.73787640822611,7.073115049871206,2.1943700934869215,7.5845223974971825,2.380868633446039,5.322314623237973,1.9378716046534306,5.839926704087639,2.1449595820730343
2026-04-14,15.268736899027077,2.7114743850046716,13.498494883597637,2.857467947312815,12.909034926304466,2.624401383281097,11.263441136510961,2.7996498414214357,7.126051674638729,2.207255934323696,7.694330584810472,2.411474141895029,5.362269533447703,1.94929544305484,5.9195026466972855,2.170708506322509
2026-04-15,15.170365135619598,2.7071360259886643,13.437644652206416,2.8528959985971145,12.858572670510519,2.620202341067847,11.23457886836819,2.7951704016751613,7.089148673447868,2.2037243248287783,7.667298075322979,2.407615783267997,5.336455021982254,1.9461765703459522,5.900292694247579,2.167235372712393
2026-04-16,15.309926596973963,2.7289136305669315,13.531992913558618,2.869593339373706,12.928984759629163,2.631725282431211,11.245503081479148,2.794722602434468,7.1549544422247635,2.221063718682396,7.7355238627013865,2.4257591874839033,5.375238610422758,1.9575909844337702,5.93972630829361,2.178760082744532
2026-04-17,15.748643857240156,2.7245473687580244,13.92823314363038,2.865001990030708,13.279714763660662,2.6275145219793212,11.563919603337508,2.7902510462705727,7.23968572484757,2.217510016732504,7.880250361855657,2.4218779727839292,5.437405671397869,1.954458838858676,6.045552943983765,2.175274066612141
2026-04-20,15.782350470626342,2.7293314080907036,13.902852748345971,2.8590249622108934,13.307073598337732,2.6321117276423633,11.541799041309577,2.784403624984639,7.233207152162236,2.215629681332138,7.911366550862867,2.430348031779612,5.43598417265078,1.9540834294459986,6.067822132414347,2.182415695585628
2026-04-21,15.67717794958356,2.709015870807136,13.789852918479985,2.833394528559842,13.222552754185322,2.613780027217325,11.457507300297056,2.762306960938791,7.226485241385508,2.2143492180297737,7.874254504483006,2.4191918034790816,5.4282195856211075,1.952158379402554,6.035864757811799,2.171349544820683
2026-04-22,16.05756608610875,2.773637791784241,14.242966651574456,2.925637468258257,13.52752030532559,2.6730325138136544,11.808538302984218,2.8461503359845275,7.3860882003220185,2.26282316407241,8.080187658879446,2.482697589708102,5.53054925122099,1.988718513497749,6.179220027831639,2.223120067401636
2026-04-23,16.111577005834008,2.78302159756469,14.297802815050382,2.937930214051663,13.589787326845428,2.685323273266804,11.86634169439556,2.8610215907071144,7.429941352283424,2.2763213541395944,8.092936642081165,2.4882160624572807,5.557061962249945,1.9982967142824777,6.181020092578124,2.224756840034225
2026-04-24,16.4123519956914,2.8351506532115867,14.465153201688405,2.9725584443958115,13.806280094302217,2.7282974333677963,11.976809073036744,2.887839963983528,7.503842397929295,2.2983186349610687,8.201493397125885,2.5206864860583327,5.6006860876427496,2.0135710243711946,6.250368012913398,2.249145571962869
2026-04-27,16.249062657365425,2.8080479958594613,14.471865050128121,2.974773010615279,13.704118190440747,2.7091355927891967,12.021562793522795,2.899469023099945,7.476247513064553,2.291314369056216,8.198235641172646,2.5201873509383543,5.586662930401577,2.0095246058756278,6.250913828490806,2.2495681022758194
2026-04-28,15.545675565260934,2.6867348756377187,13.885834769738766,2.8547089348365655,13.132094883286111,2.5962096663348984,11.585640260052202,2.7947772440221668,7.241608543045904,2.220683184615947,7.913121483349903,2.432164536260941,5.436425973806138,1.956476309230127,6.0630384323382644,2.181875377443501
2026-04-29,15.648581134129588,2.702493013378424,13.921243379497183,2.8601648403454054,13.187298165035006,2.6052353930432317,11.590896822107972,2.794385810266675,7.238655057066824,2.219741986588478,7.85751597173158,2.416491280266079,5.428621687919124,1.9537924597385739,6.015462415506989,2.1661260534378757
2026-04-30,16.515000806939454,2.8519507923514578,14.829209560997723,3.0476112706238903,13.902284033979011,2.7463786056535175,12.342166917593797,2.9764648830592955,7.617761398845521,2.333797347134161,8.223004561129175,2.527909687145226,5.685501456479919,2.044400336112618,6.269950323145477,2.2567068939296373
2026-05-01,16.746439494235865,2.89153752775766,15.055397499309594,3.0942941452527113,14.096554799019302,2.7843112589894305,12.539147390436565,3.024084107968784,7.655046172255542,2.3443244668321115,8.285348864467043,2.5466026306115794,5.7044036401235845,2.0504464607291126,6.30479893583859,2.2687732418467976
2026-05-04,16.699874515780483,2.8847466129844928,15.036404730107503,3.0913837284241974,14.069230496232327,2.7798185749043482,12.552836267380771,3.0280700358802135,7.663596101023268,2.3482648344002124,8.262919626193407,2.539635007302606,5.7160947957685035,2.0556070604838306,6.293011535441598,2.264488643389082
2026-05-05,17.081748926024307,2.948837160889072,15.787083227262976,3.248277960703802,14.353621868698262,2.834388937693538,13.17965896748849,3.1821482135391563,7.897806527148991,2.4182234915038636,8.531445943203241,2.6228118866375114,5.875222033548289,2.111620224465645,6.477911819296763,2.331477184417043
2026-05-06,17.74941446902598,3.0634904755104615,16.50529827300594,3.3961013071718638,14.937001582556181,2.948977692605529,13.770975081759255,3.324836023543593,8.129303521276809,2.4864673536229147,8.79174197559114,2.7013972546426035,6.035830773155686,2.1669693019462883,6.663420358794493,2.3969207846897906
2026-05-07,17.017655212711407,2.937742001610742,15.627954540020285,3.2147110955146467,14.345269088032213,2.832513234727766,13.055514712534707,3.150896402622579,7.809873743677943,2.3891813319403647,8.441139053747827,2.593583916112152,5.8213180945374186,2.090257759782137,6.418262321055812,2.3088212480223773
2026-05-08,17.376044810469583,2.998876639598469,15.990469952474518,3.289624358647302,14.610063808956161,2.884207821756814,13.31379802686355,3.213599364811933,7.951734750933852,2.4324897963010215,8.619658766691556,2.6481603550745545,5.910186178646125,2.122166544155398,6.532739807607384,2.3497182561089818
2026-05-11,18.517087906793808,3.1916796500362143,16.945922796061257,3.481970311801033,15.488052499221412,3.0539630479672804,13.989088635856504,3.3728718122983046,8.296129626683486,2.535124963574542,8.949796692601964,2.748202949654515,6.120534316374416,2.195811818035339,6.7336565077964705,2.421037810851751
2026-05-12,18.119011993401156,3.125774237050502,16.62395421961009,3.417379541454652,15.194733058383768,2.9983821464601657,13.766888512676008,3.320473448493206,8.163307584167693,2.495976243216215,8.78023244303201,2.697856462769387,6.038882289435074,2.1674669021634405,6.62659752505706,2.3838075756681887
2026-05-13,18.40069556936613,3.17436845758925,16.840925347416842,3.461982208392852,15.384031128521267,3.0357364028119402,13.90288306102962,3.3532743451179003,8.256260329330368,2.5243970568724006,8.880809449458509,2.7287602376471285,6.091382872855451,2.18631033567547,6.6830132957410715,2.4041022051571805
2026-05-14,18.213127827496294,3.1420104893152634,16.719944573339166,3.437112239624849,15.259154740722972,3.011094500236215,13.83928809838719,3.3379357023506793,8.256198246819626,2.524378074802901,8.906190948233036,2.7365590790727876,6.096307444602495,2.188077855848485,6.6956541160730785,2.4086495287506464
2026-05-15,17.520120647204646,3.022457392764768,16.083868277764598,3.306354292954339,14.69910903350472,2.900580479142679,13.338059178882803,3.2170429300079073,8.001906074494322,2.446626842913661,8.669578563701856,2.66385641944271,5.927058668710791,2.1273313298533134,6.519886368558697,2.3454200227336344
2026-05-18,16.719375061136457,2.8843179663834952,15.448062971920935,3.175652053533145,14.080911187278543,2.778591275516494,12.867699121958516,3.1035955029577953,7.695453265909165,2.352927209277544,8.294628850950538,2.548647566792977,5.741592206497063,2.06076397532599,6.292829371123613,2.263740067289297
2026-05-19,16.709002253841746,2.8825285170570356,15.381295882720469,3.161926770025867,14.06182283098679,2.7748245632951907,12.80283808926058,3.08795149329526,7.643355640543847,2.336998073458627,8.229092891060839,2.5285106724590998,5.699969657858267,2.045824870333646,6.24321789019544,2.245893167182644
2026-05-20,17.217193313969602,2.970198337234072,15.823883170544617,3.2529092596752887,14.493994745644923,2.860105202851901,13.164816108446752,3.175257960587354,7.851798510493015,2.400730628687829,8.450539040971126,2.596553281873727,5.861335828033881,2.103742182879449,6.404975653042053,2.304082815646855
2026-05-21,17.629262829703624,3.04128589303592,16.097395225791047,3.3091350221859774,14.741235954470659,2.9088933996279724,13.29164856817341,3.2058490280272967,7.931425935796508,2.4250771524242922,8.600433391607348,2.6426105412026044,5.88350140568123,2.111697819968452,6.4790675342948605,2.33073613013564
2026-05-22,17.758048549054873,3.063503168668542,16.08694964114439,3.3069877275773396,14.845274730840458,2.9294234088363043,13.267783725568671,3.2000930014459428,8.013105047267771,2.4500509905036862,8.680421023880678,2.667187925921103,5.928965003975164,2.1280155489508097,6.531093242749756,2.3494515081973586
2026-05-26,18.811642823713772,3.2452624081476076,17.017740088936993,3.4983299432528154,15.67461280400429,3.0930769894816104,13.964639566902436,3.3681695654745982,8.305901238751527,2.5395750382640583,9.085492719099866,2.7916522038229155,6.112105314575017,2.193748004503316,6.787135412448956,2.4415583943499493
2026-05-27,18.759526130732063,3.2362715748559365,16.97243744283768,3.489017096627496,15.62542013984272,3.0833697833469507,13.91615122997859,3.3564745310324304,8.25301782089256,2.5234056420634228,9.068511245796559,2.786434394636663,6.0749636872950346,2.180417185327939,6.768890234614211,2.4349949969235283
2026-05-28,18.714470485182474,3.2284988675944204,16.980311920516044,3.490635849817151,15.635045276105481,3.085269114951964,13.953289785207547,3.365432080622494,8.239380804858426,2.519236049321925,9.061658084372961,2.7843286592866,6.071948885792903,2.179335117130667,6.767420818347277,2.434466399009488
2026-05-29,18.51021811529478,3.1932625756882187,16.85566019568055,3.465011245187444,15.475966869503814,3.0538781156886623,13.858147006306748,3.3424843338701984,8.19821514517091,2.5066494222033238,8.992372313247095,2.7630395799116902,6.046807327338768,2.170311345312249,6.7169260834364115,2.4163017630621972
2026-06-01,18.470238089540278,3.1863654813794597,16.901201991523802,3.474373253728844,15.428108334899074,3.0444341738199103,13.874078721997115,3.3463269478995135,8.15098293115209,2.4922079126938543,8.916375459655468,2.739688421050852,6.012880343016865,2.158134321140642,6.6660845244988085,2.398012362974752
2026-06-02,19.258766520331143,3.3223972835023114,17.377395692371667,3.57226420010353,15.992283089043895,3.155762981230451,14.154812110376673,3.4140378007448406,8.491867914985933,2.596435373505031,9.332492501741665,2.867546545370971,6.22248704284401,2.233366054857635,6.932435690752495,2.493827738135648
2026-06-03,19.28581453636849,3.327063431508819,17.37623684740685,3.5720259768130798,16.012249098046006,3.1597028809771572,14.169387265753345,3.4175532222862697,8.52305821791073,2.605971980366446,9.312807328304343,2.8614979842738504,6.2405203720268325,2.2398385513008874,6.916103299925769,2.487952433828376
2026-06-04,18.970410130736372,3.2726519125067792,17.188443905090097,3.533421457658076,15.806451203322728,3.1190927082978224,14.099571525630214,3.4007141732046784,8.447313241467606,2.5828125367468435,9.23328769339018,2.8370643986754986,6.1904264326503275,2.2218589069902985,6.860434098645738,2.4679263701899945
2026-06-05,17.243286778844574,2.9746998122753867,15.74337316844928,3.236358851125768,14.435339003024136,2.8485306440369644,13.02344387699013,3.141160005884392,7.831143559825749,2.3944152637896243,8.480328878138222,2.6057066505627167,5.781197978599837,2.074979221799261,6.368717512643037,2.2910395563518713
2026-06-08,17.796293830134324,3.0701009960959107,16.125447868197874,3.3149017925330555,14.863168765414379,2.9329544451229212,13.287685509889078,3.204893167173493,8.003791665188508,2.447203372650976,8.665735207498148,2.6626754913248982,5.896282064976013,2.1162850357281866,6.493035872093115,2.3357610059240153
2026-06-09,17.280029871593058,2.98103849193102,15.767887040225881,3.2413981578264783,14.461955754633797,2.853782937217537,13.043486516866002,3.1459941449481508,7.905366930129305,2.417109467953684,8.50855908640573,2.6143808001725346,5.841612503624609,2.096663115792394,6.405143188042439,2.3041430835598535
2026-06-10,16.852681358758257,2.9026633986464447,15.40629069198981,3.161997638943769,14.088102556226197,2.775562334379244,12.735759929124754,3.0668578922434993,7.740836346026622,2.3630164505773816,8.308027084748776,2.548679949573569,5.718460138038541,2.049177508437292,6.262745102344049,2.2493130865929776
2026-06-11,18.232726178208253,2.9026633986464447,16.589633831216833,3.161997638943769,15.231713991274836,2.775562334379244,13.670686740930655,3.0668578922434993,8.277971384448765,2.3630164505773816,8.914949331082825,2.548679949573569,6.0879737114177574,2.049177508437292,6.657304199338021,2.2493130865929776
2026-06-12,18.683500169892188,2.9026633986464447,16.9559311353073,3.161997638943769,15.563448870103073,2.775562334379244,13.929824289512993,3.0668578922434993,8.494230574295454,2.3630164505773816,9.125302766550858,2.548679949573569,6.2263460085924285,2.049177508437292,6.793394623087491,2.2493130865929776
2026-06-15,19.69991815042204,2.9026633986464447,17.87831472776793,3.161997638943769,16.427894449132115,2.775562334379244,14.674250329504893,3.0668578922434993,8.811744615581341,2.3630164505773816,9.462460012542403,2.548679949573569,6.4214549166415935,2.049177508437292,7.0087819581021895,2.2493130865929776
2026-06-16,18.91705409190598,2.9026633986464447,17.267946370172456,3.161997638943769,15.840231102122662,2.775562334379244,14.26358770382668,3.0668578922434993,8.476886587630084,2.3630164505773816,9.152219184678446,2.548679949573569,6.214734393998384,2.049177508437292,6.82135539907155,2.2493130865929776
2026-06-17,19.041914610093805,2.9026633986464447,17.361971703539346,3.161997638943769,15.967604283543512,2.775562334379244,14.340137818891684,3.0668578922434993,8.503453426536298,2.3630164505773816,9.21477837510324,2.548679949573569,6.225182038635009,2.049177508437292,6.860640109863285,2.2493130865929776
2026-06-18,19.646525381697042,2.9026633986464447,17.8563910797969,3.161997638943769,16.426439563199324,2.775562334379244,14.699391958360994,3.0668578922434993,8.81220175453517,2.3630164505773816,9.540402147967825,2.548679949573569,6.417797882945255,2.049177508437292,7.064652787070053,2.2493130865929776
2026-06-22,20.489801420281797,2.9026633986464447,18.523223411804132,3.161997638943769,17.036972592135697,2.775562334379244,15.161941180557223,3.0668578922434993,9.122685579981963,2.3630164505773816,9.84147501159929,2.548679949573569,6.617889407656649,2.049177508437292,7.259869616045845,2.2493130865929776
2026-06-23,19.13907497240514,2.9026633986464447,17.352794943734782,3.161997638943769,15.963525758150348,2.775562334379244,14.275715400796201,3.0668578922434993,8.595103817923436,2.3630164505773816,9.278200821264221,2.548679949573569,6.291172534436923,2.049177508437292,6.90500615414658,2.2493130865929776
2026-06-24,18.843734054428392,2.9026633986464447,17.08250584161859,3.161997638943769,15.73359748526875,2.775562334379244,14.069283498159614,3.0668578922434993,8.51027355977076,2.3630164505773816,9.163817512623416,2.548679949573569,6.251187982411109,2.049177508437292,6.845855142468707,2.2493130865929776
2026-06-25,19.70415565095045,2.9026633986464447,17.859700449558414,3.161997638943769,16.380438607939517,2.775562334379244,14.633902597585083,3.0668578922434993,8.874553560565289,2.3630164505773816,9.529650343320014,2.548679949573569,6.474281948119721,2.049177508437292,7.070462261930739,2.2493130865929776
2026-06-26,18.535829646875612,2.9026633986464447,17.066570406007266,3.161997638943769,15.367747931541356,2.775562334379244,13.994156373253636,3.0668578922434993,8.467693065518704,2.3630164505773816,9.142227730984793,2.548679949573569,6.2066240939661785,2.049177508437292,6.812477642163091,2.2493130865929776
2026-06-29,19.48467419779054,2.9026633986464447,17.880147768875855,3.161997638943769,16.118930438036024,2.775562334379244,14.601358008526061,3.0668578922434993,8.831602875856097,2.3630164505773816,9.561403636925538,2.548679949573569,6.437515942277662,2.049177508437292,7.078374300257913,2.2493130865929776
2026-06-30,20.365028002383205,2.9026633986464447,18.56085395981665,3.161997638943769,16.7296167605223,2.775562334379244,15.023727717539252,3.0668578922434993,9.206249912416686,2.3630164505773816,9.943471840826644,2.548679949573569,6.652482803581249,2.049177508437292,7.297250700993209,2.2493130865929776
2026-07-01,18.893302571158276,2.9026633986464447,17.361585438747877,3.161997638943769,15.618021761547341,2.775562334379244,14.17242031976764,3.0668578922434993,8.672144486587998,2.3630164505773816,9.383699518758949,2.548679949573569,6.334405914370424,2.049177508437292,6.962153993245674,2.2493130865929776
2026-07-02,17.095536743772982,2.9026633986464447,15.959539572459159,3.161997638943769,14.288643669637366,2.775562334379244,13.213498498426786,3.0668578922434993,7.935390679412987,2.3630164505773816,8.647346696568034,2.548679949573569,5.880032632463749,2.049177508437292,6.514251139040847,2.2493130865929776
2026-07-06,17.322911928696303,2.9026633986464447,16.139575180466096,3.161997638943769,14.481818220683756,2.775562334379244,13.339216708295352,3.0668578922434993,7.994425124715592,2.3630164505773816,8.749350122757162,2.548679949573569,5.905700934960124,2.049177508437292,6.567593814470933,2.2493130865929776
2026-07-07,16.30365419882471,2.9026633986464447,15.303007743469315,3.161997638943769,13.690202124445035,2.775562334379244,12.730865215652297,3.0668578922434993,7.555697058230491,2.3630164505773816,8.28394573476295,2.548679949573569,5.6342223148018356,2.049177508437292,6.276344851718541,2.2493130865929776
2026-07-08,16.52067775533097,2.9026633986464447,15.429952433633217,3.161997638943769,13.864071609532916,2.775562334379244,12.796507238337934,3.0668578922434993,7.666895570834293,2.3630164505773816,8.39596877467076,2.548679949573569,5.703490996045242,2.049177508437292,6.344821308982726,2.2493130865929776
2026-07-09,17.180588823411608,2.9026633986464447,16.008209110916148,3.161997638943769,14.33531709161674,2.775562334379244,13.20937303085498,3.0668578922434993,7.971047225154139,2.3630164505773816,8.704112977878706,2.548679949573569,5.901155446357636,2.049177508437292,6.544431089827237,2.2493130865929776
2026-07-10,16.94802948286349,2.9026633986464447,15.81528286287591,3.161997638943769,14.139744220937043,2.775562334379244,13.042075131379594,3.0668578922434993,7.88213917260435,2.3630164505773816,8.618847388795562,2.548679949573569,5.843642358214366,2.049177508437292,6.492146562355113,2.2493130865929776
2026-07-13,16.08299100968476,2.9026633986464447,15.054754969017834,3.161997638943769,13.427292496075943,2.775562334379244,12.44886116674717,3.0668578922434993,7.557511716813345,2.3630164505773816,8.251588233685105,2.548679949573569,5.651892861583978,2.049177508437292,6.271649885816838,2.2493130865929776
2026-07-14,16.52533366173152,2.9026633986464447,15.368977644468796,3.161997638943769,13.752571287352216,2.775562334379244,12.639436822262056,3.0668578922434993,7.766065272636694,2.3630164505773816,8.4844875939719,2.548679949573569,5.783923478284702,2.049177508437292,6.4211455002629565,2.2493130865929776
2026-07-15,16.0685619064887,2.9026633986464447,14.886626272764952,3.161997638943769,13.426706880466272,2.775562334379244,12.324096013547582,3.0668578922434993,7.549139865504923,2.3630164505773816,8.277965904426791,2.548679949573569,5.644934512028113,2.049177508437292,6.297944902707908,2.2493130865929776
2026-07-16,14.963584947484014,2.9026633986464447,13.890189330586784,3.161997638943769,12.577265111860202,2.775562334379244,11.588429517609038,3.0668578922434993,7.081199355687811,2.3630164505773816,7.767737312480354,2.548679949573569,5.325215523037268,2.049177508437292,5.967488011672425,2.2493130865929776
2026-07-17,15.122362713334674,2.9026633986464447,14.077862032308992,3.161997638943769,12.74619223063368,2.775562334379244,11.779093933950238,3.0668578922434993,7.080459961063512,2.3630164505773816,7.768750239722814,2.548679949573569,5.335696888540712,2.049177508437292,5.966498949992338,2.2493130865929776
2026-07-20,15.239832384597689,2.9026633986464447,14.163773325094722,3.161997638943769,12.793000244676703,2.775562334379244,11.79989665263223,3.0668578922434993,7.115022055899624,2.3630164505773816,7.806798139702812,2.548679949573569,5.35073965268316,2.049177508437292,5.960442618690347,2.2493130865929776
2026-07-21,16.50684836973672,2.9026633986464447,15.333440148009903,3.161997638943769,13.813670848480605,2.775562334379244,12.693516971469727,3.0668578922434993,7.636143047010527,2.3630164505773816,8.362655668008886,2.548679949573569,5.713770109018335,2.049177508437292,6.323403890559971,2.2493130865929776
2026-07-22,16.668678723912826,2.9026633986464447,15.496578395354705,3.161997638943769,14.030038060991773,2.775562334379244,12.87970093408167,3.0668578922434993,7.650575214409411,2.3630164505773816,8.38170398930173,2.548679949573569,5.725878309655737,2.049177508437292,6.346724158476287,2.2493130865929776
2026-07-23,16.659406805004934,2.9026633986464447,15.530412157220246,3.161997638943769,14.00610536799641,2.775562334379244,12.871582744027513,3.0668578922434993,7.647171392475383,2.3630164505773816,8.373529622655829,2.548679949573569,5.721037443832409,2.049177508437292,6.339550261321852,2.2493130865929776
2026-07-24,15.551350963623134,2.9026633986464447,14.506728751358784,3.161997638943769,13.180960647301164,2.775562334379244,12.164184466595588,3.0668578922434993,7.238547128939827,2.3630164505773816,7.921466905337381,2.548679949573569,5.460022828876028,2.049177508437292,6.059288704736473,2.2493130865929776
2026-07-27,15.04829614761212,2.8980191372086104,14.094014103681548,3.156938442721459,12.786801189839139,2.7711214346442374,11.889083482036062,3.0619509196159096,7.000722407816519,2.3592356242564576,7.673307368720669,2.5446020616542513,5.301004671855745,2.0458988244237926,5.89432572048992,2.2457141856544287
2026-07-28,14.172009825723563,2.710933203670778,13.303336583593179,2.961424989290545,12.09850201211328,2.604418743737994,11.31407183769099,2.8959519264933626,6.534542571059686,2.1903648664203264,7.203727560151387,2.375710831454508,4.9808994532435324,1.9116732781642856,5.605300850444287,2.124199219647339
2026-07-29,13.547030558284337,2.7065957105449048,12.775351569215962,2.95668670930768,11.609782972944444,2.6002516737480135,10.914540450093517,2.891318403410973,6.181746898147898,2.1868602826340537,6.832291569184099,2.371909694124181,4.722394190413407,1.9086146009192226,5.3547646505412345,2.120800500895903
2026-07-30,14.968393401598629,3.021300837046579,14.152250899787266,3.3019729361563837,12.71452823641885,2.8771207643757344,11.955819408539531,3.1934393684616125,6.865708482791102,2.447430737778419,7.5253522541913265,2.6343842194814395,5.199774350385284,2.1182163692711296,5.796931201514542,2.3162759335406373
2026-07-31,14.913645778734603,3.0082884195353117,14.088788336205909,3.2861191582001337,12.659964209968411,2.8649925787669805,11.887527195474249,3.1766607661859454,6.8619272342703415,2.4472210547541513,7.548483441168451,2.641337128399113,5.166061028012836,2.108056924997805,5.820898078732837,2.3249709133437286
2026-08-03,15.371859783862684,3.0082884195353117,14.467705605081456,3.2861191582001337,13.026721829317232,2.8649925787669805,12.187074938685043,3.1766607661859454,7.0414820394869135,2.4472210547541513,7.7417032802871635,2.641337128399113,5.292793092195233,2.108056924997805,5.937591267055895,2.3249709133437286
2026-08-04,16.16824224382161,3.0082884195353117,15.416430132087283,3.2861191582001337,13.678737081746545,2.8649925787669805,12.946315234052216,3.1766607661859454,7.40292906664768,2.4472210547541513,8.132505498870177,2.641337128399113,5.556910583662917,2.108056924997805,6.194793072409668,2.3249709133437286
2026-08-05,15.775642433928686,3.0082884195353117,15.051477712171398,3.2861191582001337,13.364788769584104,2.8649925787669805,12.677984683401752,3.1766607661859454,7.247380005485673,2.4472210547541513,7.947985773634739,2.641337128399113,5.4747198258670196,2.108056924997805,6.095145662823809,2.3249709133437286
2026-08-06,15.771519393532921,3.0082884195353117,14.938852190493213,3.2861191582001337,13.344363484775284,2.8649925787669805,12.559394096249141,3.1766607661859454,7.238725641604956,2.4472210547541513,7.9628106779276315,2.641337128399113,5.445793302702564,2.108056924997805,6.097475279599955,2.3249709133437286
2026-08-07,16.059972488678532,3.0082884195353117,15.12521097897602,3.2861191582001337,13.571212035338554,2.8649925787669805,12.716502871050167,3.1766607661859454,7.437472465724181,2.4472210547541513,8.154337208000943,2.641337128399113,5.596128097420529,2.108056924997805,6.2368729489944625,2.3249709133437286
2026-08-10,15.634940571332777,3.0082884195353117,14.744720393571207,3.2861191582001337,13.237028815992021,2.8649925787669805,12.449939615930214,3.1766607661859454,7.2170827133323705,2.4472210547541513,7.946814797874577,2.641337128399113,5.444274760392154,2.108056924997805,6.112077712922938,2.3249709133437286
2026-08-11,15.613283458164243,3.0082884195353117,14.783636957770756,3.2861191582001337,13.23117568900812,2.8649925787669805,12.483683253532948,3.1766607661859454,7.273857756182361,2.4472210547541513,8.009985779302728,2.641337128399113,5.480327873218695,2.108056924997805,6.160826386156106,2.3249709133437286
2026-08-12,16.32347723398753,3.0082884195353117,15.570278191182961,3.2861191582001337,13.766922593154469,2.8649925787669805,13.096482335076406,3.1766607661859454,7.534981380172373,2.4472210547541513,8.281893432671414,2.641337128399113,5.655434283189559,2.108056924997805,6.342422367998761,2.3249709133437286
2026-08-13,16.55591141070945,3.003475158064055,15.8047634014923,3.2808613675470135,13.883798522950991,2.8604085906409535,13.211067624437746,3.171578108960048,7.569111119375735,2.4433055010665448,8.29464068809342,2.637110988993675,5.659023688100269,2.1046840339178083,6.329240571409913,2.3212509598823785
2026-08-14,16.750317491229996,3.037574229684566,16.02049771372417,3.3244972656931266,13.995412673087339,2.882857551574354,13.334282293114942,3.2006210959703503,7.657287672629324,2.4715079445233874,8.424303952235435,2.677949243883078,5.710752170804832,2.123888347589323,6.412666656816858,2.3516493373136265
2026-08-17,17.354539349907864,3.1461403179584937,16.630770539281208,3.450416404561783,14.483503905525392,2.9828455751013028,13.807613759009909,3.3138363714289882,7.880159068846839,2.543192909320996,8.67715160616709,2.758208248756364,5.850771378625093,2.175772505955254,6.579543263006803,2.4128589205603883
2026-08-18,16.14013192886108,2.9277015094942245,15.427082246417207,3.202254927236051,13.521147632147683,2.786300635870647,12.872680367884909,3.0911057518856073,7.395680617487564,2.3870406152748984,8.103469147275026,2.576335194871772,5.542892169955355,2.06149834235662,6.205845879756394,2.2762061239713276
2026-08-19,15.380099625468967,2.7913157318427997,14.653659764046242,3.0428663127450086,12.948950380174951,2.670264099714378,12.305194817870385,2.9566019489130158,7.113247860825843,2.296780866750947,7.774899890573598,2.4727536259847707,5.372041001438095,1.9988811284939734,5.999985390390405,2.2015498576696726
2026-08-20,15.297378762394272,2.775112245327673,14.56729708194246,3.0236466796726025,12.84196776094046,2.646858366845416,12.193890595962051,2.92841335765279,7.053803863007307,2.277379701997938,7.715806281215005,2.4533091094775097,5.313593737693753,1.97700757502515,5.943465052487855,2.180268396005343
2026-08-21,15.259513882372024,2.7676937294360027,14.52248244329063,3.0138041874379145,12.803135880709688,2.6381887501490153,12.148512382063632,2.9168666403137715,7.0675165921532885,2.281351340626423,7.695203623718305,2.4465171054353423,5.331683757743472,1.9832370095092824,5.933386264365657,2.176324365113524
2026-08-24,14.674968148356886,2.6639179292548,13.961001915894434,2.8994719418546064,12.367635857835149,2.550753609407955,11.73953506777472,2.820972539821227,6.845103889268432,2.2106632221042255,7.459277756702972,2.3724831390241006,5.191787234262466,1.9321958567916995,5.7871998063435335,2.123481830838521
2026-08-25,14.968269641069515,2.717590931412911,14.277866745377443,2.9658756455928534,12.613036178713031,2.601500481381369,11.998351057278706,2.883365151980441,6.957435355692409,2.2473564843686598,7.574837555693638,2.409314585301759,5.267453352502574,1.9606449316573795,5.865475283062531,2.152186010028982
2026-08-26,15.164374197205742,2.753612688996223,14.469588080032667,3.006035092275718,12.776957168602713,2.635561595576583,12.15399752654013,2.920911120288637,7.058353143899639,2.280164104406005,7.67588337803821,2.441766998661132,5.3419047884359205,1.9884009018654987,5.936044671346467,2.1782624251829783
2026-08-27,15.223652930130642,2.764451975659621,14.565862327573408,3.0262729702918865,12.777982891553052,2.635604693319667,12.190764174466688,2.929648278193397,7.105486975884663,2.2953285206670593,7.737033412841529,2.461140747570628,5.363253875163615,1.9961877395239567,5.967644795392621,2.189689472299326
2026-08-28,14.562864049608837,2.642908846097687,13.977183124556582,2.902298482425935,12.22202330218539,2.5198371803935413,11.70973368888081,2.812945110229553,6.8229951132206175,2.203435387623067,7.39734375075098,2.3525854728248166,5.168884603135673,1.9234308336362629,5.733096927205571,2.1033755840336625
