symbol,arm,signal_date,entry_date,exit_signal_date,exit_date,entry_price,exit_price,ret,hold_bars,entry_bar,exit_bar,closed,base_rate,base_n
NVDA,A-NOMACD,2000-03-31,2000-04-03,2000-04-12,2000-04-13,0.1597140124304324,0.15154668920382708,-0.051137173891757426,8,302,310,True,0.5666716218225063,6727
NVDA,A-NOMACD,2000-12-01,2000-12-04,2000-12-07,2000-12-08,0.17086281049326998,0.17050477555625865,-0.002095452696685207,4,472,476,True,0.5449413162977269,6731
NVDA,A-NOMACD,2000-12-26,2000-12-27,2001-01-02,2001-01-03,0.12686531139316184,0.11064891143042746,-0.12782375091075104,4,488,492,True,0.5449413162977269,6731
NVDA,A-NOMACD,2001-07-13,2001-07-16,2001-07-16,2001-07-17,0.30543020946886174,0.2792938062051685,-0.08557242359602868,1,625,626,True,0.5246510246510246,6734
NVDA,A-NOMACD,2001-07-17,2001-07-18,2001-07-23,2001-07-24,0.29280069561091865,0.26216255534329963,-0.10463820860703077,4,627,631,True,0.5449413162977269,6731
NVDA,A-NOMACD,2001-07-25,2001-07-26,2001-08-08,2001-08-09,0.27093785273525534,0.3275595399213129,0.20898404048911168,10,633,643,True,0.5745724907063197,6725
NVDA,A-NOMACD,2001-09-24,2001-09-25,2001-09-26,2001-09-27,0.22961621055203227,0.21130183158838634,-0.07976082751133029,2,671,673,True,0.5328976682013961,6733
NVDA,A-NOMACD,2001-09-28,2001-10-01,2001-10-01,2001-10-02,0.20947035931880612,0.19153786166219472,-0.08560875970675541,1,675,676,True,0.5246510246510246,6734
NVDA,A-NOMACD,2002-02-26,2002-02-27,2002-02-28,2002-03-01,0.42924261024619587,0.3929956591664681,-0.08444397227697875,2,777,779,True,0.5328976682013961,6733
NVDA,A-NOMACD,2002-04-01,2002-04-02,2002-04-09,2002-04-10,0.32294343419940025,0.3135571709812366,-0.029064728445193144,6,800,806,True,0.5556546292168227,6729
NVDA,A-NOMACD,2002-04-10,2002-04-11,2002-04-11,2002-04-12,0.2915030214851359,0.28723030017353834,-0.014657554113261306,1,807,808,True,0.5246510246510246,6734
NVDA,A-NOMACD,2002-04-15,2002-04-16,2002-04-19,2002-04-22,0.30424719218972196,0.27860702663968245,-0.08427412383168631,4,810,814,True,0.5449413162977269,6731
NVDA,A-NOMACD,2002-04-29,2002-04-30,2002-05-06,2002-05-07,0.27677550725215455,0.24571719928614744,-0.11221479918637323,5,820,825,True,0.5530460624071323,6730
NVDA,A-NOMACD,2002-06-06,2002-06-07,2002-06-11,2002-06-12,0.2286245034494009,0.22786072499716217,-0.0033407549965779326,3,847,850,True,0.5372846108140226,6732
NVDA,A-NOMACD,2002-06-17,2002-06-18,2002-06-19,2002-06-20,0.21427790465642219,0.1823806723746717,-0.14885917581140806,2,854,856,True,0.5328976682013961,6733
NVDA,A-NOMACD,2002-07-03,2002-07-05,2002-07-17,2002-07-18,0.1426989855780299,0.14628584466202335,0.0251358415020555,9,866,875,True,0.5721082366934285,6726
NVDA,A-NOMACD,2002-07-30,2002-07-31,2002-07-31,2002-08-01,0.09019816388040908,0.08516174813687527,-0.0558372313455453,1,884,885,True,0.5246510246510246,6734
NVDA,A-NOMACD,2002-08-08,2002-08-09,2002-08-26,2002-08-27,0.06997637527320509,0.08989323134264172,0.28462257428562565,12,891,903,True,0.5799494273389856,6723
NVDA,A-NOMACD,2002-10-01,2002-10-02,2002-10-04,2002-10-07,0.06936560408024052,0.06127707944477803,-0.11660713898066644,3,928,931,True,0.5372846108140226,6732
NVDA,A-NOMACD,2002-12-16,2002-12-17,2002-12-18,2002-12-19,0.10889438949173781,0.09691314468961643,-0.11002628196038,2,981,983,True,0.5328976682013961,6733
NVDA,A-NOMACD,2002-12-23,2002-12-24,2002-12-24,2002-12-26,0.09905042841704316,0.09813471330494096,-0.009244938429207594,1,986,987,True,0.5246510246510246,6734
NVDA,A-NOMACD,2003-01-02,2003-01-03,2003-01-10,2003-01-13,0.0942429207973235,0.09798176584204633,0.03967242327690057,6,992,998,True,0.5556546292168227,6729
NVDA,A-NOMACD,2003-01-28,2003-01-29,2003-02-07,2003-02-10,0.07707323444270238,0.07440202070453904,-0.03465812428242088,8,1009,1017,True,0.5666716218225063,6727
NVDA,A-NOMACD,2003-08-01,2003-08-04,2003-08-08,2003-08-11,0.15033058942616478,0.12018788884944766,-0.2005094285319874,5,1138,1143,True,0.5530460624071323,6730
NVDA,A-NOMACD,2003-10-03,2003-10-06,2003-10-17,2003-10-20,0.1282764136571761,0.1272087442583821,-0.008323193394285111,10,1182,1192,True,0.5745724907063197,6725
NVDA,A-NOMACD,2004-02-02,2004-02-03,2004-02-19,2004-02-20,0.17207885450869592,0.1794045813486577,0.04257191774595159,12,1264,1276,True,0.5799494273389856,6723
NVDA,A-NOMACD,2004-03-05,2004-03-08,2004-03-08,2004-03-09,0.16940771398926777,0.16482917492788618,-0.027026744848653417,1,1287,1288,True,0.5246510246510246,6734
NVDA,A-NOMACD,2004-03-16,2004-03-17,2004-04-06,2004-04-07,0.16788123860448048,0.20099993283062892,0.19727454063032246,15,1294,1309,True,0.5888392857142857,6720
NVDA,A-NOMACD,2004-04-23,2004-04-26,2004-04-26,2004-04-27,0.17772519816391366,0.1723838080278373,-0.030054208357950918,1,1321,1322,True,0.5246510246510246,6734
NVDA,A-NOMACD,2004-05-04,2004-05-05,2004-05-17,2004-05-18,0.1646002465538917,0.16299770959732945,-0.009735932904800015,9,1328,1337,True,0.5721082366934285,6726
NVDA,A-NOMACD,2004-06-22,2004-06-23,2004-07-01,2004-07-02,0.1518561466278252,0.15063553512644567,-0.008037945967185989,7,1361,1368,True,0.5610879904875149,6728
NVDA,A-NOMACD,2004-07-20,2004-07-21,2004-07-21,2004-07-22,0.12133255517285813,0.11354898154447488,-0.06415074352711247,1,1380,1381,True,0.5246510246510246,6734
NVDA,A-NOMACD,2004-07-22,2004-07-23,2004-07-26,2004-07-27,0.11538041389703511,0.10897038521440207,-0.055555604856412866,2,1382,1384,True,0.5328976682013961,6733
NVDA,A-NOMACD,2004-07-27,2004-07-28,2004-08-06,2004-08-09,0.11179352902853804,0.07379126061939248,-0.3399326306216216,8,1385,1393,True,0.5666716218225063,6727
NVDA,A-NOMACD,2005-01-14,2005-01-18,2005-01-24,2005-01-25,0.1623109125468883,0.15773238536532858,-0.02820837557817979,5,1505,1510,True,0.5530460624071323,6730
NVDA,A-NOMACD,2005-01-25,2005-01-26,2005-02-09,2005-02-10,0.16032655202012458,0.19046924068497034,0.18800808902234856,11,1511,1522,True,0.5748066627007733,6724
NVDA,A-NOMACD,2005-03-21,2005-03-22,2005-03-31,2005-04-01,0.1909271045085005,0.1835253755715565,-0.03876730313382237,7,1549,1556,True,0.5610879904875149,6728
NVDA,A-NOMACD,2005-04-07,2005-04-08,2005-04-11,2005-04-12,0.18207488613632813,0.1749020499201404,-0.03939497845308049,2,1561,1563,True,0.5328976682013961,6733
NVDA,A-NOMACD,2005-04-12,2005-04-13,2005-04-13,2005-04-14,0.17780206962511794,0.17055239124493662,-0.040773869480072444,1,1564,1565,True,0.5246510246510246,6734
NVDA,A-NOMACD,2005-04-19,2005-04-20,2005-04-20,2005-04-21,0.17024747395608958,0.16559193585276175,-0.02734571030715316,1,1569,1570,True,0.5246510246510246,6734
NVDA,A-NOMACD,2005-04-21,2005-04-22,2005-04-28,2005-04-29,0.17024749231534808,0.16719446410604683,-0.017932882110510917,5,1571,1576,True,0.5530460624071323,6730
NVDA,A-NOMACD,2005-10-17,2005-10-18,2005-10-27,2005-10-28,0.24770173399767695,0.24060482065081426,-0.02865104427137055,8,1695,1703,True,0.5666716218225063,6727
NVDA,A-NOMACD,2006-05-25,2006-05-26,2006-05-30,2006-05-31,0.36643993135126224,0.35529835982768065,-0.030404905607575472,2,1847,1849,True,0.5328976682013961,6733
NVDA,A-NOMACD,2006-06-01,2006-06-02,2006-06-06,2006-06-07,0.37498627856805367,0.3427833044913885,-0.08587773984594183,3,1851,1854,True,0.5372846108140226,6732
NVDA,A-NOMACD,2006-06-15,2006-06-16,2006-06-22,2006-06-23,0.33698402743578476,0.3092076115831905,-0.0824265056832324,5,1861,1866,True,0.5530460624071323,6730
NVDA,A-NOMACD,2006-06-28,2006-06-29,2006-07-06,2006-07-07,0.30523881140039666,0.3072231711820621,0.006501007432709649,5,1870,1875,True,0.5530460624071323,6730
NVDA,A-NOMACD,2006-07-18,2006-07-19,2006-08-07,2006-08-08,0.2853989530934721,0.36476054462830326,0.27807246899339244,14,1883,1897,True,0.5842880523731587,6721
NVDA,A-NOMACD,2007-01-10,2007-01-11,2007-01-18,2007-01-19,0.5324894672388579,0.4784622898519094,-0.1014614949420467,5,2004,2009,True,0.5530460624071323,6730
NVDA,A-NOMACD,2007-02-01,2007-02-02,2007-02-15,2007-02-16,0.47632607792708104,0.5129548557769686,0.07689853557733395,10,2019,2029,True,0.5745724907063197,6725
NVDA,A-NOMACD,2007-03-06,2007-03-07,2007-03-14,2007-03-15,0.46259018132157625,0.44015513457921407,-0.04849875256380798,6,2041,2047,True,0.5556546292168227,6729
NVDA,A-NOMACD,2007-03-21,2007-03-22,2007-03-29,2007-03-30,0.45785878755165493,0.443970063402046,-0.030334077945467053,6,2052,2058,True,0.5556546292168227,6729
NVDA,A-NOMACD,2007-11-27,2007-11-28,2007-12-13,2007-12-14,0.7270799319863652,0.7861435372576617,0.08123399185277491,12,2226,2238,True,0.5799494273389856,6723
NVDA,A-NOMACD,2008-01-14,2008-01-15,2008-01-15,2008-01-16,0.6352790197251711,0.5734680322563852,-0.09729738516396469,1,2258,2259,True,0.5246510246510246,6734
NVDA,A-NOMACD,2008-01-18,2008-01-22,2008-02-05,2008-02-06,0.51440425146877,0.5643108970825319,0.0970183381479921,11,2262,2273,True,0.5748066627007733,6724
NVDA,A-NOMACD,2008-02-27,2008-02-28,2008-03-03,2008-03-04,0.5185251560620379,0.480751631491706,-0.07284800771712707,3,2288,2291,True,0.5372846108140226,6732
NVDA,A-NOMACD,2008-03-04,2008-03-05,2008-03-06,2008-03-07,0.48372793709324613,0.4459543870595755,-0.0780884194133058,2,2292,2294,True,0.5328976682013961,6733
NVDA,A-NOMACD,2008-03-13,2008-03-14,2008-03-14,2008-03-17,0.45328031375102573,0.40108431658866855,-0.11515169659679281,1,2299,2300,True,0.5246510246510246,6734
NVDA,A-NOMACD,2008-03-18,2008-03-19,2008-04-03,2008-04-04,0.42420632108682926,0.44824373945018464,0.05666445116086627,11,2302,2313,True,0.5748066627007733,6724
NVDA,A-NOMACD,2008-04-16,2008-04-17,2008-05-07,2008-05-08,0.4113861535172295,0.5077656751878504,0.23427993588652551,15,2322,2337,True,0.5888392857142857,6720
NVDA,A-NOMACD,2008-06-24,2008-06-25,2008-06-26,2008-06-27,0.4647265593651284,0.43839976698291716,-0.056650070566607535,2,2370,2372,True,0.5328976682013961,6733
NVDA,A-NOMACD,2008-06-27,2008-06-30,2008-06-30,2008-07-01,0.43633945502380483,0.4235194109820384,-0.029380895754813285,1,2373,2374,True,0.5246510246510246,6734
NVDA,A-NOMACD,2008-07-01,2008-07-02,2008-07-02,2008-07-03,0.42718226230028145,0.29715035535998136,-0.3043944433462832,1,2375,2376,True,0.5246510246510246,6734
NVDA,A-NOMACD,2008-07-16,2008-07-17,2008-08-01,2008-08-04,0.26326885508266823,0.24815945815444806,-0.05739150923672953,12,2385,2397,True,0.5799494273389856,6723
NVDA,A-NOMACD,2008-09-12,2008-09-15,2008-09-15,2008-09-16,0.22503758560988646,0.20534966169837396,-0.08748726955168484,1,2426,2427,True,0.5246510246510246,6734
NVDA,A-NOMACD,2008-09-16,2008-09-17,2008-09-29,2008-09-30,0.21450680097995356,0.23488160829086904,0.09498443507541565,9,2428,2437,True,0.5721082366934285,6726
NVDA,A-NOMACD,2008-10-13,2008-10-14,2008-10-23,2008-10-24,0.19115604269841383,0.13735768471839302,-0.28143686812400837,8,2447,2455,True,0.5666716218225063,6727
NVDA,A-NOMACD,2008-11-24,2008-11-25,2008-12-08,2008-12-09,0.1625398508973366,0.1609373406702754,-0.009859183567686336,9,2477,2486,True,0.5721082366934285,6726
NVDA,A-NOMACD,2009-02-24,2009-02-25,2009-03-11,2009-03-12,0.18062530904800272,0.2122175603047746,0.1749048980083736,11,2538,2549,True,0.5748066627007733,6724
NVDA,A-NOMACD,2009-05-19,2009-05-20,2009-06-03,2009-06-04,0.22023012050807506,0.24129160876420294,0.09563400413866474,10,2597,2607,True,0.5745724907063197,6725
NVDA,A-NOMACD,2009-09-30,2009-10-01,2009-10-01,2009-10-02,0.34293630441393463,0.3163803831886499,-0.07743689100128315,1,2690,2691,True,0.5246510246510246,6734
NVDA,A-NOMACD,2009-10-06,2009-10-07,2009-10-15,2009-10-16,0.3184408830667189,0.30584975795990793,-0.039539913925477066,7,2694,2701,True,0.5610879904875149,6728
NVDA,A-NOMACD,2009-11-03,2009-11-04,2009-11-19,2009-11-20,0.27700456351311636,0.29028252385644665,0.047934085182324226,12,2714,2726,True,0.5799494273389856,6723
NVDA,A-NOMACD,2010-02-01,2010-02-02,2010-02-18,2010-02-19,0.3779625366532783,0.3800227043168029,0.005450719221451683,12,2774,2786,True,0.5799494273389856,6723
NVDA,A-NOMACD,2010-05-06,2010-05-07,2010-05-14,2010-05-17,0.32805587782733964,0.2971503450078483,-0.09420813619976454,6,2840,2846,True,0.5556546292168227,6729
NVDA,A-NOMACD,2010-05-26,2010-05-27,2010-06-04,2010-06-07,0.2992107131721942,0.27814928532632927,-0.07038995236024259,6,2854,2860,True,0.5556546292168227,6729
NVDA,A-NOMACD,2010-07-07,2010-07-08,2010-07-16,2010-07-19,0.24495438959601243,0.23327907286663804,-0.047663227218053716,7,2882,2889,True,0.5610879904875149,6728
NVDA,A-NOMACD,2010-08-05,2010-08-06,2010-08-11,2010-08-12,0.21519361968496778,0.19962638225212648,-0.0723406086836168,4,2903,2907,True,0.5449413162977269,6731
NVDA,A-NOMACD,2011-03-15,2011-03-16,2011-04-01,2011-04-04,0.40062642253810377,0.41665149166002097,0.04000003050321288,13,3056,3069,True,0.5827134781315085,6722
NVDA,A-NOMACD,2011-06-21,2011-06-22,2011-07-08,2011-07-11,0.3628531050958002,0.3465991207932327,-0.04479494339252288,12,3124,3136,True,0.5799494273389856,6723
NVDA,A-NOMACD,2011-08-11,2011-08-12,2011-08-18,2011-08-19,0.339731203855365,0.26876306394659766,-0.20889497079868136,5,3160,3165,True,0.5530460624071323,6730
NVDA,A-NOMACD,2011-08-23,2011-08-24,2011-09-02,2011-09-06,0.3021867802339772,0.2861618010642912,-0.053030047036730754,8,3168,3176,True,0.5666716218225063,6727
NVDA,A-NOMACD,2011-10-04,2011-10-05,2011-10-19,2011-10-20,0.29463209634792853,0.3378998230313658,0.14685340538168234,11,3197,3208,True,0.5748066627007733,6724
NVDA,A-NOMACD,2011-12-20,2011-12-21,2012-01-11,2012-01-12,0.3163804379110454,0.32553749566497503,0.028943185660879056,14,3251,3265,True,0.5842880523731587,6721
NVDA,A-NOMACD,2012-03-08,2012-03-09,2012-03-12,2012-03-13,0.341104802231375,0.335381600795748,-0.016778425276302245,2,3304,3306,True,0.5328976682013961,6733
NVDA,A-NOMACD,2012-03-13,2012-03-14,2012-03-14,2012-03-15,0.3385865238487934,0.32988730545920314,-0.025692748461173753,1,3307,3308,True,0.5246510246510246,6734
NVDA,A-NOMACD,2012-03-16,2012-03-19,2012-04-04,2012-04-05,0.33606844875569103,0.33583942017884144,-0.0006814938376321633,13,3310,3323,True,0.5827134781315085,6722
NVDA,A-NOMACD,2012-04-26,2012-04-27,2012-05-03,2012-05-04,0.29921069257013927,0.28730638663048347,-0.03978569695287626,5,3338,3343,True,0.5530460624071323,6730
NVDA,A-NOMACD,2012-05-08,2012-05-09,2012-05-18,2012-05-21,0.28020952389879333,0.277004545960841,-0.011437790883617183,8,3346,3354,True,0.5666716218225063,6727
NVDA,A-NOMACD,2012-05-25,2012-05-29,2012-06-01,2012-06-04,0.28845099019195686,0.2756309379318893,-0.04444447305081578,4,3359,3363,True,0.5449413162977269,6731
NVDA,A-NOMACD,2012-09-06,2012-09-07,2012-09-24,2012-09-25,0.30630752465524963,0.31683831007080887,0.034379780344644395,12,3430,3442,True,0.5799494273389856,6723
NVDA,A-NOMACD,2012-10-16,2012-10-17,2012-10-19,2012-10-22,0.2976081998107699,0.2783782141312132,-0.06461510701581419,3,3458,3461,True,0.5372846108140226,6732
NVDA,A-NOMACD,2012-10-23,2012-10-24,2012-10-26,2012-10-31,0.2841013869616322,0.27700456351311636,-0.024979897227584535,3,3463,3466,True,0.5372846108140226,6732
NVDA,A-NOMACD,2012-11-21,2012-11-23,2012-12-03,2012-12-04,0.27349231772317445,0.2711883749130113,-0.008424159147662702,7,3482,3489,True,0.5610879904875149,6728
NVDA,A-NOMACD,2013-01-22,2013-01-23,2013-01-31,2013-02-01,0.2799437078387045,0.2847821857292168,0.01728375296543594,7,3522,3529,True,0.5610879904875149,6728
NVDA,A-NOMACD,2013-07-03,2013-07-05,2013-07-18,2013-07-19,0.33015735644362076,0.33691426405757613,0.020465718791606635,10,3635,3645,True,0.5745724907063197,6725
NVDA,A-NOMACD,2013-11-06,2013-11-07,2013-11-07,2013-11-08,0.3477456930738966,0.3512583992368154,0.010101364971247362,1,3723,3724,True,0.5246510246510246,6734
NVDA,A-NOMACD,2013-12-18,2013-12-19,2014-01-03,2014-01-06,0.36022395771854215,0.37270229265953825,0.03464049148764814,10,3752,3762,True,0.5745724907063197,6725
NVDA,A-NOMACD,2014-05-08,2014-05-09,2014-05-15,2014-05-16,0.42428736353547175,0.42239530859496044,-0.004459371414565205,5,3848,3853,True,0.5530460624071323,6730
NVDA,A-NOMACD,2014-07-01,2014-07-02,2014-07-18,2014-07-21,0.44382327795028687,0.436457982619376,-0.016595108226242772,12,3885,3897,True,0.5799494273389856,6723
NVDA,A-NOMACD,2014-07-30,2014-07-31,2014-07-31,2014-08-01,0.42434071234758824,0.4157874293909045,-0.020156639954163835,1,3905,3906,True,0.5246510246510246,6734
NVDA,A-NOMACD,2014-08-04,2014-08-05,2014-08-21,2014-08-22,0.4181633268782711,0.4546164917162175,0.08717446627871794,13,3908,3921,True,0.5827134781315085,6722
NVDA,A-NOMACD,2014-10-02,2014-10-03,2014-10-10,2014-10-13,0.4367180943892459,0.4047398610288982,-0.07322397164484229,6,3950,3956,True,0.5556546292168227,6729
NVDA,A-NOMACD,2014-10-15,2014-10-16,2014-11-07,2014-11-10,0.40879683528377575,0.4717989339585187,0.15411591587055362,17,3959,3976,True,0.5875260494194701,6718
NVDA,A-NOMACD,2015-07-07,2015-07-08,2015-07-09,2015-07-10,0.475646182743532,0.4751628193010594,-0.001016224790630127,2,4140,4142,True,0.5328976682013961,6733
NVDA,A-NOMACD,2015-07-10,2015-07-13,2015-07-22,2015-07-23,0.48217177909722697,0.47008730936540843,-0.025062581958745778,8,4143,4151,True,0.5666716218225063,6727
NVDA,A-NOMACD,2016-01-20,2016-01-21,2016-02-03,2016-02-04,0.6768005353283102,0.6880074946012076,0.016558732873136695,10,4276,4286,True,0.5745724907063197,6725
NVDA,A-NOMACD,2017-03-08,2017-03-09,2017-03-23,2017-03-24,2.4113373065080124,2.6837249386411863,0.11296123167755123,11,4561,4572,True,0.5748066627007733,6724
NVDA,A-NOMACD,2017-04-17,2017-04-18,2017-05-02,2017-05-03,2.429562876195133,2.5416202179323193,0.0461224291970892,11,4588,4599,True,0.5748066627007733,6724
NVDA,A-NOMACD,2017-07-07,2017-07-10,2017-07-24,2017-07-25,3.69169690496112,4.073342475412102,0.1033794431872519,11,4645,4656,True,0.5748066627007733,6724
NVDA,A-NOMACD,2018-07-05,2018-07-06,2018-07-20,2018-07-23,5.9766650814098945,6.176429400386047,0.03342404438848501,11,4895,4906,True,0.5748066627007733,6724
NVDA,A-NOMACD,2018-10-25,2018-10-26,2018-10-26,2018-10-29,4.90560292094189,5.0461110963584925,0.02864238660996743,1,4974,4975,True,0.5246510246510246,6734
NVDA,A-NOMACD,2018-10-29,2018-10-30,2018-11-12,2018-11-13,4.614696215400488,4.786371907222003,0.03720194868918725,10,4976,4986,True,0.5745724907063197,6725
NVDA,A-NOMACD,2018-11-27,2018-11-28,2018-12-07,2018-12-10,3.9203270967711465,3.6102699118874186,-0.07908962115408602,7,4996,5003,True,0.5610879904875149,6728
NVDA,A-NOMACD,2018-12-26,2018-12-27,2019-01-22,2019-01-23,3.2435478766439565,3.739031926253848,0.15275990010129292,17,5015,5032,True,0.5875260494194701,6718
NVDA,A-NOMACD,2019-06-04,2019-06-05,2019-06-17,2019-06-18,3.6223346757717674,3.660303053435829,0.010481742042781406,9,5124,5133,True,0.5721082366934285,6726
NVDA,A-NOMACD,2020-03-19,2020-03-20,2020-04-02,2020-04-03,5.447268674676942,6.316841179647941,0.1596345906368517,10,5324,5334,True,0.5745724907063197,6725
NVDA,A-NOMACD,2020-11-03,2020-11-04,2020-11-10,2020-11-11,13.331498827212098,12.997446446842183,-0.025057376120984354,5,5483,5488,True,0.5530460624071323,6730
NVDA,A-NOMACD,2021-03-09,2021-03-10,2021-03-23,2021-03-24,12.793305748971898,13.102914093626651,0.024200808667426355,10,5568,5578,True,0.5745724907063197,6725
NVDA,A-NOMACD,2021-05-14,2021-05-17,2021-06-08,2021-06-09,14.1049716528706,17.455372530301904,0.23753332937393323,16,5615,5631,True,0.5895222503348713,6719
NVDA,A-NOMACD,2021-10-06,2021-10-07,2021-10-27,2021-10-28,21.022996605688583,24.796619505924756,0.1794997626178123,15,5715,5730,True,0.5888392857142857,6720
NVDA,A-NOMACD,2022-01-24,2022-01-25,2022-02-11,2022-02-14,22.474995512389242,23.85862696314563,0.06156314692003684,14,5790,5804,True,0.5842880523731587,6721
NVDA,A-NOMACD,2022-04-19,2022-04-20,2022-04-21,2022-04-22,22.449913552276662,20.242508087919838,-0.09832578906001932,2,5849,5851,True,0.5328976682013961,6733
NVDA,A-NOMACD,2022-04-25,2022-04-26,2022-04-26,2022-04-27,19.659256709868075,18.542587544483734,-0.05680118947853319,1,5853,5854,True,0.5246510246510246,6734
NVDA,A-NOMACD,2022-04-28,2022-04-29,2022-05-09,2022-05-10,19.344197292068042,17.636295630660026,-0.08829012833261007,7,5856,5863,True,0.5610879904875149,6728
NVDA,A-NOMACD,2022-05-13,2022-05-16,2022-05-24,2022-05-25,17.4568392335923,15.972268724782303,-0.08504234294334512,7,5867,5874,True,0.5610879904875149,6728
NVDA,A-NOMACD,2022-06-22,2022-06-23,2022-06-29,2022-06-30,16.473265177528255,15.318472470620367,-0.07010102092469073,5,5893,5898,True,0.5530460624071323,6730
NVDA,A-NOMACD,2022-09-09,2022-09-12,2022-09-14,2022-09-15,14.333475654409431,12.982823422794079,-0.0942306153915885,3,5948,5951,True,0.5372846108140226,6732
NVDA,A-NOMACD,2022-09-16,2022-09-19,2022-09-22,2022-09-23,12.97983183509863,12.38929449653901,-0.04549653231737205,4,5953,5957,True,0.5449413162977269,6731
NVDA,A-NOMACD,2022-09-28,2022-09-29,2022-09-29,2022-09-30,12.417225794477423,12.057116325939106,-0.029000798930343685,1,5961,5962,True,0.5246510246510246,6734
NVDA,A-NOMACD,2022-10-03,2022-10-04,2022-10-07,2022-10-10,12.847159012438114,12.007238900151382,-0.0653778871635009,4,5964,5968,True,0.5449413162977269,6731
NVDA,A-NOMACD,2022-10-17,2022-10-18,2022-11-02,2022-11-03,12.313483940586105,13.01075449802835,0.05662658600982873,12,5974,5986,True,0.5799494273389856,6723
NVDA,A-NOMACD,2022-12-30,2023-01-03,2023-01-03,2023-01-04,14.818075144951218,14.534704309371103,-0.019123322888308092,1,6026,6027,True,0.5246510246510246,6734
NVDA,A-NOMACD,2023-01-04,2023-01-05,2023-01-30,2023-01-31,14.458873382334806,19.127499744923487,0.32289005091451983,17,6028,6045,True,0.5875260494194701,6718
NVDA,A-NOMACD,2023-09-19,2023-09-20,2023-09-20,2023-09-21,43.51881278602881,41.505572228064345,-0.04626138511321687,1,6205,6206,True,0.5246510246510246,6734
NVDA,A-NOMACD,2023-09-26,2023-09-27,2023-10-13,2023-10-16,42.2511801171412,44.97909439315566,0.06456421497461906,13,6210,6223,True,0.5827134781315085,6722
NVDA,A-NOMACD,2023-10-31,2023-11-01,2023-11-17,2023-11-20,40.80787414060049,49.22017477900762,0.2061440546847204,13,6235,6248,True,0.5827134781315085,6722
NVDA,A-NOMACD,2023-12-07,2023-12-08,2023-12-20,2023-12-21,46.51232056625321,48.72438912714479,0.04755876580573237,9,6261,6270,True,0.5721082366934285,6726
NVDA,A-NOMACD,2024-04-10,2024-04-11,2024-04-17,2024-04-18,87.2689793680449,84.82322924703969,-0.028025423681083628,5,6345,6350,True,0.5530460624071323,6730
NVDA,A-NOMACD,2024-07-29,2024-07-30,2024-07-30,2024-07-31,111.33647720819822,112.71421539482289,0.01237454445453956,1,6420,6421,True,0.5246510246510246,6734
NVDA,A-NOMACD,2025-03-12,2025-03-13,2025-03-26,2025-03-27,116.86621875800482,111.19416561141583,-0.048534582592546505,10,6575,6585,True,0.5745724907063197,6725
NVDA,A-NOMACD,2025-04-08,2025-04-09,2025-04-17,2025-04-21,98.75160385221358,98.63177356997639,-0.0012134515042055982,7,6594,6601,True,0.5610879904875149,6728
NVDA,A-NOMACD,2025-10-23,2025-10-24,2025-11-04,2025-11-05,183.60580497197222,198.51681234435117,0.08121206938231151,8,6731,6739,True,0.5666716218225063,6727
NVDA,A-NOMACD,2025-11-24,2025-11-25,2025-12-11,2025-12-12,174.68719385821646,180.88937065842447,0.03550447324285244,12,6753,6765,True,0.5799494273389856,6723
NVDA,A-NOMACD,2026-03-31,2026-04-01,2026-04-23,2026-04-24,175.79511913229018,199.72721882416832,0.1361363148761181,16,6839,6855,True,0.5895222503348713,6719
NVDA,A-NOMACD,2026-06-30,2026-07-01,2026-07-02,2026-07-06,196.1999969482422,194.4199981689453,-0.009072369046807083,2,6901,6903,True,0.5328976682013961,6733
AAPL,A-NOMACD,1981-09-29,1981-09-30,1981-10-14,1981-10-15,0.05204734206199646,0.06313948333263397,0.21311638272373346,11,201,212,True,0.560746836563136,11301
AAPL,A-NOMACD,1982-01-15,1982-01-18,1982-01-26,1982-01-27,0.06953920423984528,0.0665530264377594,-0.04294236373177862,7,276,283,True,0.5473684210526316,11305
AAPL,A-NOMACD,1982-02-18,1982-02-19,1982-02-23,1982-02-24,0.06441930619107353,0.06271293014287949,-0.02648858159280343,3,299,302,True,0.5332920682642144,11309
AAPL,A-NOMACD,1982-03-03,1982-03-04,1982-03-04,1982-03-05,0.061859726116219683,0.05716721638261417,-0.07585726656450764,1,308,309,True,0.5194058880735567,11311
AAPL,A-NOMACD,1982-03-18,1982-03-19,1982-03-31,1982-04-01,0.05674062669277191,0.06057996302843094,0.0676646797795788,9,319,328,True,0.5541891533221268,11303
AAPL,A-NOMACD,1982-05-03,1982-05-04,1982-05-12,1982-05-13,0.05375448614358902,0.05204734206199646,-0.03175816948621624,7,350,357,True,0.5473684210526316,11305
AAPL,A-NOMACD,1982-05-24,1982-05-25,1982-05-27,1982-05-28,0.049061212688684464,0.047781430184841156,-0.02608542336619568,3,365,368,True,0.5332920682642144,11309
AAPL,A-NOMACD,1982-06-02,1982-06-03,1982-06-03,1982-06-04,0.046928231118257245,0.04522188988656609,-0.036360655218204196,1,371,372,True,0.5194058880735567,11311
AAPL,A-NOMACD,1982-06-11,1982-06-14,1982-06-21,1982-06-22,0.04564845934510231,0.04564845934510231,0.0,6,378,384,True,0.5477622501326729,11306
AAPL,A-NOMACD,1982-07-12,1982-07-13,1982-07-26,1982-07-27,0.04223571717739105,0.04607504606246948,0.09090241960265888,10,398,408,True,0.5561847460626438,11302
AAPL,A-NOMACD,1982-08-10,1982-08-11,1982-08-27,1982-08-30,0.045221880078315735,0.05844702944159508,0.2924502329486498,13,419,432,True,0.5693424196831578,11299
AAPL,A-NOMACD,1983-01-11,1983-01-12,1983-01-24,1983-01-25,0.1006819669553994,0.12030677845708872,0.19491883298607804,9,526,535,True,0.5541891533221268,11303
AAPL,A-NOMACD,1983-03-16,1983-03-17,1983-03-28,1983-03-29,0.14334426465106798,0.14547723952758176,0.014880085238889285,8,571,579,True,0.5504246284501062,11304
AAPL,A-NOMACD,1983-04-11,1983-04-12,1983-04-25,1983-04-26,0.142064528675876,0.16595519522537813,0.16816771063246438,10,588,598,True,0.5561847460626438,11302
AAPL,A-NOMACD,1983-06-30,1983-07-01,1983-07-06,1983-07-07,0.16680837813925414,0.16168929867149587,-0.03068838343050606,3,645,648,True,0.5332920682642144,11309
AAPL,A-NOMACD,1983-07-11,1983-07-12,1983-07-13,1983-07-14,0.16211585226303496,0.15742263709932597,-0.02894976091600343,2,651,653,True,0.5263483642793988,11310
AAPL,A-NOMACD,1983-07-21,1983-07-22,1983-07-27,1983-07-28,0.14803678944792387,0.12371951117682752,-0.1642651016803539,4,659,663,True,0.5386452069331447,11308
AAPL,A-NOMACD,1983-08-05,1983-08-08,1983-08-17,1983-08-18,0.11561425264326476,0.11305393306165283,-0.022145362903585597,8,670,678,True,0.5504246284501062,11304
AAPL,A-NOMACD,1983-09-20,1983-09-21,1983-09-26,1983-09-27,0.1096411403379973,0.08489727102048183,-0.22568051774394227,4,701,705,True,0.5386452069331447,11308
AAPL,A-NOMACD,1983-10-10,1983-10-11,1983-10-18,1983-10-19,0.0674062337424916,0.06612641888340182,-0.018986594978425808,6,715,721,True,0.5477622501326729,11306
AAPL,A-NOMACD,1984-02-09,1984-02-10,1984-02-28,1984-02-29,0.08063133301316347,0.08703027410754437,0.0793604775619452,12,800,812,True,0.5653097345132744,11300
AAPL,A-NOMACD,1984-04-03,1984-04-04,1984-04-04,1984-04-05,0.08532384112425109,0.08361749720726894,-0.019998442340369182,1,837,838,True,0.5194058880735567,11311
AAPL,A-NOMACD,1984-09-11,1984-09-12,1984-09-12,1984-09-13,0.09172350845967878,0.09385650604963303,0.023254644591924833,1,948,949,True,0.5194058880735567,11311
AAPL,A-NOMACD,1984-10-04,1984-10-05,1984-10-09,1984-10-10,0.08660365798791884,0.08404408379939382,-0.029555035526121598,3,965,968,True,0.5332920682642144,11309
AAPL,A-NOMACD,1984-10-15,1984-10-16,1984-10-25,1984-10-26,0.08191112360655099,0.08617704220596241,0.05207984473393612,8,972,980,True,0.5504246284501062,11304
AAPL,A-NOMACD,1984-11-21,1984-11-23,1984-12-03,1984-12-04,0.07977815368216216,0.08489728718996048,0.06416710930906033,7,999,1006,True,0.5473684210526316,11305
AAPL,A-NOMACD,1985-03-04,1985-03-05,1985-03-07,1985-03-08,0.08830998837947845,0.07551144803992614,-0.14492743770450378,3,1068,1071,True,0.5332920682642144,11309
AAPL,A-NOMACD,1985-03-11,1985-03-12,1985-03-25,1985-03-26,0.07849840074777603,0.07679126411676407,-0.021747406504460942,10,1073,1083,True,0.5561847460626438,11302
AAPL,A-NOMACD,1985-04-10,1985-04-11,1985-04-22,1985-04-23,0.07295192033052444,0.07551147788763046,0.035085540524627534,8,1094,1102,True,0.5504246284501062,11304
AAPL,A-NOMACD,1985-05-09,1985-05-10,1985-05-22,1985-05-23,0.06825943554814597,0.06996573960667644,0.024997336189909625,9,1115,1124,True,0.5541891533221268,11303
AAPL,A-NOMACD,1985-06-05,1985-06-06,1985-06-10,1985-06-11,0.05802042409777641,0.05503427982330322,-0.05146712249881036,3,1133,1136,True,0.5332920682642144,11309
AAPL,A-NOMACD,1985-06-18,1985-06-19,1985-07-02,1985-07-03,0.05332714319229126,0.0597267709672451,0.12000694940431278,10,1142,1152,True,0.5561847460626438,11302
AAPL,A-NOMACD,1985-07-26,1985-07-29,1985-07-29,1985-07-30,0.05674064440789052,0.055460844188928604,-0.022555264084803794,1,1169,1170,True,0.5194058880735567,11311
AAPL,A-NOMACD,1985-08-08,1985-08-09,1985-08-15,1985-08-16,0.05204734206199646,0.04991438612341881,-0.04098107327050382,5,1178,1183,True,0.5444414964181481,11307
AAPL,A-NOMACD,1985-08-19,1985-08-20,1985-08-29,1985-08-30,0.05204734206199646,0.051194168627262115,-0.016392257528119014,8,1185,1193,True,0.5504246284501062,11304
AAPL,A-NOMACD,1986-08-04,1986-08-05,1986-08-29,1986-09-02,0.1079347942326046,0.12670641929090032,0.17391634636224884,19,1426,1445,True,0.5821305233330382,11293
AAPL,A-NOMACD,1987-10-21,1987-10-22,1987-10-23,1987-10-26,0.2686715062425589,0.23615775173678877,-0.1210167574540505,2,1734,1736,True,0.5263483642793988,11310
AAPL,A-NOMACD,1987-10-28,1987-10-29,1987-11-10,1987-11-11,0.23444645204812686,0.25498148798942566,0.08758945064813095,9,1739,1748,True,0.5541891533221268,11303
AAPL,A-NOMACD,1988-05-24,1988-05-25,1988-06-16,1988-06-17,0.2686006633890088,0.3082025349140167,0.14743772790930665,16,1883,1899,True,0.5717953257790368,11296
AAPL,A-NOMACD,1988-07-29,1988-08-01,1988-08-09,1988-08-10,0.30648002408581965,0.3013149946016349,-0.016852744316994794,7,1929,1936,True,0.5473684210526316,11305
AAPL,A-NOMACD,1988-08-26,1988-08-29,1988-09-01,1988-09-02,0.28118223521262126,0.2725577093703484,-0.030672371018571898,4,1949,1953,True,0.5386452069331447,11308
AAPL,A-NOMACD,1989-02-17,1989-02-21,1989-03-01,1989-03-02,0.2558191886512237,0.24801418448072352,-0.030509846472624558,7,2070,2077,True,0.5473684210526316,11305
AAPL,A-NOMACD,1989-06-30,1989-07-03,1989-07-11,1989-07-12,0.2902741890378265,0.2763688301818425,-0.047904220840565115,6,2162,2168,True,0.5477622501326729,11306
AAPL,A-NOMACD,1989-07-13,1989-07-14,1989-07-18,1989-07-19,0.28332117199897766,0.2746307214361421,-0.030673495035757226,3,2170,2173,True,0.5332920682642144,11309
AAPL,A-NOMACD,1989-12-20,1989-12-21,1990-01-10,1990-01-11,0.24976121174034918,0.25325485655245233,0.013987939871684896,13,2282,2295,True,0.5693424196831578,11299
AAPL,A-NOMACD,1990-01-23,1990-01-24,1990-02-07,1990-02-08,0.22705623492588808,0.23229572209077579,0.023075724683789822,11,2304,2315,True,0.560746836563136,11301
AAPL,A-NOMACD,1990-05-01,1990-05-02,1990-05-15,1990-05-16,0.27860182523727417,0.2926194832508979,0.05031430788971125,10,2372,2382,True,0.5561847460626438,11302
AAPL,A-NOMACD,1990-08-24,1990-08-27,1990-09-06,1990-09-07,0.25907028444322266,0.25025818921079107,-0.03401430330525934,8,2453,2461,True,0.5504246284501062,11304
AAPL,A-NOMACD,1990-09-28,1990-10-01,1990-10-10,1990-10-11,0.20796130239351876,0.18857476447006383,-0.09322185281745532,8,2477,2485,True,0.5504246284501062,11304
AAPL,A-NOMACD,1990-10-11,1990-10-12,1990-10-16,1990-10-17,0.19914916157722473,0.17800036397597346,-0.10619576519306773,3,2486,2489,True,0.5332920682642144,11309
AAPL,A-NOMACD,1991-05-03,1991-05-06,1991-05-16,1991-05-17,0.34376745692358573,0.34553930728159643,0.005154212018400939,9,2627,2636,True,0.5541891533221268,11303
AAPL,A-NOMACD,1991-05-29,1991-05-30,1991-06-06,1991-06-07,0.33398774241376794,0.32865764861536956,-0.015958950349127088,6,2644,2650,True,0.5477622501326729,11306
AAPL,A-NOMACD,1991-06-21,1991-06-24,1991-07-15,1991-07-16,0.2966805696487427,0.323328378200531,0.08981986445333523,15,2661,2676,True,0.5700628485438612,11297
AAPL,A-NOMACD,1991-11-07,1991-11-08,1991-11-15,1991-11-18,0.36501061794147993,0.3569648547361189,-0.02204254564082564,6,2758,2764,True,0.5477622501326729,11306
AAPL,A-NOMACD,1992-03-16,1992-03-17,1992-03-27,1992-03-30,0.45419278374839483,0.4380994763419266,-0.03543276771958426,9,2846,2855,True,0.5541891533221268,11303
AAPL,A-NOMACD,1992-04-06,1992-04-07,1992-04-07,1992-04-08,0.4363113584279584,0.40770102836728944,-0.06557319562743613,1,2861,2862,True,0.5194058880735567,11311
AAPL,A-NOMACD,1992-04-09,1992-04-10,1992-04-10,1992-04-13,0.40948909093800573,0.39697191896468503,-0.030567778850098204,1,2864,2865,True,0.5194058880735567,11311
AAPL,A-NOMACD,1992-04-13,1992-04-14,1992-04-21,1992-04-22,0.4130651713226982,0.40233609308417645,-0.02597429893245562,5,2866,2871,True,0.5444414964181481,11307
AAPL,A-NOMACD,1992-05-29,1992-06-01,1992-06-02,1992-06-03,0.4103127609032376,0.4049370682668737,-0.013101451255208785,2,2898,2900,True,0.5263483642793988,11310
AAPL,A-NOMACD,1992-06-12,1992-06-15,1992-06-15,1992-06-16,0.3870199276922488,0.37089435895204,-0.04166599078337785,1,2908,2909,True,0.5194058880735567,11311
AAPL,A-NOMACD,1992-06-22,1992-06-23,1992-07-07,1992-07-08,0.3225167098813792,0.315349310848201,-0.02222334165511719,10,2914,2924,True,0.5561847460626438,11302
AAPL,A-NOMACD,1992-09-30,1992-10-01,1992-10-01,1992-10-02,0.32158695599584325,0.31978976953896565,-0.00558849301369313,1,2984,2985,True,0.5194058880735567,11311
AAPL,A-NOMACD,1992-10-05,1992-10-06,1992-10-30,1992-11-02,0.31440037544731003,0.37728058615933935,0.20000043136897383,19,2987,3006,True,0.5821305233330382,11293
AAPL,A-NOMACD,1993-02-17,1993-02-18,1993-03-01,1993-03-02,0.39695051312446594,0.3825160634525175,-0.03636334806153141,8,3080,3088,True,0.5504246284501062,11304
AAPL,A-NOMACD,1993-03-30,1993-03-31,1993-04-02,1993-04-05,0.3789077731026807,0.3608647882938385,-0.047618407669754226,3,3109,3112,True,0.5332920682642144,11309
AAPL,A-NOMACD,1993-04-07,1993-04-08,1993-04-13,1993-04-14,0.3608648489196298,0.34823446720792584,-0.03500031036416329,3,3115,3118,True,0.5332920682642144,11309
AAPL,A-NOMACD,1993-04-14,1993-04-15,1993-04-15,1993-04-16,0.3482346264787776,0.3482346170429016,-2.7096317523067626e-08,1,3119,3120,True,0.5194058880735567,11311
AAPL,A-NOMACD,1993-04-16,1993-04-19,1993-05-12,1993-05-13,0.3500387668609619,0.3861253031229674,0.1030929704890069,18,3121,3139,True,0.5807508411545954,11294
AAPL,A-NOMACD,1993-06-22,1993-06-23,1993-07-01,1993-07-02,0.30195183787733426,0.2766385586156032,-0.0838321748252262,7,3167,3174,True,0.5473684210526316,11305
AAPL,A-NOMACD,1993-07-12,1993-07-13,1993-07-16,1993-07-19,0.2802543569687233,0.20250652705293865,-0.2774188089588252,4,3180,3184,True,0.5386452069331447,11308
AAPL,A-NOMACD,1993-07-28,1993-07-29,1993-08-10,1993-08-11,0.1952738216063951,0.20612251143666632,0.05555629393139272,9,3192,3201,True,0.5541891533221268,11303
AAPL,A-NOMACD,1993-09-07,1993-09-08,1993-09-14,1993-09-15,0.19068546876152265,0.17797307670116425,-0.06666681075869985,5,3220,3225,True,0.5444414964181481,11307
AAPL,A-NOMACD,1994-03-31,1994-04-04,1994-04-12,1994-04-13,0.23595695562143623,0.23595702027807083,2.7401876945276626e-07,7,3364,3371,True,0.5473684210526316,11305
AAPL,A-NOMACD,1994-04-21,1994-04-22,1994-05-09,1994-05-10,0.22864099508907998,0.2322989932498527,0.015998872640260897,11,3378,3389,True,0.560746836563136,11301
AAPL,A-NOMACD,1994-06-10,1994-06-13,1994-06-21,1994-06-22,0.19373475078209662,0.1928166002035141,-0.004739214698839533,7,3412,3419,True,0.5473684210526316,11305
AAPL,A-NOMACD,1994-10-03,1994-10-04,1994-10-20,1994-10-21,0.24508041836704014,0.30036133127226206,0.22556234102078077,13,3491,3504,True,0.5693424196831578,11299
AAPL,A-NOMACD,1994-11-29,1994-11-30,1994-12-01,1994-12-02,0.2837068596360007,0.2698449801308354,-0.04885986726916025,2,3531,3533,True,0.5263483642793988,11310
AAPL,A-NOMACD,1994-12-05,1994-12-06,1994-12-08,1994-12-09,0.2735413007698067,0.2652246227101175,-0.03040373806911134,3,3535,3538,True,0.5332920682642144,11309
AAPL,A-NOMACD,1994-12-09,1994-12-12,1994-12-30,1995-01-03,0.2689209354330853,0.2874029923178761,0.06872673135331109,14,3539,3553,True,0.5691272791644539,11298
AAPL,A-NOMACD,1995-08-11,1995-08-14,1995-08-28,1995-08-29,0.3196578071122476,0.32053045907024896,0.0027299566554772614,11,3708,3719,True,0.560746836563136,11301
AAPL,A-NOMACD,1995-09-25,1995-09-26,1995-10-06,1995-10-09,0.2813959590422755,0.2636916563807453,-0.06291598046321045,9,3738,3747,True,0.5541891533221268,11303
AAPL,A-NOMACD,1996-01-02,1996-01-03,1996-01-18,1996-01-19,0.2392767898994794,0.2317999323077201,-0.031247734453894727,12,3806,3818,True,0.5653097345132744,11300
AAPL,A-NOMACD,1996-02-02,1996-02-05,1996-02-09,1996-02-12,0.22198559738013424,0.21030205132436286,-0.05263200042552374,5,3829,3834,True,0.5444414964181481,11307
AAPL,A-NOMACD,1996-03-11,1996-03-12,1996-03-21,1996-03-22,0.1944127133312658,0.1888042007648644,-0.028848486656553596,8,3854,3862,True,0.5504246284501062,11304
AAPL,A-NOMACD,1996-06-05,1996-06-06,1996-06-06,1996-06-07,0.1869349816656629,0.1794579851506653,-0.039997845498871754,1,3914,3915,True,0.5194058880735567,11311
AAPL,A-NOMACD,1996-06-12,1996-06-13,1996-06-17,1996-06-18,0.18226192500064683,0.17665418657156368,-0.030767470655559293,3,3919,3922,True,0.5332920682642144,11309
AAPL,A-NOMACD,1996-06-27,1996-06-28,1996-07-03,1996-07-05,0.1560909063043378,0.14487470016766787,-0.07185688392891487,4,3930,3934,True,0.5386452069331447,11308
AAPL,A-NOMACD,1996-07-12,1996-07-15,1996-07-15,1996-07-16,0.13552766111749964,0.12992000733334338,-0.04137645214207997,1,3940,3941,True,0.5194058880735567,11311
AAPL,A-NOMACD,1996-07-16,1996-07-17,1996-07-30,1996-07-31,0.12992000733334338,0.15889478772662072,0.22302015669484243,10,3942,3952,True,0.5561847460626438,11302
AAPL,A-NOMACD,1996-09-16,1996-09-17,1996-09-26,1996-09-27,0.17104565412040468,0.16637257145989343,-0.02732067461487042,8,3985,3993,True,0.5504246284501062,11304
AAPL,A-NOMACD,1996-11-01,1996-11-04,1996-11-14,1996-11-15,0.18226183950901031,0.19347813464815838,0.06153945976493658,9,4019,4028,True,0.5541891533221268,11303
AAPL,A-NOMACD,1996-12-20,1996-12-23,1996-12-30,1996-12-31,0.17945802691887994,0.15982936681083001,-0.10937744298795071,5,4053,4058,True,0.5444414964181481,11307
AAPL,A-NOMACD,1997-01-20,1997-01-21,1997-01-27,1997-01-28,0.12711614307816388,0.1271161763894324,2.6205380154742386e-07,5,4072,4077,True,0.5444414964181481,11307
AAPL,A-NOMACD,1997-01-30,1997-01-31,1997-01-31,1997-02-03,0.12431233376264572,0.12618155729750774,0.015036509075849303,1,4080,4081,True,0.5194058880735567,11311
AAPL,A-NOMACD,1997-02-06,1997-02-07,1997-02-21,1997-02-24,0.12337681390746921,0.12150764254542544,-0.015150102380222186,10,4085,4095,True,0.5561847460626438,11302
AAPL,A-NOMACD,1997-05-08,1997-05-09,1997-05-19,1997-05-20,0.12711619240006392,0.12711614307816388,-3.8800643020753256e-07,7,4148,4155,True,0.5473684210526316,11305
AAPL,A-NOMACD,1997-06-06,1997-06-09,1997-06-09,1997-06-10,0.12477963254759611,0.12524696902418014,0.0037452945408038563,1,4168,4169,True,0.5194058880735567,11311
AAPL,A-NOMACD,1997-06-17,1997-06-18,1997-06-20,1997-06-23,0.12057301917828307,0.11589989200390685,-0.03875765246838836,3,4175,4178,True,0.5332920682642144,11309
AAPL,A-NOMACD,1997-07-03,1997-07-07,1997-07-22,1997-07-23,0.10421641230405895,0.12524691436513147,0.20179645025309934,12,4187,4199,True,0.5653097345132744,11300
AAPL,A-NOMACD,1997-09-04,1997-09-05,1997-09-08,1997-09-09,0.1691764183610781,0.1593621345970553,-0.05801212638912767,2,4230,4232,True,0.5263483642793988,11310
AAPL,A-NOMACD,1997-10-28,1997-10-29,1997-11-11,1997-11-12,0.13786502851623936,0.1350603727332836,-0.020343489666238113,10,4268,4278,True,0.5561847460626438,11302
AAPL,A-NOMACD,1997-12-16,1997-12-17,1997-12-18,1997-12-19,0.10702026832136727,0.10141257129891043,-0.05239845788479702,2,4302,4304,True,0.5263483642793988,11310
AAPL,A-NOMACD,1997-12-19,1997-12-22,1997-12-22,1997-12-23,0.10374908020289499,0.0981413699370873,-0.0540506986167113,1,4305,4306,True,0.5194058880735567,11311
AAPL,A-NOMACD,1997-12-26,1997-12-29,1998-01-20,1998-01-21,0.09954330692803094,0.1402016075993601,0.40844836208550706,15,4309,4324,True,0.5700628485438612,11297
AAPL,A-NOMACD,1998-05-28,1998-05-29,1998-05-29,1998-06-01,0.20562897350116682,0.1981511570645381,-0.03636557781380112,1,4413,4414,True,0.5194058880735567,11311
AAPL,A-NOMACD,1998-06-02,1998-06-03,1998-06-03,1998-06-04,0.202825099597457,0.1990857251506892,-0.018436448221592294,1,4416,4417,True,0.5194058880735567,11311
AAPL,A-NOMACD,1998-06-04,1998-06-05,1998-06-18,1998-06-19,0.20095498859882355,0.20469432914902114,0.018607851321683855,10,4418,4428,True,0.5561847460626438,11302
AAPL,A-NOMACD,1998-12-15,1998-12-16,1999-01-06,1999-01-07,0.25236236389722844,0.315920327031041,0.25185198835629774,14,4553,4567,True,0.5691272791644539,11298
AAPL,A-NOMACD,1999-01-27,1999-01-28,1999-02-04,1999-02-05,0.30563884973526,0.2860110374211824,-0.06421897062850146,6,4581,4587,True,0.5477622501326729,11306
AAPL,A-NOMACD,1999-03-09,1999-03-10,1999-03-10,1999-03-11,0.2556342653995467,0.241145996525116,-0.05667577017418257,1,4609,4610,True,0.5194058880735567,11311
AAPL,A-NOMACD,1999-03-12,1999-03-15,1999-03-23,1999-03-24,0.24909110307906532,0.2486238437742506,-0.0018758570620902582,7,4612,4619,True,0.5473684210526316,11305
AAPL,A-NOMACD,1999-06-29,1999-06-30,1999-07-15,1999-07-16,0.3416239680897316,0.40097619463893863,0.1737355457847074,11,4687,4698,True,0.560746836563136,11301
AAPL,A-NOMACD,1999-10-01,1999-10-04,1999-10-19,1999-10-20,0.46640367769091634,0.5234185454280809,0.12224360669588896,12,4753,4765,True,0.5653097345132744,11300
AAPL,A-NOMACD,2000-05-12,2000-05-15,2000-05-15,2000-05-16,0.8080277018311106,0.7815056207480167,-0.032823232449817,1,4908,4909,True,0.5194058880735567,11311
AAPL,A-NOMACD,2000-05-16,2000-05-17,2000-05-18,2000-05-19,0.774846273294507,0.742133020092969,-0.042219023732858796,2,4910,4912,True,0.5263483642793988,11310
AAPL,A-NOMACD,2000-05-25,2000-05-26,2000-05-26,2000-05-30,0.6580117892984644,0.6552074283007435,-0.0042618704456810486,1,4917,4918,True,0.5194058880735567,11311
AAPL,A-NOMACD,2000-05-30,2000-05-31,2000-05-31,2000-06-01,0.649599897389578,0.6112784492940039,-0.05899238631281989,1,4919,4920,True,0.5194058880735567,11311
AAPL,A-NOMACD,2000-06-01,2000-06-02,2000-06-14,2000-06-15,0.7010071636875841,0.6823131908315941,-0.02666730644755755,9,4921,4930,True,0.5541891533221268,11303
AAPL,A-NOMACD,2000-08-03,2000-08-04,2000-09-06,2000-09-07,0.7397964919111268,0.8842039984030428,0.1951989608910769,23,4965,4988,True,0.5843741695455753,11289
AAPL,A-NOMACD,2000-10-12,2000-10-13,2000-10-24,2000-10-25,0.3028349154622917,0.28507632949430894,-0.058641144271206036,8,5014,5022,True,0.5504246284501062,11304
AAPL,A-NOMACD,2000-10-30,2000-10-31,2000-11-08,2000-11-09,0.2953579969058726,0.29722715104812525,0.006328435870481375,7,5026,5033,True,0.5473684210526316,11305
AAPL,A-NOMACD,2000-11-24,2000-11-27,2000-11-28,2000-11-29,0.29722719571389883,0.27058898111547613,-0.08962239991008014,2,5044,5046,True,0.5263483642793988,11310
AAPL,A-NOMACD,2000-12-05,2000-12-06,2000-12-06,2000-12-07,0.21871436829610935,0.21591052640228092,-0.01281965110784311,1,5051,5052,True,0.5194058880735567,11311
AAPL,A-NOMACD,2000-12-11,2000-12-12,2000-12-15,2000-12-18,0.22806047196593215,0.21777975270859004,-0.04507891774808681,4,5055,5059,True,0.5386452069331447,11308
AAPL,A-NOMACD,2000-12-20,2000-12-21,2001-01-05,2001-01-08,0.2131058975872597,0.2532969737304062,0.18859673335267324,10,5062,5072,True,0.5561847460626438,11302
AAPL,A-NOMACD,2001-02-23,2001-02-26,2001-02-28,2001-03-01,0.2850763381127725,0.2663823041298029,-0.06557553708850605,3,5105,5108,True,0.5332920682642144,11309
AAPL,A-NOMACD,2001-05-16,2001-05-17,2001-05-23,2001-05-24,0.3623554949357778,0.3482977460996064,-0.03879546200524131,5,5162,5167,True,0.5444414964181481,11307
AAPL,A-NOMACD,2001-06-01,2001-06-04,2001-06-14,2001-06-15,0.31524786177785774,0.30059218044008457,-0.046489391728532725,9,5173,5182,True,0.5541891533221268,11303
AAPL,A-NOMACD,2001-07-31,2001-08-01,2001-08-09,2001-08-10,0.2842907923606529,0.2847397044198801,0.0015790594394549107,7,5214,5221,True,0.5473684210526316,11305
AAPL,A-NOMACD,2001-09-24,2001-09-25,2001-09-26,2001-09-27,0.24137056236631718,0.22806059520205402,-0.055143291020150254,2,5248,5250,True,0.5263483642793988,11310
AAPL,A-NOMACD,2001-09-28,2001-10-01,2001-10-02,2001-10-03,0.2316500559579854,0.2235742440959094,-0.03486211919387894,2,5252,5254,True,0.5263483642793988,11310
AAPL,A-NOMACD,2002-06-14,2002-06-17,2002-06-20,2002-06-21,0.3026858267514782,0.25378343237659967,-0.1615615600496223,4,5430,5434,True,0.5386452069331447,11308
AAPL,A-NOMACD,2002-06-27,2002-06-28,2002-07-10,2002-07-11,0.2557272975257167,0.2581197833237087,0.009355613660099849,8,5439,5447,True,0.5504246284501062,11304
AAPL,A-NOMACD,2002-07-29,2002-07-30,2002-08-05,2002-08-06,0.22207936762390504,0.2125079034850055,-0.04309929482107022,5,5460,5465,True,0.5444414964181481,11307
AAPL,A-NOMACD,2002-09-10,2002-09-11,2002-09-12,2002-09-13,0.21445172452677289,0.21131118433357302,-0.014644508922136423,2,5490,5492,True,0.5263483642793988,11310
AAPL,A-NOMACD,2002-12-10,2002-12-11,2002-12-18,2002-12-19,0.22880840587478687,0.2172932298466436,-0.050326717605142735,6,5554,5560,True,0.5477622501326729,11306
AAPL,A-NOMACD,2002-12-23,2002-12-24,2002-12-27,2002-12-30,0.2159474253389934,0.21056416162867037,-0.02492858482509064,3,5563,5566,True,0.5332920682642144,11309
AAPL,A-NOMACD,2003-01-27,2003-01-28,2003-02-07,2003-02-10,0.2129568125326325,0.21325588047260893,0.001404359580798209,9,5585,5594,True,0.5541891533221268,11303
AAPL,A-NOMACD,2003-04-22,2003-04-23,2003-05-19,2003-05-20,0.20233853576934538,0.2706818939314496,0.33776738524989525,19,5644,5663,True,0.5821305233330382,11293
AAPL,A-NOMACD,2003-11-24,2003-11-25,2003-12-05,2003-12-08,0.31749067099780304,0.3107607139994307,-0.02119733779018307,8,5795,5803,True,0.5504246284501062,11304
AAPL,A-NOMACD,2004-02-05,2004-02-06,2004-02-19,2004-02-20,0.3357358880802399,0.33648359427612645,0.0022270666390833416,9,5844,5853,True,0.5541891533221268,11303
AAPL,A-NOMACD,2004-05-05,2004-05-06,2004-05-17,2004-05-18,0.39480739653788377,0.40333127847129846,0.021589975284560747,8,5906,5914,True,0.5504246284501062,11304
AAPL,A-NOMACD,2005-03-15,2005-03-16,2005-03-29,2005-03-30,1.2325761753166509,1.2582977169625686,0.020868115221608807,9,6122,6131,True,0.5541891533221268,11303
AAPL,A-NOMACD,2005-04-25,2005-04-26,2005-05-11,2005-05-12,1.1000755728999818,1.059399096176892,-0.03697607484898502,12,6150,6162,True,0.5653097345132744,11300
AAPL,A-NOMACD,2005-06-15,2005-06-16,2005-06-27,2005-06-28,1.1123391740710797,1.1213123286788544,0.008066923126454073,8,6186,6194,True,0.5504246284501062,11304
AAPL,A-NOMACD,2006-01-31,2006-02-01,2006-02-03,2006-02-06,2.24172769620576,2.154092108914458,-0.039092877979618246,3,6344,6347,True,0.5332920682642144,11309
AAPL,A-NOMACD,2006-02-10,2006-02-13,2006-02-13,2006-02-14,1.9928778925342898,1.9471172861810209,-0.022962072350090845,1,6352,6353,True,0.5194058880735567,11311
AAPL,A-NOMACD,2006-02-14,2006-02-15,2006-02-28,2006-03-01,2.0087306671657825,2.0589788502355413,0.025014893181601217,9,6354,6363,True,0.5541891533221268,11303
AAPL,A-NOMACD,2006-03-13,2006-03-14,2006-03-21,2006-03-22,1.967156870064869,1.8591823007736235,-0.05488864204697863,6,6372,6378,True,0.5477622501326729,11306
AAPL,A-NOMACD,2006-03-29,2006-03-30,2006-04-12,2006-04-13,1.8789226309375986,1.9842046785489043,0.05603320002525547,10,6384,6394,True,0.5561847460626438,11302
AAPL,A-NOMACD,2006-05-24,2006-05-25,2006-05-30,2006-05-31,1.9219930482128258,1.8472184739150874,-0.038904705907894854,3,6423,6426,True,0.5332920682642144,11309
AAPL,A-NOMACD,2006-06-01,2006-06-02,2006-06-06,2006-06-07,1.8840075871273563,1.7975692430229613,-0.04588004034325144,3,6428,6431,True,0.5332920682642144,11309
AAPL,A-NOMACD,2006-06-08,2006-06-09,2006-06-12,2006-06-13,1.829871475723861,1.7230937207282908,-0.058352598208205264,2,6433,6435,True,0.5263483642793988,11310
AAPL,A-NOMACD,2006-07-17,2006-07-18,2006-08-04,2006-08-07,1.5899958426874883,2.025479671885575,0.27388991688305975,14,6459,6473,True,0.5691272791644539,11298
AAPL,A-NOMACD,2006-12-27,2006-12-28,2007-01-18,2007-01-19,2.3993504278463864,2.650890999895719,0.10483694633764307,13,6573,6586,True,0.5693424196831578,11299
AAPL,A-NOMACD,2007-02-02,2007-02-05,2007-02-05,2007-02-06,2.5213812305737466,2.5258677500524853,0.0017793895759736778,1,6597,6598,True,0.5194058880735567,11311
AAPL,A-NOMACD,2007-02-06,2007-02-07,2007-02-27,2007-02-28,2.526765296101393,2.482500013973156,-0.017518557104031385,14,6599,6613,True,0.5691272791644539,11298
AAPL,A-NOMACD,2007-08-13,2007-08-14,2007-08-14,2007-08-15,3.837108390927275,3.671108095079803,-0.04326182086489261,1,6729,6730,True,0.5194058880735567,11311
AAPL,A-NOMACD,2007-08-17,2007-08-20,2007-09-05,2007-09-06,3.7075976780807327,4.05454852547464,0.09357834304543777,12,6733,6745,True,0.5653097345132744,11300
AAPL,A-NOMACD,2008-01-22,2008-01-23,2008-01-24,2008-01-25,4.073390966931367,4.1571407991302225,0.020560224363129986,2,6840,6842,True,0.5263483642793988,11310
AAPL,A-NOMACD,2008-01-31,2008-02-01,2008-02-06,2008-02-07,4.074887624137185,3.588259632296005,-0.11942120537476619,4,6847,6851,True,0.5386452069331447,11308
AAPL,A-NOMACD,2008-02-08,2008-02-11,2008-02-21,2008-02-22,3.828731646869365,3.663331876134305,-0.04319962483406281,8,6853,6861,True,0.5504246284501062,11304
AAPL,A-NOMACD,2008-09-11,2008-09-12,2008-09-12,2008-09-15,4.513663130492593,4.248064291011485,-0.05884330128378934,1,7002,7003,True,0.5194058880735567,11311
AAPL,A-NOMACD,2008-09-18,2008-09-19,2008-09-29,2008-09-30,4.265111539490241,3.2377180770946588,-0.24088314054229276,7,7007,7014,True,0.5473684210526316,11305
AAPL,A-NOMACD,2008-10-10,2008-10-13,2008-10-21,2008-10-22,3.1270527643044845,2.912300778401556,-0.0686755235966392,7,7023,7030,True,0.5473684210526316,11305
AAPL,A-NOMACD,2008-12-30,2008-12-31,2008-12-31,2009-01-02,2.5713305434664515,2.5686395031524563,-0.0010465555744409993,1,7078,7079,True,0.5194058880735567,11311
AAPL,A-NOMACD,2009-06-24,2009-06-25,2009-07-06,2009-07-07,4.06023172071925,4.141885942387162,0.020110729456950027,7,7199,7206,True,0.5473684210526316,11305
AAPL,A-NOMACD,2009-12-09,2009-12-10,2009-12-17,2009-12-18,5.966970961992948,5.777643374982876,-0.03172926233695583,6,7316,7322,True,0.5477622501326729,11306
AAPL,A-NOMACD,2010-02-09,2010-02-10,2010-02-23,2010-02-24,5.858998165924167,5.928987095122308,0.011945545503870614,9,7357,7366,True,0.5541891533221268,11303
AAPL,A-NOMACD,2010-07-07,2010-07-08,2010-07-16,2010-07-19,7.8506810260386715,7.473818697747353,-0.048003775346541766,7,7459,7466,True,0.5473684210526316,11305
AAPL,A-NOMACD,2010-08-27,2010-08-30,2010-09-21,2010-09-22,7.201041041067021,8.455748260620018,0.17423969845436127,16,7496,7512,True,0.5717953257790368,11296
AAPL,A-NOMACD,2011-04-18,2011-04-19,2011-05-02,2011-05-03,9.962899510134113,10.408255707152966,0.044701464324300666,9,7657,7666,True,0.5541891533221268,11303
AAPL,A-NOMACD,2011-05-18,2011-05-19,2011-05-23,2011-05-24,10.231487050837707,10.034679609735702,-0.019235467935806105,3,7678,7681,True,0.5332920682642144,11309
AAPL,A-NOMACD,2011-10-05,2011-10-06,2011-10-19,2011-10-20,11.166163455626316,11.963850631463867,0.07143789171701753,10,7775,7785,True,0.5561847460626438,11302
AAPL,A-NOMACD,2011-11-22,2011-11-23,2011-11-23,2011-11-25,11.201454811785142,11.019304194232383,-0.016261335747310035,1,7809,7810,True,0.5194058880735567,11311
AAPL,A-NOMACD,2011-11-28,2011-11-29,2011-12-13,2011-12-14,11.241235997584896,11.56605443005931,0.028895259608836543,11,7812,7823,True,0.560746836563136,11301
AAPL,A-NOMACD,2012-10-16,2012-10-17,2012-10-19,2012-10-22,19.490789915693213,18.39590074836962,-0.05617469441000089,3,8035,8038,True,0.5332920682642144,11309
AAPL,A-NOMACD,2012-11-12,2012-11-13,2012-11-14,2012-11-15,16.261741947792807,16.220098818446044,-0.0025608037244998494,2,8052,8054,True,0.5263483642793988,11310
AAPL,A-NOMACD,2012-11-16,2012-11-19,2012-12-04,2012-12-05,16.316056143707282,17.167007833173002,0.05215425112360328,11,8056,8067,True,0.560746836563136,11301
AAPL,A-NOMACD,2013-03-05,2013-03-06,2013-03-27,2013-03-28,13.187856847994915,13.652537652456049,0.03523550564865152,16,8128,8144,True,0.5717953257790368,11296
AAPL,A-NOMACD,2013-04-10,2013-04-11,2013-04-15,2013-04-16,13.163879027540396,12.795114304618599,-0.028013378286924295,3,8153,8156,True,0.5332920682642144,11309
AAPL,A-NOMACD,2013-04-23,2013-04-24,2013-05-10,2013-05-13,11.944372620449304,13.794537552815939,0.15489846065243063,13,8162,8175,True,0.5693424196831578,11299
AAPL,A-NOMACD,2013-06-28,2013-07-01,2013-07-19,2013-07-22,12.302985269001688,13.120862840114066,0.06647797694865831,14,8209,8223,True,0.5691272791644539,11298
AAPL,A-NOMACD,2013-09-19,2013-09-20,2013-10-03,2013-10-04,14.700282049372122,14.880498739900156,0.01225940358986044,10,8266,8276,True,0.5561847460626438,11302
AAPL,A-NOMACD,2014-02-06,2014-02-07,2014-02-20,2014-02-21,16.22453258863072,16.579595703765595,0.021884335539113398,9,8362,8371,True,0.5541891533221268,11303
AAPL,A-NOMACD,2014-06-26,2014-06-27,2014-07-11,2014-07-14,19.893731414058788,20.997732153912814,0.05549490524808398,10,8459,8469,True,0.5561847460626438,11302
AAPL,A-NOMACD,2015-03-16,2015-03-17,2015-03-25,2015-03-26,27.94507729684157,27.248107132166854,-0.02494071343125215,7,8639,8646,True,0.5473684210526316,11305
AAPL,A-NOMACD,2015-07-10,2015-07-13,2015-07-22,2015-07-23,27.867875485302125,28.12866186185851,0.00935795685946439,8,8720,8728,True,0.5504246284501062,11304
AAPL,A-NOMACD,2015-08-06,2015-08-07,2015-08-20,2015-08-21,25.65428840489449,24.725107924238447,-0.03621930439040233,10,8739,8749,True,0.5561847460626438,11302
AAPL,A-NOMACD,2015-12-23,2015-12-24,2015-12-31,2016-01-04,24.50940174755016,23.072563763387645,-0.05862395169666412,5,8836,8841,True,0.5444414964181481,11307
AAPL,A-NOMACD,2016-01-04,2016-01-05,2016-01-05,2016-01-06,23.778619886268466,22.611605656072086,-0.0490782995723944,1,8842,8843,True,0.5194058880735567,11311
AAPL,A-NOMACD,2016-01-12,2016-01-13,2016-01-13,2016-01-14,22.557645994841828,22.026976177281448,-0.023525052998957685,1,8848,8849,True,0.5194058880735567,11311
AAPL,A-NOMACD,2016-01-14,2016-01-15,2016-01-27,2016-01-28,21.63122844203972,21.08932041453936,-0.025052115230181693,8,8850,8858,True,0.5504246284501062,11304
AAPL,A-NOMACD,2016-05-03,2016-05-04,2016-05-05,2016-05-06,21.52252979686506,21.23733026508152,-0.013251208592824582,2,8925,8927,True,0.5263483642793988,11310
AAPL,A-NOMACD,2016-05-09,2016-05-10,2016-06-01,2016-06-02,21.22823492885758,22.199454383892053,0.04575130519750381,16,8929,8945,True,0.5717953257790368,11296
AAPL,A-NOMACD,2016-06-23,2016-06-24,2016-06-24,2016-06-27,21.132698469807497,21.153179179611314,0.0009691478744693338,1,8961,8962,True,0.5194058880735567,11311
AAPL,A-NOMACD,2016-06-28,2016-06-29,2016-07-21,2016-07-22,21.373809744600234,22.577029198351884,0.05629410330348916,16,8964,8980,True,0.5717953257790368,11296
AAPL,A-NOMACD,2016-11-08,2016-11-09,2016-11-14,2016-11-15,25.256990967873747,24.496152932155507,-0.030123859041087164,4,9057,9061,True,0.5386452069331447,11308
AAPL,A-NOMACD,2017-09-26,2017-09-27,2017-10-12,2017-10-13,35.79227008982112,36.4741357221856,0.01905063944402885,12,9278,9290,True,0.5653097345132744,11300
AAPL,A-NOMACD,2018-02-06,2018-02-07,2018-02-08,2018-02-09,38.090679943847086,36.83423501638265,-0.03298562612472855,2,9369,9371,True,0.5263483642793988,11310
AAPL,A-NOMACD,2018-02-09,2018-02-12,2018-02-28,2018-03-01,37.16957849038807,41.869121344243176,0.12643519363746325,12,9372,9384,True,0.5653097345132744,11300
AAPL,A-NOMACD,2018-04-03,2018-04-04,2018-04-19,2018-04-20,38.66575478350531,40.00713405885561,0.0346916614679027,12,9407,9419,True,0.5653097345132744,11300
AAPL,A-NOMACD,2018-06-27,2018-06-28,2018-07-18,2018-07-19,43.33947202308176,44.65542428942272,0.03036382782051672,14,9467,9481,True,0.5691272791644539,11298
AAPL,A-NOMACD,2018-11-16,2018-11-19,2018-11-19,2018-11-20,45.041894349182606,42.28483901186508,-0.06121090991297429,1,9567,9568,True,0.5194058880735567,11311
AAPL,A-NOMACD,2018-11-27,2018-11-28,2018-12-07,2018-12-10,41.89607267178659,39.11532135314505,-0.06637260108903098,7,9573,9580,True,0.5473684210526316,11305
AAPL,A-NOMACD,2018-12-26,2018-12-27,2019-01-03,2019-01-04,36.943826100791895,34.262650244247524,-0.07257439576587055,5,9592,9597,True,0.5444414964181481,11307
AAPL,A-NOMACD,2019-06-04,2019-06-05,2019-06-21,2019-06-24,44.042208818039946,47.450288424202775,0.07738212268697242,13,9701,9714,True,0.5693424196831578,11299
AAPL,A-NOMACD,2020-03-24,2020-03-25,2020-04-03,2020-04-06,60.47976645109919,60.51594239996791,0.0005981496125315733,8,9904,9912,True,0.5504246284501062,11304
AAPL,A-NOMACD,2020-09-21,2020-09-22,2020-10-08,2020-10-09,109.20245128230411,111.72220118579409,0.023074114856415306,13,10029,10042,True,0.5693424196831578,11299
AAPL,A-NOMACD,2020-10-29,2020-10-30,2020-10-30,2020-11-02,107.63245134560678,105.74262715568275,-0.017558126441400312,1,10057,10058,True,0.5194058880735567,11311
AAPL,A-NOMACD,2021-10-06,2021-10-07,2021-10-27,2021-10-28,139.5366245646865,146.1301073675776,0.0472527038937689,15,10292,10307,True,0.5700628485438612,11297
AAPL,A-NOMACD,2022-01-25,2022-01-26,2022-02-10,2022-02-11,159.70594544292626,168.545490327705,0.0553488779660849,12,10368,10380,True,0.5653097345132744,11300
AAPL,A-NOMACD,2022-04-20,2022-04-21,2022-04-22,2022-04-25,165.200581424204,157.5816959947762,-0.04611899887848414,2,10427,10429,True,0.5263483642793988,11310
AAPL,A-NOMACD,2022-04-25,2022-04-26,2022-04-26,2022-04-27,158.68684707978605,152.4861279810132,-0.03907519251204983,1,10430,10431,True,0.5194058880735567,11311
AAPL,A-NOMACD,2022-04-28,2022-04-29,2022-05-09,2022-05-10,158.28583697775457,152.328132388233,-0.03763889873709203,7,10433,10440,True,0.5473684210526316,11305
AAPL,A-NOMACD,2022-05-16,2022-05-17,2022-05-18,2022-05-19,145.80481151470883,137.0091561140078,-0.060324863832176945,2,10445,10447,True,0.5263483642793988,11310
AAPL,A-NOMACD,2022-05-23,2022-05-24,2022-06-06,2022-06-07,137.92000924521287,141.38736672807937,0.025140351293783336,9,10450,10459,True,0.5541891533221268,11303
AAPL,A-NOMACD,2022-06-22,2022-06-23,2022-07-01,2022-07-05,134.0119221215175,134.94243962271915,0.006943542682403159,7,10470,10477,True,0.5473684210526316,11305
AAPL,A-NOMACD,2022-09-09,2022-09-12,2022-09-15,2022-09-16,156.53173198406338,148.31232430924803,-0.05250952998879599,4,10525,10529,True,0.5386452069331447,11308
AAPL,A-NOMACD,2022-09-19,2022-09-20,2022-09-23,2022-09-26,150.46036632402453,146.7920383807957,-0.024380692622593347,4,10531,10535,True,0.5386452069331447,11308
AAPL,A-NOMACD,2022-10-04,2022-10-05,2022-10-07,2022-10-10,141.3091461524557,137.72911071777344,-0.025334775081153116,3,10542,10545,True,0.5332920682642144,11309
AAPL,A-NOMACD,2022-12-29,2022-12-30,2023-01-05,2023-01-06,126.1581553688859,123.80025205121024,-0.018690058607635507,4,10602,10606,True,0.5386452069331447,11308
AAPL,A-NOMACD,2023-08-18,2023-08-21,2023-09-06,2023-09-07,172.73380105146174,172.84229174782251,0.0006280802929152784,12,10761,10773,True,0.5653097345132744,11300
AAPL,A-NOMACD,2023-09-25,2023-09-26,2023-09-26,2023-09-27,172.4871029695211,170.31643241476104,-0.012584538306864679,1,10786,10787,True,0.5194058880735567,11311
AAPL,A-NOMACD,2023-09-29,2023-10-02,2023-10-16,2023-10-17,168.93512915166482,174.2926830064713,0.03171367543097925,11,10790,10801,True,0.560746836563136,11301
AAPL,A-NOMACD,2023-10-30,2023-10-31,2023-11-21,2023-11-22,167.09010101577766,189.18356183514956,0.1322248336978724,16,10811,10827,True,0.5717953257790368,11296
AAPL,A-NOMACD,2024-01-08,2024-01-09,2024-01-29,2024-01-30,181.70474272826013,188.6401800108733,0.03816871909053665,14,10858,10872,True,0.5691272791644539,11298
AAPL,A-NOMACD,2024-03-11,2024-03-12,2024-03-21,2024-03-22,171.28273835287425,169.90773784358905,-0.008027665382441818,8,10901,10909,True,0.5504246284501062,11304
AAPL,A-NOMACD,2024-04-09,2024-04-10,2024-04-10,2024-04-11,166.97964653177021,166.5246002673459,-0.0027251600651684305,1,10921,10922,True,0.5194058880735567,11311
AAPL,A-NOMACD,2024-04-24,2024-04-25,2024-05-22,2024-05-23,167.70177351115603,189.1766947549615,0.12805422861182136,20,10932,10952,True,0.5808537017357421,11292
AAPL,A-NOMACD,2025-01-15,2025-01-16,2025-01-16,2025-01-17,235.6399687194268,230.44762501944012,-0.02203507209835498,1,11114,11115,True,0.5194058880735567,11311
AAPL,A-NOMACD,2025-01-23,2025-01-24,2025-02-03,2025-02-04,223.160517277336,225.61273982041166,0.010988603956443299,7,11119,11126,True,0.5473684210526316,11305
AAPL,A-NOMACD,2025-03-20,2025-03-21,2025-04-03,2025-04-04,210.26669685360034,192.70471987275084,-0.08352238963014258,10,11158,11168,True,0.5561847460626438,11302
AAPL,A-NOMACD,2025-06-20,2025-06-23,2025-07-08,2025-07-09,200.6601870689569,208.52217876921287,0.039180625788782786,11,11221,11232,True,0.560746836563136,11301
AAPL,A-NOMACD,2026-01-21,2026-01-22,2026-02-10,2026-02-11,248.52352576906395,274.2106536370846,0.10335893871025292,14,11368,11382,True,0.5691272791644539,11298
AAPL,A-NOMACD,2026-03-17,2026-03-18,2026-03-18,2026-03-19,252.1799767808244,248.95572868612365,-0.012785503971645684,1,11406,11407,True,0.5194058880735567,11311
AAPL,A-NOMACD,2026-03-23,2026-03-24,2026-03-30,2026-03-31,249.90403139868116,247.46837564153284,-0.009746364408434127,5,11410,11415,True,0.5444414964181481,11307
AAPL,A-NOMACD,2026-06-16,2026-06-17,2026-06-25,2026-06-26,300.59074812548096,274.7630284991681,-0.08592320218562122,6,11469,11475,True,0.5477622501326729,11306
AAPL,A-NOMACD,2026-08-14,2026-08-17,,,306.2099914550781,,,2,11510,-1,False,,0
MSFT,A-NOMACD,1987-05-28,1987-05-29,1987-06-05,1987-06-08,0.24547646460207623,0.2306947347458729,-0.06021648503112054,6,306,312,True,0.5567134268537074,9980
MSFT,A-NOMACD,1987-06-17,1987-06-18,1987-06-30,1987-07-01,0.21855302019721556,0.21485802450547958,-0.016906632946100397,9,320,329,True,0.5753232434599579,9977
MSFT,A-NOMACD,1987-10-22,1987-10-23,1987-10-23,1987-10-26,0.22172030422496636,0.19638122781207606,-0.11428396917217043,1,409,410,True,0.5200801201802704,9985
MSFT,A-NOMACD,1987-10-29,1987-10-30,1987-11-16,1987-11-17,0.21010662615299222,0.1974368691444397,-0.06030155850166696,12,414,426,True,0.5919390415079205,9974
MSFT,A-NOMACD,1988-07-29,1988-08-01,1988-08-02,1988-08-03,0.25233942191154207,0.2417807633617781,-0.04184307972880008,2,603,605,True,0.5297475961538461,9984
MSFT,A-NOMACD,1988-08-05,1988-08-08,1988-08-09,1988-08-10,0.22699967992001163,0.21644158944943542,-0.046511477347882524,2,608,610,True,0.5297475961538461,9984
MSFT,A-NOMACD,1988-08-11,1988-08-12,1988-08-22,1988-08-23,0.21855304841826365,0.20377143899421626,-0.06763396589993365,7,612,619,True,0.5661889968934763,9979
MSFT,A-NOMACD,1988-10-11,1988-10-12,1988-10-24,1988-10-25,0.2090508296128079,0.21960881392014958,0.05050438846330607,9,654,663,True,0.5753232434599579,9977
MSFT,A-NOMACD,1988-11-23,1988-11-25,1988-12-08,1988-12-09,0.19532549968350635,0.20588348529216835,0.05405328861704972,10,685,695,True,0.5839013632718525,9976
MSFT,A-NOMACD,1989-03-02,1989-03-03,1989-03-07,1989-03-08,0.2565623037098772,0.22699962551554048,-0.11522611765977298,3,752,755,True,0.543223479915857,9983
MSFT,A-NOMACD,1989-03-21,1989-03-22,1989-04-11,1989-04-12,0.20905070882527205,0.21855310543030204,0.045454983905231616,14,765,779,True,0.5952667468912957,9972
MSFT,A-NOMACD,1989-06-23,1989-06-26,1989-06-27,1989-06-28,0.2333348101507902,0.2280554002782057,-0.02262589910683588,2,831,833,True,0.5297475961538461,9984
MSFT,A-NOMACD,1989-06-30,1989-07-03,1989-07-13,1989-07-14,0.2243603213708134,0.22488817561240362,0.0023527076372733546,8,836,844,True,0.5703547805171377,9978
MSFT,A-NOMACD,1989-12-19,1989-12-20,1990-01-05,1990-01-08,0.3431388219004481,0.37798097982471623,0.10153953939486504,11,955,966,True,0.5885714285714285,9975
MSFT,A-NOMACD,1990-08-08,1990-08-09,1990-08-17,1990-08-20,0.5405758451768861,0.5089018200535391,-0.058593119551952344,7,1115,1122,True,0.5661889968934763,9979
MSFT,A-NOMACD,1991-03-20,1991-03-21,1991-03-21,1991-03-22,0.840426195834009,0.7981940377594697,-0.050250882568730004,1,1270,1271,True,0.5200801201802704,9985
MSFT,A-NOMACD,1991-05-01,1991-05-02,1991-05-14,1991-05-15,0.8552076068681989,0.8467607732453933,-0.009876939301017407,9,1299,1308,True,0.5753232434599579,9977
MSFT,A-NOMACD,1991-06-28,1991-07-01,1991-07-05,1991-07-08,0.8710451639640873,0.769686846181379,-0.11636402103586818,4,1340,1344,True,0.5463834902825085,9982
MSFT,A-NOMACD,1992-05-01,1992-05-04,1992-05-13,1992-05-14,1.4380158919232744,1.4285138668312778,-0.006607733019756923,8,1553,1561,True,0.5703547805171377,9978
MSFT,A-NOMACD,1992-06-22,1992-06-23,1992-06-26,1992-06-29,1.420595684498299,1.3018166802209388,-0.0836121111541378,4,1588,1592,True,0.5463834902825085,9982
MSFT,A-NOMACD,1993-04-27,1993-04-28,1993-05-11,1993-05-12,1.5773832950481148,1.6629041964050832,0.05421694373551733,10,1802,1812,True,0.5839013632718525,9976
MSFT,A-NOMACD,1993-06-25,1993-06-28,1993-07-01,1993-07-02,1.6866601189072925,1.658152937889099,-0.016901556335287116,4,1844,1848,True,0.5463834902825085,9982
MSFT,A-NOMACD,1993-07-08,1993-07-09,1993-07-13,1993-07-14,1.615392634766674,1.5773827755062158,-0.023529796064687636,3,1852,1855,True,0.543223479915857,9983
MSFT,A-NOMACD,1993-07-14,1993-07-15,1993-07-16,1993-07-19,1.6011401666445075,1.5108672734048463,-0.05638038138087886,2,1856,1858,True,0.5297475961538461,9984
MSFT,A-NOMACD,1993-07-21,1993-07-22,1993-07-22,1993-07-23,1.534623678250153,1.4633560482504089,-0.046439808670883154,1,1861,1862,True,0.5200801201802704,9985
MSFT,A-NOMACD,1993-07-28,1993-07-29,1993-08-02,1993-08-03,1.4823598559898665,1.3873370885849,-0.06410236152915372,3,1866,1869,True,0.543223479915857,9983
MSFT,A-NOMACD,1993-08-05,1993-08-06,1993-08-06,1993-08-09,1.4205952156137103,1.3920885329853139,-0.020066717327413497,1,1872,1873,True,0.5200801201802704,9985
MSFT,A-NOMACD,1993-08-11,1993-08-12,1993-08-24,1993-08-25,1.3778347461610227,1.4253462887061967,0.03448275831158454,9,1876,1885,True,0.5753232434599579,9977
MSFT,A-NOMACD,1994-02-15,1994-02-16,1994-02-16,1994-02-17,1.525121028235773,1.501364776307101,-0.015576633912229743,1,2007,2008,True,0.5200801201802704,9985
MSFT,A-NOMACD,1995-02-03,1995-02-06,1995-02-15,1995-02-16,2.285305332255203,2.313812255859375,0.012474010891157628,8,2251,2259,True,0.5703547805171377,9978
MSFT,A-NOMACD,1995-11-24,1995-11-27,1995-12-05,1995-12-06,3.3685681392860007,3.2735470317270536,-0.028208159559179213,7,2455,2462,True,0.5661889968934763,9979
MSFT,A-NOMACD,1996-07-16,1996-07-17,1996-07-24,1996-07-25,4.475587298864909,4.409071974613496,-0.014861809145870652,6,2616,2622,True,0.5567134268537074,9980
MSFT,A-NOMACD,1997-12-29,1997-12-30,1998-01-09,1998-01-12,9.611586434543707,9.473802700926438,-0.014335170843605916,8,2984,2992,True,0.5703547805171377,9978
MSFT,A-NOMACD,1998-05-08,1998-05-11,1998-05-21,1998-05-22,13.09417791960855,13.170197629684772,0.005805611512455622,9,3074,3083,True,0.5753232434599579,9977
MSFT,A-NOMACD,1998-08-06,1998-08-07,1998-08-11,1998-08-12,16.334468187379443,15.859352390373271,-0.029086701296664352,3,3136,3139,True,0.543223479915857,9983
MSFT,A-NOMACD,1998-08-12,1998-08-13,1998-08-27,1998-08-28,15.83084934645221,16.45799321969728,0.03961530171377792,11,3140,3151,True,0.5885714285714285,9975
MSFT,A-NOMACD,1999-05-10,1999-05-11,1999-05-14,1999-05-17,24.553957854078412,23.527711967721366,-0.041795538318340264,4,3326,3330,True,0.5463834902825085,9982
MSFT,A-NOMACD,1999-08-05,1999-08-06,1999-08-09,1999-08-10,26.169359975974462,25.409177675225635,-0.02904856295479652,2,3387,3389,True,0.5297475961538461,9984
MSFT,A-NOMACD,1999-08-10,1999-08-11,1999-09-01,1999-09-02,25.542202616056514,27.822760647539383,0.08928587975608848,16,3390,3406,True,0.6038114343029087,9970
MSFT,A-NOMACD,2000-02-01,2000-02-02,2000-02-11,2000-02-14,31.148567602934488,30.78272477207399,-0.011745093242298332,8,3511,3519,True,0.5703547805171377,9978
MSFT,A-NOMACD,2000-02-28,2000-02-29,2000-02-29,2000-03-01,27.89877683199369,27.252624537972686,-0.02316059581795038,1,3529,3530,True,0.5200801201802704,9985
MSFT,A-NOMACD,2000-03-01,2000-03-02,2000-03-14,2000-03-15,27.91779249898561,28.753985208733834,0.029951963780037616,9,3531,3540,True,0.5753232434599579,9977
MSFT,A-NOMACD,2000-04-17,2000-04-18,2000-04-26,2000-04-27,23.26164466970368,20.50598344486957,-0.1184637313466973,6,3564,3570,True,0.5567134268537074,9980
MSFT,A-NOMACD,2000-04-27,2000-04-28,2000-05-09,2000-05-10,21.513228023351306,20.601006188181014,-0.04240283392990263,8,3571,3579,True,0.5703547805171377,9978
MSFT,A-NOMACD,2000-05-30,2000-05-31,2000-06-12,2000-06-13,19.351444410634684,20.296930197194136,0.04885866742018785,9,3593,3602,True,0.5753232434599579,9977
MSFT,A-NOMACD,2000-07-28,2000-07-31,2000-08-15,2000-08-16,21.34218666226926,21.85531913394659,0.024043106725539776,12,3635,3647,True,0.5919390415079205,9974
MSFT,A-NOMACD,2000-09-13,2000-09-14,2000-09-14,2000-09-15,20.88608613154601,19.8978306176948,-0.04731645305046228,1,3667,3668,True,0.5200801201802704,9985
MSFT,A-NOMACD,2000-09-19,2000-09-20,2000-09-25,2000-09-26,19.726789303790735,18.529502843930977,-0.0606934276745017,4,3671,3675,True,0.5463834902825085,9982
MSFT,A-NOMACD,2000-09-26,2000-09-27,2000-09-27,2000-09-28,19.28969052894828,18.491500518129993,-0.041379098831079486,1,3676,3677,True,0.5200801201802704,9985
MSFT,A-NOMACD,2000-09-28,2000-09-29,2000-10-02,2000-10-03,18.548501571101845,18.11139831964482,-0.02356542116253868,2,3678,3680,True,0.5297475961538461,9984
MSFT,A-NOMACD,2000-10-10,2000-10-11,2000-10-16,2000-10-17,16.419984962908142,15.773831406490508,-0.03935165335883439,4,3686,3690,True,0.5463834902825085,9982
MSFT,A-NOMACD,2000-10-18,2000-10-19,2000-11-08,2000-11-09,17.76931381225586,20.8290560821587,0.17219248318933245,15,3692,3707,True,0.5951258650085247,9971
MSFT,A-NOMACD,2000-12-11,2000-12-12,2000-12-15,2000-12-18,17.57926746915699,14.899615099539165,-0.15243253874595752,4,3729,3733,True,0.5463834902825085,9982
MSFT,A-NOMACD,2000-12-22,2000-12-26,2001-01-17,2001-01-18,14.253464698791504,16.32496662612434,0.1453332204561093,15,3738,3753,True,0.5951258650085247,9971
MSFT,A-NOMACD,2001-02-23,2001-02-26,2001-03-09,2001-03-12,17.522261148234602,16.62904131713757,-0.05097628802245224,10,3779,3789,True,0.5839013632718525,9976
MSFT,A-NOMACD,2001-08-24,2001-08-27,2001-08-30,2001-08-31,18.82217006550223,17.286600911517652,-0.08158300284402431,4,3906,3910,True,0.5463834902825085,9982
MSFT,A-NOMACD,2001-09-10,2001-09-17,2001-09-17,2001-09-18,16.42607084670965,16.240581105036654,-0.011292398736375331,1,3916,3917,True,0.5200801201802704,9985
MSFT,A-NOMACD,2001-09-18,2001-09-19,2001-09-20,2001-09-21,16.55986438731049,14.57121570778606,-0.12008846407270668,2,3918,3920,True,0.5297475961538461,9984
MSFT,A-NOMACD,2001-09-21,2001-09-24,2001-10-10,2001-10-11,15.4013455546273,16.955158809451817,0.10088814963038595,13,3921,3934,True,0.594003810287777,9973
MSFT,A-NOMACD,2002-01-31,2002-02-01,2002-02-04,2002-02-05,19.506337051474404,18.48768966850105,-0.052221356592234036,2,4011,4013,True,0.5297475961538461,9984
MSFT,A-NOMACD,2002-02-08,2002-02-11,2002-02-19,2002-02-20,18.247473893927424,18.061992343451372,-0.010164779604796559,6,4017,4023,True,0.5567134268537074,9980
MSFT,A-NOMACD,2002-03-28,2002-04-01,2002-04-02,2002-04-03,18.192741131779286,17.466007752763797,-0.0399463375942849,2,4050,4052,True,0.5297475961538461,9984
MSFT,A-NOMACD,2002-04-08,2002-04-09,2002-04-09,2002-04-10,17.432558719091602,16.760550815635796,-0.0385490113232686,1,4056,4057,True,0.5200801201802704,9985
MSFT,A-NOMACD,2002-04-10,2002-04-11,2002-04-11,2002-04-12,16.994688544097855,16.76967771658498,-0.013240067738165218,1,4058,4059,True,0.5200801201802704,9985
MSFT,A-NOMACD,2002-04-12,2002-04-15,2002-04-23,2002-04-24,17.028137451580776,16.374376622295088,-0.038392973461991664,7,4060,4067,True,0.5661889968934763,9979
MSFT,A-NOMACD,2002-06-05,2002-06-06,2002-06-20,2002-06-21,15.659802156501957,16.23754967270031,0.0368936663710322,11,4097,4108,True,0.5885714285714285,9975
MSFT,A-NOMACD,2002-09-09,2002-09-10,2002-09-17,2002-09-18,14.759745882368893,14.206330784203372,-0.037494893379336425,6,4163,4169,True,0.5567134268537074,9980
MSFT,A-NOMACD,2002-09-25,2002-09-26,2002-09-27,2002-09-30,14.324914345202945,13.64379158989643,-0.04754812063044589,2,4175,4177,True,0.5297475961538461,9984
MSFT,A-NOMACD,2002-12-16,2002-12-17,2002-12-20,2002-12-23,16.54769696468152,16.131118229830868,-0.025174423712240768,4,4232,4236,True,0.5463834902825085,9982
MSFT,A-NOMACD,2003-02-03,2003-02-04,2003-02-04,2003-02-05,14.534733074557698,14.54385535758392,0.0006276195771486304,1,4264,4265,True,0.5200801201802704,9985
MSFT,A-NOMACD,2003-02-06,2003-02-07,2003-02-07,2003-02-10,14.559052028591047,14.230657164001776,-0.02255606092651974,1,4267,4268,True,0.5200801201802704,9985
MSFT,A-NOMACD,2003-02-10,2003-02-11,2003-02-26,2003-02-27,14.382695726936143,14.581469066352257,0.013820311796198803,11,4269,4280,True,0.5885714285714285,9975
MSFT,A-NOMACD,2003-03-07,2003-03-10,2003-03-10,2003-03-11,14.221501692468731,14.06898064552217,-0.010724679449803154,1,4287,4288,True,0.5200801201802704,9985
MSFT,A-NOMACD,2003-03-12,2003-03-13,2003-03-24,2003-03-25,14.471647195517269,15.618643521947819,0.07925817365046339,8,4290,4298,True,0.5703547805171377,9978
MSFT,A-NOMACD,2003-05-27,2003-05-28,2003-06-05,2003-06-06,15.118355894484177,14.910918848361028,-0.013720873325837712,7,4342,4349,True,0.5661889968934763,9979
MSFT,A-NOMACD,2003-08-18,2003-08-19,2003-09-10,2003-09-11,15.771166127136546,16.875460282902665,0.07001981634484356,16,4400,4416,True,0.6038114343029087,9970
MSFT,A-NOMACD,2003-11-12,2003-11-13,2003-11-14,2003-11-17,15.865785538709826,15.577425704396946,-0.01817494845176948,2,4461,4463,True,0.5297475961538461,9984
MSFT,A-NOMACD,2003-11-18,2003-11-19,2003-12-22,2003-12-23,15.516067161572714,16.66950117783446,0.07433803967530861,23,4465,4488,True,0.6087523838201345,9963
MSFT,A-NOMACD,2004-02-11,2004-02-12,2004-02-13,2004-02-17,16.620420093896904,16.393410693345427,-0.013658463460549664,2,4522,4524,True,0.5297475961538461,9984
MSFT,A-NOMACD,2004-02-17,2004-02-18,2004-02-19,2004-02-20,16.503843454572603,16.356601400159686,-0.008921682686715116,2,4525,4527,True,0.5297475961538461,9984
MSFT,A-NOMACD,2004-03-18,2004-03-19,2004-03-19,2004-03-22,15.19703849705527,15.019115575087199,-0.01170773647790313,1,4547,4548,True,0.5200801201802704,9985
MSFT,A-NOMACD,2004-03-22,2004-03-23,2004-04-08,2004-04-12,15.123412370097519,15.632641405136027,0.03367156978707864,13,4549,4562,True,0.594003810287777,9973
MSFT,A-NOMACD,2004-05-12,2004-05-13,2004-05-17,2004-05-18,15.841239507512041,15.767619905730687,-0.004647338470354145,3,4585,4588,True,0.543223479915857,9983
MSFT,A-NOMACD,2004-08-10,2004-08-11,2004-08-12,2004-08-13,16.804471146612457,16.571337286384843,-0.013873323247938774,2,4646,4648,True,0.5297475961538461,9984
MSFT,A-NOMACD,2004-08-18,2004-08-19,2004-09-03,2004-09-07,16.779933228576702,16.792513233003373,0.0007497052732752252,12,4652,4664,True,0.5919390415079205,9974
MSFT,A-NOMACD,2005-01-04,2005-01-05,2005-01-07,2005-01-10,18.407317605467973,18.242720288879102,-0.008941950158994239,3,4748,4751,True,0.543223479915857,9983
MSFT,A-NOMACD,2005-01-10,2005-01-11,2005-01-13,2005-01-14,18.304454294412157,18.105567801480067,-0.010865469668374872,3,4752,4755,True,0.543223479915857,9983
MSFT,A-NOMACD,2005-01-18,2005-01-19,2005-01-19,2005-01-20,17.975253843116107,17.721499496006906,-0.014116871412437892,1,4757,4758,True,0.5200801201802704,9985
MSFT,A-NOMACD,2005-01-25,2005-01-26,2005-02-07,2005-02-08,17.879245263832257,17.96153831948715,0.00460271417727931,9,4762,4771,True,0.5753232434599579,9977
MSFT,A-NOMACD,2005-03-02,2005-03-03,2005-03-03,2005-03-04,17.404700161226067,17.342786101246087,-0.003557318391379738,1,4787,4788,True,0.5200801201802704,9985
MSFT,A-NOMACD,2005-03-07,2005-03-08,2005-03-11,2005-03-14,17.473493576049805,17.253355987740726,-0.012598372921303613,4,4790,4794,True,0.5463834902825085,9982
MSFT,A-NOMACD,2005-03-24,2005-03-28,2005-04-14,2005-04-15,16.78556363099303,16.909386228827465,0.007376731610358789,14,4803,4817,True,0.5952667468912957,9972
MSFT,A-NOMACD,2005-06-20,2005-06-21,2005-06-27,2005-06-28,17.308082165527406,17.314986317158127,0.00039889755344879596,5,4863,4868,True,0.5502454663861337,9981
MSFT,A-NOMACD,2005-07-05,2005-07-06,2005-07-06,2005-07-07,17.232169340545262,16.963019923285653,-0.015619009536212758,1,4873,4874,True,0.5200801201802704,9985
MSFT,A-NOMACD,2005-09-27,2005-09-28,2005-10-05,2005-10-06,17.57398976052524,17.068709682916367,-0.028751585979857275,6,4932,4938,True,0.5567134268537074,9980
MSFT,A-NOMACD,2005-10-14,2005-10-17,2005-10-27,2005-10-28,17.0825551719119,17.37326478041464,0.017017922996715562,9,4945,4954,True,0.5753232434599579,9977
MSFT,A-NOMACD,2005-12-23,2005-12-27,2005-12-27,2005-12-28,18.52101278766483,18.40300949253718,-0.006371319780430262,1,4994,4995,True,0.5200801201802704,9985
MSFT,A-NOMACD,2006-02-15,2006-02-16,2006-03-06,2006-03-07,18.70219022355148,18.737014330441163,0.0018620336160322104,12,5029,5041,True,0.5919390415079205,9974
MSFT,A-NOMACD,2006-05-10,2006-05-11,2006-05-11,2006-05-12,16.515034873727693,16.118017323495753,-0.02403976457013235,1,5087,5088,True,0.5200801201802704,9985
MSFT,A-NOMACD,2006-05-22,2006-05-23,2006-05-31,2006-06-01,16.15988859750043,15.901151611078479,-0.016011062505837614,6,5095,5101,True,0.5567134268537074,9980
MSFT,A-NOMACD,2006-06-14,2006-06-15,2006-07-05,2006-07-06,15.390700142313847,16.397634596627814,0.06542486339173026,14,5111,5125,True,0.5952667468912957,9972
MSFT,A-NOMACD,2007-02-14,2007-02-15,2007-02-27,2007-02-28,20.903466224082358,19.751590514310667,-0.05510453134536342,8,5279,5287,True,0.5703547805171377,9978
MSFT,A-NOMACD,2007-03-08,2007-03-09,2007-03-13,2007-03-14,19.377050212499693,18.953035695190287,-0.02188230471921282,3,5294,5297,True,0.543223479915857,9983
MSFT,A-NOMACD,2007-08-07,2007-08-08,2007-08-13,2007-08-14,21.07043315780514,20.468412998054134,-0.028571797990208814,4,5399,5403,True,0.5463834902825085,9982
MSFT,A-NOMACD,2007-08-20,2007-08-21,2007-09-07,2007-09-10,19.991747662331253,20.397264609566367,0.020284216972145774,13,5408,5421,True,0.594003810287777,9973
MSFT,A-NOMACD,2008-02-13,2008-02-14,2008-02-29,2008-03-03,20.614607046623924,19.519521731029823,-0.05312181372739022,11,5530,5541,True,0.5885714285714285,9975
MSFT,A-NOMACD,2008-07-15,2008-07-16,2008-07-21,2008-07-22,18.793048534568197,18.3687098506234,-0.02257955558217506,4,5635,5639,True,0.5463834902825085,9982
MSFT,A-NOMACD,2008-09-10,2008-09-11,2008-09-17,2008-09-18,18.846336945227257,17.9076334269326,-0.04980827420324674,5,5675,5680,True,0.5502454663861337,9981
MSFT,A-NOMACD,2008-11-13,2008-11-14,2008-11-17,2008-11-18,14.846009276428251,14.17598525197659,-0.04513159139106104,2,5721,5723,True,0.5297475961538461,9984
MSFT,A-NOMACD,2008-11-18,2008-11-19,2008-11-19,2008-11-20,14.270482764056753,13.17276140084607,-0.07692251070689271,1,5724,5725,True,0.5200801201802704,9985
MSFT,A-NOMACD,2008-11-21,2008-11-24,2008-12-02,2008-12-03,14.459508240257685,13.558058515092824,-0.062343041698684765,6,5727,5733,True,0.5567134268537074,9980
MSFT,A-NOMACD,2009-01-28,2009-01-29,2009-01-30,2009-02-02,12.925591424834717,12.38036601478062,-0.04218185397741436,2,5771,5773,True,0.5297475961538461,9984
MSFT,A-NOMACD,2009-02-02,2009-02-03,2009-02-13,2009-02-17,12.97648383370511,13.533909107939154,0.04295657293435595,9,5774,5783,True,0.5753232434599579,9977
MSFT,A-NOMACD,2009-03-06,2009-03-09,2009-03-25,2009-03-26,11.125766605117402,13.29967703070191,0.195394214416164,13,5797,5810,True,0.594003810287777,9973
MSFT,A-NOMACD,2010-02-03,2010-02-04,2010-02-04,2010-02-05,21.115367946733564,20.83264384247016,-0.013389494560389181,1,6027,6028,True,0.5200801201802704,9985
MSFT,A-NOMACD,2010-02-11,2010-02-12,2010-02-26,2010-03-01,20.691278067761125,21.505631303875965,0.0393573192263883,10,6033,6043,True,0.5839013632718525,9976
MSFT,A-NOMACD,2010-05-10,2010-05-11,2010-05-20,2010-05-21,21.438358648129455,19.995805533049534,-0.06728841226871562,8,6093,6101,True,0.5703547805171377,9978
MSFT,A-NOMACD,2010-05-28,2010-06-01,2010-06-08,2010-06-09,19.169848502326726,18.93706608696488,-0.012143153626571035,6,6107,6113,True,0.5567134268537074,9980
MSFT,A-NOMACD,2010-07-06,2010-07-07,2010-07-21,2010-07-22,17.88584194693035,19.154816428642693,0.07094854608899936,11,6132,6143,True,0.5885714285714285,9975
MSFT,A-NOMACD,2010-08-27,2010-08-30,2010-08-30,2010-08-31,17.920859570287853,17.815180101697276,-0.005897008911659007,1,6170,6171,True,0.5200801201802704,9985
MSFT,A-NOMACD,2010-09-01,2010-09-02,2010-09-22,2010-09-23,18.026544515228803,18.502124707730495,0.026382216075849785,14,6173,6187,True,0.5952667468912957,9972
MSFT,A-NOMACD,2010-10-05,2010-10-06,2010-10-19,2010-10-20,18.358696982604364,19.068287956198937,0.03865148895190873,10,6196,6206,True,0.5839013632718525,9976
MSFT,A-NOMACD,2010-11-24,2010-11-26,2010-12-20,2010-12-21,19.147469274285317,21.152602781014853,0.10472054964581612,17,6232,6249,True,0.5986558330825559,9969
MSFT,A-NOMACD,2011-02-17,2011-02-18,2011-02-22,2011-02-23,20.727544985228025,20.269135660001535,-0.022115948876395453,2,6290,6292,True,0.5297475961538461,9984
MSFT,A-NOMACD,2011-03-08,2011-03-09,2011-03-10,2011-03-11,19.71904794580631,19.413438004071264,-0.015498209780459571,2,6302,6304,True,0.5297475961538461,9984
MSFT,A-NOMACD,2011-03-11,2011-03-14,2011-03-16,2011-03-17,19.47455915076411,19.146044541515927,-0.016868911214110605,3,6305,6308,True,0.543223479915857,9983
MSFT,A-NOMACD,2011-03-21,2011-03-22,2011-03-31,2011-04-01,19.32939910888672,19.505118299639843,0.009090773580868072,8,6311,6319,True,0.5703547805171377,9978
MSFT,A-NOMACD,2011-05-19,2011-05-20,2011-05-23,2011-05-24,19.01007377132734,18.610188971946567,-0.0210354154429383,2,6353,6355,True,0.5297475961538461,9984
MSFT,A-NOMACD,2011-06-14,2011-06-15,2011-06-15,2011-06-16,18.456375827063415,18.264124989509583,-0.010416499932339174,1,6370,6371,True,0.5200801201802704,9985
MSFT,A-NOMACD,2011-06-16,2011-06-17,2011-07-11,2011-07-12,18.625561144849755,20.417372095973892,0.09620171640410424,16,6372,6388,True,0.6038114343029087,9970
MSFT,A-NOMACD,2011-08-12,2011-08-15,2011-08-19,2011-08-22,19.409964803091718,18.89789514786531,-0.02638179205481317,5,6412,6417,True,0.5502454663861337,9981
MSFT,A-NOMACD,2011-11-29,2011-11-30,2011-12-12,2011-12-13,19.780916873648827,20.07719049474002,0.01497774966568266,9,6487,6496,True,0.5753232434599579,9977
MSFT,A-NOMACD,2012-04-16,2012-04-17,2012-04-27,2012-04-30,24.5416333960732,25.098855114817994,0.022705160237376676,9,6581,6590,True,0.5753232434599579,9977
MSFT,A-NOMACD,2012-05-22,2012-05-23,2012-06-01,2012-06-04,23.18590037921976,22.60921868074833,-0.024872085579573877,7,6607,6614,True,0.5661889968934763,9979
MSFT,A-NOMACD,2012-10-04,2012-10-05,2012-10-09,2012-10-10,24.03929236491822,23.180461019002344,-0.03572614920933426,3,6701,6704,True,0.543223479915857,9983
MSFT,A-NOMACD,2012-10-12,2012-10-15,2012-10-19,2012-10-22,23.355408403371115,22.846467690206868,-0.02179112882011458,5,6707,6712,True,0.5502454663861337,9981
MSFT,A-NOMACD,2012-10-31,2012-11-01,2012-11-08,2012-11-09,22.933942506231187,22.965753012877354,0.001387049201746482,6,6718,6724,True,0.5567134268537074,9980
MSFT,A-NOMACD,2012-11-23,2012-11-26,2012-11-30,2012-12-03,22.080125093990972,21.470799395455465,-0.02759611623311553,5,6734,6739,True,0.5502454663861337,9981
MSFT,A-NOMACD,2013-07-31,2013-08-01,2013-08-14,2013-08-15,26.09856416953632,26.233293390410193,0.005162323107074762,10,6905,6915,True,0.5839013632718525,9976
MSFT,A-NOMACD,2013-12-20,2013-12-23,2014-01-03,2014-01-06,30.405335538095894,30.43837989057398,0.001086794534356672,8,7005,7013,True,0.5703547805171377,9978
MSFT,A-NOMACD,2014-08-07,2014-08-08,2014-08-26,2014-08-27,36.22986832101778,37.86447375290716,0.04511762000915431,13,7162,7175,True,0.594003810287777,9973
MSFT,A-NOMACD,2014-10-17,2014-10-20,2014-11-12,2014-11-13,36.31279639125752,41.16180390819394,0.13353440106044379,18,7212,7230,True,0.5990168539325843,9968
MSFT,A-NOMACD,2015-02-05,2015-02-06,2015-02-26,2015-02-27,36.219356142712144,37.7163629851669,0.041331680125848314,14,7287,7301,True,0.5952667468912957,9972
MSFT,A-NOMACD,2015-03-16,2015-03-17,2015-03-26,2015-03-27,35.357496743641775,35.14382661848782,-0.006043134973699127,8,7313,7321,True,0.5703547805171377,9978
MSFT,A-NOMACD,2015-04-06,2015-04-07,2015-04-17,2015-04-20,35.562614578617705,35.665163142464216,0.0028836058614252202,9,7327,7336,True,0.5753232434599579,9977
MSFT,A-NOMACD,2015-06-10,2015-06-11,2015-06-15,2015-06-16,40.13783865046261,39.010957971780854,-0.028075270532006313,3,7373,7376,True,0.543223479915857,9983
MSFT,A-NOMACD,2015-06-16,2015-06-17,2015-06-24,2015-06-25,39.33782693661531,39.59591265554479,0.006560751801194531,6,7377,7383,True,0.5567134268537074,9980
MSFT,A-NOMACD,2015-07-07,2015-07-08,2015-07-22,2015-07-23,38.22815931290937,38.9421341720896,0.018676673740321226,11,7391,7402,True,0.5885714285714285,9975
MSFT,A-NOMACD,2016-01-14,2016-01-15,2016-01-15,2016-01-19,44.7283967096348,44.876585069749765,0.003313071136373802,1,7524,7525,True,0.5200801201802704,9985
MSFT,A-NOMACD,2016-01-20,2016-01-21,2016-02-03,2016-02-04,44.45814378552333,45.41705892035007,0.021568942226935395,10,7527,7537,True,0.5839013632718525,9976
MSFT,A-NOMACD,2016-05-06,2016-05-09,2016-05-19,2016-05-20,44.329587153510936,44.63080400733506,0.0067949392982393775,9,7602,7611,True,0.5753232434599579,9977
MSFT,A-NOMACD,2020-03-24,2020-03-25,2020-04-03,2020-04-06,141.14494750061417,151.9599508336731,0.07662338273222202,8,8578,8586,True,0.5703547805171377,9978
MSFT,A-NOMACD,2020-09-21,2020-09-22,2020-10-06,2020-10-07,195.37935717841205,197.28492832718817,0.009753185680901,11,8703,8714,True,0.5885714285714285,9975
MSFT,A-NOMACD,2020-11-03,2020-11-04,2020-11-12,2020-11-13,203.91637379335975,206.1458902459224,0.010933484207707345,7,8734,8741,True,0.5661889968934763,9979
MSFT,A-NOMACD,2021-10-05,2021-10-06,2021-10-25,2021-10-26,274.78720381326485,299.03705370094167,0.08824956020934693,14,8965,8979,True,0.5952667468912957,9972
MSFT,A-NOMACD,2022-01-24,2022-01-25,2022-02-07,2022-02-08,280.81919810306823,290.1920562811641,0.03337684261407148,10,9041,9051,True,0.5839013632718525,9976
MSFT,A-NOMACD,2022-04-20,2022-04-21,2022-04-21,2022-04-22,278.5619611641617,271.90145264874303,-0.023910330353732356,1,9101,9102,True,0.5200801201802704,9985
MSFT,A-NOMACD,2022-04-25,2022-04-26,2022-04-26,2022-04-27,267.8665361916543,272.30682528051807,0.016576497953020963,1,9104,9105,True,0.5200801201802704,9985
MSFT,A-NOMACD,2022-04-27,2022-04-28,2022-05-06,2022-05-09,275.28957261335694,260.68480600302837,-0.05305237852521538,7,9106,9113,True,0.5661889968934763,9979
MSFT,A-NOMACD,2022-06-21,2022-06-22,2022-07-01,2022-07-05,243.7119356534914,247.84330176827007,0.01695184154071394,8,9143,9151,True,0.5703547805171377,9978
MSFT,A-NOMACD,2022-09-07,2022-09-08,2022-09-14,2022-09-15,249.6783301329259,242.1737221928397,-0.030057105621023816,5,9197,9202,True,0.5502454663861337,9981
MSFT,A-NOMACD,2022-09-28,2022-09-29,2022-09-30,2022-10-03,231.6246111693645,228.25045038719026,-0.014567367280789778,2,9212,9214,True,0.5297475961538461,9984
MSFT,A-NOMACD,2022-10-03,2022-10-04,2022-10-07,2022-10-10,237.63607845360704,225.9622347703348,-0.04912487935013332,4,9215,9219,True,0.5463834902825085,9982
MSFT,A-NOMACD,2022-11-07,2022-11-08,2022-11-28,2022-11-29,221.74450429023085,234.71789478419583,0.05850602943009009,14,9240,9254,True,0.5952667468912957,9972
MSFT,A-NOMACD,2022-12-29,2022-12-30,2023-01-05,2023-01-06,231.61620583114026,216.8272270587664,-0.06385122629612439,4,9276,9280,True,0.5463834902825085,9982
MSFT,A-NOMACD,2023-01-10,2023-01-11,2023-01-30,2023-01-31,224.88769749444907,236.71111179006792,0.052574749207482396,13,9283,9296,True,0.594003810287777,9973
MSFT,A-NOMACD,2023-03-02,2023-03-03,2023-03-10,2023-03-13,245.82337754163785,241.15429996225072,-0.018993627156539628,6,9318,9324,True,0.5567134268537074,9980
MSFT,A-NOMACD,2023-08-14,2023-08-15,2023-08-17,2023-08-18,315.53404351386234,307.8711670676138,-0.024285418970685146,3,9431,9434,True,0.543223479915857,9983
MSFT,A-NOMACD,2023-08-18,2023-08-21,2023-09-12,2023-09-13,311.23880256380994,324.33721264984047,0.04208475928493871,16,9435,9451,True,0.6038114343029087,9970
MSFT,A-NOMACD,2023-09-29,2023-10-02,2023-10-18,2023-10-19,309.6235591310726,325.15953397789394,0.05017697907233365,13,9464,9477,True,0.594003810287777,9973
MSFT,A-NOMACD,2024-04-23,2024-04-24,2024-04-30,2024-05-01,402.49696200511164,385.8393454420747,-0.041385695136812894,5,9605,9610,True,0.5502454663861337,9981
MSFT,A-NOMACD,2024-07-29,2024-07-30,2024-07-30,2024-07-31,421.10209315676275,413.99380325758636,-0.016880205571740525,1,9671,9672,True,0.5200801201802704,9985
MSFT,A-NOMACD,2024-08-06,2024-08-07,2024-08-22,2024-08-23,402.3173055349637,411.2681797994915,0.022248295416041897,12,9677,9689,True,0.5919390415079205,9974
MSFT,A-NOMACD,2024-10-09,2024-10-10,2024-10-31,2024-11-01,409.54216908706456,403.40733166804887,-0.014979745389079757,16,9722,9738,True,0.6038114343029087,9970
MSFT,A-NOMACD,2025-01-06,2025-01-07,2025-01-13,2025-01-14,423.9704889084133,412.9116788431012,-0.0260839146936499,4,9782,9786,True,0.5463834902825085,9982
MSFT,A-NOMACD,2025-02-12,2025-02-13,2025-02-24,2025-02-25,402.2283921851393,397.19236575081766,-0.012520315651918579,7,9807,9814,True,0.5661889968934763,9979
MSFT,A-NOMACD,2025-03-14,2025-03-17,2025-03-28,2025-03-31,382.9326924641042,368.91066922952973,-0.03661746179033509,10,9828,9838,True,0.5839013632718525,9976
MSFT,A-NOMACD,2025-08-27,2025-08-28,2025-09-05,2025-09-08,503.89867767213724,494.97517595073856,-0.017708920695372,6,9942,9948,True,0.5567134268537074,9980
MSFT,A-NOMACD,2025-11-11,2025-11-12,2025-11-19,2025-11-20,506.1543908722183,490.525525238351,-0.030877664830557427,6,9995,10001,True,0.5567134268537074,9980
MSFT,A-NOMACD,2025-11-26,2025-11-28,2025-12-10,2025-12-11,485.4382224868377,474.51683677020293,-0.022497992969498504,9,10006,10015,True,0.5753232434599579,9977
MSFT,A-NOMACD,2026-02-10,2026-02-11,2026-02-17,2026-02-18,414.3348470778888,396.3648852083561,-0.04337062642996725,4,10056,10060,True,0.5463834902825085,9982
MSFT,A-NOMACD,2026-03-31,2026-04-01,2026-04-23,2026-04-24,372.682807332766,416.0688403922519,0.11641544017013583,16,10090,10106,True,0.6038114343029087,9970
MSFT,A-NOMACD,2026-06-16,2026-06-17,2026-06-17,2026-06-18,390.25,377.82000732421875,-0.03185135855421206,1,10143,10144,True,0.5200801201802704,9985
MSFT,A-NOMACD,2026-06-26,2026-06-29,2026-07-14,2026-07-15,377.5,387.79998779296875,0.0272847358754138,11,10150,10161,True,0.5885714285714285,9975
META,A-NOMACD,2013-03-27,2013-03-28,2013-04-15,2013-04-16,25.862883303338883,26.576614462422494,0.027596735859356736,12,214,226,True,0.5979228486646885,3370
META,A-NOMACD,2013-05-30,2013-05-31,2013-06-05,2013-06-06,24.415592365628964,22.789870679566224,-0.06658538780125389,4,258,262,True,0.5476613380698638,3378
META,A-NOMACD,2013-06-07,2013-06-10,2013-06-20,2013-06-21,23.850554048083126,24.3759406323422,0.0220282758714907,9,264,273,True,0.5822709753928254,3373
META,A-NOMACD,2013-11-13,2013-11-14,2013-11-18,2013-11-19,48.27606117630399,45.85730058326109,-0.05010269135689416,3,375,378,True,0.5377330571174904,3379
META,A-NOMACD,2013-11-26,2013-11-27,2013-12-26,2013-12-27,45.56982665629744,56.97962449624109,0.2503805407468429,20,384,404,True,0.6290898274836407,3362
META,A-NOMACD,2014-04-01,2014-04-02,2014-04-04,2014-04-07,62.65975509961728,55.41338386562574,-0.1156463382672206,3,469,472,True,0.5377330571174904,3379
META,A-NOMACD,2014-04-08,2014-04-09,2014-04-25,2014-04-28,59.11091586918834,57.544667803311995,-0.02649676532406353,12,474,486,True,0.5979228486646885,3370
META,A-NOMACD,2014-10-16,2014-10-17,2014-10-29,2014-10-30,73.58381299244121,74.39668627694678,0.011046903543705522,9,607,616,True,0.5822709753928254,3373
META,A-NOMACD,2015-05-08,2015-05-11,2015-05-26,2015-05-27,77.79681949666734,78.90706604377216,0.014271104580983351,11,747,758,True,0.5891426876297835,3371
META,A-NOMACD,2016-01-14,2016-01-15,2016-02-05,2016-02-08,93.16190772321313,99.53592636706517,0.06841872176758601,15,920,935,True,0.6073656073656074,3367
META,A-NOMACD,2016-06-22,2016-06-23,2016-06-27,2016-06-28,113.3744056781417,109.6669454591824,-0.0327010333309653,3,1030,1033,True,0.5377330571174904,3379
META,A-NOMACD,2016-11-10,2016-11-11,2016-11-11,2016-11-14,118.48948742175958,118.09296417498385,-0.003346484615671552,1,1129,1130,True,0.5255841467021591,3381
META,A-NOMACD,2016-11-17,2016-11-18,2016-11-30,2016-12-01,117.35939655085733,117.34947582775844,-8.453284006604278e-05,8,1134,1142,True,0.5696502667457024,3374
META,A-NOMACD,2017-01-03,2017-01-04,2017-01-19,2017-01-20,116.52671612923757,126.98487496250479,0.08974902220421521,11,1164,1175,True,0.5891426876297835,3371
META,A-NOMACD,2018-04-03,2018-04-04,2018-04-23,2018-04-24,150.70657971846416,163.98990388234432,0.08814030673839746,14,1477,1491,True,0.6048099762470309,3368
META,A-NOMACD,2018-08-24,2018-08-27,2018-09-04,2018-09-05,174.45798700324298,168.01458975330803,-0.03693380486968001,6,1578,1584,True,0.5654620853080569,3376
META,A-NOMACD,2018-09-19,2018-09-20,2018-10-01,2018-10-02,163.0680108438316,160.17342180932874,-0.017750808509432003,8,1595,1603,True,0.5696502667457024,3374
META,A-NOMACD,2018-10-12,2018-10-15,2018-10-24,2018-10-25,151.9853377997949,146.4439851572699,-0.036459784363044534,8,1612,1620,True,0.5696502667457024,3374
META,A-NOMACD,2018-11-21,2018-11-23,2018-12-07,2018-12-10,132.48655152128535,138.38476004127986,0.04451929990076686,10,1640,1650,True,0.5862989323843416,3372
META,A-NOMACD,2019-08-08,2019-08-09,2019-08-14,2019-08-15,188.34603017251814,179.37482613135495,-0.047631500557489326,4,1817,1821,True,0.5476613380698638,3378
META,A-NOMACD,2019-08-16,2019-08-19,2019-08-22,2019-08-23,184.39076662053793,179.2657648255648,-0.02779424311153278,4,1823,1827,True,0.5476613380698638,3378
META,A-NOMACD,2019-10-03,2019-10-04,2019-10-22,2019-10-23,177.9869910873137,180.42558070283758,0.013700942976937025,13,1856,1869,True,0.6025526862570496,3369
META,A-NOMACD,2020-03-10,2020-03-11,2020-03-11,2020-03-12,172.49518089714363,158.15117758148926,-0.08315596552350923,1,1964,1965,True,0.5255841467021591,3381
META,A-NOMACD,2020-03-13,2020-03-16,2020-03-16,2020-03-17,150.9940357178259,149.4277636583809,-0.01037307236672591,1,1967,1968,True,0.5255841467021591,3381
META,A-NOMACD,2020-03-18,2020-03-19,2020-04-02,2020-04-03,145.3436428023484,155.7820075497119,0.07181851607750422,11,1970,1981,True,0.5891426876297835,3371
META,A-NOMACD,2020-09-22,2020-09-23,2020-10-07,2020-10-08,253.03791936305436,257.4888564158184,0.017590000202214462,11,2100,2111,True,0.5891426876297835,3371
META,A-NOMACD,2021-09-27,2021-09-28,2021-09-28,2021-09-29,344.94091791460124,340.1628485218163,-0.013851848663451127,1,2355,2356,True,0.5255841467021591,3381
META,A-NOMACD,2021-10-05,2021-10-06,2021-10-11,2021-10-12,326.86958228902955,320.217959094543,-0.02034947133320275,4,2361,2365,True,0.5476613380698638,3378
META,A-NOMACD,2021-10-12,2021-10-13,2021-10-22,2021-10-25,324.12365226385646,317.5116968297456,-0.020399484542178214,8,2366,2374,True,0.5696502667457024,3374
META,A-NOMACD,2021-12-06,2021-12-07,2021-12-17,2021-12-20,318.7707124357527,326.90923704607127,0.02553096722133419,9,2404,2413,True,0.5822709753928254,3373
META,A-NOMACD,2022-01-28,2022-01-31,2022-02-03,2022-02-04,298.0625144426168,232.92456740840566,-0.2185378700036148,4,2441,2445,True,0.5476613380698638,3378
META,A-NOMACD,2022-02-24,2022-02-25,2022-03-07,2022-03-08,203.15599850164332,186.2147523045471,-0.08339033216860292,7,2459,2466,True,0.5721481481481482,3375
META,A-NOMACD,2022-04-19,2022-04-20,2022-04-20,2022-04-21,211.75048946947976,199.8450653573932,-0.0562238327850596,1,2496,2497,True,0.5255841467021591,3381
META,A-NOMACD,2022-08-31,2022-09-01,2022-09-06,2022-09-07,162.15599825067065,156.38667922477052,-0.0355788197053406,3,2589,2592,True,0.5377330571174904,3379
META,A-NOMACD,2022-09-07,2022-09-08,2022-09-13,2022-09-14,157.32840249210523,151.99523720059614,-0.03389829939814404,4,2593,2597,True,0.5476613380698638,3378
META,A-NOMACD,2022-09-28,2022-09-29,2022-10-10,2022-10-11,138.14685096331397,130.4742179650908,-0.05553968798218001,8,2608,2616,True,0.5696502667457024,3374
META,A-NOMACD,2022-11-08,2022-11-09,2022-11-21,2022-11-22,100.83449358579487,108.90366185992863,0.08002388852449704,9,2637,2646,True,0.5822709753928254,3373
META,A-NOMACD,2023-08-21,2023-08-22,2023-09-08,2023-09-11,290.0033584733458,298.78620226973936,0.0302853175309028,13,2832,2845,True,0.6025526862570496,3369
META,A-NOMACD,2024-07-23,2024-07-24,2024-07-24,2024-07-25,469.16057574428834,460.17092144183493,-0.019161146028077836,1,3063,3064,True,0.5255841467021591,3381
META,A-NOMACD,2024-07-26,2024-07-29,2024-08-20,2024-08-21,466.74682183029705,523.6350139485368,0.1218823341852846,17,3066,3083,True,0.6148588410104012,3365
META,A-NOMACD,2024-10-25,2024-10-28,2024-10-31,2024-11-01,578.67072146079,564.3630263338429,-0.024725106345157677,4,3130,3134,True,0.5476613380698638,3378
META,A-NOMACD,2025-03-05,2025-03-06,2025-03-06,2025-03-07,644.812846805576,622.294150848658,-0.03492284012093794,1,3217,3218,True,0.5255841467021591,3381
META,A-NOMACD,2025-03-12,2025-03-13,2025-03-13,2025-03-14,617.1993356753703,600.3687854957838,-0.02726922925341413,1,3222,3223,True,0.5255841467021591,3381
META,A-NOMACD,2025-03-14,2025-03-17,2025-03-18,2025-03-19,605.0099996635669,581.9235510596104,-0.03815878847753651,2,3224,3226,True,0.5325443786982249,3380
META,A-NOMACD,2025-03-21,2025-03-24,2025-03-28,2025-03-31,612.4897086743648,561.2272821521618,-0.08369516384716447,5,3229,3234,True,0.5543381699733492,3377
META,A-NOMACD,2025-07-21,2025-07-22,2025-07-30,2025-07-31,713.8503977542969,772.667590247117,0.08239428412150951,7,3311,3318,True,0.5721481481481482,3375
META,A-NOMACD,2025-10-06,2025-10-07,2025-10-30,2025-10-31,715.8581417735932,672.7602632515434,-0.060204495845044836,18,3365,3383,True,0.6218787158145065,3364
META,A-NOMACD,2025-11-11,2025-11-12,2025-11-12,2025-11-13,626.5005716840028,611.4796659420805,-0.023975885132150543,1,3391,3392,True,0.5255841467021591,3381
META,A-NOMACD,2025-11-14,2025-11-17,2025-11-20,2025-11-21,607.4600964135232,586.9733513369498,-0.03372525240345525,4,3394,3398,True,0.5476613380698638,3378
META,A-NOMACD,2025-11-21,2025-11-24,2025-12-09,2025-12-10,597.1668126146857,648.2639556943986,0.08556594572961096,11,3399,3410,True,0.5891426876297835,3371
META,A-NOMACD,2026-02-19,2026-02-20,2026-02-24,2026-02-25,638.5510179511008,641.3858999809694,0.004439554475952123,3,3458,3461,True,0.5377330571174904,3379
META,A-NOMACD,2026-03-31,2026-04-01,2026-04-21,2026-04-22,579.5928556215499,673.7355628200382,0.16242903321768964,14,3486,3500,True,0.6048099762470309,3368
META,A-NOMACD,2026-06-15,2026-06-16,2026-06-22,2026-06-23,593.6500244140625,562.25,-0.05289315779116588,4,3538,3542,True,0.5476613380698638,3378
META,A-NOMACD,2026-06-29,2026-06-30,2026-07-17,2026-07-20,560.9400024414062,646.7000122070312,0.15288624343489077,13,3547,3560,True,0.6025526862570496,3369
META,A-NOMACD,2026-08-03,2026-08-04,2026-08-14,2026-08-17,581.5,589.75,0.014187446259673164,9,3571,3580,True,0.5822709753928254,3373
AMD,A-NOMACD,1981-01-19,1981-01-20,1981-01-20,1981-01-21,4.7916669845581055,4.5625,-0.04782615012617364,1,213,214,True,0.4729106878859031,11499
AMD,A-NOMACD,1981-01-21,1981-01-22,1981-01-23,1981-01-26,4.6041669845581055,4.2708330154418945,-0.07239832313514649,2,215,217,True,0.47408244912158637,11498
AMD,A-NOMACD,1981-01-26,1981-01-27,1981-01-30,1981-02-02,4.0833330154418945,3.8958330154418945,-0.045918370921728235,4,218,222,True,0.48956158663883087,11496
AMD,A-NOMACD,1981-02-03,1981-02-04,1981-02-12,1981-02-13,4.0,3.7916669845581055,-0.05208325386047363,7,224,231,True,0.5026537892630296,11493
AMD,A-NOMACD,1981-05-07,1981-05-08,1981-05-20,1981-05-21,4.5625,4.5208330154418945,-0.009132489766160101,9,289,298,True,0.5044817683404403,11491
AMD,A-NOMACD,1981-07-07,1981-07-08,1981-07-08,1981-07-09,3.6666669845581055,3.5416669845581055,-0.034090906135307075,1,330,331,True,0.4729106878859031,11499
AMD,A-NOMACD,1981-07-16,1981-07-17,1981-07-27,1981-07-28,3.625,3.5416669845581055,-0.022988418052936388,7,337,344,True,0.5026537892630296,11493
AMD,A-NOMACD,1981-08-05,1981-08-06,1981-08-07,1981-08-10,3.375,3.2291669845581055,-0.04320978235315398,2,351,353,True,0.47408244912158637,11498
AMD,A-NOMACD,1981-08-11,1981-08-12,1981-08-21,1981-08-24,3.3333330154418945,3.2291669845581055,-0.03124981224535106,8,355,363,True,0.5043508527671423,11492
AMD,A-NOMACD,1981-09-04,1981-09-08,1981-09-16,1981-09-17,2.9583330154418945,2.7708330154418945,-0.06338028850074962,7,373,380,True,0.5026537892630296,11493
AMD,A-NOMACD,1981-11-23,1981-11-24,1981-11-27,1981-11-30,2.8541669845581055,2.7291669845581055,-0.04379561556008715,3,428,431,True,0.48377837696790466,11497
AMD,A-NOMACD,1981-11-30,1981-12-01,1981-12-08,1981-12-09,2.8333330154418945,2.8958330154418945,0.0220588260043455,6,432,438,True,0.49634591961023145,11494
AMD,A-NOMACD,1982-06-01,1982-06-02,1982-06-04,1982-06-07,3.9583330154418945,3.7708330154418945,-0.04736842485676207,3,558,561,True,0.48377837696790466,11497
AMD,A-NOMACD,1982-06-10,1982-06-11,1982-06-17,1982-06-18,3.8541669845581055,3.8125,-0.01081089239906996,5,565,570,True,0.4955197912135711,11495
AMD,A-NOMACD,1982-08-16,1982-08-17,1982-09-07,1982-09-08,3.5208330154418945,5.0416669845581055,0.4319528822997398,15,611,626,True,0.5117979973878972,11485
AMD,A-NOMACD,1983-03-14,1983-03-15,1983-03-28,1983-03-29,8.53125,8.59375,0.0073260073260073,10,757,767,True,0.5081810269799826,11490
AMD,A-NOMACD,1983-04-11,1983-04-12,1983-04-25,1983-04-26,8.40625,9.15625,0.08921933085501865,10,776,786,True,0.5081810269799826,11490
AMD,A-NOMACD,1983-08-11,1983-08-12,1983-08-18,1983-08-19,14.09375,13.3125,-0.055432372505543226,5,862,867,True,0.4955197912135711,11495
AMD,A-NOMACD,1983-11-09,1983-11-10,1983-11-23,1983-11-25,15.25,16.25,0.06557377049180335,10,925,935,True,0.5081810269799826,11490
AMD,A-NOMACD,1983-12-22,1983-12-23,1984-01-10,1984-01-11,16.0625,17.875,0.11284046692607008,11,955,966,True,0.5088345373835843,11489
AMD,A-NOMACD,1984-02-07,1984-02-08,1984-02-08,1984-02-09,13.9375,12.875,-0.07623318385650224,1,986,987,True,0.4729106878859031,11499
AMD,A-NOMACD,1984-02-09,1984-02-10,1984-02-29,1984-03-01,13.625,14.1875,0.041284403669724856,13,988,1001,True,0.5121441629668321,11487
AMD,A-NOMACD,1984-10-03,1984-10-04,1984-10-08,1984-10-09,17.25,16.6875,-0.03260869565217395,3,1152,1155,True,0.48377837696790466,11497
AMD,A-NOMACD,1984-10-09,1984-10-10,1984-10-22,1984-10-23,16.6875,17.9375,0.07490636704119846,9,1156,1165,True,0.5044817683404403,11491
AMD,A-NOMACD,1984-11-06,1984-11-07,1984-11-14,1984-11-15,15.6875,14.875,-0.05179282868525892,6,1176,1182,True,0.49634591961023145,11494
AMD,A-NOMACD,1984-11-26,1984-11-27,1984-11-28,1984-11-29,14.25,13.5,-0.052631578947368474,2,1189,1191,True,0.47408244912158637,11498
AMD,A-NOMACD,1984-11-30,1984-12-03,1984-12-11,1984-12-12,13.75,13.5,-0.018181818181818188,7,1193,1200,True,0.5026537892630296,11493
AMD,A-NOMACD,1985-02-26,1985-02-27,1985-03-06,1985-03-07,16.625,15.6875,-0.05639097744360899,6,1252,1258,True,0.49634591961023145,11494
AMD,A-NOMACD,1985-03-18,1985-03-19,1985-04-03,1985-04-04,15.8125,15.8125,0.0,12,1266,1278,True,0.5098363509749304,11488
AMD,A-NOMACD,1985-04-24,1985-04-25,1985-04-29,1985-04-30,14.5625,13.625,-0.06437768240343344,3,1292,1295,True,0.48377837696790466,11497
AMD,A-NOMACD,1985-05-03,1985-05-06,1985-05-06,1985-05-07,13.6875,13.4375,-0.0182648401826484,1,1299,1300,True,0.4729106878859031,11499
AMD,A-NOMACD,1985-05-07,1985-05-08,1985-05-15,1985-05-16,13.8125,14.25,0.03167420814479649,6,1301,1307,True,0.49634591961023145,11494
AMD,A-NOMACD,1985-06-07,1985-06-10,1985-06-13,1985-06-14,13.0,12.375,-0.04807692307692313,4,1323,1327,True,0.48956158663883087,11496
AMD,A-NOMACD,1985-09-06,1985-09-09,1985-09-11,1985-09-12,13.5,12.75,-0.05555555555555558,3,1386,1389,True,0.48377837696790466,11497
AMD,A-NOMACD,1985-10-10,1985-10-11,1985-10-23,1985-10-24,11.875,12.625,0.06315789473684208,9,1409,1418,True,0.5044817683404403,11491
AMD,A-NOMACD,1986-04-04,1986-04-07,1986-04-18,1986-04-21,13.9375,15.125,0.08520179372197312,10,1530,1540,True,0.5081810269799826,11490
AMD,A-NOMACD,1986-05-09,1986-05-12,1986-05-12,1986-05-13,14.1875,13.875,-0.022026431718061623,1,1555,1556,True,0.4729106878859031,11499
AMD,A-NOMACD,1986-05-19,1986-05-20,1986-05-23,1986-05-27,13.1875,12.625,-0.042654028436018954,4,1561,1565,True,0.48956158663883087,11496
AMD,A-NOMACD,1986-06-11,1986-06-12,1986-06-12,1986-06-13,12.4375,12.0,-0.035175879396984966,1,1577,1578,True,0.4729106878859031,11499
AMD,A-NOMACD,1986-06-19,1986-06-20,1986-06-23,1986-06-24,11.0625,10.3125,-0.06779661016949157,2,1583,1585,True,0.47408244912158637,11498
AMD,A-NOMACD,1986-06-25,1986-06-26,1986-06-30,1986-07-01,10.75,10.1875,-0.05232558139534882,3,1587,1590,True,0.48377837696790466,11497
AMD,A-NOMACD,1986-07-08,1986-07-09,1986-07-10,1986-07-11,9.5625,9.3125,-0.02614379084967322,2,1595,1597,True,0.47408244912158637,11498
AMD,A-NOMACD,1986-07-21,1986-07-22,1986-08-05,1986-08-06,7.4375,7.25,-0.025210084033613467,11,1604,1615,True,0.5088345373835843,11489
AMD,A-NOMACD,1986-09-23,1986-09-24,1986-09-29,1986-09-30,8.875,7.875,-0.11267605633802813,4,1649,1653,True,0.48956158663883087,11496
AMD,A-NOMACD,1986-10-09,1986-10-10,1986-10-20,1986-10-21,7.0,6.75,-0.0357142857142857,7,1661,1668,True,0.5026537892630296,11493
AMD,A-NOMACD,1986-12-23,1986-12-24,1987-01-21,1987-01-22,6.8125,8.5625,0.25688073394495414,19,1713,1732,True,0.5119763086839125,11481
AMD,A-NOMACD,1987-05-26,1987-05-27,1987-06-03,1987-06-04,10.5,10.375,-0.011904761904761862,6,1818,1824,True,0.49634591961023145,11494
AMD,A-NOMACD,1987-06-26,1987-06-29,1987-07-07,1987-07-08,9.4375,9.125,-0.0331125827814569,6,1841,1847,True,0.49634591961023145,11494
AMD,A-NOMACD,1987-10-22,1987-10-23,1987-10-23,1987-10-26,5.875,5.3125,-0.0957446808510638,1,1923,1924,True,0.4729106878859031,11499
AMD,A-NOMACD,1987-10-29,1987-10-30,1987-11-09,1987-11-10,6.25,4.9375,-0.20999999999999996,7,1928,1935,True,0.5026537892630296,11493
AMD,A-NOMACD,1987-12-07,1987-12-08,1987-12-23,1987-12-24,4.25,5.1875,0.22058823529411775,12,1954,1966,True,0.5098363509749304,11488
AMD,A-NOMACD,1988-01-25,1988-01-26,1988-01-26,1988-01-27,4.625,4.6875,0.013513513513513598,1,1987,1988,True,0.4729106878859031,11499
AMD,A-NOMACD,1988-01-27,1988-01-28,1988-02-25,1988-02-26,4.6875,6.0,0.28,20,1989,2009,True,0.510801393728223,11480
AMD,A-NOMACD,1988-03-29,1988-03-30,1988-03-30,1988-03-31,5.625,5.5,-0.022222222222222254,1,2032,2033,True,0.4729106878859031,11499
AMD,A-NOMACD,1988-04-05,1988-04-06,1988-04-15,1988-04-18,5.6875,6.25,0.098901098901099,8,2036,2044,True,0.5043508527671423,11492
AMD,A-NOMACD,1988-07-22,1988-07-25,1988-07-27,1988-07-28,6.9375,6.5,-0.06306306306306309,3,2112,2115,True,0.48377837696790466,11497
AMD,A-NOMACD,1988-07-28,1988-07-29,1988-08-08,1988-08-09,6.5625,6.375,-0.02857142857142858,7,2116,2123,True,0.5026537892630296,11493
AMD,A-NOMACD,1988-08-19,1988-08-22,1988-09-01,1988-09-02,5.875,5.5,-0.06382978723404253,9,2132,2141,True,0.5044817683404403,11491
AMD,A-NOMACD,1988-10-11,1988-10-12,1988-10-20,1988-10-21,4.5625,4.625,0.013698630136986356,7,2168,2175,True,0.5026537892630296,11493
AMD,A-NOMACD,1988-11-04,1988-11-07,1988-11-07,1988-11-08,4.3125,4.3125,0.0,1,2186,2187,True,0.4729106878859031,11499
AMD,A-NOMACD,1988-11-08,1988-11-09,1988-11-09,1988-11-10,4.1875,4.25,0.014925373134328401,1,2188,2189,True,0.4729106878859031,11499
AMD,A-NOMACD,1988-11-17,1988-11-18,1988-11-28,1988-11-29,3.75,3.625,-0.033333333333333326,6,2195,2201,True,0.49634591961023145,11494
AMD,A-NOMACD,1989-02-21,1989-02-22,1989-02-22,1989-02-23,4.5,4.3125,-0.04166666666666663,1,2259,2260,True,0.4729106878859031,11499
AMD,A-NOMACD,1989-02-23,1989-02-24,1989-02-24,1989-02-27,4.25,4.1875,-0.014705882352941124,1,2261,2262,True,0.4729106878859031,11499
AMD,A-NOMACD,1989-03-06,1989-03-07,1989-03-16,1989-03-17,4.0625,4.125,0.01538461538461533,8,2268,2276,True,0.5043508527671423,11492
AMD,A-NOMACD,1989-07-24,1989-07-25,1989-07-25,1989-07-26,4.4375,4.375,-0.014084507042253502,1,2365,2366,True,0.4729106878859031,11499
AMD,A-NOMACD,1989-07-26,1989-07-27,1989-07-27,1989-07-28,4.4375,4.4375,0.0,1,2367,2368,True,0.4729106878859031,11499
AMD,A-NOMACD,1989-07-28,1989-07-31,1989-08-11,1989-08-14,4.25,4.3125,0.014705882352941124,10,2369,2379,True,0.5081810269799826,11490
AMD,A-NOMACD,1989-11-08,1989-11-09,1989-11-21,1989-11-22,3.8125,3.75,-0.016393442622950838,9,2441,2450,True,0.5044817683404403,11491
AMD,A-NOMACD,1990-04-11,1990-04-12,1990-04-23,1990-04-24,4.4375,4.25,-0.04225352112676062,7,2547,2554,True,0.5026537892630296,11493
AMD,A-NOMACD,1990-06-20,1990-06-21,1990-06-25,1990-06-26,4.5625,4.5625,0.0,3,2595,2598,True,0.48377837696790466,11497
AMD,A-NOMACD,1990-06-27,1990-06-28,1990-07-10,1990-07-11,4.5625,4.5,-0.013698630136986356,8,2600,2608,True,0.5043508527671423,11492
AMD,A-NOMACD,1990-08-03,1990-08-06,1990-08-06,1990-08-07,2.875,2.875,0.0,1,2626,2627,True,0.4729106878859031,11499
AMD,A-NOMACD,1990-08-07,1990-08-08,1990-08-21,1990-08-22,2.75,2.8125,0.022727272727272707,10,2628,2638,True,0.5081810269799826,11490
AMD,A-NOMACD,1990-10-15,1990-10-16,1990-10-17,1990-10-18,2.0,1.9375,-0.03125,2,2676,2678,True,0.47408244912158637,11498
AMD,A-NOMACD,1990-10-19,1990-10-22,1990-10-31,1990-11-01,2.0,1.9375,-0.03125,8,2680,2688,True,0.5043508527671423,11492
AMD,A-NOMACD,1990-11-09,1990-11-12,1990-11-19,1990-11-20,2.0625,2.125,0.030303030303030276,6,2695,2701,True,0.49634591961023145,11494
AMD,A-NOMACD,1991-06-28,1991-07-01,1991-07-05,1991-07-08,6.1875,5.5625,-0.101010101010101,4,2854,2858,True,0.48956158663883087,11496
AMD,A-NOMACD,1991-07-30,1991-07-31,1991-08-09,1991-08-12,5.375,5.5,0.023255813953488413,8,2875,2883,True,0.5043508527671423,11492
AMD,A-NOMACD,1991-09-26,1991-09-27,1991-10-03,1991-10-04,5.25,4.3125,-0.1785714285714286,5,2916,2921,True,0.4955197912135711,11495
AMD,A-NOMACD,1991-10-04,1991-10-07,1991-10-22,1991-10-23,4.5,5.4375,0.20833333333333326,12,2922,2934,True,0.5098363509749304,11488
AMD,A-NOMACD,1992-03-09,1992-03-10,1992-03-24,1992-03-25,9.25,9.1875,-0.006756756756756799,11,3029,3040,True,0.5088345373835843,11489
AMD,A-NOMACD,1992-04-15,1992-04-16,1992-04-16,1992-04-20,8.75,8.3125,-0.050000000000000044,1,3056,3057,True,0.4729106878859031,11499
AMD,A-NOMACD,1992-04-28,1992-04-29,1992-05-13,1992-05-14,8.125,8.25,0.01538461538461533,11,3064,3075,True,0.5088345373835843,11489
AMD,A-NOMACD,1992-05-27,1992-05-28,1992-06-04,1992-06-05,7.75,7.5625,-0.024193548387096753,6,3084,3090,True,0.49634591961023145,11494
AMD,A-NOMACD,1992-06-30,1992-07-01,1992-07-22,1992-07-23,4.375,4.375,0.0,15,3108,3123,True,0.5117979973878972,11485
AMD,A-NOMACD,1993-06-21,1993-06-22,1993-07-13,1993-07-14,10.6875,12.25,0.14619883040935666,15,3354,3369,True,0.5117979973878972,11485
AMD,A-NOMACD,1993-10-18,1993-10-19,1993-10-20,1993-10-21,10.0625,9.4375,-0.06211180124223603,2,3437,3439,True,0.47408244912158637,11498
AMD,A-NOMACD,1993-10-21,1993-10-22,1993-11-04,1993-11-05,10.0625,9.4375,-0.06211180124223603,10,3440,3450,True,0.5081810269799826,11490
AMD,A-NOMACD,1994-04-20,1994-04-21,1994-05-04,1994-05-05,12.125,12.6875,0.046391752577319645,9,3565,3574,True,0.5044817683404403,11491
AMD,A-NOMACD,1994-05-17,1994-05-18,1994-06-03,1994-06-06,12.0,14.25,0.1875,12,3583,3595,True,0.5098363509749304,11488
AMD,A-NOMACD,1994-06-22,1994-06-23,1994-06-23,1994-06-24,12.75,12.125,-0.0490196078431373,1,3608,3609,True,0.4729106878859031,11499
AMD,A-NOMACD,1994-09-13,1994-09-14,1994-09-21,1994-09-22,14.3125,14.5625,0.017467248908296984,6,3665,3671,True,0.49634591961023145,11494
AMD,A-NOMACD,1994-10-17,1994-10-18,1994-11-07,1994-11-08,11.875,12.875,0.08421052631578951,15,3689,3704,True,0.5117979973878972,11485
AMD,A-NOMACD,1994-12-14,1994-12-15,1994-12-19,1994-12-20,11.9375,11.25,-0.05759162303664922,3,3730,3733,True,0.48377837696790466,11497
AMD,A-NOMACD,1994-12-21,1994-12-22,1995-01-20,1995-01-23,11.4375,15.25,0.33333333333333326,20,3735,3755,True,0.510801393728223,11480
AMD,A-NOMACD,1995-06-01,1995-06-02,1995-06-16,1995-06-19,16.8125,17.4375,0.037174721189590976,11,3846,3857,True,0.5088345373835843,11489
AMD,A-NOMACD,1995-10-11,1995-10-12,1995-10-20,1995-10-23,13.625,13.125,-0.03669724770642202,7,3938,3945,True,0.5026537892630296,11493
AMD,A-NOMACD,1995-11-07,1995-11-08,1995-11-08,1995-11-09,11.3125,10.875,-0.03867403314917128,1,3957,3958,True,0.4729106878859031,11499
AMD,A-NOMACD,1995-11-09,1995-11-10,1995-11-14,1995-11-15,11.0625,10.5625,-0.04519774011299438,3,3959,3962,True,0.48377837696790466,11497
AMD,A-NOMACD,1995-11-15,1995-11-16,1995-11-21,1995-11-22,10.6875,10.375,-0.0292397660818714,4,3963,3967,True,0.48956158663883087,11496
AMD,A-NOMACD,1995-11-24,1995-11-27,1995-12-01,1995-12-04,10.5625,9.875,-0.0650887573964497,5,3969,3974,True,0.4955197912135711,11495
AMD,A-NOMACD,1995-12-19,1995-12-20,1995-12-20,1995-12-21,8.75,8.5,-0.02857142857142858,1,3986,3987,True,0.4729106878859031,11499
AMD,A-NOMACD,1995-12-21,1995-12-22,1995-12-28,1995-12-29,8.5625,8.3125,-0.029197080291970767,4,3988,3992,True,0.48956158663883087,11496
AMD,A-NOMACD,1996-03-08,1996-03-11,1996-03-21,1996-03-22,8.8125,8.625,-0.021276595744680882,9,4041,4050,True,0.5044817683404403,11491
AMD,A-NOMACD,1996-05-30,1996-05-31,1996-06-06,1996-06-07,8.875,8.5,-0.04225352112676062,5,4098,4103,True,0.4955197912135711,11495
AMD,A-NOMACD,1996-06-07,1996-06-10,1996-06-10,1996-06-11,8.6875,8.375,-0.03597122302158273,1,4104,4105,True,0.4729106878859031,11499
AMD,A-NOMACD,1996-06-20,1996-06-21,1996-06-26,1996-06-27,7.6875,6.625,-0.1382113821138211,4,4113,4117,True,0.48956158663883087,11496
AMD,A-NOMACD,1996-07-01,1996-07-02,1996-07-09,1996-07-10,6.9375,6.5625,-0.05405405405405406,5,4120,4125,True,0.4955197912135711,11495
AMD,A-NOMACD,1996-07-16,1996-07-17,1996-07-19,1996-07-22,5.9375,5.5625,-0.06315789473684208,3,4130,4133,True,0.48377837696790466,11497
AMD,A-NOMACD,1996-08-29,1996-08-30,1996-09-05,1996-09-06,6.4375,6.125,-0.04854368932038833,4,4162,4166,True,0.48956158663883087,11496
AMD,A-NOMACD,1997-04-22,1997-04-23,1997-05-07,1997-05-08,18.75,21.5,0.14666666666666672,11,4324,4335,True,0.5088345373835843,11489
AMD,A-NOMACD,1997-07-31,1997-08-01,1997-08-11,1997-08-12,17.625,17.96875,0.019503546099290725,7,4394,4401,True,0.5026537892630296,11493
AMD,A-NOMACD,1997-09-12,1997-09-15,1997-09-18,1997-09-19,17.75,16.0,-0.09859154929577463,4,4424,4428,True,0.48956158663883087,11496
AMD,A-NOMACD,1997-09-19,1997-09-22,1997-09-24,1997-09-25,16.75,16.0,-0.04477611940298509,3,4429,4432,True,0.48377837696790466,11497
AMD,A-NOMACD,1997-09-25,1997-09-26,1997-10-01,1997-10-02,16.46875,13.875,-0.1574952561669829,4,4433,4437,True,0.48956158663883087,11496
AMD,A-NOMACD,1997-10-28,1997-10-29,1997-11-10,1997-11-11,12.71875,10.65625,-0.16216216216216217,9,4456,4465,True,0.5044817683404403,11491
AMD,A-NOMACD,1997-12-17,1997-12-18,1997-12-18,1997-12-19,9.46875,9.125,-0.0363036303630363,1,4491,4492,True,0.4729106878859031,11499
AMD,A-NOMACD,1997-12-19,1997-12-22,1997-12-24,1997-12-26,9.46875,8.78125,-0.0726072607260726,3,4493,4496,True,0.48377837696790466,11497
AMD,A-NOMACD,1997-12-31,1998-01-02,1998-01-09,1998-01-12,9.125,8.75,-0.04109589041095896,6,4500,4506,True,0.49634591961023145,11494
AMD,A-NOMACD,1998-05-13,1998-05-14,1998-05-14,1998-05-15,12.8125,12.375,-0.034146341463414664,1,4591,4592,True,0.4729106878859031,11499
AMD,A-NOMACD,1998-05-28,1998-05-29,1998-06-01,1998-06-02,10.125,9.75,-0.03703703703703709,2,4601,4603,True,0.47408244912158637,11498
AMD,A-NOMACD,1998-06-04,1998-06-05,1998-06-11,1998-06-12,9.15625,8.8125,-0.03754266211604096,5,4606,4611,True,0.4955197912135711,11495
AMD,A-NOMACD,1998-06-12,1998-06-15,1998-06-26,1998-06-29,8.5,8.875,0.044117647058823595,10,4612,4622,True,0.5081810269799826,11490
AMD,A-NOMACD,1998-09-02,1998-09-03,1998-09-28,1998-09-29,7.15625,9.875,0.3799126637554586,17,4669,4686,True,0.5114517112252895,11483
AMD,A-NOMACD,1999-01-27,1999-01-28,1999-02-04,1999-02-05,11.0,8.5,-0.2272727272727273,6,4769,4775,True,0.49634591961023145,11494
AMD,A-NOMACD,1999-02-18,1999-02-19,1999-02-26,1999-03-01,8.5625,9.34375,0.09124087591240881,6,4784,4790,True,0.49634591961023145,11494
AMD,A-NOMACD,1999-03-25,1999-03-26,1999-03-31,1999-04-01,8.0625,7.78125,-0.03488372093023251,4,4809,4813,True,0.48956158663883087,11496
AMD,A-NOMACD,1999-04-06,1999-04-07,1999-04-13,1999-04-14,8.15625,7.46875,-0.08429118773946365,5,4816,4821,True,0.4955197912135711,11495
AMD,A-NOMACD,1999-06-14,1999-06-15,1999-06-24,1999-06-25,8.53125,8.75,0.02564102564102555,8,4864,4872,True,0.5043508527671423,11492
AMD,A-NOMACD,1999-07-28,1999-07-29,1999-08-04,1999-08-05,8.34375,8.15625,-0.022471910112359605,5,4895,4900,True,0.4955197912135711,11495
AMD,A-NOMACD,1999-10-04,1999-10-05,1999-10-13,1999-10-14,9.25,9.125,-0.013513513513513487,7,4942,4949,True,0.5026537892630296,11493
AMD,A-NOMACD,2000-08-03,2000-08-04,2000-08-10,2000-08-11,33.0,27.625,-0.16287878787878785,5,5153,5158,True,0.4955197912135711,11495
AMD,A-NOMACD,2000-09-19,2000-09-20,2000-09-27,2000-09-28,30.4375,24.75,-0.18685831622176596,6,5185,5191,True,0.49634591961023145,11494
AMD,A-NOMACD,2000-10-04,2000-10-05,2000-10-06,2000-10-09,24.4375,22.75,-0.06905370843989767,2,5196,5198,True,0.47408244912158637,11498
AMD,A-NOMACD,2000-10-09,2000-10-10,2000-10-13,2000-10-16,22.75,21.8125,-0.04120879120879117,4,5199,5203,True,0.48956158663883087,11496
AMD,A-NOMACD,2000-12-08,2000-12-11,2000-12-18,2000-12-19,16.25,15.4375,-0.050000000000000044,6,5242,5248,True,0.49634591961023145,11494
AMD,A-NOMACD,2001-03-02,2001-03-05,2001-03-15,2001-03-16,22.149999618530273,23.549999237060547,0.06320540147364428,9,5298,5307,True,0.5044817683404403,11491
AMD,A-NOMACD,2001-06-25,2001-06-26,2001-07-06,2001-07-09,25.149999618530273,20.8700008392334,-0.17017888048568452,8,5377,5385,True,0.5043508527671423,11492
AMD,A-NOMACD,2001-07-26,2001-07-27,2001-08-07,2001-08-08,17.25,17.559999465942383,0.017970983532891838,8,5399,5407,True,0.5043508527671423,11492
AMD,A-NOMACD,2001-08-22,2001-08-23,2001-08-23,2001-08-24,14.699999809265137,14.449999809265137,-0.017006802941754384,1,5418,5419,True,0.4729106878859031,11499
AMD,A-NOMACD,2001-08-24,2001-08-27,2001-08-30,2001-08-31,15.100000381469727,13.1899995803833,-0.1264901160817401,4,5420,5424,True,0.48956158663883087,11496
AMD,A-NOMACD,2001-09-20,2001-09-21,2001-09-26,2001-09-27,8.3100004196167,8.260000228881836,-0.006016869820708037,4,5434,5438,True,0.48956158663883087,11496
AMD,A-NOMACD,2001-10-03,2001-10-04,2001-10-17,2001-10-18,8.850000381469727,9.979999542236328,0.1276835154869158,10,5443,5453,True,0.5081810269799826,11490
AMD,A-NOMACD,2002-01-31,2002-02-01,2002-02-05,2002-02-06,15.859999656677246,14.680000305175781,-0.07440096954886577,3,5525,5528,True,0.48377837696790466,11497
AMD,A-NOMACD,2002-02-08,2002-02-11,2002-02-19,2002-02-20,15.010000228881836,14.149999618530273,-0.05729517636493919,6,5531,5537,True,0.49634591961023145,11494
AMD,A-NOMACD,2002-03-26,2002-03-27,2002-03-27,2002-03-28,14.3100004196167,14.239999771118164,-0.004891729311382487,1,5562,5563,True,0.4729106878859031,11499
AMD,A-NOMACD,2002-04-08,2002-04-09,2002-04-11,2002-04-12,13.65999984741211,13.329999923706055,-0.02415812059972855,3,5570,5573,True,0.48377837696790466,11497
AMD,A-NOMACD,2002-05-01,2002-05-02,2002-05-06,2002-05-07,11.75,10.949999809265137,-0.06808512261573307,3,5587,5590,True,0.48377837696790466,11497
AMD,A-NOMACD,2002-06-10,2002-06-11,2002-06-11,2002-06-12,10.100000381469727,9.59000015258789,-0.050495070259355956,1,5614,5615,True,0.4729106878859031,11499
AMD,A-NOMACD,2002-06-12,2002-06-13,2002-06-13,2002-06-14,9.529999732971191,9.300000190734863,-0.024134265339021188,1,5616,5617,True,0.4729106878859031,11499
AMD,A-NOMACD,2002-06-14,2002-06-17,2002-06-19,2002-06-20,9.899999618530273,8.649999618530273,-0.12626263112781533,3,5618,5621,True,0.48377837696790466,11497
AMD,A-NOMACD,2002-06-26,2002-06-27,2002-07-17,2002-07-18,9.149999618530273,8.899999618530273,-0.02732240551067433,14,5626,5640,True,0.5123628765453596,11486
AMD,A-NOMACD,2002-08-05,2002-08-06,2002-08-20,2002-08-21,7.900000095367432,10.430000305175781,0.32025318724894003,11,5653,5664,True,0.5088345373835843,11489
AMD,A-NOMACD,2002-09-10,2002-09-11,2002-09-12,2002-09-13,8.600000381469727,7.25,-0.15697678157998096,2,5678,5680,True,0.47408244912158637,11498
AMD,A-NOMACD,2002-09-25,2002-09-26,2002-10-04,2002-10-07,6.03000020980835,3.5,-0.4195688427494698,7,5689,5696,True,0.5026537892630296,11493
AMD,A-NOMACD,2002-10-09,2002-10-10,2002-11-07,2002-11-08,3.619999885559082,6.730000019073486,0.8591160861415574,21,5699,5720,True,0.513807822981096,11479
AMD,A-NOMACD,2002-12-23,2002-12-24,2002-12-24,2002-12-26,6.599999904632568,6.710000038146973,0.016666687136948966,1,5751,5752,True,0.4729106878859031,11499
AMD,A-NOMACD,2002-12-31,2003-01-02,2003-01-16,2003-01-17,6.559999942779541,6.349999904632568,-0.03201220121626913,11,5756,5767,True,0.5088345373835843,11489
AMD,A-NOMACD,2003-02-04,2003-02-05,2003-02-25,2003-02-26,5.070000171661377,5.25,0.03550292351955475,14,5779,5793,True,0.5123628765453596,11486
AMD,A-NOMACD,2003-05-27,2003-05-28,2003-06-02,2003-06-03,7.199999809265137,6.869999885559082,-0.0458333239511205,4,5856,5860,True,0.48956158663883087,11496
AMD,A-NOMACD,2003-06-12,2003-06-13,2003-07-17,2003-07-18,6.869999885559082,7.260000228881836,0.05676860987182031,24,5868,5892,True,0.5155106308818403,11476
AMD,A-NOMACD,2003-12-18,2003-12-19,2004-01-13,2004-01-14,14.600000381469727,15.350000381469727,0.0513698616715037,16,6000,6016,True,0.512365029606409,11484
AMD,A-NOMACD,2004-02-06,2004-02-09,2004-02-19,2004-02-20,15.010000228881836,14.970000267028809,-0.0026648874912114096,8,6033,6041,True,0.5043508527671423,11492
AMD,A-NOMACD,2004-05-07,2004-05-10,2004-05-14,2004-05-17,14.899999618530273,13.930000305175781,-0.06510062672405437,5,6096,6101,True,0.4955197912135711,11495
AMD,A-NOMACD,2004-07-28,2004-07-29,2004-08-06,2004-08-09,11.5,11.75,0.021739130434782705,7,6151,6158,True,0.5026537892630296,11493
AMD,A-NOMACD,2004-08-16,2004-08-17,2004-08-27,2004-08-30,11.350000381469727,11.960000038146973,0.05374446133703614,9,6164,6173,True,0.5044817683404403,11491
AMD,A-NOMACD,2005-01-20,2005-01-21,2005-02-10,2005-02-11,15.640000343322754,17.75,0.13491046102042303,15,6273,6288,True,0.5117979973878972,11485
AMD,A-NOMACD,2005-03-23,2005-03-24,2005-04-14,2005-04-15,15.75,15.859999656677246,0.006984105185856793,15,6316,6331,True,0.5117979973878972,11485
AMD,A-NOMACD,2005-05-02,2005-05-03,2005-05-27,2005-05-31,14.260000228881836,16.149999618530273,0.13253852449598713,19,6343,6362,True,0.5119763086839125,11481
AMD,A-NOMACD,2005-10-21,2005-10-24,2005-11-14,2005-11-15,22.0,25.8700008392334,0.17590912905606348,16,6464,6480,True,0.512365029606409,11484
AMD,A-NOMACD,2006-03-15,2006-03-16,2006-03-29,2006-03-30,35.5,34.20000076293945,-0.036619696818606995,10,6562,6572,True,0.5081810269799826,11490
AMD,A-NOMACD,2006-06-15,2006-06-16,2006-06-28,2006-06-29,26.110000610351562,24.100000381469727,-0.07698200620052653,9,6626,6635,True,0.5044817683404403,11491
AMD,A-NOMACD,2006-07-19,2006-07-20,2006-07-21,2006-07-24,21.899999618530273,17.6200008392334,-0.19543373761867255,2,6649,6651,True,0.47408244912158637,11498
AMD,A-NOMACD,2006-07-26,2006-07-27,2006-08-10,2006-08-11,18.299999237060547,19.93000030517578,0.0890711003317537,11,6654,6665,True,0.5088345373835843,11489
AMD,A-NOMACD,2006-10-05,2006-10-06,2006-10-06,2006-10-09,24.65999984741211,24.25,-0.01662610908147011,1,6704,6705,True,0.4729106878859031,11499
AMD,A-NOMACD,2006-10-11,2006-10-12,2006-10-19,2006-10-20,24.450000762939453,21.18000030517578,-0.1337423458374789,6,6708,6714,True,0.49634591961023145,11494
AMD,A-NOMACD,2007-01-10,2007-01-11,2007-01-16,2007-01-17,19.799999237060547,17.899999618530273,-0.09595958039099106,3,6769,6772,True,0.48377837696790466,11497
AMD,A-NOMACD,2007-02-02,2007-02-05,2007-02-09,2007-02-12,15.739999771118164,14.960000038146973,-0.049555256944948556,5,6785,6790,True,0.4955197912135711,11495
AMD,A-NOMACD,2007-02-14,2007-02-15,2007-02-22,2007-02-23,15.010000228881836,14.59000015258789,-0.027981350425684393,5,6793,6798,True,0.4955197912135711,11495
AMD,A-NOMACD,2007-02-23,2007-02-26,2007-03-02,2007-03-05,14.829999923706055,13.600000381469727,-0.08293995607310478,5,6799,6804,True,0.4955197912135711,11495
AMD,A-NOMACD,2007-03-09,2007-03-12,2007-03-19,2007-03-20,14.09000015258789,13.699999809265137,-0.027679229176667097,6,6809,6815,True,0.49634591961023145,11494
AMD,A-NOMACD,2007-04-05,2007-04-09,2007-04-23,2007-04-24,13.399999618530273,13.760000228881836,0.02686571795522541,11,6828,6839,True,0.5088345373835843,11489
AMD,A-NOMACD,2007-06-08,2007-06-11,2007-06-15,2007-06-18,14.119999885559082,13.649999618530273,-0.03328613816133885,5,6872,6877,True,0.4955197912135711,11495
AMD,A-NOMACD,2007-06-20,2007-06-21,2007-07-03,2007-07-05,13.890000343322754,14.420000076293945,0.038156927276533414,9,6880,6889,True,0.5044817683404403,11491
AMD,A-NOMACD,2007-08-08,2007-08-09,2007-08-14,2007-08-15,12.899999618530273,12.449999809265137,-0.034883707176140644,4,6914,6918,True,0.48956158663883087,11496
AMD,A-NOMACD,2007-08-20,2007-08-21,2007-09-07,2007-09-10,12.170000076293945,12.920000076293945,0.06162695113379102,13,6922,6935,True,0.5121441629668321,11487
AMD,A-NOMACD,2007-11-02,2007-11-05,2007-11-08,2007-11-09,13.0600004196167,12.180000305175781,-0.06738132359621662,4,6975,6979,True,0.48956158663883087,11496
AMD,A-NOMACD,2007-11-15,2007-11-16,2007-11-19,2007-11-20,12.890000343322754,12.170000076293945,-0.055857272913245604,2,6984,6986,True,0.47408244912158637,11498
AMD,A-NOMACD,2007-12-07,2007-12-10,2007-12-14,2007-12-17,9.119999885559082,8.399999618530273,-0.0789473986911865,5,6999,7004,True,0.4955197912135711,11495
AMD,A-NOMACD,2007-12-19,2007-12-20,2007-12-27,2007-12-28,8.100000381469727,7.550000190734863,-0.06790125491760368,5,7007,7012,True,0.4955197912135711,11495
AMD,A-NOMACD,2007-12-31,2008-01-02,2008-01-03,2008-01-04,7.400000095367432,6.639999866485596,-0.10270273230909999,2,7014,7016,True,0.47408244912158637,11498
AMD,A-NOMACD,2008-01-10,2008-01-11,2008-02-05,2008-02-06,6.070000171661377,7.380000114440918,0.2158154704666162,17,7021,7038,True,0.5114517112252895,11483
AMD,A-NOMACD,2008-04-01,2008-04-02,2008-04-11,2008-04-14,6.079999923706055,6.059999942779541,-0.003289470588401344,8,7076,7084,True,0.5043508527671423,11492
AMD,A-NOMACD,2008-07-07,2008-07-08,2008-07-10,2008-07-11,5.380000114440918,4.75,-0.1171003905278516,3,7143,7146,True,0.48377837696790466,11497
AMD,A-NOMACD,2008-07-11,2008-07-14,2008-07-21,2008-07-22,4.920000076293945,4.519999980926514,-0.0813008311310306,6,7147,7153,True,0.49634591961023145,11494
AMD,A-NOMACD,2008-07-23,2008-07-24,2008-07-24,2008-07-25,4.679999828338623,4.420000076293945,-0.0555555046114129,1,7155,7156,True,0.4729106878859031,11499
AMD,A-NOMACD,2008-08-01,2008-08-04,2008-08-19,2008-08-20,4.309999942779541,5.699999809265137,0.32250577376787093,12,7162,7174,True,0.5098363509749304,11488
AMD,A-NOMACD,2008-09-25,2008-09-26,2008-10-08,2008-10-09,5.010000228881836,4.21999979019165,-0.15768471109760862,9,7200,7209,True,0.5044817683404403,11491
AMD,A-NOMACD,2008-10-30,2008-10-31,2008-11-07,2008-11-10,3.4000000953674316,3.2899999618530273,-0.032352979537936366,6,7225,7231,True,0.49634591961023145,11494
AMD,A-NOMACD,2008-11-25,2008-11-26,2008-12-22,2008-12-23,1.850000023841858,2.069999933242798,0.11891886841388821,18,7243,7261,True,0.5098414910294374,11482
AMD,A-NOMACD,2009-06-26,2009-06-29,2009-07-07,2009-07-08,3.7200000286102295,3.430000066757202,-0.07795697839318827,6,7389,7395,True,0.49634591961023145,11494
AMD,A-NOMACD,2009-11-04,2009-11-05,2009-11-24,2009-11-25,4.809999942779541,7.010000228881836,0.4573805223022491,14,7480,7494,True,0.5123628765453596,11486
AMD,A-NOMACD,2010-02-01,2010-02-02,2010-02-04,2010-02-05,7.739999771118164,7.130000114440918,-0.07881132748265207,3,7539,7542,True,0.48377837696790466,11497
AMD,A-NOMACD,2010-02-05,2010-02-08,2010-02-22,2010-02-23,7.380000114440918,7.909999847412109,0.07181568086077772,10,7543,7553,True,0.5081810269799826,11490
AMD,A-NOMACD,2010-07-08,2010-07-09,2010-07-29,2010-07-30,7.340000152587891,7.610000133514404,0.03678473778114544,15,7648,7663,True,0.5117979973878972,11485
AMD,A-NOMACD,2010-08-16,2010-08-17,2010-08-19,2010-08-20,6.71999979019165,6.360000133514404,-0.05357137915431087,3,7675,7678,True,0.48377837696790466,11497
AMD,A-NOMACD,2010-08-25,2010-08-26,2010-08-26,2010-08-27,6.190000057220459,5.940000057220459,-0.04038772175912697,1,7682,7683,True,0.4729106878859031,11499
AMD,A-NOMACD,2010-08-27,2010-08-30,2010-08-31,2010-09-01,6.019999980926514,5.75,-0.04485049531261942,2,7684,7686,True,0.47408244912158637,11498
AMD,A-NOMACD,2010-09-01,2010-09-02,2010-09-20,2010-09-21,5.820000171661377,6.099999904632568,0.04810991833549427,12,7687,7699,True,0.5098363509749304,11488
AMD,A-NOMACD,2011-01-27,2011-01-28,2011-02-11,2011-02-14,7.760000228881836,8.260000228881836,0.0644329877902654,11,7789,7800,True,0.5088345373835843,11489
AMD,A-NOMACD,2011-05-27,2011-05-31,2011-06-02,2011-06-03,8.5600004196167,8.09000015258789,-0.05490657055947368,3,7873,7876,True,0.48377837696790466,11497
AMD,A-NOMACD,2011-06-14,2011-06-15,2011-06-15,2011-06-16,7.579999923706055,7.650000095367432,0.009234851235612185,1,7884,7885,True,0.4729106878859031,11499
AMD,A-NOMACD,2011-06-16,2011-06-17,2011-06-17,2011-06-20,7.289999961853027,6.960000038146973,-0.045267479483247164,1,7886,7887,True,0.4729106878859031,11499
AMD,A-NOMACD,2011-06-21,2011-06-22,2011-07-11,2011-07-12,7.150000095367432,6.71999979019165,-0.06013990201963537,13,7889,7902,True,0.5121441629668321,11487
AMD,A-NOMACD,2011-08-12,2011-08-15,2011-08-18,2011-08-19,6.28000020980835,5.71999979019165,-0.08917203836109255,4,7926,7930,True,0.48956158663883087,11496
AMD,A-NOMACD,2011-10-06,2011-10-07,2011-10-19,2011-10-20,4.940000057220459,4.71999979019165,-0.04453446649403359,9,7964,7973,True,0.5044817683404403,11491
AMD,A-NOMACD,2011-11-29,2011-11-30,2011-12-08,2011-12-09,5.489999771118164,5.489999771118164,0.0,7,8001,8008,True,0.5026537892630296,11493
AMD,A-NOMACD,2011-12-21,2011-12-22,2012-01-06,2012-01-09,5.119999885559082,5.420000076293945,0.05859378856257624,10,8017,8027,True,0.5081810269799826,11490
AMD,A-NOMACD,2012-05-01,2012-05-02,2012-05-04,2012-05-07,7.510000228881836,7.130000114440918,-0.05059921476160811,3,8106,8109,True,0.48377837696790466,11497
AMD,A-NOMACD,2012-05-11,2012-05-14,2012-05-15,2012-05-16,6.690000057220459,6.659999847412109,-0.004484336255867527,2,8114,8116,True,0.47408244912158637,11498
AMD,A-NOMACD,2012-05-21,2012-05-22,2012-06-01,2012-06-04,6.170000076293945,5.760000228881836,-0.06645054170864428,8,8120,8128,True,0.5043508527671423,11492
AMD,A-NOMACD,2012-06-29,2012-07-02,2012-07-10,2012-07-11,5.75,5.019999980926514,-0.12695652505625854,6,8148,8154,True,0.49634591961023145,11494
AMD,A-NOMACD,2012-07-30,2012-07-31,2012-07-31,2012-08-01,4.090000152587891,4.090000152587891,0.0,1,8168,8169,True,0.4729106878859031,11499
AMD,A-NOMACD,2012-08-01,2012-08-02,2012-08-14,2012-08-15,4.03000020980835,4.110000133514404,0.019851096660329803,9,8170,8179,True,0.5044817683404403,11491
AMD,A-NOMACD,2012-09-05,2012-09-06,2012-09-10,2012-09-11,3.549999952316284,3.5199999809265137,-0.008450696279642567,3,8194,8197,True,0.48377837696790466,11497
AMD,A-NOMACD,2012-10-04,2012-10-05,2012-10-12,2012-10-15,3.240000009536743,2.7899999618530273,-0.1388889031972741,6,8215,8221,True,0.49634591961023145,11494
AMD,A-NOMACD,2012-10-25,2012-10-26,2012-10-26,2012-10-31,2.130000114440918,2.130000114440918,0.0,1,8230,8231,True,0.4729106878859031,11499
AMD,A-NOMACD,2012-11-01,2012-11-02,2012-11-07,2012-11-08,2.1500000953674316,2.0299999713897705,-0.05581400867666164,4,8233,8237,True,0.48956158663883087,11496
AMD,A-NOMACD,2012-11-09,2012-11-12,2012-11-14,2012-11-15,2.0399999618530273,1.9299999475479126,-0.053921576648068514,3,8239,8242,True,0.48377837696790466,11497
AMD,A-NOMACD,2012-11-23,2012-11-26,2012-12-14,2012-12-17,1.9600000381469727,2.4100000858306885,0.22959185659463355,15,8248,8263,True,0.5117979973878972,11485
AMD,A-NOMACD,2013-07-31,2013-08-01,2013-08-08,2013-08-09,3.809999942779541,3.690000057220459,-0.03149603342816265,6,8419,8425,True,0.49634591961023145,11494
AMD,A-NOMACD,2013-09-05,2013-09-06,2013-09-20,2013-09-23,3.5399999618530273,3.809999942779541,0.07627118187458426,11,8444,8455,True,0.5088345373835843,11489
AMD,A-NOMACD,2014-02-06,2014-02-07,2014-02-24,2014-02-25,3.4600000381469727,3.7300000190734863,0.0780346757080137,11,8550,8561,True,0.5088345373835843,11489
AMD,A-NOMACD,2014-09-18,2014-09-19,2014-09-23,2014-09-24,3.930000066757202,3.7100000381469727,-0.05597965009495798,3,8705,8708,True,0.48377837696790466,11497
AMD,A-NOMACD,2014-10-02,2014-10-03,2014-10-07,2014-10-08,3.430000066757202,3.299999952316284,-0.03790090726261208,3,8715,8718,True,0.48377837696790466,11497
AMD,A-NOMACD,2014-10-08,2014-10-09,2014-10-09,2014-10-10,3.0299999713897705,2.950000047683716,-0.026402615333808388,1,8719,8720,True,0.4729106878859031,11499
AMD,A-NOMACD,2014-10-16,2014-10-17,2014-11-06,2014-11-07,2.6700000762939453,2.7699999809265137,0.03745314673225475,15,8725,8740,True,0.5117979973878972,11485
AMD,A-NOMACD,2014-11-20,2014-11-21,2014-12-01,2014-12-02,2.7200000286102295,2.690000057220459,-0.011029401130226768,6,8750,8756,True,0.49634591961023145,11494
AMD,A-NOMACD,2014-12-16,2014-12-17,2015-01-05,2015-01-06,2.5,2.6500000953674316,0.060000038146972745,12,8767,8779,True,0.5098363509749304,11488
AMD,A-NOMACD,2015-03-20,2015-03-23,2015-04-14,2015-04-15,2.809999942779541,2.700000047683716,-0.039145870937996374,16,8831,8847,True,0.512365029606409,11484
AMD,A-NOMACD,2015-05-01,2015-05-04,2015-05-19,2015-05-20,2.309999942779541,2.299999952316284,-0.00432900030777672,12,8860,8872,True,0.5098363509749304,11488
AMD,A-NOMACD,2015-05-28,2015-05-29,2015-06-09,2015-06-10,2.2699999809265137,2.309999942779541,0.017621128717675738,8,8878,8886,True,0.5043508527671423,11492
AMD,A-NOMACD,2015-07-20,2015-07-21,2015-07-23,2015-07-24,1.8200000524520874,1.7599999904632568,-0.03296706607672484,3,8914,8917,True,0.48377837696790466,11497
AMD,A-NOMACD,2015-07-28,2015-07-29,2015-08-10,2015-08-11,1.7699999809265137,1.909999966621399,0.07909603796809184,9,8920,8929,True,0.5044817683404403,11491
AMD,A-NOMACD,2015-08-21,2015-08-24,2015-08-25,2015-08-26,1.690000057220459,1.690000057220459,0.0,2,8938,8940,True,0.47408244912158637,11498
AMD,A-NOMACD,2015-08-26,2015-08-27,2015-09-10,2015-09-11,1.7400000095367432,1.8799999952316284,0.08045976145262146,10,8941,8951,True,0.5081810269799826,11490
AMD,A-NOMACD,2015-09-30,2015-10-01,2015-10-16,2015-10-19,1.7699999809265137,1.909999966621399,0.07909603796809184,12,8965,8977,True,0.5098363509749304,11488
AMD,A-NOMACD,2016-01-21,2016-01-22,2016-02-03,2016-02-04,2.109999895095825,2.059999942779541,-0.023696661043679068,9,9042,9051,True,0.5044817683404403,11491
AMD,A-NOMACD,2016-02-18,2016-02-19,2016-03-04,2016-03-07,1.9299999475479126,2.359999895095825,0.22279790633892627,11,9061,9072,True,0.5088345373835843,11489
AMD,A-NOMACD,2016-09-19,2016-09-20,2016-10-05,2016-10-06,6.230000019073486,6.71999979019165,0.07865164841380468,12,9209,9221,True,0.5098363509749304,11488
AMD,A-NOMACD,2017-01-24,2017-01-25,2017-02-13,2017-02-14,10.739999771118164,13.430000305175781,0.2504656044119782,14,9296,9310,True,0.5123628765453596,11486
AMD,A-NOMACD,2017-04-19,2017-04-20,2017-05-02,2017-05-03,12.979999542236328,10.289999961853027,-0.20724188561256607,9,9355,9364,True,0.5044817683404403,11491
AMD,A-NOMACD,2017-08-14,2017-08-15,2017-08-21,2017-08-22,13.010000228881836,12.199999809265137,-0.062259831311802794,5,9436,9441,True,0.4955197912135711,11495
AMD,A-NOMACD,2017-11-06,2017-11-07,2017-11-13,2017-11-14,11.9399995803833,11.029999732971191,-0.07621439525904039,5,9495,9500,True,0.4955197912135711,11495
AMD,A-NOMACD,2017-12-11,2017-12-12,2017-12-12,2017-12-13,10.130000114440918,9.970000267028809,-0.015794654057705304,1,9519,9520,True,0.4729106878859031,11499
AMD,A-NOMACD,2017-12-13,2017-12-14,2017-12-26,2017-12-27,10.100000381469727,10.449999809265137,0.03465340738378053,8,9521,9529,True,0.5043508527671423,11492
AMD,A-NOMACD,2018-04-04,2018-04-05,2018-04-19,2018-04-20,10.050000190734863,10.050000190734863,0.0,11,9596,9607,True,0.5088345373835843,11489
AMD,A-NOMACD,2018-10-12,2018-10-15,2018-10-19,2018-10-22,26.3799991607666,24.459999084472656,-0.07278241612491965,5,9730,9735,True,0.4955197912135711,11495
AMD,A-NOMACD,2018-11-01,2018-11-02,2018-11-13,2018-11-14,20.59000015258789,20.18000030517578,-0.019912571363462472,8,9744,9752,True,0.5043508527671423,11492
AMD,A-NOMACD,2018-12-26,2018-12-27,2019-01-16,2019-01-17,17.43000030517578,19.489999771118164,0.11818700114025082,14,9780,9794,True,0.5123628765453596,11486
AMD,A-NOMACD,2019-06-26,2019-06-27,2019-07-17,2019-07-18,30.40999984741211,33.029998779296875,0.08615583508816527,14,9905,9919,True,0.5123628765453596,11486
AMD,A-NOMACD,2020-09-21,2020-09-22,2020-10-09,2020-10-12,78.36000061035156,83.6500015258789,0.06750894428692122,14,10217,10231,True,0.5123628765453596,11486
AMD,A-NOMACD,2020-10-23,2020-10-26,2020-10-28,2020-10-29,82.55000305175781,76.75,-0.07026048258437112,3,10241,10244,True,0.48377837696790466,11497
AMD,A-NOMACD,2021-05-14,2021-05-17,2021-06-03,2021-06-04,74.22000122070312,80.91999816894531,0.09027212123479833,13,10380,10393,True,0.5121441629668321,11487
AMD,A-NOMACD,2021-09-15,2021-09-16,2021-09-17,2021-09-20,104.91999816894531,101.58000183105469,-0.03183374376839454,2,10465,10467,True,0.47408244912158637,11498
AMD,A-NOMACD,2022-01-31,2022-02-01,2022-02-11,2022-02-14,116.75,115.51000213623047,-0.01062096671322943,9,10560,10569,True,0.5044817683404403,11491
AMD,A-NOMACD,2022-02-24,2022-02-25,2022-03-04,2022-03-07,117.16000366210938,108.52999877929688,-0.07365999157614844,6,10577,10583,True,0.49634591961023145,11494
AMD,A-NOMACD,2022-04-19,2022-04-20,2022-04-21,2022-04-22,97.83999633789062,90.02999877929688,-0.0798241808147857,2,10614,10616,True,0.47408244912158637,11498
AMD,A-NOMACD,2022-04-25,2022-04-26,2022-04-26,2022-04-27,89.73999786376953,84.25,-0.06117671043522488,1,10618,10619,True,0.4729106878859031,11499
AMD,A-NOMACD,2022-04-28,2022-04-29,2022-05-09,2022-05-10,88.05000305175781,89.18000030517578,0.012833585624678845,7,10621,10628,True,0.5026537892630296,11493
AMD,A-NOMACD,2022-06-24,2022-06-27,2022-06-29,2022-06-30,87.36000061035156,77.7300033569336,-0.11023348427354385,3,10660,10663,True,0.48377837696790466,11497
AMD,A-NOMACD,2022-07-07,2022-07-08,2022-07-26,2022-07-27,78.30999755859375,86.94000244140625,0.11020310499122776,13,10668,10681,True,0.5121441629668321,11487
AMD,A-NOMACD,2022-09-08,2022-09-09,2022-09-14,2022-09-15,84.02999877929688,76.63999938964844,-0.08794477563968706,4,10712,10716,True,0.48956158663883087,11496
AMD,A-NOMACD,2022-09-28,2022-09-29,2022-09-30,2022-10-03,67.1500015258789,64.45999908447266,-0.04005960357825977,2,10726,10728,True,0.47408244912158637,11498
AMD,A-NOMACD,2022-10-03,2022-10-04,2022-10-10,2022-10-11,68.2699966430664,57.209999084472656,-0.1620037806127096,5,10729,10734,True,0.4955197912135711,11495
AMD,A-NOMACD,2022-10-19,2022-10-20,2022-11-02,2022-11-03,57.470001220703125,58.11000061035156,0.011136234140497692,10,10741,10751,True,0.5081810269799826,11490
AMD,A-NOMACD,2022-12-21,2022-12-22,2022-12-27,2022-12-28,66.08000183105469,62.540000915527344,-0.05357144094181454,3,10785,10788,True,0.48377837696790466,11497
AMD,A-NOMACD,2022-12-29,2022-12-30,2023-01-05,2023-01-06,63.77000045776367,63.150001525878906,-0.009722423199532648,4,10790,10794,True,0.48956158663883087,11496
AMD,A-NOMACD,2023-03-01,2023-03-02,2023-03-13,2023-03-14,77.56999969482422,83.66999816894531,0.07863862960061496,8,10831,10839,True,0.5043508527671423,11492
AMD,A-NOMACD,2023-04-27,2023-04-28,2023-05-03,2023-05-04,87.0199966430664,81.56999969482422,-0.06262924797155156,4,10871,10875,True,0.48956158663883087,11496
AMD,A-NOMACD,2023-06-29,2023-06-30,2023-07-20,2023-07-21,113.02999877929688,110.97000122070312,-0.018225228530844406,14,10914,10928,True,0.5123628765453596,11486
AMD,A-NOMACD,2023-09-27,2023-09-28,2023-10-13,2023-10-16,97.94000244140625,105.41999816894531,0.07637324424219871,12,10976,10988,True,0.5098363509749304,11488
AMD,A-NOMACD,2023-10-30,2023-10-31,2023-11-15,2023-11-16,96.23999786376953,117.19999694824219,0.21778885650166102,12,10999,11011,True,0.5098363509749304,11488
AMD,A-NOMACD,2024-03-26,2024-03-27,2024-04-04,2024-04-05,179.9600067138672,168.10000610351562,-0.06590353505158919,6,11100,11106,True,0.49634591961023145,11494
AMD,A-NOMACD,2024-04-23,2024-04-24,2024-05-02,2024-05-03,156.55999755859375,148.75,-0.04988501328808981,7,11119,11126,True,0.5026537892630296,11493
AMD,A-NOMACD,2024-07-31,2024-08-01,2024-08-02,2024-08-05,145.0,122.16000366210938,-0.15751721612338365,2,11187,11189,True,0.47408244912158637,11498
AMD,A-NOMACD,2024-08-05,2024-08-06,2024-08-22,2024-08-23,135.14999389648438,153.60000610351562,0.13651507983909128,13,11190,11203,True,0.5121441629668321,11487
AMD,A-NOMACD,2024-10-25,2024-10-28,2024-10-31,2024-11-01,158.5,144.44000244140625,-0.08870660920248419,4,11248,11252,True,0.48956158663883087,11496
AMD,A-NOMACD,2024-11-07,2024-11-08,2024-11-13,2024-11-14,149.38999938964844,140.33999633789062,-0.06057971141798468,4,11257,11261,True,0.48956158663883087,11496
AMD,A-NOMACD,2024-11-19,2024-11-20,2024-12-09,2024-12-10,138.9600067138672,131.55999755859375,-0.053252797911206295,13,11265,11278,True,0.5121441629668321,11487
AMD,A-NOMACD,2024-12-23,2024-12-24,2025-01-02,2025-01-03,127.51000213623047,121.6500015258789,-0.04595718384578795,6,11288,11294,True,0.49634591961023145,11494
AMD,A-NOMACD,2025-03-05,2025-03-06,2025-03-10,2025-03-11,99.05000305175781,96.79000091552734,-0.02281678007672061,3,11335,11338,True,0.48377837696790466,11497
AMD,A-NOMACD,2025-11-26,2025-11-28,2025-12-12,2025-12-15,216.13999938964844,212.27999877929688,-0.01785879809961921,11,11520,11531,True,0.5088345373835843,11489
