symbol,arm,signal_date,entry_date,exit_signal_date,exit_date,entry_price,exit_price,ret,hold_bars,entry_bar,exit_bar,closed,base_rate,base_n
NVDA,b_20_80|none|death_cross,2018-02-12,2018-02-13,2018-02-27,2018-02-28,5.594423436273443,6.0905831790472815,0.08868827117318467,10,4796,4806,True,0.5963855421686747,2158
NVDA,b_20_80|none|death_cross,2018-03-06,2018-03-07,2018-03-19,2018-03-20,5.8805620802642675,5.957651760642879,0.013109236723702233,9,4811,4820,True,0.5891616489115331,2159
NVDA,b_20_80|none|death_cross,2018-04-10,2018-04-11,2018-04-20,2018-04-23,5.616431864787933,5.668810895066769,0.009326033243138632,8,4835,4843,True,0.5893518518518519,2160
NVDA,b_20_80|none|death_cross,2018-04-27,2018-04-30,2018-05-15,2018-05-16,5.608525393307064,6.028810902853696,0.07493690053506397,12,4848,4860,True,0.6080705009276438,2156
NVDA,b_20_80|none|death_cross,2018-05-25,2018-05-29,2018-06-11,2018-06-12,6.1450315432003935,6.469898714529508,0.05286664015396103,10,4868,4878,True,0.5963855421686747,2158
NVDA,b_20_80|none|death_cross,2018-07-05,2018-07-06,2018-07-20,2018-07-23,5.9766650814098945,6.176429400386047,0.03342404438848501,11,4895,4906,True,0.5915623551228558,2157
NVDA,b_20_80|none|death_cross,2018-07-26,2018-07-27,2018-07-30,2018-07-31,6.337132824054152,6.025369068604396,-0.049196342274281935,2,4910,4912,True,0.5480147737765466,2166
NVDA,b_20_80|none|death_cross,2018-08-03,2018-08-06,2018-08-16,2018-08-17,6.220190883311782,6.253568129968853,0.005365952152146969,9,4916,4925,True,0.5891616489115331,2159
NVDA,b_20_80|none|death_cross,2018-08-22,2018-08-23,2018-09-05,2018-09-06,6.459269652306198,6.870962963208796,0.06373682057933716,9,4929,4938,True,0.5891616489115331,2159
NVDA,b_20_80|none|death_cross,2018-09-17,2018-09-18,2018-09-20,2018-09-21,6.780177131055425,6.5988563179139845,-0.026742784094965888,3,4946,4949,True,0.5630484988452656,2165
NVDA,b_20_80|none|death_cross,2018-09-27,2018-09-28,2018-10-05,2018-10-08,6.746536001719056,6.59242317265542,-0.02284325304487622,6,4954,4960,True,0.5832562442183163,2162
NVDA,b_20_80|none|death_cross,2018-11-27,2018-11-28,2018-12-07,2018-12-10,3.9203270967711465,3.6102699118874186,-0.07908962115408602,7,4996,5003,True,0.5890791300323924,2161
NVDA,b_20_80|none|death_cross,2019-02-04,2019-02-05,2019-02-19,2019-02-20,3.7058500632451805,3.907907088268035,0.054523799283426655,10,5041,5051,True,0.5963855421686747,2158
NVDA,b_20_80|none|death_cross,2019-02-20,2019-02-21,2019-02-21,2019-02-22,3.9386119879459383,3.908897822960406,-0.007544324009694736,1,5052,5053,True,0.5440701430549146,2167
NVDA,b_20_80|none|death_cross,2019-02-22,2019-02-25,2019-02-25,2019-02-26,4.025278463314607,3.924745387991044,-0.02497543368484867,1,5054,5055,True,0.5440701430549146,2167
NVDA,b_20_80|none|death_cross,2019-03-11,2019-03-12,2019-03-22,2019-03-25,4.021990761412275,4.359098568846415,0.08381615658305686,9,5065,5074,True,0.5891616489115331,2159
NVDA,b_20_80|none|death_cross,2019-04-01,2019-04-02,2019-04-12,2019-04-15,4.542275182545903,4.702153118054769,0.035197765235186695,9,5080,5089,True,0.5891616489115331,2159
NVDA,b_20_80|none|death_cross,2019-04-23,2019-04-24,2019-04-25,2019-04-26,4.736608833155228,4.479315954390358,-0.0543200605808688,2,5095,5097,True,0.5480147737765466,2166
NVDA,b_20_80|none|death_cross,2019-05-03,2019-05-06,2019-05-06,2019-05-07,4.35017405728094,4.409664416633841,0.013675397482850293,1,5103,5104,True,0.5440701430549146,2167
NVDA,b_20_80|none|death_cross,2019-06-18,2019-06-19,2019-06-24,2019-06-25,3.8290492102307088,3.7933153544963494,-0.009332305168312627,4,5134,5138,True,0.5730129390018485,2164
NVDA,b_20_80|none|death_cross,2019-06-26,2019-06-27,2019-07-02,2019-07-03,4.037747423194393,4.049164102336375,0.002827487196549461,4,5140,5144,True,0.5730129390018485,2164
NVDA,b_20_80|none|death_cross,2019-07-12,2019-07-15,2019-07-25,2019-07-26,4.180437480835474,4.329580786563699,0.03567648276333446,9,5151,5160,True,0.5891616489115331,2159
NVDA,b_20_80|none|death_cross,2019-08-16,2019-08-19,2019-08-27,2019-08-28,4.072737880593051,3.9888355777669298,-0.02060095819716834,7,5176,5183,True,0.5890791300323924,2161
NVDA,b_20_80|none|death_cross,2019-09-04,2019-09-05,2019-09-16,2019-09-17,4.294121570349542,4.483153706848775,0.044021142252813616,8,5188,5196,True,0.5893518518518519,2160
NVDA,b_20_80|none|death_cross,2019-09-26,2019-09-27,2019-09-27,2019-09-30,4.363425165093212,4.292382086045168,-0.016281493634032862,1,5204,5205,True,0.5440701430549146,2167
NVDA,b_20_80|none|death_cross,2019-09-30,2019-10-01,2019-10-02,2019-10-03,4.347031992814338,4.30281615031141,-0.010171501515520487,2,5206,5208,True,0.5480147737765466,2166
NVDA,b_20_80|none|death_cross,2019-10-03,2019-10-04,2019-10-18,2019-10-21,4.50600817250666,4.793161508330924,0.06372676764687757,11,5209,5220,True,0.5915623551228558,2157
NVDA,b_20_80|none|death_cross,2019-10-21,2019-10-22,2019-10-22,2019-10-23,4.92580670192421,4.777015568452307,-0.030206449922969836,1,5221,5222,True,0.5440701430549146,2167
NVDA,b_20_80|none|death_cross,2019-10-25,2019-10-28,2019-10-30,2019-10-31,5.124528046514247,5.021689363981352,-0.020067932422156876,3,5225,5228,True,0.5630484988452656,2165
NVDA,b_20_80|none|death_cross,2019-11-04,2019-11-05,2019-11-08,2019-11-11,5.228608631295536,5.160545888806701,-0.013017371788251575,4,5231,5235,True,0.5730129390018485,2164
NVDA,b_20_80|none|death_cross,2019-11-12,2019-11-13,2019-11-14,2019-11-15,5.17545067895377,5.20898543716974,0.006479582223117397,2,5237,5239,True,0.5480147737765466,2166
NVDA,b_20_80|none|death_cross,2019-11-22,2019-11-25,2019-12-02,2019-12-03,5.366470300704654,5.018186152052847,-0.06490004213869871,5,5245,5250,True,0.5755894590846047,2163
NVDA,b_20_80|none|death_cross,2019-12-10,2019-12-11,2019-12-27,2019-12-30,5.3296639403915655,5.866359228302341,0.1006996489672376,12,5256,5268,True,0.6080705009276438,2156
NVDA,b_20_80|none|death_cross,2020-01-07,2020-01-08,2020-01-15,2020-01-16,5.96007489141587,6.157948519655376,0.03319985601598696,6,5274,5280,True,0.5832562442183163,2162
NVDA,b_20_80|none|death_cross,2020-01-16,2020-01-17,2020-01-21,2020-01-22,6.207168756490065,6.208659581685237,0.000240177970610711,2,5281,5283,True,0.5480147737765466,2166
NVDA,b_20_80|none|death_cross,2020-01-23,2020-01-24,2020-01-24,2020-01-27,6.401064334103999,5.92229013718489,-0.07479602952406916,1,5285,5286,True,0.5440701430549146,2167
NVDA,b_20_80|none|death_cross,2020-02-05,2020-02-06,2020-02-21,2020-02-24,6.26782374742976,6.716520257731246,0.0715872890467737,11,5294,5305,True,0.5915623551228558,2157
NVDA,b_20_80|none|death_cross,2020-03-04,2020-03-05,2020-03-09,2020-03-10,6.877488899423139,6.3810155877339705,-0.07218816619694013,3,5313,5316,True,0.5630484988452656,2165
NVDA,b_20_80|none|death_cross,2020-03-19,2020-03-20,2020-04-02,2020-04-03,5.447268674676942,6.316841179647941,0.1596345906368517,10,5324,5334,True,0.5963855421686747,2158
NVDA,b_20_80|none|death_cross,2020-04-13,2020-04-14,2020-04-21,2020-04-22,6.840176949824809,6.895645491403493,0.008109226118792945,6,5340,5346,True,0.5832562442183163,2162
NVDA,b_20_80|none|death_cross,2020-04-27,2020-04-28,2020-04-28,2020-04-29,7.536630547178379,7.381670852745031,-0.020560871793213087,1,5350,5351,True,0.5440701430549146,2167
NVDA,b_20_80|none|death_cross,2020-04-29,2020-04-30,2020-05-01,2020-05-04,7.369730999567452,6.98643138554648,-0.05200998707326887,2,5352,5354,True,0.5480147737765466,2166
NVDA,b_20_80|none|death_cross,2020-05-07,2020-05-08,2020-05-13,2020-05-14,7.6547801034035805,7.802030552114325,0.019236404798260942,4,5358,5362,True,0.5730129390018485,2164
NVDA,b_20_80|none|death_cross,2020-05-14,2020-05-15,2020-05-21,2020-05-22,7.849786375477367,8.780549550249997,0.1185717840271836,5,5363,5368,True,0.5755894590846047,2163
NVDA,b_20_80|none|death_cross,2020-06-05,2020-06-08,2020-06-11,2020-06-12,8.836315791447598,9.120251596693144,0.03213282684174312,4,5378,5382,True,0.5730129390018485,2164
NVDA,b_20_80|none|death_cross,2020-06-18,2020-06-19,2020-06-26,2020-06-29,9.199884081125418,9.12746835403248,-0.007871373862362807,6,5387,5393,True,0.5832562442183163,2162
NVDA,b_20_80|none|death_cross,2020-07-01,2020-07-02,2020-07-13,2020-07-14,9.594554582855501,10.028542714415202,0.0452327544558655,7,5396,5403,True,0.5890791300323924,2161
NVDA,b_20_80|none|death_cross,2020-07-27,2020-07-28,2020-08-10,2020-08-11,10.326413559651314,11.022688071909158,0.06742655697796351,10,5413,5423,True,0.5963855421686747,2158
NVDA,b_20_80|none|death_cross,2020-09-17,2020-09-18,2020-09-18,2020-09-21,12.539429199310245,11.873565272826937,-0.05310161378956024,1,5450,5451,True,0.5440701430549146,2167
NVDA,b_20_80|none|death_cross,2020-09-21,2020-09-22,2020-09-23,2020-09-24,12.5207622481134,12.020178955986067,-0.03998025696900043,2,5452,5454,True,0.5480147737765466,2166
NVDA,b_20_80|none|death_cross,2020-09-25,2020-09-28,2020-10-09,2020-10-12,12.984003310472113,13.929160708195548,0.07279398927456593,10,5456,5466,True,0.5963855421686747,2158
NVDA,b_20_80|none|death_cross,2020-11-03,2020-11-04,2020-11-10,2020-11-11,13.331498827212098,12.997446446842183,-0.025057376120984354,5,5483,5488,True,0.5755894590846047,2163
NVDA,b_20_80|none|death_cross,2020-11-27,2020-11-30,2020-12-09,2020-12-10,13.207788768463313,12.817280873329809,-0.029566485501792195,8,5500,5508,True,0.5893518518518519,2160
NVDA,b_20_80|none|death_cross,2020-12-15,2020-12-16,2020-12-23,2020-12-24,13.368552602157862,12.984849615100142,-0.028701909509320056,6,5512,5518,True,0.5832562442183163,2162
NVDA,b_20_80|none|death_cross,2020-12-30,2020-12-31,2021-01-06,2021-01-07,13.083702589161886,12.915381167862042,-0.012864968471484217,4,5522,5526,True,0.5730129390018485,2164
NVDA,b_20_80|none|death_cross,2021-01-07,2021-01-08,2021-01-14,2021-01-15,13.308795569096715,13.174834248372443,-0.010065623145893987,5,5527,5532,True,0.5755894590846047,2163
NVDA,b_20_80|none|death_cross,2021-01-21,2021-01-22,2021-01-27,2021-01-28,13.684778315815404,12.944018103883906,-0.054130231037459065,4,5536,5540,True,0.5730129390018485,2164
NVDA,b_20_80|none|death_cross,2021-02-02,2021-02-03,2021-02-18,2021-02-19,13.58119621183441,14.964116101576446,0.10182607394604792,11,5544,5555,True,0.5915623551228558,2157
NVDA,b_20_80|none|death_cross,2021-03-30,2021-03-31,2021-04-14,2021-04-15,12.967662254162988,15.604934368238913,0.20337297983137126,10,5583,5593,True,0.5963855421686747,2158
NVDA,b_20_80|none|death_cross,2021-05-07,2021-05-10,2021-05-10,2021-05-11,14.732902772330645,13.774188670983172,-0.06507299451863624,1,5610,5611,True,0.5440701430549146,2167
NVDA,b_20_80|none|death_cross,2021-05-14,2021-05-17,2021-06-08,2021-06-09,14.1049716528706,17.455372530301904,0.23753332937393323,16,5615,5631,True,0.6259293680297398,2152
NVDA,b_20_80|none|death_cross,2021-07-21,2021-07-22,2021-08-10,2021-08-11,19.57429170526757,19.97390996272921,0.020415464502048897,14,5661,5675,True,0.617455896007428,2154
NVDA,b_20_80|none|death_cross,2021-08-20,2021-08-23,2021-09-02,2021-09-03,20.89871172530121,22.2519691858628,0.06475315217268895,9,5683,5692,True,0.5891616489115331,2159
NVDA,b_20_80|none|death_cross,2021-09-22,2021-09-23,2021-09-28,2021-09-29,22.067576479469295,20.87149907318932,-0.05420066890411612,4,5705,5709,True,0.5730129390018485,2164
NVDA,b_20_80|none|death_cross,2021-10-06,2021-10-07,2021-10-27,2021-10-28,21.022996605688583,24.796619505924756,0.1794997626178123,15,5715,5730,True,0.6242452392011147,2153
NVDA,b_20_80|none|death_cross,2021-11-19,2021-11-22,2021-11-23,2021-11-24,33.40735581710539,31.358084433513884,-0.06134192106704317,2,5747,5749,True,0.5480147737765466,2166
NVDA,b_20_80|none|death_cross,2021-11-29,2021-11-30,2021-12-01,2021-12-02,33.06049048348585,31.1157068428457,-0.0588250087097647,2,5752,5754,True,0.5480147737765466,2166
NVDA,b_20_80|none|death_cross,2021-12-07,2021-12-08,2021-12-10,2021-12-13,31.898230293439173,30.1537389247884,-0.054689283781664266,3,5758,5761,True,0.5630484988452656,2165
NVDA,b_20_80|none|death_cross,2021-12-15,2021-12-16,2021-12-16,2021-12-17,31.053897441434426,27.896873879142326,-0.10166271619354816,1,5764,5765,True,0.5440701430549146,2167
NVDA,b_20_80|none|death_cross,2021-12-22,2021-12-23,2022-01-04,2022-01-05,29.66129326312554,28.85783647032943,-0.027087719529578114,8,5769,5777,True,0.5893518518518519,2160
NVDA,b_20_80|none|death_cross,2022-01-12,2022-01-13,2022-01-13,2022-01-14,28.289625832276567,26.217178269218586,-0.07325821752981465,1,5783,5784,True,0.5440701430549146,2167
NVDA,b_20_80|none|death_cross,2022-02-16,2022-02-17,2022-02-17,2022-02-18,25.549285582156386,24.590316828988254,-0.0375340731185797,1,5807,5808,True,0.5440701430549146,2167
NVDA,b_20_80|none|death_cross,2022-02-25,2022-02-28,2022-03-07,2022-03-08,23.91644455057124,21.24551054038405,-0.11167772051316027,6,5813,5819,True,0.5832562442183163,2162
NVDA,b_20_80|none|death_cross,2022-03-10,2022-03-11,2022-03-11,2022-03-14,22.953408821575593,21.80384653913913,-0.05008242093243709,1,5822,5823,True,0.5440701430549146,2167
NVDA,b_20_80|none|death_cross,2022-03-15,2022-03-16,2022-03-30,2022-03-31,23.429984670978083,27.699226807551824,0.18221275841729012,11,5825,5836,True,0.5915623551228558,2157
NVDA,b_20_80|none|death_cross,2022-05-13,2022-05-16,2022-05-24,2022-05-25,17.4568392335923,15.972268724782303,-0.08504234294334512,7,5867,5874,True,0.5890791300323924,2161
NVDA,b_20_80|none|death_cross,2022-05-25,2022-05-26,2022-06-09,2022-06-10,15.988225751012793,17.551272041612552,0.09776233554250058,10,5875,5885,True,0.5963855421686747,2158
NVDA,b_20_80|none|death_cross,2022-06-22,2022-06-23,2022-06-29,2022-06-30,16.473265177528255,15.318472470620367,-0.07010102092469073,5,5893,5898,True,0.5755894590846047,2163
NVDA,b_20_80|none|death_cross,2022-07-07,2022-07-08,2022-07-26,2022-07-27,15.387281829188536,16.984844729606653,0.10382359393636742,13,5903,5916,True,0.6129930394431554,2155
NVDA,b_20_80|none|death_cross,2022-08-15,2022-08-16,2022-08-19,2022-08-22,18.867621402461417,17.441578126782925,-0.07558150787848938,4,5930,5934,True,0.5730129390018485,2164
NVDA,b_20_80|none|death_cross,2022-10-17,2022-10-18,2022-11-02,2022-11-03,12.313483940586105,13.01075449802835,0.05662658600982873,12,5974,5986,True,0.6080705009276438,2156
NVDA,b_20_80|none|death_cross,2022-11-04,2022-11-07,2022-11-09,2022-11-10,14.19282459299917,14.76341034070044,0.040202409602294376,3,5988,5991,True,0.5630484988452656,2165
NVDA,b_20_80|none|death_cross,2022-11-10,2022-11-11,2022-11-16,2022-11-17,15.767918688568072,15.676147926956387,-0.00582009353448909,4,5992,5996,True,0.5730129390018485,2164
NVDA,b_20_80|none|death_cross,2022-11-30,2022-12-01,2022-12-06,2022-12-07,16.96130961638063,15.737033837548465,-0.07218049823521888,4,6005,6009,True,0.5730129390018485,2164
NVDA,b_20_80|none|death_cross,2022-12-08,2022-12-09,2022-12-15,2022-12-16,17.121952377755747,16.826615244074834,-0.01724903370626152,5,6011,6016,True,0.5755894590846047,2163
NVDA,b_20_80|none|death_cross,2023-01-04,2023-01-05,2023-01-30,2023-01-31,14.458873382334806,19.127499744923487,0.32289005091451983,17,6028,6045,True,0.6262203626220363,2151
NVDA,b_20_80|none|death_cross,2023-02-14,2023-02-15,2023-02-16,2023-02-17,22.49900989243005,21.58304317749563,-0.04071142327212385,2,6056,6058,True,0.5480147737765466,2166
NVDA,b_20_80|none|death_cross,2023-02-23,2023-02-24,2023-03-07,2023-03-08,23.173513218327404,23.438907679098733,0.011452491397007325,8,6062,6070,True,0.5893518518518519,2160
NVDA,b_20_80|none|death_cross,2023-03-08,2023-03-09,2023-03-09,2023-03-10,24.125499097663184,23.36106553205838,-0.03168570990014663,1,6071,6072,True,0.5440701430549146,2167
NVDA,b_20_80|none|death_cross,2023-03-15,2023-03-16,2023-03-27,2023-03-28,23.977802891862606,26.392847592513167,0.10072001640609707,8,6076,6084,True,0.5893518518518519,2160
NVDA,b_20_80|none|death_cross,2023-04-18,2023-04-19,2023-04-24,2023-04-25,27.304980955738124,27.02254939224183,-0.010343591301313126,4,6099,6103,True,0.5730129390018485,2164
NVDA,b_20_80|none|death_cross,2023-04-28,2023-05-01,2023-05-04,2023-05-05,27.782996461743867,27.76902351276572,-0.0005029316761202551,4,6107,6111,True,0.5730129390018485,2164
NVDA,b_20_80|none|death_cross,2023-05-05,2023-05-08,2023-05-12,2023-05-15,28.46359684267218,28.449626392092515,-0.0004908181723092264,5,6112,6117,True,0.5755894590846047,2163
NVDA,b_20_80|none|death_cross,2023-05-15,2023-05-16,2023-05-23,2023-05-24,28.781944947212995,30.148138304684203,0.04746702698434202,6,6118,6124,True,0.5832562442183163,2162
NVDA,b_20_80|none|death_cross,2023-06-13,2023-06-14,2023-06-23,2023-06-26,40.74463443107391,42.37844394803587,0.04009876489935893,7,6138,6145,True,0.5890791300323924,2161
NVDA,b_20_80|none|death_cross,2023-07-03,2023-07-05,2023-07-20,2023-07-21,42.05307299440359,45.698975360580505,0.08669764434723026,12,6151,6163,True,0.6080705009276438,2156
NVDA,b_20_80|none|death_cross,2023-07-28,2023-07-31,2023-08-02,2023-08-03,46.66309454574556,43.71483776411609,-0.06318176731162106,3,6169,6172,True,0.5630484988452656,2165
NVDA,b_20_80|none|death_cross,2023-08-14,2023-08-15,2023-08-25,2023-08-28,44.47335805342104,46.391620353475034,0.04313284141372442,9,6180,6189,True,0.5891616489115331,2159
NVDA,b_20_80|none|death_cross,2023-08-29,2023-08-30,2023-09-05,2023-09-06,48.94865462257738,48.35080492427495,-0.012213812676001079,4,6191,6195,True,0.5730129390018485,2164
NVDA,b_20_80|none|death_cross,2023-09-19,2023-09-20,2023-09-20,2023-09-21,43.51881278602881,41.505572228064345,-0.04626138511321687,1,6205,6206,True,0.5440701430549146,2167
NVDA,b_20_80|none|death_cross,2023-10-31,2023-11-01,2023-11-17,2023-11-20,40.80787414060049,49.22017477900762,0.2061440546847204,13,6235,6248,True,0.6129930394431554,2155
NVDA,b_20_80|none|death_cross,2023-12-07,2023-12-08,2023-12-20,2023-12-21,46.51232056625321,48.72438912714479,0.04755876580573237,9,6261,6270,True,0.5891616489115331,2159
NVDA,b_20_80|none|death_cross,2024-01-08,2024-01-09,2024-01-24,2024-01-25,52.30802433098523,62.23936480631996,0.18986265687445947,11,6281,6292,True,0.5915623551228558,2157
NVDA,b_20_80|none|death_cross,2024-02-23,2024-02-26,2024-03-08,2024-03-11,79.55858308487059,86.27968352904108,0.08447989121425947,10,6313,6323,True,0.5963855421686747,2158
NVDA,b_20_80|none|death_cross,2024-03-21,2024-03-22,2024-03-27,2024-03-28,90.9835495525749,89.8445176119648,-0.012519097641402799,4,6332,6336,True,0.5730129390018485,2164
NVDA,b_20_80|none|death_cross,2024-04-10,2024-04-11,2024-04-17,2024-04-18,87.2689793680449,84.82322924703969,-0.028025423681083628,5,6345,6350,True,0.5755894590846047,2163
NVDA,b_20_80|none|death_cross,2024-04-23,2024-04-24,2024-04-24,2024-04-25,83.80497344877082,78.73175253009703,-0.0605360363460411,1,6354,6355,True,0.5440701430549146,2167
NVDA,b_20_80|none|death_cross,2024-04-25,2024-04-26,2024-05-09,2024-05-10,83.67320929669376,90.14900450939767,0.07739389067463187,10,6356,6366,True,0.5963855421686747,2158
NVDA,b_20_80|none|death_cross,2024-07-03,2024-07-05,2024-07-15,2024-07-16,127.17039258704797,128.22864817880884,0.008321556379850659,7,6403,6410,True,0.5890791300323924,2161
NVDA,b_20_80|none|death_cross,2024-07-29,2024-07-30,2024-07-30,2024-07-31,111.33647720819822,112.71421539482289,0.01237454445453956,1,6420,6421,True,0.5440701430549146,2167
NVDA,b_20_80|none|death_cross,2024-07-31,2024-08-01,2024-08-22,2024-08-23,117.33660563582859,125.65288601497598,0.07087541295474487,16,6422,6438,True,0.6259293680297398,2152
NVDA,b_20_80|none|death_cross,2024-09-11,2024-09-12,2024-09-27,2024-09-30,116.65770972299038,118.12541254893574,0.01258127584906732,12,6451,6463,True,0.6080705009276438,2156
NVDA,b_20_80|none|death_cross,2024-10-04,2024-10-07,2024-10-15,2024-10-16,124.79500006476454,133.7709642153392,0.07192567126821126,7,6468,6475,True,0.5890791300323924,2161
NVDA,b_20_80|none|death_cross,2024-11-06,2024-11-07,2024-11-15,2024-11-18,146.1616297903136,139.28235565663965,-0.04706621117692178,7,6491,6498,True,0.5890791300323924,2161
NVDA,b_20_80|none|death_cross,2024-12-03,2024-12-04,2024-12-10,2024-12-11,141.77847337465352,137.15514511831444,-0.03260952206843004,5,6509,6514,True,0.5755894590846047,2163
NVDA,b_20_80|none|death_cross,2024-12-20,2024-12-23,2024-12-31,2025-01-02,136.07677163513355,135.79717669922962,-0.0020546852526279746,6,6522,6528,True,0.5832562442183163,2162
NVDA,b_20_80|none|death_cross,2025-01-02,2025-01-03,2025-01-07,2025-01-08,139.80120658589456,142.36736432306787,0.01835576244184023,3,6529,6532,True,0.5630484988452656,2165
NVDA,b_20_80|none|death_cross,2025-01-21,2025-01-22,2025-01-27,2025-01-28,144.44429795506818,121.62833781559046,-0.15795680731249784,4,6540,6544,True,0.5730129390018485,2164
NVDA,b_20_80|none|death_cross,2025-02-06,2025-02-07,2025-02-21,2025-02-24,129.02729180363133,136.35635785611953,0.05680244814905078,10,6552,6562,True,0.5963855421686747,2158
NVDA,b_20_80|none|death_cross,2025-03-12,2025-03-13,2025-03-26,2025-03-27,116.86621875800482,111.19416561141583,-0.048534582592546505,10,6575,6585,True,0.5963855421686747,2158
NVDA,b_20_80|none|death_cross,2025-04-08,2025-04-09,2025-04-17,2025-04-21,98.75160385221358,98.63177356997639,-0.0012134515042055982,7,6594,6601,True,0.5890791300323924,2161
NVDA,b_20_80|none|death_cross,2025-04-25,2025-04-28,2025-05-20,2025-05-21,109.53649064316203,132.87378601013486,0.21305498496385966,17,6606,6623,True,0.6262203626220363,2151
NVDA,b_20_80|none|death_cross,2025-06-03,2025-06-04,2025-06-13,2025-06-16,141.99101618842522,143.159329390418,0.008228078320408727,8,6632,6640,True,0.5893518518518519,2160
NVDA,b_20_80|none|death_cross,2025-06-18,2025-06-20,2025-06-20,2025-06-23,145.2565234707711,142.31046402404658,-0.02028177032143641,1,6643,6644,True,0.5440701430549146,2167
NVDA,b_20_80|none|death_cross,2025-06-24,2025-06-25,2025-07-01,2025-07-02,149.0714619384952,152.77650803107835,0.02485416084610348,5,6646,6651,True,0.5755894590846047,2163
NVDA,b_20_80|none|death_cross,2025-07-24,2025-07-25,2025-07-31,2025-08-01,173.37908037175941,173.85844036702034,0.002764808731440249,5,6667,6672,True,0.5755894590846047,2163
NVDA,b_20_80|none|death_cross,2025-08-08,2025-08-11,2025-08-15,2025-08-18,181.80784410502207,180.359785616326,-0.007964774544378717,5,6678,6683,True,0.5755894590846047,2163
NVDA,b_20_80|none|death_cross,2025-08-25,2025-08-26,2025-08-29,2025-09-02,179.82049655621498,169.77387989783634,-0.055870253117880186,4,6689,6693,True,0.5730129390018485,2164
NVDA,b_20_80|none|death_cross,2025-09-10,2025-09-11,2025-09-17,2025-09-18,179.45113345293117,173.7583871307785,-0.03172310039293147,5,6700,6705,True,0.5755894590846047,2163
NVDA,b_20_80|none|death_cross,2025-09-18,2025-09-19,2025-09-24,2025-09-25,175.54609885389235,174.2577508730865,-0.007339086366585312,4,6706,6710,True,0.5730129390018485,2164
NVDA,b_20_80|none|death_cross,2025-09-29,2025-09-30,2025-10-06,2025-10-07,181.848063160254,185.99277739696944,0.022792182466430333,5,6713,6718,True,0.5755894590846047,2163
NVDA,b_20_80|none|death_cross,2025-10-08,2025-10-09,2025-10-10,2025-10-13,191.9851285494953,187.73056363822363,-0.022160908729838447,2,6720,6722,True,0.5480147737765466,2166
NVDA,b_20_80|none|death_cross,2025-10-23,2025-10-24,2025-11-04,2025-11-05,183.60580497197222,198.51681234435117,0.08121206938231151,8,6731,6739,True,0.5893518518518519,2160
NVDA,b_20_80|none|death_cross,2025-11-24,2025-11-25,2025-12-11,2025-12-12,174.68719385821646,180.88937065842447,0.03550447324285244,12,6753,6765,True,0.6080705009276438,2156
NVDA,b_20_80|none|death_cross,2025-12-19,2025-12-22,2026-01-05,2026-01-06,183.6959478478248,190.2879203285983,0.035885236217808814,9,6771,6780,True,0.5891616489115331,2159
NVDA,b_20_80|none|death_cross,2026-01-15,2026-01-16,2026-01-20,2026-01-21,188.84966224271636,178.8318922054109,-0.053046269282866265,2,6788,6790,True,0.5480147737765466,2166
NVDA,b_20_80|none|death_cross,2026-01-21,2026-01-22,2026-02-02,2026-02-03,184.52493568425237,186.01312186532803,0.008064959760355483,8,6791,6799,True,0.5893518518518519,2160
NVDA,b_20_80|none|death_cross,2026-02-09,2026-02-10,2026-02-26,2026-02-27,191.1468699498802,181.0292033274304,-0.052931374838116385,12,6804,6816,True,0.6080705009276438,2156
NVDA,b_20_80|none|death_cross,2026-03-10,2026-03-11,2026-03-18,2026-03-19,185.6935753620157,177.80276430906588,-0.04249372137709362,6,6824,6830,True,0.5832562442183163,2162
NVDA,b_20_80|none|death_cross,2026-03-31,2026-04-01,2026-04-23,2026-04-24,175.79511913229018,199.72721882416832,0.1361363148761181,16,6839,6855,True,0.6259293680297398,2152
NVDA,b_20_80|none|death_cross,2026-05-07,2026-05-08,2026-05-18,2026-05-19,212.7820061205359,219.36432694236115,0.030934574505780965,7,6865,6872,True,0.5890791300323924,2161
NVDA,b_20_80|none|death_cross,2026-06-01,2026-06-02,2026-06-05,2026-06-08,226.91551751623658,210.17999267578125,-0.07375222736478493,4,6881,6885,True,0.5730129390018485,2164
NVDA,b_20_80|none|death_cross,2026-06-15,2026-06-16,2026-06-23,2026-06-24,211.17999267578125,200.1199951171875,-0.05237237400407457,5,6891,6896,True,0.5755894590846047,2163
NVDA,b_20_80|none|death_cross,2026-06-30,2026-07-01,2026-07-02,2026-07-06,196.1999969482422,194.4199981689453,-0.009072369046807083,2,6901,6903,True,0.5480147737765466,2166
NVDA,b_20_80|none|death_cross,2026-07-06,2026-07-07,2026-07-17,2026-07-20,192.3699951171875,205.8699951171875,0.07017726434819571,9,6904,6913,True,0.5891616489115331,2159
NVDA,b_20_80|none|death_cross,2026-07-22,2026-07-23,2026-07-24,2026-07-27,209.4600067138672,208.1999969482422,-0.006015514777225395,2,6916,6918,True,0.5480147737765466,2166
NVDA,b_20_80|none|death_cross,2026-08-03,2026-08-04,2026-08-17,2026-08-18,211.3000030517578,220.4499969482422,0.04330333064047842,10,6924,6934,True,0.5963855421686747,2158
AAPL,b_20_80|none|death_cross,2018-01-04,2018-01-05,2018-01-22,2018-01-23,40.507963753798975,41.40950464867814,0.02225589270195316,11,9347,9358,True,0.6119610570236439,2157
AAPL,b_20_80|none|death_cross,2018-02-06,2018-02-07,2018-02-08,2018-02-09,38.090679943847086,36.83423501638265,-0.03298562612472855,2,9369,9371,True,0.5572483841181902,2166
AAPL,b_20_80|none|death_cross,2018-02-09,2018-02-12,2018-02-28,2018-03-01,37.16957849038807,41.869121344243176,0.12643519363746325,12,9372,9384,True,0.6182745825602969,2156
AAPL,b_20_80|none|death_cross,2018-03-09,2018-03-12,2018-03-14,2018-03-15,42.27951928008762,41.8597493351985,-0.009928446492219689,3,9391,9394,True,0.5681293302540416,2165
AAPL,b_20_80|none|death_cross,2018-04-03,2018-04-04,2018-04-19,2018-04-20,38.66575478350531,40.00713405885561,0.0346916614679027,12,9407,9419,True,0.6182745825602969,2156
AAPL,b_20_80|none|death_cross,2018-05-01,2018-05-02,2018-05-15,2018-05-16,41.09290629028131,43.80324373110744,0.06595633372047827,10,9427,9437,True,0.6098239110287303,2158
AAPL,b_20_80|none|death_cross,2018-05-25,2018-05-29,2018-05-29,2018-05-30,44.16341076203586,44.19166075774655,0.0006396696999446672,1,9445,9446,True,0.5473004153207199,2167
AAPL,b_20_80|none|death_cross,2018-06-01,2018-06-04,2018-06-11,2018-06-12,45.11447741480749,45.05562723197043,-0.0013044633609728962,6,9449,9455,True,0.5878815911193339,2162
AAPL,b_20_80|none|death_cross,2018-06-27,2018-06-28,2018-07-18,2018-07-19,43.33947202308176,44.65542428942272,0.03036382782051672,14,9467,9481,True,0.61652739090065,2154
AAPL,b_20_80|none|death_cross,2018-08-01,2018-08-02,2018-08-20,2018-08-21,47.21906796740019,51.216456087953674,0.08465622666066297,13,9491,9504,True,0.619953596287703,2155
AAPL,b_20_80|none|death_cross,2018-08-27,2018-08-28,2018-09-06,2018-09-07,51.7385414974785,52.4094536918725,0.012967358085010927,7,9509,9516,True,0.5964831096714484,2161
AAPL,b_20_80|none|death_cross,2018-09-25,2018-09-26,2018-10-05,2018-10-08,52.208650996905945,52.49450599592842,0.005475242006145908,8,9529,9537,True,0.5949074074074074,2160
AAPL,b_20_80|none|death_cross,2018-10-17,2018-10-18,2018-10-18,2018-10-19,51.466862088668904,51.514123661211364,0.0009182913164793582,1,9545,9546,True,0.5473004153207199,2167
AAPL,b_20_80|none|death_cross,2018-10-19,2018-10-22,2018-10-24,2018-10-25,51.922800092090434,51.43143757260694,-0.009463328607317245,3,9547,9550,True,0.5681293302540416,2165
AAPL,b_20_80|none|death_cross,2018-10-25,2018-10-26,2018-10-26,2018-10-29,51.003845416593705,51.781068877806405,0.015238526720180223,1,9551,9552,True,0.5473004153207199,2167
AAPL,b_20_80|none|death_cross,2018-10-31,2018-11-01,2018-11-02,2018-11-05,51.7479932575457,48.263483105324866,-0.06733614064759386,2,9555,9557,True,0.5572483841181902,2166
AAPL,b_20_80|none|death_cross,2018-11-08,2018-11-09,2018-11-09,2018-11-12,48.72821123325348,47.175457903164016,-0.031865592657540964,1,9561,9562,True,0.5473004153207199,2167
AAPL,b_20_80|none|death_cross,2018-11-16,2018-11-19,2018-11-19,2018-11-20,45.041894349182606,42.28483901186508,-0.06121090991297429,1,9567,9568,True,0.5473004153207199,2167
AAPL,b_20_80|none|death_cross,2019-01-07,2019-01-08,2019-01-22,2019-01-23,35.45507757862409,36.54318990699627,0.030689887110223024,10,9599,9609,True,0.6098239110287303,2158
AAPL,b_20_80|none|death_cross,2019-01-25,2019-01-28,2019-01-29,2019-01-30,36.93198271575881,38.70045460226316,0.04788456390535867,2,9612,9614,True,0.5572483841181902,2166
AAPL,b_20_80|none|death_cross,2019-01-30,2019-01-31,2019-02-08,2019-02-11,39.37845685855858,40.723451736055644,0.03415560143273466,7,9615,9622,True,0.5964831096714484,2161
AAPL,b_20_80|none|death_cross,2019-02-22,2019-02-25,2019-03-06,2019-03-07,41.46389282566573,41.394843447524245,-0.0016652893261084323,8,9631,9639,True,0.5949074074074074,2160
AAPL,b_20_80|none|death_cross,2019-03-11,2019-03-12,2019-03-22,2019-03-25,42.85425845120637,45.594566167299995,0.0639448170410819,9,9642,9651,True,0.602130616025938,2159
AAPL,b_20_80|none|death_cross,2019-04-02,2019-04-03,2019-04-12,2019-04-15,46.00881734488018,47.27778318747662,0.027580927218457507,8,9658,9666,True,0.5949074074074074,2160
AAPL,b_20_80|none|death_cross,2019-04-17,2019-04-18,2019-04-25,2019-04-26,48.35865586347392,48.78243276062449,0.008763206701753123,5,9669,9674,True,0.5788257050392973,2163
AAPL,b_20_80|none|death_cross,2019-05-03,2019-05-06,2019-05-06,2019-05-07,48.63720541769776,49.01575709573647,0.007783170821343388,1,9680,9681,True,0.5473004153207199,2167
AAPL,b_20_80|none|death_cross,2019-06-04,2019-06-05,2019-06-21,2019-06-24,44.042208818039946,47.450288424202775,0.07738212268697242,13,9701,9714,True,0.619953596287703,2155
AAPL,b_20_80|none|death_cross,2019-07-15,2019-07-16,2019-07-17,2019-07-18,48.89620741100897,48.75519741827764,-0.002883863600013803,2,9729,9731,True,0.5572483841181902,2166
AAPL,b_20_80|none|death_cross,2019-07-18,2019-07-19,2019-07-19,2019-07-22,49.18300345934316,48.671547309837216,-0.01039904262716973,1,9732,9733,True,0.5473004153207199,2167
AAPL,b_20_80|none|death_cross,2019-07-22,2019-07-23,2019-07-25,2019-07-26,49.821129303572306,49.58691415556109,-0.0047011208153088235,3,9734,9737,True,0.5681293302540416,2165
AAPL,b_20_80|none|death_cross,2019-08-13,2019-08-14,2019-08-23,2019-08-26,48.7389293623607,49.38666288108543,0.013289859403948112,8,9750,9758,True,0.5949074074074074,2160
AAPL,b_20_80|none|death_cross,2019-08-30,2019-09-03,2019-09-03,2019-09-04,49.52341851756975,49.993630433984336,0.009494738660816848,1,9763,9764,True,0.5473004153207199,2167
AAPL,b_20_80|none|death_cross,2019-09-04,2019-09-05,2019-09-13,2019-09-16,50.859674872176875,52.234333171895095,0.027028452367678035,7,9765,9772,True,0.5964831096714484,2161
AAPL,b_20_80|none|death_cross,2019-09-30,2019-10-01,2019-10-02,2019-10-03,53.9952416465239,52.40225355586011,-0.02950237913726128,2,9783,9785,True,0.5572483841181902,2166
AAPL,b_20_80|none|death_cross,2019-10-04,2019-10-07,2019-10-17,2019-10-18,54.28311070218234,56.27910911439278,0.03677015532807704,9,9787,9796,True,0.602130616025938,2159
AAPL,b_20_80|none|death_cross,2019-11-27,2019-11-29,2019-12-02,2019-12-03,64.15048795139506,62.15568877645392,-0.03109561966937091,2,9825,9827,True,0.5572483841181902,2166
AAPL,b_20_80|none|death_cross,2019-12-05,2019-12-06,2019-12-20,2019-12-23,64.36221509760516,67.50238173997971,0.04878897716016284,11,9830,9841,True,0.6119610570236439,2157
AAPL,b_20_80|none|death_cross,2020-01-30,2020-01-31,2020-01-31,2020-02-03,77.2235730132215,73.22199962473935,-0.05181802955163739,1,9867,9868,True,0.5473004153207199,2167
AAPL,b_20_80|none|death_cross,2020-02-05,2020-02-06,2020-02-18,2020-02-19,77.61822667711162,77.18255286966328,-0.005613034799941019,8,9871,9879,True,0.5949074074074074,2160
AAPL,b_20_80|none|death_cross,2020-03-02,2020-03-03,2020-03-09,2020-03-10,73.24383324028676,66.84490246598337,-0.08736477176598334,5,9888,9893,True,0.5788257050392973,2163
AAPL,b_20_80|none|death_cross,2020-03-10,2020-03-11,2020-03-11,2020-03-12,66.90519763936402,61.73156686549944,-0.0773277855294855,1,9894,9895,True,0.5473004153207199,2167
AAPL,b_20_80|none|death_cross,2020-03-24,2020-03-25,2020-04-03,2020-04-06,60.47976645109919,60.51594239996791,0.0005981496125315733,8,9904,9912,True,0.5949074074074074,2160
AAPL,b_20_80|none|death_cross,2020-04-06,2020-04-07,2020-04-20,2020-04-21,65.31572482522255,66.6374709301005,0.020236261764143393,9,9913,9922,True,0.602130616025938,2159
AAPL,b_20_80|none|death_cross,2020-04-27,2020-04-28,2020-04-28,2020-04-29,68.76000076632654,68.67559111709774,-0.0012275981426419502,1,9927,9928,True,0.5473004153207199,2167
AAPL,b_20_80|none|death_cross,2020-04-29,2020-04-30,2020-05-12,2020-05-13,69.93704563014794,75.49296546688427,0.07944172915335912,9,9929,9938,True,0.602130616025938,2159
AAPL,b_20_80|none|death_cross,2020-05-20,2020-05-21,2020-05-26,2020-05-27,77.06742188839526,76.45795296780663,-0.007908256246993983,3,9944,9947,True,0.5681293302540416,2165
AAPL,b_20_80|none|death_cross,2020-06-02,2020-06-03,2020-06-11,2020-06-12,78.51851253045199,83.36996262745267,0.061787340853141304,7,9952,9959,True,0.5964831096714484,2161
AAPL,b_20_80|none|death_cross,2020-06-16,2020-06-17,2020-06-19,2020-06-22,85.89245860360263,84.97102639518768,-0.010727742847220223,3,9962,9965,True,0.5681293302540416,2165
AAPL,b_20_80|none|death_cross,2020-07-06,2020-07-07,2020-07-13,2020-07-14,90.79228824401675,91.74759804361886,0.010521926675474802,5,9975,9980,True,0.5788257050392973,2163
AAPL,b_20_80|none|death_cross,2020-07-29,2020-07-30,2020-08-17,2020-08-18,91.11637343156816,110.82331598950212,0.21628321909381754,13,9992,10005,True,0.619953596287703,2155
AAPL,b_20_80|none|death_cross,2020-09-21,2020-09-22,2020-10-08,2020-10-09,109.20245128230411,111.72220118579409,0.023074114856415306,13,10029,10042,True,0.619953596287703,2155
AAPL,b_20_80|none|death_cross,2020-10-09,2020-10-12,2020-10-14,2020-10-15,116.35468329215739,115.05604455535725,-0.011161035379550377,3,10043,10046,True,0.5681293302540416,2165
AAPL,b_20_80|none|death_cross,2020-10-29,2020-10-30,2020-10-30,2020-11-02,107.63245134560678,105.74262715568275,-0.017558126441400312,1,10057,10058,True,0.5473004153207199,2167
AAPL,b_20_80|none|death_cross,2020-11-04,2020-11-05,2020-11-18,2020-11-19,114.30981274924889,114.15752657877456,-0.0013322230770195231,10,10061,10071,True,0.6098239110287303,2158
AAPL,b_20_80|none|death_cross,2020-11-30,2020-12-01,2020-12-09,2020-12-10,117.47768785199075,116.98257670113864,-0.004214512218489452,7,10078,10085,True,0.5964831096714484,2161
AAPL,b_20_80|none|death_cross,2020-12-15,2020-12-16,2020-12-30,2020-12-31,123.69086753088224,130.1661668388547,0.05235066611814121,10,10089,10099,True,0.6098239110287303,2158
AAPL,b_20_80|none|death_cross,2021-01-13,2021-01-14,2021-01-14,2021-01-15,126.98190917137308,125.02088418474625,-0.015443341491899076,1,10108,10109,True,0.5473004153207199,2167
AAPL,b_20_80|none|death_cross,2021-01-20,2021-01-21,2021-01-29,2021-02-01,129.89439187084045,129.8458566824999,-0.0003736511456845504,7,10112,10119,True,0.5964831096714484,2161
AAPL,b_20_80|none|death_cross,2021-02-09,2021-02-10,2021-02-16,2021-02-17,132.69412944515517,127.60920934245159,-0.03832061089639438,4,10126,10130,True,0.5674676524953789,2164
AAPL,b_20_80|none|death_cross,2021-02-24,2021-02-25,2021-02-25,2021-02-26,121.22144033722896,119.18940971098537,-0.016762963883209303,1,10136,10137,True,0.5473004153207199,2167
AAPL,b_20_80|none|death_cross,2021-03-01,2021-03-02,2021-03-04,2021-03-05,124.84795308822625,117.62405985730818,-0.05786152717948978,3,10139,10142,True,0.5681293302540416,2165
AAPL,b_20_80|none|death_cross,2021-03-11,2021-03-12,2021-03-19,2021-03-22,117.06015469929451,116.99210932461362,-0.0005812855352506086,6,10147,10153,True,0.5878815911193339,2162
AAPL,b_20_80|none|death_cross,2021-03-31,2021-04-01,2021-04-20,2021-04-21,120.22971570160718,128.6884221419856,0.07035454081395076,13,10161,10174,True,0.619953596287703,2155
AAPL,b_20_80|none|death_cross,2021-05-14,2021-05-17,2021-05-28,2021-06-01,123.5114921609112,121.8169133247897,-0.013720009421583246,10,10192,10202,True,0.6098239110287303,2158
AAPL,b_20_80|none|death_cross,2021-06-07,2021-06-08,2021-06-25,2021-06-28,123.29726191856811,129.92966074308424,0.05379193926379733,14,10207,10221,True,0.61652739090065,2154
AAPL,b_20_80|none|death_cross,2021-07-23,2021-07-26,2021-07-28,2021-07-29,144.40196197857813,140.91531705042755,-0.024145412433300706,3,10240,10243,True,0.5681293302540416,2165
AAPL,b_20_80|none|death_cross,2021-08-04,2021-08-05,2021-08-10,2021-08-11,143.14559599106772,142.45294678468827,-0.004838774127725709,4,10248,10252,True,0.5674676524953789,2164
AAPL,b_20_80|none|death_cross,2021-08-12,2021-08-13,2021-08-18,2021-08-19,145.30102293180235,141.45806146213795,-0.02644827539492345,4,10254,10258,True,0.5674676524953789,2164
AAPL,b_20_80|none|death_cross,2021-08-24,2021-08-25,2021-08-25,2021-08-26,146.12033978338724,144.6962670894755,-0.009745889559405807,1,10262,10263,True,0.5473004153207199,2167
AAPL,b_20_80|none|death_cross,2021-08-30,2021-08-31,2021-09-09,2021-09-10,148.90015120519527,151.18254333907822,0.015328339933904145,7,10266,10273,True,0.5964831096714484,2161
AAPL,b_20_80|none|death_cross,2021-09-23,2021-09-24,2021-09-28,2021-09-29,142.0725363720286,138.9611368887371,-0.021900076980001626,3,10283,10286,True,0.5681293302540416,2165
AAPL,b_20_80|none|death_cross,2021-10-06,2021-10-07,2021-10-27,2021-10-28,139.5366245646865,146.1301073675776,0.0472527038937689,15,10292,10307,True,0.6223873664653972,2153
AAPL,b_20_80|none|death_cross,2021-11-05,2021-11-08,2021-11-08,2021-11-09,147.8964665160418,146.71456416967115,-0.007991417065007833,1,10314,10315,True,0.5473004153207199,2167
AAPL,b_20_80|none|death_cross,2021-11-16,2021-11-17,2021-11-26,2021-11-29,147.4960135184774,155.67175446958956,0.05543025032393811,7,10321,10328,True,0.5964831096714484,2161
AAPL,b_20_80|none|death_cross,2021-11-30,2021-12-01,2021-12-02,2021-12-03,163.59354652559932,160.21386222018816,-0.020659031955654217,2,10330,10332,True,0.5572483841181902,2166
AAPL,b_20_80|none|death_cross,2021-12-07,2021-12-08,2021-12-14,2021-12-15,168.13568563195315,171.04649539113694,0.017312266270204546,5,10335,10340,True,0.5788257050392973,2163
AAPL,b_20_80|none|death_cross,2021-12-27,2021-12-28,2022-01-05,2022-01-06,175.97930746687297,168.69245085589924,-0.04140746270606521,7,10348,10355,True,0.5964831096714484,2161
AAPL,b_20_80|none|death_cross,2022-01-12,2022-01-13,2022-01-13,2022-01-14,171.70096415486904,167.36396777404897,-0.025259010059537124,1,10360,10361,True,0.5473004153207199,2167
AAPL,b_20_80|none|death_cross,2022-02-25,2022-02-28,2022-03-08,2022-03-09,159.47907699118204,157.9337716080875,-0.00968970608715003,7,10390,10397,True,0.5964831096714484,2161
AAPL,b_20_80|none|death_cross,2022-03-16,2022-03-17,2022-03-31,2022-04-01,155.12679794973494,170.208175340956,0.0972196782925141,11,10403,10414,True,0.6119610570236439,2157
AAPL,b_20_80|none|death_cross,2022-04-20,2022-04-21,2022-04-22,2022-04-25,165.200581424204,157.5816959947762,-0.04611899887848414,2,10427,10429,True,0.5572483841181902,2166
AAPL,b_20_80|none|death_cross,2022-04-25,2022-04-26,2022-04-26,2022-04-27,158.68684707978605,152.4861279810132,-0.03907519251204983,1,10430,10431,True,0.5473004153207199,2167
AAPL,b_20_80|none|death_cross,2022-04-28,2022-04-29,2022-05-09,2022-05-10,158.28583697775457,152.328132388233,-0.03763889873709203,7,10433,10440,True,0.5964831096714484,2161
AAPL,b_20_80|none|death_cross,2022-05-16,2022-05-17,2022-05-18,2022-05-19,145.80481151470883,137.0091561140078,-0.060324863832176945,2,10445,10447,True,0.5572483841181902,2166
AAPL,b_20_80|none|death_cross,2022-05-23,2022-05-24,2022-06-06,2022-06-07,137.92000924521287,141.38736672807937,0.025140351293783336,9,10450,10459,True,0.602130616025938,2159
AAPL,b_20_80|none|death_cross,2022-06-07,2022-06-08,2022-06-09,2022-06-10,145.5305644824367,137.40089525066517,-0.055862280619083604,2,10460,10462,True,0.5572483841181902,2166
AAPL,b_20_80|none|death_cross,2022-06-22,2022-06-23,2022-07-01,2022-07-05,134.0119221215175,134.94243962271915,0.006943542682403159,7,10470,10477,True,0.5964831096714484,2161
AAPL,b_20_80|none|death_cross,2022-07-05,2022-07-06,2022-07-18,2022-07-19,138.44895512148898,144.88413581614606,0.046480529152496786,9,10478,10487,True,0.602130616025938,2159
AAPL,b_20_80|none|death_cross,2022-09-09,2022-09-12,2022-09-15,2022-09-16,156.53173198406338,148.31232430924803,-0.05250952998879599,4,10525,10529,True,0.5674676524953789,2164
AAPL,b_20_80|none|death_cross,2022-09-19,2022-09-20,2022-09-23,2022-09-26,150.46036632402453,146.7920383807957,-0.024380692622593347,4,10531,10535,True,0.5674676524953789,2164
AAPL,b_20_80|none|death_cross,2022-09-28,2022-09-29,2022-09-29,2022-09-30,143.3002265150421,138.5726147256006,-0.03299095824489329,1,10538,10539,True,0.5473004153207199,2167
AAPL,b_20_80|none|death_cross,2022-10-04,2022-10-05,2022-10-07,2022-10-10,141.3091461524557,137.72911071777344,-0.025334775081153116,3,10542,10545,True,0.5681293302540416,2165
AAPL,b_20_80|none|death_cross,2022-10-13,2022-10-14,2022-10-27,2022-10-28,141.54450223616521,145.36000606754794,0.026956213566081244,10,10549,10559,True,0.6098239110287303,2158
AAPL,b_20_80|none|death_cross,2022-10-28,2022-10-31,2022-11-01,2022-11-02,150.22493060269468,146.09561013902547,-0.027487584431576062,2,10560,10562,True,0.5572483841181902,2166
AAPL,b_20_80|none|death_cross,2022-11-10,2022-11-11,2022-11-25,2022-11-28,143.26292430936547,142.59478278627932,-0.0046637434375089715,10,10569,10579,True,0.6098239110287303,2158
AAPL,b_20_80|none|death_cross,2022-12-01,2022-12-02,2022-12-06,2022-12-07,143.4004227674544,139.69653991914743,-0.02582895347744807,3,10583,10586,True,0.5681293302540416,2165
AAPL,b_20_80|none|death_cross,2022-12-13,2022-12-14,2022-12-15,2022-12-16,142.80109523487565,134.29299371012456,-0.059580085928312876,2,10591,10593,True,0.5572483841181902,2166
AAPL,b_20_80|none|death_cross,2023-01-06,2023-01-09,2023-01-30,2023-01-31,128.18204084518473,140.19756045993424,0.09373793345404424,15,10607,10622,True,0.6223873664653972,2153
AAPL,b_20_80|none|death_cross,2023-02-15,2023-02-16,2023-02-16,2023-02-17,151.0482818929642,149.90687847207133,-0.007556546864278202,1,10634,10635,True,0.5473004153207199,2167
AAPL,b_20_80|none|death_cross,2023-03-03,2023-03-06,2023-03-10,2023-03-13,151.32379221822697,145.43968998615728,-0.038884184342830364,5,10645,10650,True,0.5788257050392973,2163
AAPL,b_20_80|none|death_cross,2023-03-14,2023-03-15,2023-03-27,2023-03-28,148.76549840164833,155.43679340961148,0.044844369693512354,9,10652,10661,True,0.602130616025938,2159
AAPL,b_20_80|none|death_cross,2023-04-14,2023-04-17,2023-04-24,2023-04-25,162.44258319038994,162.54099521393778,0.0006058265118358275,6,10674,10680,True,0.5878815911193339,2162
AAPL,b_20_80|none|death_cross,2023-04-27,2023-04-28,2023-05-03,2023-05-04,165.7880799666726,162.24578626436005,-0.021366395599880517,4,10683,10687,True,0.5674676524953789,2164
AAPL,b_20_80|none|death_cross,2023-05-05,2023-05-08,2023-05-16,2023-05-17,169.7140651629481,169.19013234108013,-0.0030871502686882213,7,10689,10696,True,0.5964831096714484,2161
AAPL,b_20_80|none|death_cross,2023-05-26,2023-05-30,2023-06-06,2023-06-07,174.36309800636275,175.8213457350109,0.008363281825807922,6,10704,10710,True,0.5878815911193339,2162
AAPL,b_20_80|none|death_cross,2023-06-12,2023-06-13,2023-06-21,2023-06-22,180.1173628493618,181.04361385994784,0.005142485965446308,6,10714,10720,True,0.5878815911193339,2162
AAPL,b_20_80|none|death_cross,2023-07-17,2023-07-18,2023-07-21,2023-07-24,190.51253447403246,190.57167418096722,0.00031042423060534396,4,10737,10741,True,0.5674676524953789,2164
AAPL,b_20_80|none|death_cross,2023-07-31,2023-08-01,2023-08-02,2023-08-03,193.36013930235927,188.7586713954234,-0.023797396524112502,2,10747,10749,True,0.5572483841181902,2166
AAPL,b_20_80|none|death_cross,2023-09-19,2023-09-20,2023-09-21,2023-09-22,176.86785847407558,172.33907993619778,-0.025605435475669514,2,10782,10784,True,0.5572483841181902,2166
AAPL,b_20_80|none|death_cross,2023-09-25,2023-09-26,2023-09-26,2023-09-27,172.4871029695211,170.31643241476104,-0.012584538306864679,1,10786,10787,True,0.5473004153207199,2167
AAPL,b_20_80|none|death_cross,2023-09-29,2023-10-02,2023-10-16,2023-10-17,168.93512915166482,174.2926830064713,0.03171367543097925,11,10790,10801,True,0.6119610570236439,2157
AAPL,b_20_80|none|death_cross,2023-10-30,2023-10-31,2023-11-21,2023-11-22,167.09010101577766,189.18356183514956,0.1322248336978724,16,10811,10827,True,0.6226765799256505,2152
AAPL,b_20_80|none|death_cross,2023-12-05,2023-12-06,2023-12-18,2023-12-19,192.10787423934497,193.79731295132126,0.008794218970282541,9,10836,10845,True,0.602130616025938,2159
AAPL,b_20_80|none|death_cross,2024-02-06,2024-02-07,2024-02-14,2024-02-15,188.34381248461148,181.57055805003552,-0.0359621818483119,6,10878,10884,True,0.5878815911193339,2162
AAPL,b_20_80|none|death_cross,2024-02-27,2024-02-28,2024-02-29,2024-03-01,180.54175776029825,177.6137198257161,-0.016218064844974345,2,10892,10894,True,0.5572483841181902,2166
AAPL,b_20_80|none|death_cross,2024-04-11,2024-04-12,2024-04-17,2024-04-18,172.38077455594663,166.21793076697907,-0.03575134062857688,4,10923,10927,True,0.5674676524953789,2164
AAPL,b_20_80|none|death_cross,2024-04-24,2024-04-25,2024-05-22,2024-05-23,167.70177351115603,189.1766947549615,0.12805422861182136,20,10932,10952,True,0.6312849162011173,2148
AAPL,b_20_80|none|death_cross,2024-05-31,2024-06-03,2024-06-10,2024-06-11,191.07857147290113,191.82147267998263,0.0038879357394969727,6,10958,10964,True,0.5878815911193339,2162
AAPL,b_20_80|none|death_cross,2024-07-01,2024-07-02,2024-07-15,2024-07-16,214.10903193760322,232.781045805997,0.08720796922679686,9,10978,10987,True,0.602130616025938,2159
AAPL,b_20_80|none|death_cross,2024-07-31,2024-08-01,2024-08-22,2024-08-23,222.2514024343897,223.78797197411373,0.00691365509010744,16,10999,11015,True,0.6226765799256505,2152
AAPL,b_20_80|none|death_cross,2024-09-12,2024-09-13,2024-09-16,2024-09-17,221.72521710949164,213.96018092212807,-0.03502098808873444,2,11029,11031,True,0.5572483841181902,2166
AAPL,b_20_80|none|death_cross,2024-09-18,2024-09-19,2024-10-01,2024-10-02,223.12352684243388,224.01605029183685,0.004000131505779159,9,11033,11042,True,0.602130616025938,2159
AAPL,b_20_80|none|death_cross,2024-10-09,2024-10-10,2024-10-23,2024-10-24,225.89038125247495,228.0721096303277,0.009658350062343946,10,11048,11058,True,0.6098239110287303,2158
AAPL,b_20_80|none|death_cross,2024-11-07,2024-11-08,2024-12-06,2024-12-09,225.53329235935942,240.08769312504634,0.06453326962697936,20,11069,11089,True,0.6312849162011173,2148
AAPL,b_20_80|none|death_cross,2025-01-15,2025-01-16,2025-01-16,2025-01-17,235.6399687194268,230.44762501944012,-0.02203507209835498,1,11114,11115,True,0.5473004153207199,2167
AAPL,b_20_80|none|death_cross,2025-02-12,2025-02-13,2025-02-26,2025-02-27,235.46171484030373,237.94643641845556,0.010552550251479387,9,11133,11142,True,0.602130616025938,2159
AAPL,b_20_80|none|death_cross,2025-04-11,2025-04-14,2025-05-02,2025-05-05,210.14742002868311,201.85843431656065,-0.03944367107143687,14,11174,11188,True,0.61652739090065,2154
AAPL,b_20_80|none|death_cross,2025-05-12,2025-05-13,2025-05-21,2025-05-22,209.4178625594749,199.74464241928678,-0.04619099833205931,7,11194,11201,True,0.5964831096714484,2161
AAPL,b_20_80|none|death_cross,2025-06-02,2025-06-03,2025-06-11,2025-06-12,200.38154929416936,198.12246436103902,-0.011273916890491287,7,11208,11215,True,0.5964831096714484,2161
AAPL,b_20_80|none|death_cross,2025-06-20,2025-06-23,2025-07-08,2025-07-09,200.6601870689569,208.52217876921287,0.039180625788782786,11,11221,11232,True,0.6119610570236439,2157
AAPL,b_20_80|none|death_cross,2025-07-21,2025-07-22,2025-07-29,2025-07-30,212.1148250502387,210.88079278566187,-0.005817755851268536,6,11241,11247,True,0.5878815911193339,2162
AAPL,b_20_80|none|death_cross,2025-08-06,2025-08-07,2025-08-19,2025-08-20,217.8272171299369,229.13358225147155,0.0519051993157964,9,11253,11262,True,0.602130616025938,2159
AAPL,b_20_80|none|death_cross,2025-08-28,2025-08-29,2025-09-09,2025-09-10,231.65426265633033,231.33545739080094,-0.001376211522610138,7,11269,11276,True,0.5964831096714484,2161
AAPL,b_20_80|none|death_cross,2025-09-16,2025-09-17,2025-10-01,2025-10-02,238.09051246512186,255.63566078088252,0.0736910855208095,11,11281,11292,True,0.6119610570236439,2157
AAPL,b_20_80|none|death_cross,2025-10-17,2025-10-20,2025-10-31,2025-11-03,254.94822099113512,269.42476736726525,0.05678230002881057,10,11304,11314,True,0.6098239110287303,2158
AAPL,b_20_80|none|death_cross,2025-11-11,2025-11-12,2025-11-17,2025-11-18,274.2535373864602,269.25705465795,-0.01821848052034236,4,11321,11325,True,0.5674676524953789,2164
AAPL,b_20_80|none|death_cross,2025-11-24,2025-11-25,2025-12-05,2025-12-08,274.52274228722064,277.374989388386,0.010389839025362724,8,11330,11338,True,0.5949074074074074,2160
AAPL,b_20_80|none|death_cross,2025-12-19,2025-12-22,2026-01-02,2026-01-05,272.1192896847017,269.9053759278346,-0.00813582072565422,8,11348,11356,True,0.5949074074074074,2160
AAPL,b_20_80|none|death_cross,2026-02-24,2026-02-25,2026-03-02,2026-03-03,271.29586819299504,263.0106738027697,-0.030539331267409486,4,11391,11395,True,0.5674676524953789,2164
AAPL,b_20_80|none|death_cross,2026-03-17,2026-03-18,2026-03-18,2026-03-19,252.1799767808244,248.95572868612365,-0.012785503971645684,1,11406,11407,True,0.5473004153207199,2167
AAPL,b_20_80|none|death_cross,2026-03-23,2026-03-24,2026-03-30,2026-03-31,249.90403139868116,247.46837564153284,-0.009746364408434127,5,11410,11415,True,0.5788257050392973,2163
AAPL,b_20_80|none|death_cross,2026-03-31,2026-04-01,2026-04-21,2026-04-22,253.62737973002484,267.3429346055621,0.05407757983438888,14,11416,11430,True,0.61652739090065,2154
AAPL,b_20_80|none|death_cross,2026-05-05,2026-05-06,2026-05-18,2026-05-19,281.4177950537395,296.7140952726279,0.05435441712549638,9,11440,11449,True,0.602130616025938,2159
AAPL,b_20_80|none|death_cross,2026-06-16,2026-06-17,2026-06-25,2026-06-26,300.59074812548096,274.7630284991681,-0.08592320218562122,6,11469,11475,True,0.5878815911193339,2162
AAPL,b_20_80|none|death_cross,2026-06-30,2026-07-01,2026-07-20,2026-07-21,293.1871503157195,322.85156758462244,0.10117911796938817,13,11478,11491,True,0.619953596287703,2155
AAPL,b_20_80|none|death_cross,2026-07-27,2026-07-28,2026-07-30,2026-07-31,339.73698155301014,304.54735603914753,-0.10357902561270582,3,11496,11499,True,0.5681293302540416,2165
AAPL,b_20_80|none|death_cross,2026-08-14,2026-08-17,,,306.2099914550781,,,2,11510,-1,False,,0
MSFT,b_20_80|none|death_cross,2018-01-02,2018-01-03,2018-01-16,2018-01-17,78.80062348975564,81.56587681149459,0.035091769573351694,9,8019,8028,True,0.6007410838351088,2159
MSFT,b_20_80|none|death_cross,2018-01-18,2018-01-19,2018-01-25,2018-01-26,82.53645423442747,85.26508963892228,0.03305976043924419,5,8030,8035,True,0.5728155339805825,2163
MSFT,b_20_80|none|death_cross,2018-02-13,2018-02-14,2018-02-28,2018-03-01,81.42465728141752,86.4659618500011,0.061913733958498085,10,8048,8058,True,0.6047265987025023,2158
MSFT,b_20_80|none|death_cross,2018-03-08,2018-03-09,2018-03-14,2018-03-15,87.66193064675153,86.04281704557039,-0.01846997424350183,4,8064,8068,True,0.5743992606284658,2164
MSFT,b_20_80|none|death_cross,2018-03-26,2018-03-27,2018-04-02,2018-04-03,87.33994441879172,82.4090117877476,-0.056456786912990053,4,8076,8080,True,0.5743992606284658,2164
MSFT,b_20_80|none|death_cross,2018-04-04,2018-04-05,2018-04-20,2018-04-23,85.04007261346732,88.07591210386882,0.0356989287179974,12,8082,8094,True,0.6131725417439703,2156
MSFT,b_20_80|none|death_cross,2018-05-04,2018-05-07,2018-05-17,2018-05-18,87.55153739480072,88.70711842287673,0.013198866204543025,9,8104,8113,True,0.6007410838351088,2159
MSFT,b_20_80|none|death_cross,2018-05-23,2018-05-24,2018-05-29,2018-05-30,91.22021949127985,90.83218135418171,-0.004253861032807893,3,8117,8120,True,0.5625866050808314,2165
MSFT,b_20_80|none|death_cross,2018-06-20,2018-06-21,2018-06-22,2018-06-25,94.31540933031489,92.39361999923388,-0.020376196686486825,2,8136,8138,True,0.5530932594644506,2166
MSFT,b_20_80|none|death_cross,2018-07-02,2018-07-03,2018-07-19,2018-07-20,92.83709024275409,99.85902826370983,0.07563720494249115,12,8144,8156,True,0.6131725417439703,2156
MSFT,b_20_80|none|death_cross,2018-08-07,2018-08-08,2018-08-15,2018-08-16,101.01393231703456,100.4473683432638,-0.0056087706000057524,6,8169,8175,True,0.5721554116558741,2162
MSFT,b_20_80|none|death_cross,2018-08-24,2018-08-27,2018-09-05,2018-09-06,101.34701746377063,100.40100728847847,-0.009334366209941325,7,8182,8189,True,0.5876908838500694,2161
MSFT,b_20_80|none|death_cross,2018-09-12,2018-09-13,2018-09-26,2018-09-27,103.9903794101842,106.45751683199383,0.023724669876221238,10,8194,8204,True,0.6047265987025023,2158
MSFT,b_20_80|none|death_cross,2018-10-16,2018-10-17,2018-10-24,2018-10-25,103.58226998073418,98.82426916876177,-0.045934509958677094,6,8218,8224,True,0.5721554116558741,2162
MSFT,b_20_80|none|death_cross,2018-10-25,2018-10-26,2018-10-29,2018-10-30,98.02660971740973,96.1438084586021,-0.019207042498310956,2,8225,8227,True,0.5530932594644506,2166
MSFT,b_20_80|none|death_cross,2018-10-31,2018-11-01,2018-11-12,2018-11-13,99.28798403445195,99.7517523510572,0.004670941011797769,8,8229,8237,True,0.5930555555555556,2160
MSFT,b_20_80|none|death_cross,2018-11-26,2018-11-27,2018-12-06,2018-12-07,98.99035203009731,100.95582733765282,0.019855220910396598,7,8246,8253,True,0.5876908838500694,2161
MSFT,b_20_80|none|death_cross,2018-12-27,2018-12-28,2019-01-14,2019-01-15,95.0967135262789,95.48791925241571,0.004113767044417349,11,8267,8278,True,0.6096430227167362,2157
MSFT,b_20_80|none|death_cross,2019-02-05,2019-02-06,2019-02-28,2019-03-01,99.67035474706215,105.60597540508158,0.05955251863086586,16,8293,8309,True,0.6171003717472119,2152
MSFT,b_20_80|none|death_cross,2019-03-12,2019-03-13,2019-03-22,2019-03-25,106.76596208728289,109.03916145254556,0.02129142397840522,8,8317,8325,True,0.5930555555555556,2160
MSFT,b_20_80|none|death_cross,2019-04-02,2019-04-03,2019-04-16,2019-04-17,112.12623060462113,113.41719287672299,0.011513472495602306,10,8332,8342,True,0.6047265987025023,2158
MSFT,b_20_80|none|death_cross,2019-05-15,2019-05-16,2019-05-23,2019-05-24,119.01058333715997,119.1608256151626,0.0012624278764938879,6,8362,8368,True,0.5721554116558741,2162
MSFT,b_20_80|none|death_cross,2019-06-05,2019-06-06,2019-06-25,2019-06-26,118.71950963232716,126.14649569931257,0.06255910330144299,14,8376,8390,True,0.6100278551532033,2154
MSFT,b_20_80|none|death_cross,2019-07-03,2019-07-05,2019-07-16,2019-07-17,127.63941729488629,129.29201796500723,0.012947416285228996,8,8396,8404,True,0.5930555555555556,2160
MSFT,b_20_80|none|death_cross,2019-07-23,2019-07-24,2019-07-31,2019-08-01,130.41871688559382,128.63473115308523,-0.013678908787866262,6,8409,8415,True,0.5721554116558741,2162
MSFT,b_20_80|none|death_cross,2019-08-08,2019-08-09,2019-08-15,2019-08-16,130.14641623705882,127.0658714354207,-0.02366983963682079,5,8421,8426,True,0.5728155339805825,2163
MSFT,b_20_80|none|death_cross,2019-08-16,2019-08-19,2019-08-23,2019-08-26,129.8638635544552,127.16948669601625,-0.02074770289973038,5,8427,8432,True,0.5728155339805825,2163
MSFT,b_20_80|none|death_cross,2019-08-29,2019-08-30,2019-09-10,2019-09-11,131.08850429674501,128.03624393618668,-0.023283966637142606,7,8436,8443,True,0.5876908838500694,2161
MSFT,b_20_80|none|death_cross,2019-09-18,2019-09-19,2019-09-24,2019-09-25,132.17188287622108,129.53408767037075,-0.01995730974280374,4,8449,8453,True,0.5743992606284658,2164
MSFT,b_20_80|none|death_cross,2019-10-04,2019-10-07,2019-10-18,2019-10-21,129.19496229291303,130.4290626341145,0.009552232682288997,10,8461,8471,True,0.6047265987025023,2158
MSFT,b_20_80|none|death_cross,2019-10-25,2019-10-28,2019-11-07,2019-11-08,136.03434317103782,135.6387113076002,-0.0029083233999239733,9,8476,8485,True,0.6007410838351088,2159
MSFT,b_20_80|none|death_cross,2019-12-06,2019-12-09,2019-12-18,2019-12-19,142.80217155840978,145.57185707519866,0.019395261896672178,8,8505,8513,True,0.5930555555555556,2160
MSFT,b_20_80|none|death_cross,2020-01-09,2020-01-10,2020-01-22,2020-01-23,153.9091751273673,157.09469505443082,0.02069740107714413,8,8527,8535,True,0.5930555555555556,2160
MSFT,b_20_80|none|death_cross,2020-01-29,2020-01-30,2020-02-11,2020-02-12,164.52453468683692,175.4235169852956,0.06624533124621368,9,8540,8549,True,0.6007410838351088,2159
MSFT,b_20_80|none|death_cross,2020-03-02,2020-03-03,2020-03-09,2020-03-10,164.73698098446346,149.91252432041284,-0.08998863871038598,5,8562,8567,True,0.5728155339805825,2163
MSFT,b_20_80|none|death_cross,2020-03-13,2020-03-16,2020-03-16,2020-03-17,132.69949300751503,132.69950524755737,9.223880259590089e-08,1,8571,8572,True,0.5371481310567605,2167
MSFT,b_20_80|none|death_cross,2020-03-24,2020-03-25,2020-04-03,2020-04-06,141.14494750061417,151.9599508336731,0.07662338273222202,8,8578,8586,True,0.5930555555555556,2160
MSFT,b_20_80|none|death_cross,2020-04-06,2020-04-07,2020-04-20,2020-04-21,160.7464665837294,164.4526192889561,0.023055889090391135,9,8587,8596,True,0.6007410838351088,2159
MSFT,b_20_80|none|death_cross,2020-04-29,2020-04-30,2020-05-12,2020-05-13,170.61365089823016,173.0306868403567,0.014166720713152614,9,8603,8612,True,0.6007410838351088,2159
MSFT,b_20_80|none|death_cross,2020-05-20,2020-05-21,2020-05-26,2020-05-27,176.22148762180447,171.27892425897863,-0.02804744999902198,3,8618,8621,True,0.5625866050808314,2165
MSFT,b_20_80|none|death_cross,2020-06-02,2020-06-03,2020-06-11,2020-06-12,175.6702420116775,181.1070492631869,0.030948936992686527,7,8626,8633,True,0.5876908838500694,2161
MSFT,b_20_80|none|death_cross,2020-06-17,2020-06-18,2020-06-26,2020-06-29,184.39572415045265,186.08762003729692,0.00917535314139828,7,8637,8644,True,0.5876908838500694,2161
MSFT,b_20_80|none|death_cross,2020-06-30,2020-07-01,2020-07-13,2020-07-14,193.083257178087,195.92524248850216,0.014718962959040516,8,8646,8654,True,0.5930555555555556,2160
MSFT,b_20_80|none|death_cross,2020-07-22,2020-07-23,2020-07-23,2020-07-24,196.93274275439686,190.4979268301186,-0.03267519577637423,1,8661,8662,True,0.5371481310567605,2167
MSFT,b_20_80|none|death_cross,2020-07-31,2020-08-03,2020-08-10,2020-08-11,201.04840274562122,196.90425062787259,-0.02061270848787622,6,8668,8674,True,0.5721554116558741,2162
MSFT,b_20_80|none|death_cross,2020-08-18,2020-08-19,2020-09-03,2020-09-04,201.50578180907098,204.94540695523105,0.01706961018825326,12,8680,8692,True,0.6131725417439703,2156
MSFT,b_20_80|none|death_cross,2020-09-21,2020-09-22,2020-10-06,2020-10-07,195.37935717841205,197.28492832718817,0.009753185680901,11,8703,8714,True,0.6096430227167362,2157
MSFT,b_20_80|none|death_cross,2020-10-09,2020-10-12,2020-10-16,2020-10-19,208.4611818961351,210.01418907016932,0.007449862655043438,5,8717,8722,True,0.5728155339805825,2163
MSFT,b_20_80|none|death_cross,2020-11-03,2020-11-04,2020-11-12,2020-11-13,203.91637379335975,206.1458902459224,0.010933484207707345,7,8734,8741,True,0.5876908838500694,2161
MSFT,b_20_80|none|death_cross,2020-11-24,2020-11-25,2020-12-09,2020-12-10,205.49147460908594,202.30084226889505,-0.015526835584106613,10,8749,8759,True,0.6047265987025023,2158
MSFT,b_20_80|none|death_cross,2020-12-15,2020-12-16,2020-12-30,2020-12-31,205.14756389617955,211.78681782520988,0.03236330864933068,10,8763,8773,True,0.6047265987025023,2158
MSFT,b_20_80|none|death_cross,2021-01-19,2021-01-20,2021-02-10,2021-02-11,207.9656807925922,233.83479617171466,0.12439127110074555,16,8785,8801,True,0.6171003717472119,2152
MSFT,b_20_80|none|death_cross,2021-03-01,2021-03-02,2021-03-03,2021-03-04,226.9336896940317,217.1003740050667,-0.04333122905736464,2,8813,8815,True,0.5530932594644506,2166
MSFT,b_20_80|none|death_cross,2021-03-05,2021-03-08,2021-03-08,2021-03-09,221.53347600830642,222.9792721410801,0.006526309968248212,1,8817,8818,True,0.5371481310567605,2167
MSFT,b_20_80|none|death_cross,2021-03-09,2021-03-10,2021-03-18,2021-03-19,226.92412005427826,221.19836796447422,-0.025232011865616077,7,8819,8826,True,0.5876908838500694,2161
MSFT,b_20_80|none|death_cross,2021-03-23,2021-03-24,2021-03-24,2021-03-25,227.73799056865073,225.29639873083224,-0.010721056384672356,1,8829,8830,True,0.5371481310567605,2167
MSFT,b_20_80|none|death_cross,2021-04-01,2021-04-05,2021-04-19,2021-04-20,232.4392400726803,246.85899261240542,0.06203665325706753,11,8836,8847,True,0.6096430227167362,2157
MSFT,b_20_80|none|death_cross,2021-04-26,2021-04-27,2021-04-28,2021-04-29,250.45914704245152,244.59932929978729,-0.023396301599921343,2,8852,8854,True,0.5530932594644506,2166
MSFT,b_20_80|none|death_cross,2021-05-14,2021-05-17,2021-06-01,2021-06-02,236.0680977160774,238.12954255758635,0.00873241603356445,11,8866,8877,True,0.6096430227167362,2157
MSFT,b_20_80|none|death_cross,2021-06-07,2021-06-08,2021-06-18,2021-06-21,244.87622075345962,249.34842044965174,0.018263103221830335,9,8881,8890,True,0.6007410838351088,2159
MSFT,b_20_80|none|death_cross,2021-07-22,2021-07-23,2021-07-29,2021-07-30,275.78804130305343,273.6767461132666,-0.007655499418362521,5,8913,8918,True,0.5728155339805825,2163
MSFT,b_20_80|none|death_cross,2021-08-05,2021-08-06,2021-08-09,2021-08-10,276.8820984514025,277.16040859309794,0.0010051575860339224,2,8923,8925,True,0.5530932594644506,2166
MSFT,b_20_80|none|death_cross,2021-08-13,2021-08-16,2021-08-18,2021-08-19,281.37347818942425,277.5852791245708,-0.01346324141574995,3,8929,8932,True,0.5625866050808314,2165
MSFT,b_20_80|none|death_cross,2021-09-15,2021-09-16,2021-09-20,2021-09-21,292.0755996209567,284.316015013533,-0.026567041606672337,3,8951,8954,True,0.5625866050808314,2165
MSFT,b_20_80|none|death_cross,2021-09-23,2021-09-24,2021-09-27,2021-09-28,286.7582309001255,278.6525686782069,-0.028266537272444436,2,8957,8959,True,0.5530932594644506,2166
MSFT,b_20_80|none|death_cross,2021-10-05,2021-10-06,2021-10-25,2021-10-26,274.78720381326485,299.03705370094167,0.08824956020934693,14,8965,8979,True,0.6100278551532033,2154
MSFT,b_20_80|none|death_cross,2021-11-16,2021-11-17,2021-11-22,2021-11-23,326.49867234618597,324.6779411746802,-0.005576534686717705,4,8995,8999,True,0.5743992606284658,2164
MSFT,b_20_80|none|death_cross,2021-12-07,2021-12-08,2021-12-16,2021-12-17,323.0017714613644,309.101507137352,-0.04303463804895913,7,9009,9016,True,0.5876908838500694,2161
MSFT,b_20_80|none|death_cross,2021-12-22,2021-12-23,2022-01-03,2022-01-04,320.53571987710177,322.53948061398944,0.006251286869544348,7,9020,9027,True,0.5876908838500694,2161
MSFT,b_20_80|none|death_cross,2022-02-09,2022-02-10,2022-02-10,2022-02-11,292.8795873514991,292.06085534207085,-0.0027954560330817335,1,9053,9054,True,0.5371481310567605,2167
MSFT,b_20_80|none|death_cross,2022-02-24,2022-02-25,2022-03-07,2022-03-08,284.8942395707059,268.1561220285429,-0.0587520392387888,7,9063,9070,True,0.5876908838500694,2161
MSFT,b_20_80|none|death_cross,2022-03-16,2022-03-17,2022-03-31,2022-04-01,283.10847290668306,298.6301238516783,0.05482580858719621,11,9077,9088,True,0.6096430227167362,2157
MSFT,b_20_80|none|death_cross,2022-04-20,2022-04-21,2022-04-21,2022-04-22,278.5619611641617,271.90145264874303,-0.023910330353732356,1,9101,9102,True,0.5371481310567605,2167
MSFT,b_20_80|none|death_cross,2022-04-25,2022-04-26,2022-04-26,2022-04-27,267.8665361916543,272.30682528051807,0.016576497953020963,1,9104,9105,True,0.5371481310567605,2167
MSFT,b_20_80|none|death_cross,2022-04-27,2022-04-28,2022-05-06,2022-05-09,275.28957261335694,260.68480600302837,-0.05305237852521538,7,9106,9113,True,0.5876908838500694,2161
MSFT,b_20_80|none|death_cross,2022-05-17,2022-05-18,2022-05-18,2022-05-19,254.4612355715473,245.65666082139012,-0.03460084884984993,1,9120,9121,True,0.5371481310567605,2167
MSFT,b_20_80|none|death_cross,2022-05-23,2022-05-24,2022-06-06,2022-06-07,249.51713505523247,257.9830710374571,0.033929276962684884,9,9124,9133,True,0.6007410838351088,2159
MSFT,b_20_80|none|death_cross,2022-06-21,2022-06-22,2022-07-01,2022-07-05,243.7119356534914,247.84330176827007,0.01695184154071394,8,9143,9151,True,0.5930555555555556,2160
MSFT,b_20_80|none|death_cross,2022-07-05,2022-07-06,2022-07-12,2022-07-13,255.18683261782502,242.06714149558593,-0.051412100646617276,5,9152,9157,True,0.5728155339805825,2163
MSFT,b_20_80|none|death_cross,2022-07-20,2022-07-21,2022-07-26,2022-07-27,251.35545481408533,252.68097341491003,0.005273482534147167,4,9163,9167,True,0.5743992606284658,2164
MSFT,b_20_80|none|death_cross,2022-07-27,2022-07-28,2022-08-09,2022-08-10,260.9921072574556,278.8139719351001,0.06828507139514417,9,9168,9177,True,0.6007410838351088,2159
MSFT,b_20_80|none|death_cross,2022-09-28,2022-09-29,2022-09-30,2022-10-03,231.6246111693645,228.25045038719026,-0.014567367280789778,2,9212,9214,True,0.5530932594644506,2166
MSFT,b_20_80|none|death_cross,2022-10-03,2022-10-04,2022-10-07,2022-10-10,237.63607845360704,225.9622347703348,-0.04912487935013332,4,9215,9219,True,0.5743992606284658,2164
MSFT,b_20_80|none|death_cross,2022-10-17,2022-10-18,2022-10-26,2022-10-27,235.84230688122926,224.01334192609988,-0.05015624682252817,7,9225,9232,True,0.5876908838500694,2161
MSFT,b_20_80|none|death_cross,2022-11-07,2022-11-08,2022-11-28,2022-11-29,221.74450429023085,234.71789478419583,0.05850602943009009,14,9240,9254,True,0.6100278551532033,2154
MSFT,b_20_80|none|death_cross,2022-12-01,2022-12-02,2022-12-06,2022-12-07,242.90483392955983,238.0529099537657,-0.0199745879787685,3,9257,9260,True,0.5625866050808314,2165
MSFT,b_20_80|none|death_cross,2022-12-12,2022-12-13,2022-12-15,2022-12-16,254.44620988669473,241.66994662968148,-0.05021203995415202,3,9264,9267,True,0.5625866050808314,2165
MSFT,b_20_80|none|death_cross,2022-12-29,2022-12-30,2023-01-05,2023-01-06,231.61620583114026,216.8272270587664,-0.06385122629612439,4,9276,9280,True,0.5743992606284658,2164
MSFT,b_20_80|none|death_cross,2023-01-10,2023-01-11,2023-01-30,2023-01-31,224.88769749444907,236.71111179006792,0.052574749207482396,13,9283,9296,True,0.6120649651972158,2155
MSFT,b_20_80|none|death_cross,2023-03-13,2023-03-14,2023-03-22,2023-03-23,250.26825127577843,270.92332074814243,0.08253172093172756,7,9325,9332,True,0.5876908838500694,2161
MSFT,b_20_80|none|death_cross,2023-03-23,2023-03-24,2023-03-27,2023-03-28,270.24101876130743,268.8275985161655,-0.00523022097689152,2,9333,9335,True,0.5530932594644506,2166
MSFT,b_20_80|none|death_cross,2023-04-19,2023-04-20,2023-04-20,2023-04-21,278.048779675469,277.81480201216493,-0.0008414986160959481,1,9351,9352,True,0.5371481310567605,2167
MSFT,b_20_80|none|death_cross,2023-04-26,2023-04-27,2023-05-09,2023-05-10,288.4981777647632,300.8287815493971,0.04274066436110391,9,9356,9365,True,0.6007410838351088,2159
MSFT,b_20_80|none|death_cross,2023-06-13,2023-06-14,2023-06-20,2023-06-21,326.61194558065387,328.59499110748806,0.006071564600335533,4,9389,9393,True,0.5743992606284658,2164
MSFT,b_20_80|none|death_cross,2023-06-30,2023-07-03,2023-07-10,2023-07-11,331.3498259032752,323.4077439781263,-0.023968873089033393,5,9401,9406,True,0.5728155339805825,2163
MSFT,b_20_80|none|death_cross,2023-07-13,2023-07-14,2023-07-20,2023-07-21,339.55560494875635,341.07959326630163,0.004488184837282416,5,9409,9414,True,0.5728155339805825,2163
MSFT,b_20_80|none|death_cross,2023-09-14,2023-09-15,2023-09-15,2023-09-18,329.82917548465673,320.901090989623,-0.027068813672758485,1,9453,9454,True,0.5371481310567605,2167
MSFT,b_20_80|none|death_cross,2023-09-29,2023-10-02,2023-10-18,2023-10-19,309.6235591310726,325.15953397789394,0.05017697907233365,13,9464,9477,True,0.6120649651972158,2155
MSFT,b_20_80|none|death_cross,2023-10-31,2023-11-01,2023-11-17,2023-11-20,332.6387311841403,364.1447942149405,0.09471555798281117,13,9486,9499,True,0.6120649651972158,2155
MSFT,b_20_80|none|death_cross,2023-12-12,2023-12-13,2023-12-14,2023-12-15,368.8533792298406,359.8580993724713,-0.024387142327803146,2,9515,9517,True,0.5530932594644506,2166
MSFT,b_20_80|none|death_cross,2023-12-18,2023-12-19,2024-01-02,2024-01-03,364.40968123442,361.9769897820248,-0.006675704784117054,9,9519,9528,True,0.6007410838351088,2159
MSFT,b_20_80|none|death_cross,2024-01-09,2024-01-10,2024-01-26,2024-01-29,369.1967157740048,398.3208248033987,0.0788850707090838,12,9533,9545,True,0.6131725417439703,2156
MSFT,b_20_80|none|death_cross,2024-02-07,2024-02-08,2024-02-13,2024-02-14,406.15852265638233,401.03272774217567,-0.012620183076998193,4,9553,9557,True,0.5743992606284658,2164
MSFT,b_20_80|none|death_cross,2024-02-22,2024-02-23,2024-03-05,2024-03-06,408.5017108463529,396.0206822488724,-0.030553185619765832,8,9563,9571,True,0.5930555555555556,2160
MSFT,b_20_80|none|death_cross,2024-03-12,2024-03-13,2024-03-25,2024-03-26,410.88979275530687,418.270209700842,0.017962035260219444,9,9576,9585,True,0.6007410838351088,2159
MSFT,b_20_80|none|death_cross,2024-04-08,2024-04-09,2024-04-15,2024-04-16,419.08598583198443,407.42070431973565,-0.02783505511187745,5,9594,9599,True,0.5728155339805825,2163
MSFT,b_20_80|none|death_cross,2024-04-23,2024-04-24,2024-04-30,2024-05-01,402.49696200511164,385.8393454420747,-0.041385695136812894,5,9605,9610,True,0.5728155339805825,2163
MSFT,b_20_80|none|death_cross,2024-05-02,2024-05-03,2024-05-17,2024-05-20,395.3425632659736,413.7082502471213,0.046455121931285426,11,9612,9623,True,0.6096430227167362,2157
MSFT,b_20_80|none|death_cross,2024-06-06,2024-06-07,2024-06-20,2024-06-21,419.60557647742206,440.45787995794916,0.04969501038470847,9,9636,9645,True,0.6007410838351088,2159
MSFT,b_20_80|none|death_cross,2024-07-29,2024-07-30,2024-07-30,2024-07-31,421.10209315676275,413.99380325758636,-0.016880205571740525,1,9671,9672,True,0.5371481310567605,2167
MSFT,b_20_80|none|death_cross,2024-08-06,2024-08-07,2024-08-22,2024-08-23,402.3173055349637,411.2681797994915,0.022248295416041897,12,9677,9689,True,0.6131725417439703,2156
MSFT,b_20_80|none|death_cross,2024-09-10,2024-09-11,2024-09-24,2024-09-25,409.8084532189213,423.94215074360574,0.034488545596530695,10,9701,9711,True,0.6047265987025023,2158
MSFT,b_20_80|none|death_cross,2024-10-09,2024-10-10,2024-10-31,2024-11-01,409.54216908706456,403.40733166804887,-0.014979745389079757,16,9722,9738,True,0.6171003717472119,2152
MSFT,b_20_80|none|death_cross,2024-11-07,2024-11-08,2024-11-18,2024-11-19,419.49399368085926,407.4511618868994,-0.028707995764825522,7,9743,9750,True,0.5876908838500694,2161
MSFT,b_20_80|none|death_cross,2024-11-26,2024-11-27,2024-12-13,2024-12-16,420.12608556589345,442.02626356510217,0.052127632041009786,12,9756,9768,True,0.6131725417439703,2156
MSFT,b_20_80|none|death_cross,2025-01-06,2025-01-07,2025-01-13,2025-01-14,423.9704889084133,412.9116788431012,-0.0260839146936499,4,9782,9786,True,0.5743992606284658,2164
MSFT,b_20_80|none|death_cross,2025-01-15,2025-01-16,2025-01-30,2025-01-31,423.6739565648765,414.0679953915426,-0.022673003672962322,10,9788,9798,True,0.6047265987025023,2158
MSFT,b_20_80|none|death_cross,2025-02-12,2025-02-13,2025-02-24,2025-02-25,402.2283921851393,397.19236575081766,-0.012520315651918579,7,9807,9814,True,0.5876908838500694,2161
MSFT,b_20_80|none|death_cross,2025-03-05,2025-03-06,2025-03-10,2025-03-11,390.43881857931865,375.30770541349494,-0.03875412086554553,3,9821,9824,True,0.5625866050808314,2165
MSFT,b_20_80|none|death_cross,2025-03-14,2025-03-17,2025-03-28,2025-03-31,382.9326924641042,368.91066922952973,-0.03661746179033509,10,9828,9838,True,0.6047265987025023,2158
MSFT,b_20_80|none|death_cross,2025-04-09,2025-04-10,2025-04-17,2025-04-21,378.33787067807094,359.2853342749941,-0.05035852310774536,6,9846,9852,True,0.5721554116558741,2162
MSFT,b_20_80|none|death_cross,2025-04-24,2025-04-25,2025-05-15,2025-05-16,383.2297451406492,448.4678481067336,0.17023235746521026,15,9856,9871,True,0.6117045982350209,2153
MSFT,b_20_80|none|death_cross,2025-05-30,2025-06-02,2025-06-13,2025-06-16,453.51752207653715,471.44428961660435,0.03952827987325658,10,9881,9891,True,0.6047265987025023,2158
MSFT,b_20_80|none|death_cross,2025-07-14,2025-07-15,2025-07-21,2025-07-22,499.033906939414,506.92092641726225,0.01580457633874932,5,9910,9915,True,0.5728155339805825,2163
MSFT,b_20_80|none|death_cross,2025-07-30,2025-07-31,2025-07-31,2025-08-01,550.8301225339796,530.7605061500977,-0.03643521943127548,1,9922,9923,True,0.5371481310567605,2167
MSFT,b_20_80|none|death_cross,2025-09-11,2025-09-12,2025-09-23,2025-09-24,503.4614629424367,507.16798604562155,0.007362079078550243,8,9952,9960,True,0.5930555555555556,2160
MSFT,b_20_80|none|death_cross,2025-09-30,2025-10-01,2025-10-09,2025-10-10,511.5600762745242,516.3697201998212,0.00940191416094005,7,9965,9972,True,0.5876908838500694,2161
MSFT,b_20_80|none|death_cross,2025-10-20,2025-10-21,2025-10-30,2025-10-31,514.2431942660954,525.5515477587454,0.021990283233186414,8,9979,9987,True,0.5930555555555556,2160
MSFT,b_20_80|none|death_cross,2025-11-11,2025-11-12,2025-11-19,2025-11-20,506.1543908722183,490.525525238351,-0.030877664830557427,6,9995,10001,True,0.5721554116558741,2162
MSFT,b_20_80|none|death_cross,2025-11-26,2025-11-28,2025-12-10,2025-12-11,485.4382224868377,474.51683677020293,-0.022497992969498504,9,10006,10015,True,0.6007410838351088,2159
MSFT,b_20_80|none|death_cross,2025-12-18,2025-12-19,2025-12-31,2026-01-02,485.1992432324443,482.24244872265706,-0.0060939800525837695,8,10021,10029,True,0.5930555555555556,2160
MSFT,b_20_80|none|death_cross,2026-01-23,2026-01-26,2026-01-30,2026-02-02,463.2470406576191,428.33251789753194,-0.07536912207905955,5,10044,10049,True,0.5728155339805825,2163
MSFT,b_20_80|none|death_cross,2026-02-10,2026-02-11,2026-02-17,2026-02-18,414.3348470778888,396.3648852083561,-0.04337062642996725,4,10056,10060,True,0.5743992606284658,2164
MSFT,b_20_80|none|death_cross,2026-02-25,2026-02-26,2026-03-11,2026-03-12,403.8353349281015,403.7555185610488,-0.00019764582281256438,10,10066,10076,True,0.6047265987025023,2158
MSFT,b_20_80|none|death_cross,2026-05-07,2026-05-08,2026-05-11,2026-05-12,416.48795292910256,413.58422243338293,-0.006971943546741466,2,10116,10118,True,0.5530932594644506,2166
MSFT,b_20_80|none|death_cross,2026-05-15,2026-05-18,2026-05-26,2026-05-27,415.71960624154525,411.010009765625,-0.011328781239111962,6,10122,10128,True,0.5721554116558741,2162
MSFT,b_20_80|none|death_cross,2026-05-28,2026-05-29,2026-06-03,2026-06-04,432.54998779296875,435.80999755859375,0.007536723748990948,4,10130,10134,True,0.5743992606284658,2164
MSFT,b_20_80|none|death_cross,2026-06-26,2026-06-29,2026-07-14,2026-07-15,377.5,387.79998779296875,0.0272847358754138,11,10150,10161,True,0.6096430227167362,2157
MSFT,b_20_80|none|death_cross,2026-07-15,2026-07-16,2026-07-17,2026-07-20,398.30999755859375,391.4100036621094,-0.017323175262426993,2,10162,10164,True,0.5530932594644506,2166
MSFT,b_20_80|none|death_cross,2026-07-20,2026-07-21,2026-07-22,2026-07-23,398.80999755859375,389.9700012207031,-0.022165934635557494,2,10165,10167,True,0.5530932594644506,2166
MSFT,b_20_80|none|death_cross,2026-07-30,2026-07-31,2026-08-12,2026-08-13,450.0,493.2699890136719,0.096155531141493,9,10173,10182,True,0.6007410838351088,2159
META,b_20_80|none|death_cross,2018-01-02,2018-01-03,2018-01-12,2018-01-16,180.2967176457999,179.920024921805,-0.0020892932989213797,8,1415,1423,True,0.5601851851851852,2160
META,b_20_80|none|death_cross,2018-01-22,2018-01-23,2018-01-31,2018-02-01,184.4304145604009,186.58151758081607,0.011663493928278701,7,1428,1435,True,0.5622397038408145,2161
META,b_20_80|none|death_cross,2018-02-01,2018-02-02,2018-02-02,2018-02-05,190.36826980548153,185.30275408797968,-0.026609033756927025,1,1436,1437,True,0.5173050299953853,2167
META,b_20_80|none|death_cross,2018-02-14,2018-02-15,2018-02-28,2018-03-01,178.9287251950358,177.45168404445934,-0.008254913507970696,9,1445,1454,True,0.5622973598888374,2159
META,b_20_80|none|death_cross,2018-03-07,2018-03-08,2018-03-19,2018-03-20,181.9620663818067,166.01212984616492,-0.08765528361375274,8,1459,1467,True,0.5601851851851852,2160
META,b_20_80|none|death_cross,2018-04-03,2018-04-04,2018-04-23,2018-04-24,150.70657971846416,163.98990388234432,0.08814030673839746,14,1477,1491,True,0.5705663881151346,2154
META,b_20_80|none|death_cross,2018-04-27,2018-04-30,2018-05-15,2018-05-16,172.27715804510706,182.1008567642753,0.05702264206492269,12,1495,1507,True,0.5746753246753247,2156
META,b_20_80|none|death_cross,2018-05-29,2018-05-30,2018-06-06,2018-06-07,184.91613265056702,189.08948984574496,0.02256891886801604,6,1516,1522,True,0.5518038852913969,2162
META,b_20_80|none|death_cross,2018-06-14,2018-06-15,2018-06-25,2018-06-26,194.08562068452486,195.87987812805744,0.00924466963190973,7,1528,1535,True,0.5622397038408145,2161
META,b_20_80|none|death_cross,2018-07-06,2018-07-09,2018-07-19,2018-07-20,203.14608176160985,207.03193426662722,0.019128365515695078,9,1543,1552,True,0.5622973598888374,2159
META,b_20_80|none|death_cross,2018-08-07,2018-08-08,2018-08-15,2018-08-16,183.14171314563106,178.8494382240003,-0.023436904940479786,6,1565,1571,True,0.5518038852913969,2162
META,b_20_80|none|death_cross,2018-08-24,2018-08-27,2018-09-04,2018-09-05,174.45798700324298,168.01458975330803,-0.03693380486968001,6,1578,1584,True,0.5518038852913969,2162
META,b_20_80|none|death_cross,2018-09-19,2018-09-20,2018-10-01,2018-10-02,163.0680108438316,160.17342180932874,-0.017750808509432003,8,1595,1603,True,0.5601851851851852,2160
META,b_20_80|none|death_cross,2018-10-12,2018-10-15,2018-10-24,2018-10-25,151.9853377997949,146.4439851572699,-0.036459784363044534,8,1612,1620,True,0.5601851851851852,2160
META,b_20_80|none|death_cross,2018-10-31,2018-11-01,2018-11-09,2018-11-12,150.20100726309514,143.22228156901284,-0.046462575859150035,7,1625,1632,True,0.5622397038408145,2161
META,b_20_80|none|death_cross,2018-11-21,2018-11-23,2018-12-07,2018-12-10,132.48655152128535,138.38476004127986,0.04451929990076686,10,1640,1650,True,0.5685820203892493,2158
META,b_20_80|none|death_cross,2018-12-10,2018-12-11,2018-12-17,2018-12-18,142.62753477553204,139.85189624800478,-0.019460748107969272,5,1651,1656,True,0.5432269995376792,2163
META,b_20_80|none|death_cross,2018-12-27,2018-12-28,2019-01-17,2019-01-18,134.16183660726637,148.44643306975547,0.1064728750270807,14,1663,1677,True,0.5705663881151346,2154
META,b_20_80|none|death_cross,2019-01-31,2019-02-01,2019-02-11,2019-02-12,164.39634462521155,165.40743510822756,0.006150322170003664,7,1686,1693,True,0.5622397038408145,2161
META,b_20_80|none|death_cross,2019-02-25,2019-02-26,2019-03-14,2019-03-15,162.90941164198253,165.7048615974504,0.017159536255715313,13,1702,1715,True,0.5749419953596288,2155
META,b_20_80|none|death_cross,2019-03-26,2019-03-27,2019-04-16,2019-04-17,166.38886129251935,178.0365628932567,0.07000289268318349,15,1723,1738,True,0.5708313980492337,2153
META,b_20_80|none|death_cross,2019-05-03,2019-05-06,2019-05-06,2019-05-07,189.5752126998016,190.86388707837614,0.006797694488757777,1,1750,1751,True,0.5173050299953853,2167
META,b_20_80|none|death_cross,2019-05-16,2019-05-17,2019-05-23,2019-05-24,183.2309483674975,180.74280498768937,-0.013579274691182475,5,1759,1764,True,0.5432269995376792,2163
META,b_20_80|none|death_cross,2019-05-28,2019-05-29,2019-05-29,2019-05-30,181.902613056076,181.48628328371103,-0.0022887509166051867,1,1766,1767,True,0.5173050299953853,2167
META,b_20_80|none|death_cross,2019-06-07,2019-06-10,2019-06-25,2019-06-26,173.2287893501652,187.89003717436265,0.08463516877994892,12,1774,1786,True,0.5746753246753247,2156
META,b_20_80|none|death_cross,2019-07-03,2019-07-05,2019-07-17,2019-07-18,194.47222153436704,198.4076601840089,0.02023650791147258,9,1792,1801,True,0.5622973598888374,2159
META,b_20_80|none|death_cross,2019-07-24,2019-07-25,2019-07-25,2019-07-26,204.90064563487275,198.447326346332,-0.03149487044584709,1,1806,1807,True,0.5173050299953853,2167
META,b_20_80|none|death_cross,2019-08-08,2019-08-09,2019-08-14,2019-08-15,188.34603017251814,179.37482613135495,-0.047631500557489326,4,1817,1821,True,0.5328096118299446,2164
META,b_20_80|none|death_cross,2019-08-16,2019-08-19,2019-08-22,2019-08-23,184.39076662053793,179.2657648255648,-0.02779424311153278,4,1823,1827,True,0.5328096118299446,2164
META,b_20_80|none|death_cross,2019-08-27,2019-08-28,2019-09-10,2019-09-11,178.9584763378182,184.83685468140106,0.032847722353683384,9,1830,1839,True,0.5622973598888374,2159
META,b_20_80|none|death_cross,2019-09-19,2019-09-20,2019-09-23,2019-09-24,189.00026741214742,186.3436074918448,-0.014056381806642149,2,1846,1848,True,0.5240073868882733,2166
META,b_20_80|none|death_cross,2019-10-03,2019-10-04,2019-10-22,2019-10-23,177.9869910873137,180.42558070283758,0.013700942976937025,13,1856,1869,True,0.5749419953596288,2155
META,b_20_80|none|death_cross,2019-10-28,2019-10-29,2019-10-31,2019-11-01,190.02130430737162,191.17120791450583,0.0060514457119722476,3,1873,1876,True,0.5270207852193995,2165
META,b_20_80|none|death_cross,2019-11-01,2019-11-04,2019-11-06,2019-11-07,192.85641455328835,190.23940973863412,-0.013569705839009627,3,1877,1880,True,0.5270207852193995,2165
META,b_20_80|none|death_cross,2019-11-15,2019-11-18,2019-12-02,2019-12-03,192.8663211407008,195.87989806463978,0.01562521079945567,10,1887,1897,True,0.5685820203892493,2158
META,b_20_80|none|death_cross,2019-12-09,2019-12-10,2019-12-12,2019-12-13,199.90453035631865,194.69031628023387,-0.026083521302847523,3,1902,1905,True,0.5270207852193995,2165
META,b_20_80|none|death_cross,2019-12-18,2019-12-19,2019-12-30,2019-12-31,201.0147741037703,202.22416867292173,0.006016446176872137,7,1909,1916,True,0.5622397038408145,2161
META,b_20_80|none|death_cross,2020-01-29,2020-01-30,2020-01-30,2020-01-31,204.7321544388939,206.6155751830227,0.009199437915801134,1,1936,1937,True,0.5173050299953853,2167
META,b_20_80|none|death_cross,2020-02-07,2020-02-10,2020-02-21,2020-02-24,209.67870423741732,200.04330227154202,-0.04595317393303433,9,1943,1952,True,0.5622973598888374,2159
META,b_20_80|none|death_cross,2020-03-10,2020-03-11,2020-03-11,2020-03-12,172.49518089714363,158.15117758148926,-0.08315596552350923,1,1964,1965,True,0.5173050299953853,2167
META,b_20_80|none|death_cross,2020-03-13,2020-03-16,2020-03-16,2020-03-17,150.9940357178259,149.4277636583809,-0.01037307236672591,1,1967,1968,True,0.5173050299953853,2167
META,b_20_80|none|death_cross,2020-04-07,2020-04-08,2020-04-21,2020-04-22,169.75925600357357,176.89659087370293,0.042043862809926,9,1984,1993,True,0.5622973598888374,2159
META,b_20_80|none|death_cross,2020-04-23,2020-04-24,2020-04-28,2020-04-29,181.63496693142514,189.26792646662525,0.04202362388780512,3,1995,1998,True,0.5270207852193995,2165
META,b_20_80|none|death_cross,2020-04-29,2020-04-30,2020-05-12,2020-05-13,205.118731697235,207.60689964991752,0.012130378986328516,9,1999,2008,True,0.5622973598888374,2159
META,b_20_80|none|death_cross,2020-05-19,2020-05-20,2020-05-27,2020-05-28,221.554414532137,222.3474544873753,0.0035794364870271878,5,2013,2018,True,0.5432269995376792,2163
META,b_20_80|none|death_cross,2020-06-08,2020-06-09,2020-06-11,2020-06-12,229.50460868151143,227.8986807845685,-0.006997366659296622,3,2026,2029,True,0.5270207852193995,2165
META,b_20_80|none|death_cross,2020-06-16,2020-06-17,2020-06-24,2020-06-25,232.9543206803659,232.57757164981456,-0.0016172656916214612,6,2032,2038,True,0.5518038852913969,2162
META,b_20_80|none|death_cross,2020-07-01,2020-07-02,2020-07-14,2020-07-15,236.91948906655,239.44727266211922,0.010669378047067912,8,2043,2051,True,0.5601851851851852,2160
META,b_20_80|none|death_cross,2020-07-31,2020-08-03,2020-08-11,2020-08-12,250.45064335351154,256.7155895596873,0.025014694002333915,7,2064,2071,True,0.5622397038408145,2161
META,b_20_80|none|death_cross,2020-08-20,2020-08-21,2020-09-03,2020-09-04,266.3510064576947,284.7494405794508,0.06907589487437638,10,2078,2088,True,0.5685820203892493,2158
META,b_20_80|none|death_cross,2020-10-08,2020-10-09,2020-10-15,2020-10-16,262.2173779218132,265.0524103227984,0.010811763977864652,5,2112,2117,True,0.5432269995376792,2163
META,b_20_80|none|death_cross,2020-10-21,2020-10-22,2020-10-28,2020-10-29,277.4337102381768,274.1425442091837,-0.011862891593698577,5,2121,2126,True,0.5432269995376792,2163
META,b_20_80|none|death_cross,2020-10-29,2020-10-30,2020-10-30,2020-11-02,272.1103795495679,262.29662424575497,-0.036065347158230066,1,2127,2128,True,0.5173050299953853,2167
META,b_20_80|none|death_cross,2020-11-04,2020-11-05,2020-11-10,2020-11-11,289.35897797355784,271.08946485439094,-0.06313788238786355,4,2131,2135,True,0.5328096118299446,2164
META,b_20_80|none|death_cross,2020-11-24,2020-11-25,2020-12-04,2020-12-07,275.7187685457387,276.759605404161,0.0037749945856500045,7,2145,2152,True,0.5622397038408145,2161
META,b_20_80|none|death_cross,2020-12-07,2020-12-08,2020-12-08,2020-12-09,283.5202173573667,281.190725155916,-0.008216317775019188,1,2153,2154,True,0.5173050299953853,2167
META,b_20_80|none|death_cross,2020-12-18,2020-12-21,2020-12-21,2020-12-22,270.60372322826663,269.1365367707171,-0.005421900482543984,1,2162,2163,True,0.5173050299953853,2167
META,b_20_80|none|death_cross,2020-12-28,2020-12-29,2021-01-04,2021-01-05,274.539077842562,265.9545125123116,-0.031269010582068435,4,2167,2171,True,0.5328096118299446,2164
META,b_20_80|none|death_cross,2021-01-19,2021-01-20,2021-01-28,2021-01-29,266.58890963596116,262.9905028421915,-0.013497961331862651,7,2181,2188,True,0.5622397038408145,2161
META,b_20_80|none|death_cross,2021-02-10,2021-02-11,2021-02-18,2021-02-19,269.5231973013296,267.5108477745137,-0.007466331458535258,5,2197,2202,True,0.5432269995376792,2163
META,b_20_80|none|death_cross,2021-03-01,2021-03-02,2021-03-02,2021-03-03,263.4664017077334,258.02415412891276,-0.020656324842731832,1,2209,2210,True,0.5173050299953853,2167
META,b_20_80|none|death_cross,2021-03-05,2021-03-08,2021-03-08,2021-03-09,263.2383438072783,258.9063944580968,-0.016456376706096232,1,2213,2214,True,0.5173050299953853,2167
META,b_20_80|none|death_cross,2021-03-09,2021-03-10,2021-03-24,2021-03-25,266.3014573722322,278.53405880002805,0.04593516516395657,11,2215,2226,True,0.5707000463606862,2157
META,b_20_80|none|death_cross,2021-03-31,2021-04-01,2021-04-13,2021-04-14,295.8023427996799,304.62494221154947,0.029825995725275112,8,2231,2239,True,0.5601851851851852,2160
META,b_20_80|none|death_cross,2021-04-26,2021-04-27,2021-05-05,2021-05-06,301.6312095868947,311.7820697917917,0.033653215855213636,7,2248,2255,True,0.5622397038408145,2161
META,b_20_80|none|death_cross,2021-05-14,2021-05-17,2021-06-02,2021-06-03,310.82046004717864,322.94403588426127,0.039005076548829676,12,2262,2274,True,0.5746753246753247,2156
META,b_20_80|none|death_cross,2021-06-14,2021-06-15,2021-06-16,2021-06-17,334.05644356509714,327.61304327329054,-0.019288358048243914,2,2282,2284,True,0.5240073868882733,2166
META,b_20_80|none|death_cross,2021-06-22,2021-06-23,2021-07-06,2021-07-07,336.3958652776023,352.1673993527171,0.04688385233896897,9,2288,2297,True,0.5622973598888374,2159
META,b_20_80|none|death_cross,2021-07-22,2021-07-23,2021-07-30,2021-08-02,357.7682199401789,354.9827497760939,-0.0077856836041801936,6,2309,2315,True,0.5518038852913969,2162
META,b_20_80|none|death_cross,2021-08-10,2021-08-11,2021-08-17,2021-08-18,358.9478624990702,353.1488283079139,-0.016155644863803387,5,2322,2327,True,0.5432269995376792,2163
META,b_20_80|none|death_cross,2021-08-23,2021-08-24,2021-09-02,2021-09-03,360.4942845338797,371.48775419959367,0.030495544970785327,8,2331,2339,True,0.5601851851851852,2160
META,b_20_80|none|death_cross,2021-09-07,2021-09-08,2021-09-08,2021-09-09,376.8507146056471,374.3526210127369,-0.006628867867543575,1,2341,2342,True,0.5173050299953853,2167
META,b_20_80|none|death_cross,2021-09-27,2021-09-28,2021-09-28,2021-09-29,344.94091791460124,340.1628485218163,-0.013851848663451127,1,2355,2356,True,0.5173050299953853,2167
META,b_20_80|none|death_cross,2021-10-12,2021-10-13,2021-10-22,2021-10-25,324.12365226385646,317.5116968297456,-0.020399484542178214,8,2366,2374,True,0.5601851851851852,2160
META,b_20_80|none|death_cross,2021-11-01,2021-11-02,2021-11-10,2021-11-11,328.4952901589308,326.94887310974923,-0.004707577537666929,7,2380,2387,True,0.5622397038408145,2161
META,b_20_80|none|death_cross,2021-11-15,2021-11-16,2021-11-17,2021-11-18,340.83690901944357,336.76264000698353,-0.011953720106725907,2,2390,2392,True,0.5240073868882733,2166
META,b_20_80|none|death_cross,2021-11-19,2021-11-22,2021-11-22,2021-11-23,346.01146236419726,335.9796078452375,-0.0289928387065993,1,2394,2395,True,0.5173050299953853,2167
META,b_20_80|none|death_cross,2021-12-06,2021-12-07,2021-12-17,2021-12-20,318.7707124357527,326.90923704607127,0.02553096722133419,9,2404,2413,True,0.5622973598888374,2159
META,b_20_80|none|death_cross,2021-12-27,2021-12-28,2021-12-31,2022-01-03,343.6125808087769,335.3550557110125,-0.02403149814342742,4,2418,2422,True,0.5328096118299446,2164
META,b_20_80|none|death_cross,2022-01-11,2022-01-12,2022-01-18,2022-01-19,332.2621863257024,316.7979997340146,-0.04654212013319181,4,2429,2433,True,0.5328096118299446,2164
META,b_20_80|none|death_cross,2022-01-28,2022-01-31,2022-02-03,2022-02-04,298.0625144426168,232.92456740840566,-0.2185378700036148,4,2441,2445,True,0.5328096118299446,2164
META,b_20_80|none|death_cross,2022-03-16,2022-03-17,2022-03-31,2022-04-01,199.94416622902315,222.59526293695754,0.11328710977238021,11,2473,2484,True,0.5707000463606862,2157
META,b_20_80|none|death_cross,2022-04-19,2022-04-20,2022-04-20,2022-04-21,211.75048946947976,199.8450653573932,-0.0562238327850596,1,2496,2497,True,0.5173050299953853,2167
META,b_20_80|none|death_cross,2022-04-28,2022-04-29,2022-05-09,2022-05-10,202.6801871394876,197.7732217905714,-0.024210384932885187,7,2503,2510,True,0.5622397038408145,2161
META,b_20_80|none|death_cross,2022-05-17,2022-05-18,2022-05-18,2022-05-19,198.25897094773953,189.53557347013006,-0.04400001390055097,1,2516,2517,True,0.5173050299953853,2167
META,b_20_80|none|death_cross,2022-05-20,2022-05-23,2022-05-24,2022-05-25,193.4908647116595,178.82958708537754,-0.07577245389920717,2,2519,2521,True,0.5240073868882733,2166
META,b_20_80|none|death_cross,2022-05-26,2022-05-27,2022-06-09,2022-06-10,189.69418020410123,181.44659972815228,-0.04347830000411701,9,2523,2532,True,0.5622973598888374,2159
META,b_20_80|none|death_cross,2022-06-24,2022-06-27,2022-07-01,2022-07-05,169.8286435619368,156.76336002821185,-0.07693215502224748,5,2542,2547,True,0.5432269995376792,2163
META,b_20_80|none|death_cross,2022-07-05,2022-07-06,2022-07-12,2022-07-13,166.7358044722956,158.76580420983865,-0.047800172780413375,5,2548,2553,True,0.5432269995376792,2163
META,b_20_80|none|death_cross,2022-07-19,2022-07-20,2022-07-25,2022-07-26,175.9449279721321,164.49545685595962,-0.06507417547146321,4,2558,2562,True,0.5328096118299446,2164
META,b_20_80|none|death_cross,2022-08-03,2022-08-04,2022-08-17,2022-08-18,166.83493095275554,172.82236574358237,0.03588837635280551,10,2569,2579,True,0.5685820203892493,2158
META,b_20_80|none|death_cross,2022-08-31,2022-09-01,2022-09-06,2022-09-07,162.15599825067065,156.38667922477052,-0.0355788197053406,3,2589,2592,True,0.5270207852193995,2165
META,b_20_80|none|death_cross,2022-09-07,2022-09-08,2022-09-13,2022-09-14,157.32840249210523,151.99523720059614,-0.03389829939814404,4,2593,2597,True,0.5328096118299446,2164
META,b_20_80|none|death_cross,2022-10-17,2022-10-18,2022-10-27,2022-10-28,135.89661517041276,98.7131532212235,-0.27361580641697103,8,2621,2629,True,0.5601851851851852,2160
META,b_20_80|none|death_cross,2022-11-08,2022-11-09,2022-11-21,2022-11-22,100.83449358579487,108.90366185992863,0.08002388852449704,9,2637,2646,True,0.5622973598888374,2159
META,b_20_80|none|death_cross,2022-11-30,2022-12-01,2022-12-06,2022-12-07,118.16235226083045,112.7697217157899,-0.045637467787852604,4,2652,2656,True,0.5328096118299446,2164
META,b_20_80|none|death_cross,2022-12-14,2022-12-15,2022-12-15,2022-12-16,117.29990833253575,119.1833816073748,0.016056903211719042,1,2662,2663,True,0.5173050299953853,2167
META,b_20_80|none|death_cross,2022-12-21,2022-12-22,2022-12-22,2022-12-23,116.17975407839512,115.01994630067168,-0.009982873409603132,1,2667,2668,True,0.5173050299953853,2167
META,b_20_80|none|death_cross,2022-12-23,2022-12-27,2022-12-27,2022-12-28,116.9034038330725,115.23803081847723,-0.014245718772853522,1,2669,2670,True,0.5173050299953853,2167
META,b_20_80|none|death_cross,2022-12-29,2022-12-30,2023-01-18,2023-01-19,117.13140390629331,131.33665519565676,0.12127619763464836,12,2672,2684,True,0.5746753246753247,2156
META,b_20_80|none|death_cross,2023-02-28,2023-03-01,2023-03-10,2023-03-13,173.0701524358075,176.4108467930736,0.01930254472102111,8,2712,2720,True,0.5601851851851852,2160
META,b_20_80|none|death_cross,2023-03-14,2023-03-15,2023-03-27,2023-03-28,191.2703459570102,198.40767458850203,0.03731539562905395,9,2722,2731,True,0.5622973598888374,2159
META,b_20_80|none|death_cross,2023-04-27,2023-04-28,2023-05-08,2023-05-09,236.92938780573903,229.44513909049456,-0.03158852004201729,7,2753,2760,True,0.5622397038408145,2161
META,b_20_80|none|death_cross,2023-05-15,2023-05-16,2023-06-06,2023-06-07,233.73740578256724,269.30505361291546,0.15216925896505762,15,2765,2780,True,0.5708313980492337,2153
META,b_20_80|none|death_cross,2023-06-14,2023-06-15,2023-06-26,2023-06-27,269.9295786141267,279.555073656432,0.03565928229030901,7,2786,2793,True,0.5622397038408145,2161
META,b_20_80|none|death_cross,2023-07-05,2023-07-06,2023-07-07,2023-07-10,293.3142553701415,292.9771848405433,-0.0011491788190547414,2,2799,2801,True,0.5240073868882733,2166
META,b_20_80|none|death_cross,2023-07-10,2023-07-11,2023-07-20,2023-07-21,291.3415903824076,301.91864094603187,0.03630463659425032,8,2802,2810,True,0.5601851851851852,2160
META,b_20_80|none|death_cross,2023-07-28,2023-07-31,2023-08-04,2023-08-07,320.87225613271846,310.5033526725311,-0.0323147397819854,5,2816,2821,True,0.5432269995376792,2163
META,b_20_80|none|death_cross,2023-08-07,2023-08-08,2023-08-08,2023-08-09,311.66311551194724,310.156376879002,-0.00483451059157336,1,2822,2823,True,0.5173050299953853,2167
META,b_20_80|none|death_cross,2023-08-21,2023-08-22,2023-09-08,2023-09-11,290.0033584733458,298.78620226973936,0.0302853175309028,13,2832,2845,True,0.5749419953596288,2155
META,b_20_80|none|death_cross,2023-09-11,2023-09-12,2023-09-12,2023-09-13,303.6633574024578,299.7278803744034,-0.012959999723768156,1,2846,2847,True,0.5173050299953853,2167
META,b_20_80|none|death_cross,2023-09-28,2023-09-29,2023-10-13,2023-10-16,304.70424728900844,315.8661797826119,0.03663202135484678,11,2859,2870,True,0.5707000463606862,2157
META,b_20_80|none|death_cross,2023-10-30,2023-10-31,2023-11-15,2023-11-16,300.6696499436243,326.50274431961327,0.08591853012378436,12,2881,2893,True,0.5746753246753247,2156
META,b_20_80|none|death_cross,2023-12-08,2023-12-11,2023-12-29,2024-01-02,326.5325557121071,348.26178665668635,0.0665453736984718,14,2909,2923,True,0.5705663881151346,2154
META,b_20_80|none|death_cross,2024-01-08,2024-01-09,2024-01-31,2024-02-01,353.2974794746207,390.5107301891786,0.10533120918353789,16,2928,2944,True,0.5803903345724907,2152
META,b_20_80|none|death_cross,2024-02-07,2024-02-08,2024-02-13,2024-02-14,464.24323169322327,463.8566307551382,-0.0008327551414697432,4,2949,2953,True,0.5328096118299446,2164
META,b_20_80|none|death_cross,2024-02-15,2024-02-16,2024-02-16,2024-02-20,473.94795697120554,465.63101374806274,-0.017548220433932782,1,2955,2956,True,0.5173050299953853,2167
META,b_20_80|none|death_cross,2024-02-22,2024-02-23,2024-03-05,2024-03-06,484.3148150393008,493.8214351084789,0.019629009425215838,8,2959,2967,True,0.5601851851851852,2160
META,b_20_80|none|death_cross,2024-03-20,2024-03-21,2024-03-27,2024-03-28,510.7707839758228,489.0680934492514,-0.04249007814745853,5,2978,2983,True,0.5432269995376792,2163
META,b_20_80|none|death_cross,2024-04-03,2024-04-04,2024-04-15,2024-04-16,512.4676110901486,494.29775401725584,-0.035455620374214125,8,2987,2995,True,0.5601851851851852,2160
META,b_20_80|none|death_cross,2024-04-24,2024-04-25,2024-04-25,2024-04-26,418.17488602057387,438.0813579966591,0.04760322210049184,1,3002,3003,True,0.5173050299953853,2167
META,b_20_80|none|death_cross,2024-05-03,2024-05-06,2024-05-17,2024-05-20,452.093259876696,466.3533210681569,0.031542299912523,10,3009,3019,True,0.5685820203892493,2158
META,b_20_80|none|death_cross,2024-05-24,2024-05-28,2024-05-30,2024-05-31,472.9325751794718,462.23508624663583,-0.02261948001525682,3,3024,3027,True,0.5270207852193995,2165
META,b_20_80|none|death_cross,2024-06-03,2024-06-04,2024-06-14,2024-06-17,473.34938017945996,498.3248218231231,0.05276322878925965,9,3029,3038,True,0.5622973598888374,2159
META,b_20_80|none|death_cross,2024-06-26,2024-06-27,2024-06-28,2024-07-01,510.8209300507455,501.58294679281164,-0.01808458251116718,2,3045,3047,True,0.5240073868882733,2166
META,b_20_80|none|death_cross,2024-07-05,2024-07-08,2024-07-11,2024-07-12,538.733549875278,494.44087322434433,-0.08221629534894903,4,3051,3055,True,0.5328096118299446,2164
META,b_20_80|none|death_cross,2024-07-23,2024-07-24,2024-07-24,2024-07-25,469.16057574428834,460.17092144183493,-0.019161146028077836,1,3063,3064,True,0.5173050299953853,2167
META,b_20_80|none|death_cross,2024-07-26,2024-07-29,2024-08-20,2024-08-21,466.74682183029705,523.6350139485368,0.1218823341852846,17,3066,3083,True,0.5741515574151558,2151
META,b_20_80|none|death_cross,2024-09-11,2024-09-12,2024-09-27,2024-09-30,513.6022393471186,564.4525297734127,0.09900714313655268,12,3098,3110,True,0.5746753246753247,2156
META,b_20_80|none|death_cross,2024-10-25,2024-10-28,2024-10-31,2024-11-01,578.67072146079,564.3630263338429,-0.024725106345157677,4,3130,3134,True,0.5328096118299446,2164
META,b_20_80|none|death_cross,2024-11-07,2024-11-08,2024-11-15,2024-11-18,588.1561165108458,553.8534897330912,-0.05832231581854508,6,3139,3145,True,0.5518038852913969,2162
META,b_20_80|none|death_cross,2024-11-25,2024-11-26,2024-12-13,2024-12-16,562.7622479761632,626.8814975325155,0.11393665759730953,13,3151,3164,True,0.5749419953596288,2155
META,b_20_80|none|death_cross,2024-12-26,2024-12-27,2024-12-30,2024-12-31,596.4617453720124,589.3570104919964,-0.01191146781020247,2,3172,3174,True,0.5240073868882733,2166
META,b_20_80|none|death_cross,2025-01-02,2025-01-03,2025-01-13,2025-01-14,601.7854933825649,602.0939991024484,0.0005126506425892075,6,3176,3182,True,0.5518038852913969,2162
META,b_20_80|none|death_cross,2025-01-21,2025-01-22,2025-01-31,2025-02-03,620.2343211513619,672.5855459885331,0.08440555940211425,8,3187,3195,True,0.5601851851851852,2160
META,b_20_80|none|death_cross,2025-03-05,2025-03-06,2025-03-06,2025-03-07,644.812846805576,622.294150848658,-0.03492284012093794,1,3217,3218,True,0.5173050299953853,2167
META,b_20_80|none|death_cross,2025-03-12,2025-03-13,2025-03-13,2025-03-14,617.1993356753703,600.3687854957838,-0.02726922925341413,1,3222,3223,True,0.5173050299953853,2167
META,b_20_80|none|death_cross,2025-03-14,2025-03-17,2025-03-18,2025-03-19,605.0099996635669,581.9235510596104,-0.03815878847753651,2,3224,3226,True,0.5240073868882733,2166
META,b_20_80|none|death_cross,2025-03-21,2025-03-24,2025-03-28,2025-03-31,612.4897086743648,561.2272821521618,-0.08369516384716447,5,3229,3234,True,0.5432269995376792,2163
META,b_20_80|none|death_cross,2025-04-09,2025-04-10,2025-04-16,2025-04-17,573.1689763297147,503.212273262548,-0.12205249403960095,5,3242,3247,True,0.5432269995376792,2163
META,b_20_80|none|death_cross,2025-04-24,2025-04-25,2025-05-09,2025-05-12,544.5946691393716,628.3753866174048,0.15384050235091862,11,3252,3263,True,0.5707000463606862,2157
META,b_20_80|none|death_cross,2025-05-29,2025-05-30,2025-06-12,2025-06-13,639.9087359485001,685.1754345871889,0.07073930405340167,10,3276,3286,True,0.5685820203892493,2158
META,b_20_80|none|death_cross,2025-06-24,2025-06-25,2025-07-01,2025-07-02,710.9896633208298,712.9931517050737,0.0028178867958308373,5,3293,3298,True,0.5432269995376792,2163
META,b_20_80|none|death_cross,2025-07-21,2025-07-22,2025-07-30,2025-07-31,713.8503977542969,772.667590247117,0.08239428412150951,7,3311,3318,True,0.5622397038408145,2161
META,b_20_80|none|death_cross,2025-07-31,2025-08-01,2025-08-14,2025-08-15,758.2448261685668,781.5884278136772,0.030786364561254276,10,3319,3329,True,0.5685820203892493,2158
META,b_20_80|none|death_cross,2025-08-28,2025-08-29,2025-08-29,2025-09-02,742.8453254860702,723.6681190637612,-0.02581588086289799,1,3339,3340,True,0.5173050299953853,2167
META,b_20_80|none|death_cross,2025-09-03,2025-09-04,2025-09-22,2025-09-23,746.1245900119145,767.2545389947088,0.028319598718032912,13,3342,3355,True,0.5749419953596288,2155
META,b_20_80|none|death_cross,2025-11-11,2025-11-12,2025-11-12,2025-11-13,626.5005716840028,611.4796659420805,-0.023975885132150543,1,3391,3392,True,0.5173050299953853,2167
META,b_20_80|none|death_cross,2025-11-14,2025-11-17,2025-11-20,2025-11-21,607.4600964135232,586.9733513369498,-0.03372525240345525,4,3394,3398,True,0.5328096118299446,2164
META,b_20_80|none|death_cross,2025-11-21,2025-11-24,2025-12-09,2025-12-10,597.1668126146857,648.2639556943986,0.08556594572961096,11,3399,3410,True,0.5707000463606862,2157
META,b_20_80|none|death_cross,2025-12-23,2025-12-24,2026-01-02,2026-01-05,661.3503083186049,649.8508280292294,-0.01738788074146569,6,3420,3426,True,0.5518038852913969,2162
META,b_20_80|none|death_cross,2026-01-06,2026-01-07,2026-01-07,2026-01-08,654.4725487720359,644.7299347572825,-0.014886207271845198,1,3428,3429,True,0.5173050299953853,2167
META,b_20_80|none|death_cross,2026-01-22,2026-01-23,2026-02-03,2026-02-04,643.6219561683764,686.5054510943589,0.0666283903384488,8,3439,3447,True,0.5601851851851852,2160
META,b_20_80|none|death_cross,2026-02-19,2026-02-20,2026-02-24,2026-02-25,638.5510179511008,641.3858999809694,0.004439554475952123,3,3458,3461,True,0.5270207852193995,2165
META,b_20_80|none|death_cross,2026-02-25,2026-02-26,2026-03-06,2026-03-09,649.3916295582877,633.6497121926325,-0.02424102290379504,7,3462,3469,True,0.5622397038408145,2161
META,b_20_80|none|death_cross,2026-03-31,2026-04-01,2026-04-21,2026-04-22,579.5928556215499,673.7355628200382,0.16242903321768964,14,3486,3500,True,0.5705663881151346,2154
META,b_20_80|none|death_cross,2026-05-13,2026-05-14,2026-05-20,2026-05-21,615.429618202359,599.4443949814065,-0.025974088259912875,5,3516,3521,True,0.5432269995376792,2163
META,b_20_80|none|death_cross,2026-05-22,2026-05-26,2026-06-01,2026-06-02,608.3261927003538,602.68138962268,-0.009279237266796914,5,3523,3528,True,0.5432269995376792,2163
META,b_20_80|none|death_cross,2026-06-04,2026-06-05,2026-06-05,2026-06-08,622.8827460758752,591.4518261333767,-0.050460411916225634,1,3531,3532,True,0.5173050299953853,2167
META,b_20_80|none|death_cross,2026-06-15,2026-06-16,2026-06-22,2026-06-23,593.6500244140625,562.25,-0.05289315779116588,4,3538,3542,True,0.5328096118299446,2164
META,b_20_80|none|death_cross,2026-06-29,2026-06-30,2026-07-17,2026-07-20,560.9400024414062,646.7000122070312,0.15288624343489077,13,3547,3560,True,0.5749419953596288,2155
META,b_20_80|none|death_cross,2026-08-03,2026-08-04,2026-08-14,2026-08-17,581.5,589.75,0.014187446259673164,9,3571,3580,True,0.5622973598888374,2159
AMD,b_20_80|none|death_cross,2018-01-02,2018-01-03,2018-01-16,2018-01-17,11.609999656677246,11.899999618530273,0.024978464291878,9,9533,9542,True,0.554886521537749,2159
AMD,b_20_80|none|death_cross,2018-01-18,2018-01-19,2018-01-25,2018-01-26,12.5600004196167,12.699999809265137,0.011146447848025653,5,9544,9549,True,0.5552473416551087,2163
AMD,b_20_80|none|death_cross,2018-01-26,2018-01-29,2018-01-30,2018-01-31,13.130000114440918,13.239999771118164,0.008377734632025069,2,9550,9552,True,0.5207756232686981,2166
AMD,b_20_80|none|death_cross,2018-01-31,2018-02-01,2018-02-01,2018-02-02,13.619999885559082,13.050000190734863,-0.041850198209514966,1,9553,9554,True,0.5265343793262575,2167
AMD,b_20_80|none|death_cross,2018-02-14,2018-02-15,2018-02-28,2018-03-01,12.399999618530273,12.260000228881836,-0.011290273706075382,9,9563,9572,True,0.554886521537749,2159
AMD,b_20_80|none|death_cross,2018-04-26,2018-04-27,2018-05-18,2018-05-21,11.199999809265137,13.25,0.18303573443269272,16,9612,9628,True,0.5478624535315985,2152
AMD,b_20_80|none|death_cross,2018-07-05,2018-07-06,2018-07-20,2018-07-23,15.520000457763672,16.469999313354492,0.06121126466304938,11,9660,9671,True,0.5535465924895688,2157
AMD,b_20_80|none|death_cross,2018-07-26,2018-07-27,2018-08-01,2018-08-02,19.06999969482422,18.170000076293945,-0.047194527159564736,4,9675,9679,True,0.5485212569316081,2164
AMD,b_20_80|none|death_cross,2018-08-02,2018-08-03,2018-08-03,2018-08-06,18.940000534057617,18.889999389648438,-0.0026399758711341814,1,9680,9681,True,0.5265343793262575,2167
AMD,b_20_80|none|death_cross,2018-08-06,2018-08-07,2018-08-09,2018-08-10,19.530000686645508,19.09000015258789,-0.022529468437678335,3,9682,9685,True,0.5394919168591225,2165
AMD,b_20_80|none|death_cross,2018-08-13,2018-08-14,2018-08-16,2018-08-17,19.969999313354492,19.1200008392334,-0.04256377082360119,3,9687,9690,True,0.5394919168591225,2165
AMD,b_20_80|none|death_cross,2018-08-20,2018-08-21,2018-08-28,2018-08-29,19.979999542236328,24.360000610351562,0.2192192777009938,6,9692,9698,True,0.5559666975023126,2162
AMD,b_20_80|none|death_cross,2018-11-01,2018-11-02,2018-11-13,2018-11-14,20.59000015258789,20.18000030517578,-0.019912571363462472,8,9744,9752,True,0.55,2160
AMD,b_20_80|none|death_cross,2018-11-15,2018-11-16,2018-11-19,2018-11-20,19.8700008392334,17.399999618530273,-0.12430805819726476,2,9754,9756,True,0.5207756232686981,2166
AMD,b_20_80|none|death_cross,2018-11-26,2018-11-27,2018-12-04,2018-12-06,19.770000457763672,20.219999313354492,0.022761701829607572,6,9760,9766,True,0.5559666975023126,2162
AMD,b_20_80|none|death_cross,2019-01-24,2019-01-25,2019-01-28,2019-01-29,20.989999771118164,20.260000228881836,-0.0347784445067405,2,9799,9801,True,0.5207756232686981,2166
AMD,b_20_80|none|death_cross,2019-01-30,2019-01-31,2019-02-07,2019-02-08,23.020000457763672,22.329999923706055,-0.0299739583117562,6,9803,9809,True,0.5559666975023126,2162
AMD,b_20_80|none|death_cross,2019-02-15,2019-02-19,2019-02-26,2019-02-27,23.6299991607666,24.110000610351562,0.020313223302263816,6,9815,9821,True,0.5559666975023126,2162
AMD,b_20_80|none|death_cross,2019-03-11,2019-03-12,2019-03-25,2019-03-26,23.100000381469727,26.690000534057617,0.15541125945035494,10,9830,9840,True,0.5574606116774792,2158
AMD,b_20_80|none|death_cross,2019-04-03,2019-04-04,2019-04-09,2019-04-10,28.8799991607666,27.459999084472656,-0.04916897913982665,4,9847,9851,True,0.5485212569316081,2164
AMD,b_20_80|none|death_cross,2019-04-22,2019-04-23,2019-04-26,2019-04-29,28.18000030517578,27.899999618530273,-0.009936149170093556,4,9859,9863,True,0.5485212569316081,2164
AMD,b_20_80|none|death_cross,2019-05-03,2019-05-06,2019-05-07,2019-05-08,26.719999313354492,26.40999984741211,-0.011601776718139667,2,9868,9870,True,0.5207756232686981,2166
AMD,b_20_80|none|death_cross,2019-05-10,2019-05-13,2019-05-13,2019-05-14,26.979999542236328,26.530000686645508,-0.016678979363448865,1,9873,9874,True,0.5265343793262575,2167
AMD,b_20_80|none|death_cross,2019-05-14,2019-05-15,2019-05-20,2019-05-21,26.8700008392334,27.18000030517578,0.011537009909197593,4,9875,9879,True,0.5485212569316081,2164
AMD,b_20_80|none|death_cross,2019-05-21,2019-05-22,2019-05-23,2019-05-24,27.1200008392334,26.610000610351562,-0.018805317592174964,2,9880,9882,True,0.5207756232686981,2166
AMD,b_20_80|none|death_cross,2019-05-28,2019-05-29,2019-05-31,2019-06-03,29.0,28.75,-0.008620689655172376,3,9884,9887,True,0.5394919168591225,2165
AMD,b_20_80|none|death_cross,2019-06-04,2019-06-05,2019-06-12,2019-06-13,29.93000030517578,32.38999938964844,0.08219174939491225,6,9889,9895,True,0.5559666975023126,2162
AMD,b_20_80|none|death_cross,2019-06-26,2019-06-27,2019-07-17,2019-07-18,30.40999984741211,33.029998779296875,0.08615583508816527,14,9905,9919,True,0.5450324976787372,2154
AMD,b_20_80|none|death_cross,2019-07-26,2019-07-29,2019-07-29,2019-07-30,34.13999938964844,33.209999084472656,-0.02724078271242636,1,9926,9927,True,0.5265343793262575,2167
AMD,b_20_80|none|death_cross,2019-07-30,2019-07-31,2019-07-31,2019-08-01,32.08000183105469,30.5,-0.04925192459076433,1,9928,9929,True,0.5265343793262575,2167
AMD,b_20_80|none|death_cross,2019-08-08,2019-08-09,2019-08-14,2019-08-15,33.45000076293945,30.6299991607666,-0.08430497871011233,4,9935,9939,True,0.5485212569316081,2164
AMD,b_20_80|none|death_cross,2019-08-22,2019-08-23,2019-08-23,2019-08-26,31.299999237060547,30.34000015258789,-0.030670898015102033,1,9945,9946,True,0.5265343793262575,2167
AMD,b_20_80|none|death_cross,2019-08-28,2019-08-29,2019-09-06,2019-09-09,31.469999313354492,30.93000030517578,-0.01715916809535989,6,9949,9955,True,0.5559666975023126,2162
AMD,b_20_80|none|death_cross,2019-09-16,2019-09-17,2019-09-20,2019-09-23,31.06999969482422,30.1200008392334,-0.03057608190929839,4,9961,9965,True,0.5485212569316081,2164
AMD,b_20_80|none|death_cross,2019-09-23,2019-09-24,2019-09-24,2019-09-25,30.540000915527344,29.479999542236328,-0.03470862283936882,1,9966,9967,True,0.5265343793262575,2167
AMD,b_20_80|none|death_cross,2019-10-04,2019-10-07,2019-10-23,2019-10-24,28.899999618530273,31.579999923706055,0.09273357579760666,13,9975,9988,True,0.5517401392111368,2155
AMD,b_20_80|none|death_cross,2019-12-04,2019-12-05,2019-12-27,2019-12-30,39.95000076293945,46.13999938964844,0.15494364226524082,16,10017,10033,True,0.5478624535315985,2152
AMD,b_20_80|none|death_cross,2020-01-17,2020-01-21,2020-01-24,2020-01-27,50.959999084472656,48.45000076293945,-0.04925428505939655,4,10047,10051,True,0.5485212569316081,2164
AMD,b_20_80|none|death_cross,2020-02-05,2020-02-06,2020-02-21,2020-02-24,48.79999923706055,48.18000030517578,-0.012704896343808003,11,10059,10070,True,0.5535465924895688,2157
AMD,b_20_80|none|death_cross,2020-03-04,2020-03-05,2020-03-12,2020-03-13,48.68000030517578,42.20000076293945,-0.13311420504546212,6,10078,10084,True,0.5559666975023126,2162
AMD,b_20_80|none|death_cross,2020-03-23,2020-03-24,2020-04-01,2020-04-02,44.040000915527344,43.400001525878906,-0.014532229253946038,7,10091,10098,True,0.5594632114761684,2161
AMD,b_20_80|none|death_cross,2020-04-07,2020-04-08,2020-04-21,2020-04-22,48.06999969482422,54.90999984741211,0.14229249419621626,9,10102,10111,True,0.554886521537749,2159
AMD,b_20_80|none|death_cross,2020-05-08,2020-05-11,2020-05-26,2020-05-27,52.900001525878906,53.27000045776367,0.006994308529532978,11,10124,10135,True,0.5535465924895688,2157
AMD,b_20_80|none|death_cross,2020-06-02,2020-06-03,2020-06-03,2020-06-04,53.599998474121094,52.59000015258789,-0.01884325280383814,1,10140,10141,True,0.5265343793262575,2167
AMD,b_20_80|none|death_cross,2020-06-05,2020-06-08,2020-06-11,2020-06-12,53.29999923706055,55.0099983215332,0.032082534877104774,4,10143,10147,True,0.5485212569316081,2164
AMD,b_20_80|none|death_cross,2020-06-30,2020-07-01,2020-07-13,2020-07-14,52.630001068115234,53.29999923706055,0.012730346862014796,8,10160,10168,True,0.55,2160
AMD,b_20_80|none|death_cross,2020-07-20,2020-07-21,2020-08-10,2020-08-11,57.810001373291016,80.70999908447266,0.39612518884598646,15,10173,10188,True,0.5471435206688342,2153
AMD,b_20_80|none|death_cross,2020-08-20,2020-08-21,2020-08-27,2020-08-28,83.29000091552734,84.30000305175781,0.012126331193762496,5,10196,10201,True,0.5552473416551087,2163
AMD,b_20_80|none|death_cross,2020-08-28,2020-08-31,2020-09-03,2020-09-04,85.05000305175781,81.44999694824219,-0.04232811257308022,4,10202,10206,True,0.5485212569316081,2164
AMD,b_20_80|none|death_cross,2020-09-21,2020-09-22,2020-10-09,2020-10-12,78.36000061035156,83.6500015258789,0.06750894428692122,14,10217,10231,True,0.5450324976787372,2154
AMD,b_20_80|none|death_cross,2020-10-23,2020-10-26,2020-10-28,2020-10-29,82.55000305175781,76.75,-0.07026048258437112,3,10241,10244,True,0.5394919168591225,2165
AMD,b_20_80|none|death_cross,2020-11-04,2020-11-05,2020-11-18,2020-11-19,83.2699966430664,82.38999938964844,-0.010567999146079532,10,10249,10259,True,0.5574606116774792,2158
AMD,b_20_80|none|death_cross,2020-11-19,2020-11-20,2020-12-03,2020-12-04,85.27999877929688,92.58000183105469,0.08560041224496362,9,10260,10269,True,0.554886521537749,2159
AMD,b_20_80|none|death_cross,2020-12-15,2020-12-16,2020-12-21,2020-12-22,97.04000091552734,93.36000061035156,-0.037922508970081314,4,10277,10281,True,0.5485212569316081,2164
AMD,b_20_80|none|death_cross,2021-01-04,2021-01-05,2021-01-06,2021-01-07,92.0999984741211,91.33000183105469,-0.008360441431307541,2,10289,10291,True,0.5207756232686981,2166
AMD,b_20_80|none|death_cross,2021-01-07,2021-01-08,2021-01-13,2021-01-14,95.9800033569336,91.7699966430664,-0.043863373271731176,4,10292,10296,True,0.5485212569316081,2164
AMD,b_20_80|none|death_cross,2021-01-22,2021-01-25,2021-01-28,2021-01-29,94.13999938964844,87.55999755859375,-0.06989591962731856,4,10302,10306,True,0.5485212569316081,2164
AMD,b_20_80|none|death_cross,2021-02-08,2021-02-09,2021-02-17,2021-02-18,91.38999938964844,89.08999633789062,-0.025166900832897188,6,10313,10319,True,0.5559666975023126,2162
AMD,b_20_80|none|death_cross,2021-03-01,2021-03-02,2021-03-03,2021-03-04,86.91999816894531,80.2300033569336,-0.07696726821149324,2,10327,10329,True,0.5207756232686981,2166
AMD,b_20_80|none|death_cross,2021-03-11,2021-03-12,2021-03-19,2021-03-22,79.7300033569336,79.98999786376953,0.0032609368605192035,6,10335,10341,True,0.5559666975023126,2162
AMD,b_20_80|none|death_cross,2021-03-31,2021-04-01,2021-04-12,2021-04-13,80.16000366210938,79.66999816894531,-0.006112842699328436,7,10349,10356,True,0.5594632114761684,2161
AMD,b_20_80|none|death_cross,2021-04-16,2021-04-19,2021-04-19,2021-04-20,82.12999725341797,80.81999969482422,-0.015950293466486576,1,10360,10361,True,0.5265343793262575,2167
AMD,b_20_80|none|death_cross,2021-04-23,2021-04-26,2021-04-29,2021-04-30,83.3499984741211,82.97000122070312,-0.0045590553134317036,4,10365,10369,True,0.5485212569316081,2164
AMD,b_20_80|none|death_cross,2021-06-17,2021-06-18,2021-07-07,2021-07-08,84.27999877929688,87.86000061035156,0.04247747843980876,13,10403,10416,True,0.5517401392111368,2155
AMD,b_20_80|none|death_cross,2021-07-21,2021-07-22,2021-08-05,2021-08-06,89.4000015258789,110.55000305175781,0.2365771942381516,11,10426,10437,True,0.5535465924895688,2157
AMD,b_20_80|none|death_cross,2021-08-23,2021-08-24,2021-09-02,2021-09-03,109.44999694824219,108.8499984741211,-0.005481941442217031,8,10449,10457,True,0.55,2160
AMD,b_20_80|none|death_cross,2021-09-15,2021-09-16,2021-09-17,2021-09-20,104.91999816894531,101.58000183105469,-0.03183374376839454,2,10465,10467,True,0.5207756232686981,2166
AMD,b_20_80|none|death_cross,2021-09-21,2021-09-22,2021-09-28,2021-09-29,102.81999969482422,102.30000305175781,-0.005057349198694716,5,10469,10474,True,0.5552473416551087,2163
AMD,b_20_80|none|death_cross,2021-10-07,2021-10-08,2021-10-26,2021-10-27,106.55000305175781,121.62999725341797,0.1415297397442108,13,10481,10494,True,0.5517401392111368,2155
AMD,b_20_80|none|death_cross,2021-11-02,2021-11-03,2021-11-10,2021-11-11,127.75,142.9600067138672,0.11906071791676864,6,10499,10505,True,0.5559666975023126,2162
AMD,b_20_80|none|death_cross,2021-11-16,2021-11-17,2021-11-22,2021-11-23,151.97999572753906,150.41000366210938,-0.01033025470170612,4,10509,10513,True,0.5485212569316081,2164
AMD,b_20_80|none|death_cross,2021-11-29,2021-11-30,2021-12-01,2021-12-02,163.27999877929688,147.67999267578125,-0.09554143936883486,2,10517,10519,True,0.5207756232686981,2166
AMD,b_20_80|none|death_cross,2021-12-15,2021-12-16,2021-12-30,2021-12-31,147.0,146.16000366210938,-0.005714260801977011,10,10529,10539,True,0.5574606116774792,2158
AMD,b_20_80|none|death_cross,2022-01-12,2022-01-13,2022-01-19,2022-01-20,139.44000244140625,126.04000091552734,-0.09609868969637814,4,10548,10552,True,0.5485212569316081,2164
AMD,b_20_80|none|death_cross,2022-01-31,2022-02-01,2022-02-11,2022-02-14,116.75,115.51000213623047,-0.01062096671322943,9,10560,10569,True,0.554886521537749,2159
AMD,b_20_80|none|death_cross,2022-02-24,2022-02-25,2022-03-04,2022-03-07,117.16000366210938,108.52999877929688,-0.07365999157614844,6,10577,10583,True,0.5559666975023126,2162
AMD,b_20_80|none|death_cross,2022-03-15,2022-03-16,2022-03-30,2022-03-31,111.5999984741211,116.30999755859375,0.042204293448667496,11,10590,10601,True,0.5535465924895688,2157
AMD,b_20_80|none|death_cross,2022-05-13,2022-05-16,2022-05-23,2022-05-24,93.86000061035156,92.54000091552734,-0.014063495485196476,6,10632,10638,True,0.5559666975023126,2162
AMD,b_20_80|none|death_cross,2022-05-27,2022-05-31,2022-06-08,2022-06-09,102.43000030517578,101.56999969482422,-0.008395983674600371,7,10642,10649,True,0.5594632114761684,2161
AMD,b_20_80|none|death_cross,2022-06-24,2022-06-27,2022-06-29,2022-06-30,87.36000061035156,77.7300033569336,-0.11023348427354385,3,10660,10663,True,0.5394919168591225,2165
AMD,b_20_80|none|death_cross,2022-07-07,2022-07-08,2022-07-26,2022-07-27,78.30999755859375,86.94000244140625,0.11020310499122776,13,10668,10681,True,0.5517401392111368,2155
AMD,b_20_80|none|death_cross,2022-08-18,2022-08-19,2022-08-19,2022-08-22,98.66999816894531,94.4000015258789,-0.043275531795948785,1,10698,10699,True,0.5265343793262575,2167
AMD,b_20_80|none|death_cross,2022-10-19,2022-10-20,2022-11-02,2022-11-03,57.470001220703125,58.11000061035156,0.011136234140497692,10,10741,10751,True,0.5574606116774792,2158
AMD,b_20_80|none|death_cross,2022-11-04,2022-11-07,2022-11-09,2022-11-10,62.93000030517578,64.30000305175781,0.02177026441980412,3,10753,10756,True,0.5394919168591225,2165
AMD,b_20_80|none|death_cross,2022-11-10,2022-11-11,2022-11-17,2022-11-18,69.58000183105469,75.06999969482422,0.07890195055038429,5,10757,10762,True,0.5552473416551087,2163
AMD,b_20_80|none|death_cross,2022-11-30,2022-12-01,2022-12-02,2022-12-05,78.30999755859375,74.54000091552734,-0.04814195837824653,2,10770,10772,True,0.5207756232686981,2166
AMD,b_20_80|none|death_cross,2022-12-29,2022-12-30,2023-01-05,2023-01-06,63.77000045776367,63.150001525878906,-0.009722423199532648,4,10790,10794,True,0.5485212569316081,2164
AMD,b_20_80|none|death_cross,2023-01-06,2023-01-09,2023-01-19,2023-01-20,66.22000122070312,68.01000213623047,0.027031121753705367,8,10795,10803,True,0.55,2160
AMD,b_20_80|none|death_cross,2023-03-01,2023-03-02,2023-03-13,2023-03-14,77.56999969482422,83.66999816894531,0.07863862960061496,8,10831,10839,True,0.55,2160
AMD,b_20_80|none|death_cross,2023-03-14,2023-03-15,2023-03-24,2023-03-27,86.7699966430664,98.0199966430664,0.12965311092816512,8,10840,10848,True,0.55,2160
AMD,b_20_80|none|death_cross,2023-04-27,2023-04-28,2023-05-03,2023-05-04,87.0199966430664,81.56999969482422,-0.06262924797155156,4,10871,10875,True,0.5485212569316081,2164
AMD,b_20_80|none|death_cross,2023-05-04,2023-05-05,2023-05-24,2023-05-25,84.98999786376953,117.30999755859375,0.3802800389126959,14,10876,10890,True,0.5450324976787372,2154
AMD,b_20_80|none|death_cross,2023-06-12,2023-06-13,2023-06-15,2023-06-16,132.32000732421875,125.81999969482422,-0.04912339230353735,3,10902,10905,True,0.5394919168591225,2165
AMD,b_20_80|none|death_cross,2023-07-31,2023-08-01,2023-08-09,2023-08-10,114.26000213623047,111.30000305175781,-0.025905820314474526,7,10935,10942,True,0.5594632114761684,2161
AMD,b_20_80|none|death_cross,2023-08-21,2023-08-22,2023-08-24,2023-08-25,109.4000015258789,101.16999816894531,-0.07522854883129737,3,10950,10953,True,0.5394919168591225,2165
AMD,b_20_80|none|death_cross,2023-08-29,2023-08-30,2023-09-08,2023-09-11,105.4000015258789,107.31999969482422,0.018216301149425407,7,10956,10963,True,0.5594632114761684,2161
AMD,b_20_80|none|death_cross,2023-12-07,2023-12-08,2023-12-20,2023-12-21,129.5399932861328,138.13999938964844,0.06638881078617631,9,11026,11035,True,0.554886521537749,2159
AMD,b_20_80|none|death_cross,2023-12-26,2023-12-27,2024-01-02,2024-01-03,144.72000122070312,135.7100067138672,-0.06225811519373459,4,11038,11042,True,0.5485212569316081,2164
AMD,b_20_80|none|death_cross,2024-01-09,2024-01-10,2024-01-26,2024-01-29,150.07000732421875,178.77000427246094,0.19124405642386133,12,11047,11059,True,0.5533395176252319,2156
AMD,b_20_80|none|death_cross,2024-02-12,2024-02-13,2024-02-13,2024-02-14,167.94000244140625,173.47000122070312,0.03292841907172339,1,11070,11071,True,0.5265343793262575,2167
AMD,b_20_80|none|death_cross,2024-02-14,2024-02-15,2024-02-20,2024-02-21,179.13999938964844,162.74000549316406,-0.09154847578631864,3,11072,11075,True,0.5394919168591225,2165
AMD,b_20_80|none|death_cross,2024-02-22,2024-02-23,2024-03-08,2024-03-11,181.86000061035156,203.00999450683594,0.11629821745024516,11,11077,11088,True,0.5535465924895688,2157
AMD,b_20_80|none|death_cross,2024-03-26,2024-03-27,2024-04-04,2024-04-05,179.9600067138672,168.10000610351562,-0.06590353505158919,6,11100,11106,True,0.5559666975023126,2162
AMD,b_20_80|none|death_cross,2024-05-06,2024-05-07,2024-05-23,2024-05-24,156.32000732421875,161.41000366210938,0.032561387534569386,13,11128,11141,True,0.5517401392111368,2155
AMD,b_20_80|none|death_cross,2024-05-28,2024-05-29,2024-05-29,2024-05-30,167.4600067138672,167.89999389648438,0.0026274164873825168,1,11143,11144,True,0.5265343793262575,2167
AMD,b_20_80|none|death_cross,2024-06-07,2024-06-10,2024-06-10,2024-06-11,162.47999572753906,160.5,-0.012186089239313525,1,11151,11152,True,0.5265343793262575,2167
AMD,b_20_80|none|death_cross,2024-06-20,2024-06-21,2024-07-16,2024-07-17,161.75,169.8000030517578,0.04976817960901281,17,11159,11176,True,0.5564853556485355,2151
AMD,b_20_80|none|death_cross,2024-07-31,2024-08-01,2024-08-02,2024-08-05,145.0,122.16000366210938,-0.15751721612338365,2,11187,11189,True,0.5207756232686981,2166
AMD,b_20_80|none|death_cross,2024-08-05,2024-08-06,2024-08-22,2024-08-23,135.14999389648438,153.60000610351562,0.13651507983909128,13,11190,11203,True,0.5517401392111368,2155
AMD,b_20_80|none|death_cross,2024-09-10,2024-09-11,2024-09-30,2024-10-01,145.32000732421875,164.47999572753906,0.13184687199040046,14,11215,11229,True,0.5450324976787372,2154
AMD,b_20_80|none|death_cross,2024-10-04,2024-10-07,2024-10-10,2024-10-11,171.0800018310547,164.19000244140625,-0.04027355223232032,4,11233,11237,True,0.5485212569316081,2164
AMD,b_20_80|none|death_cross,2024-10-25,2024-10-28,2024-10-31,2024-11-01,158.5,144.44000244140625,-0.08870660920248419,4,11248,11252,True,0.5485212569316081,2164
AMD,b_20_80|none|death_cross,2024-11-07,2024-11-08,2024-11-13,2024-11-14,149.38999938964844,140.33999633789062,-0.06057971141798468,4,11257,11261,True,0.5485212569316081,2164
AMD,b_20_80|none|death_cross,2024-11-19,2024-11-20,2024-12-09,2024-12-10,138.9600067138672,131.55999755859375,-0.053252797911206295,13,11265,11278,True,0.5517401392111368,2155
AMD,b_20_80|none|death_cross,2024-12-23,2024-12-24,2025-01-02,2025-01-03,127.51000213623047,121.6500015258789,-0.04595718384578795,6,11288,11294,True,0.5559666975023126,2162
AMD,b_20_80|none|death_cross,2025-01-03,2025-01-06,2025-01-08,2025-01-10,129.07000732421875,118.18000030517578,-0.08437287054371745,3,11295,11298,True,0.5394919168591225,2165
AMD,b_20_80|none|death_cross,2025-01-17,2025-01-21,2025-01-27,2025-01-28,122.38999938964844,115.18000030517578,-0.05891003448344223,5,11304,11309,True,0.5552473416551087,2163
AMD,b_20_80|none|death_cross,2025-02-04,2025-02-05,2025-02-05,2025-02-06,107.61000061035156,110.93000030517578,0.030852148276122593,1,11315,11316,True,0.5265343793262575,2167
AMD,b_20_80|none|death_cross,2025-02-12,2025-02-13,2025-02-24,2025-02-25,112.0,107.88999938964844,-0.036696434020996094,7,11321,11328,True,0.5594632114761684,2161
AMD,b_20_80|none|death_cross,2025-03-12,2025-03-13,2025-03-27,2025-03-28,99.72000122070312,105.52999877929688,0.05826311158716191,11,11340,11351,True,0.5535465924895688,2157
AMD,b_20_80|none|death_cross,2025-04-09,2025-04-10,2025-04-21,2025-04-22,91.0,86.12000274658203,-0.05362634344415351,7,11360,11367,True,0.5594632114761684,2161
AMD,b_20_80|none|death_cross,2025-04-24,2025-04-25,2025-05-06,2025-05-07,93.27999877929688,100.75,0.08008148926306657,8,11370,11378,True,0.55,2160
AMD,b_20_80|none|death_cross,2025-06-02,2025-06-03,2025-06-12,2025-06-13,114.5,116.05000305175781,0.013537144556836855,8,11396,11404,True,0.55,2160
AMD,b_20_80|none|death_cross,2025-06-17,2025-06-18,2025-06-30,2025-07-01,128.00999450683594,138.77000427246094,0.08405601302522037,8,11407,11415,True,0.55,2160
AMD,b_20_80|none|death_cross,2025-07-10,2025-07-11,2025-07-22,2025-07-23,142.60000610351562,156.32000732421875,0.09621318817296243,8,11422,11430,True,0.55,2160
AMD,b_20_80|none|death_cross,2025-08-13,2025-08-14,2025-08-18,2025-08-19,179.8300018310547,173.10000610351562,-0.03742420985938544,3,11446,11449,True,0.5394919168591225,2165
AMD,b_20_80|none|death_cross,2025-08-28,2025-08-29,2025-08-29,2025-09-02,166.80999755859375,158.4199981689453,-0.050296741876645346,1,11457,11458,True,0.5265343793262575,2167
AMD,b_20_80|none|death_cross,2025-09-02,2025-09-03,2025-09-05,2025-09-08,161.80999755859375,151.8000030517578,-0.061862645435188046,3,11459,11462,True,0.5394919168591225,2165
AMD,b_20_80|none|death_cross,2025-09-10,2025-09-11,2025-10-03,2025-10-06,158.6199951171875,226.4499969482422,0.4276257969932624,17,11465,11482,True,0.5564853556485355,2151
AMD,b_20_80|none|death_cross,2025-11-12,2025-11-13,2025-11-17,2025-11-18,251.89999389648438,236.77999877929688,-0.06002380104622351,3,11510,11513,True,0.5394919168591225,2165
AMD,b_20_80|none|death_cross,2025-11-26,2025-11-28,2025-12-12,2025-12-15,216.13999938964844,212.27999877929688,-0.01785879809961921,11,11520,11531,True,0.5535465924895688,2157
AMD,b_20_80|none|death_cross,2025-12-19,2025-12-22,2026-01-05,2026-01-06,220.0,222.7100067138672,0.012318212335759915,9,11536,11545,True,0.554886521537749,2159
AMD,b_20_80|none|death_cross,2026-01-13,2026-01-14,2026-01-28,2026-01-29,217.5399932861328,254.66000366210938,0.17063533842787337,10,11551,11561,True,0.5574606116774792,2158
AMD,b_20_80|none|death_cross,2026-02-11,2026-02-12,2026-02-12,2026-02-13,215.8300018310547,204.02000427246094,-0.054718980023167774,1,11571,11572,True,0.5265343793262575,2167
AMD,b_20_80|none|death_cross,2026-02-17,2026-02-18,2026-02-20,2026-02-23,198.41000366210938,198.08999633789062,-0.0016128588191738347,3,11574,11577,True,0.5394919168591225,2165
AMD,b_20_80|none|death_cross,2026-02-24,2026-02-25,2026-02-27,2026-03-02,214.82000732421875,193.85000610351562,-0.09761661160849877,3,11579,11582,True,0.5394919168591225,2165
AMD,b_20_80|none|death_cross,2026-03-05,2026-03-06,2026-03-06,2026-03-09,195.27000427246094,189.36000061035156,-0.03026580392687006,1,11586,11587,True,0.5265343793262575,2167
AMD,b_20_80|none|death_cross,2026-03-09,2026-03-10,2026-03-13,2026-03-16,202.50999450683594,194.97999572753906,-0.03718334395116829,4,11588,11592,True,0.5485212569316081,2164
AMD,b_20_80|none|death_cross,2026-03-18,2026-03-19,2026-03-27,2026-03-30,195.02999877929688,204.9499969482422,0.05086396057547615,7,11595,11602,True,0.5594632114761684,2161
AMD,b_20_80|none|death_cross,2026-04-02,2026-04-06,2026-04-20,2026-04-21,219.27999877929688,277.3299865722656,0.2647299713431479,11,11606,11617,True,0.5535465924895688,2157
AMD,b_20_80|none|death_cross,2026-05-22,2026-05-26,2026-06-04,2026-06-05,484.739990234375,499.5299987792969,0.030511220123949023,8,11641,11649,True,0.55,2160
AMD,b_20_80|none|death_cross,2026-06-12,2026-06-15,2026-06-24,2026-06-25,535.75,543.9299926757812,0.01526830177467331,7,11655,11662,True,0.5594632114761684,2161
AMD,b_20_80|none|death_cross,2026-06-30,2026-07-01,2026-07-02,2026-07-06,557.530029296875,535.3499755859375,-0.03978270684165608,2,11666,11668,True,0.5207756232686981,2166
AMD,b_20_80|none|death_cross,2026-07-10,2026-07-13,2026-07-15,2026-07-16,537.5,509.3299865722656,-0.05240932730741277,3,11673,11676,True,0.5394919168591225,2165
AMD,b_20_80|none|death_cross,2026-07-21,2026-07-22,2026-07-27,2026-07-28,526.8800048828125,467.0,-0.11365017523512,4,11680,11684,True,0.5485212569316081,2164
AMD,b_20_80|none|death_cross,2026-08-03,2026-08-04,2026-08-11,2026-08-12,504.0,488.32000732421875,-0.031111096578931074,6,11689,11695,True,0.5559666975023126,2162
AMD,b_20_80|none|death_cross,2026-08-14,2026-08-17,,,514.1599731445312,,,2,11698,-1,False,,0
AMAT,b_20_80|none|death_cross,2018-01-02,2018-01-03,2018-01-10,2018-01-11,48.76964922670451,48.70588942549317,-0.0013073664096896476,6,9533,9539,True,0.5587419056429233,2162
AMAT,b_20_80|none|death_cross,2018-01-17,2018-01-18,2018-01-25,2018-01-26,51.69364507672127,51.3930424652399,-0.005815078643326976,6,9543,9549,True,0.5587419056429233,2162
AMAT,b_20_80|none|death_cross,2018-04-04,2018-04-05,2018-04-06,2018-04-09,50.98468467989807,48.347396477335906,-0.05172706704219321,2,9596,9598,True,0.5429362880886427,2166
AMAT,b_20_80|none|death_cross,2018-04-10,2018-04-11,2018-04-19,2018-04-20,49.72535753180961,46.613537527943095,-0.0625801433780715,7,9600,9607,True,0.5668671911152244,2161
AMAT,b_20_80|none|death_cross,2018-05-01,2018-05-02,2018-05-15,2018-05-16,46.23025554437423,49.734484580933675,0.07579947364115047,10,9615,9625,True,0.5732159406858202,2158
AMAT,b_20_80|none|death_cross,2018-05-29,2018-05-30,2018-06-07,2018-06-08,47.990874396399754,46.18594341341954,-0.03760987907975322,7,9634,9641,True,0.5668671911152244,2161
AMAT,b_20_80|none|death_cross,2018-06-21,2018-06-22,2018-06-22,2018-06-25,45.26057726460234,43.06166759196148,-0.04858333246139557,1,9651,9652,True,0.5366866635902169,2167
AMAT,b_20_80|none|death_cross,2018-07-06,2018-07-09,2018-07-20,2018-07-23,42.38368695459345,42.42033240958822,0.0008646122512661059,10,9661,9671,True,0.5732159406858202,2158
AMAT,b_20_80|none|death_cross,2018-07-27,2018-07-30,2018-08-10,2018-08-13,44.23442293276117,44.0328618147063,-0.0045566575687276956,10,9676,9686,True,0.5732159406858202,2158
AMAT,b_20_80|none|death_cross,2018-08-29,2018-08-30,2018-09-06,2018-09-07,39.485710711769386,36.816495728017536,-0.06759951728452096,5,9699,9704,True,0.559408229311142,2163
AMAT,b_20_80|none|death_cross,2018-10-02,2018-10-03,2018-10-04,2018-10-05,36.034154345577726,34.81000246335876,-0.03397198864385731,2,9722,9724,True,0.5429362880886427,2166
AMAT,b_20_80|none|death_cross,2018-10-30,2018-10-31,2018-11-12,2018-11-13,30.281578917448364,30.32759189700057,0.0015195039755899753,9,9742,9751,True,0.5752663270032422,2159
AMAT,b_20_80|none|death_cross,2018-11-15,2018-11-16,2018-12-04,2018-12-06,29.591259406411563,32.053094332157514,0.08319466542247067,12,9754,9766,True,0.5769944341372912,2156
AMAT,b_20_80|none|death_cross,2019-01-18,2019-01-22,2019-01-22,2019-01-23,32.69175935083472,32.12714901682771,-0.017270723424452128,1,9796,9797,True,0.5366866635902169,2167
AMAT,b_20_80|none|death_cross,2019-01-24,2019-01-25,2019-02-05,2019-02-06,35.66290433114518,36.36634300056458,0.0197246601927783,8,9799,9807,True,0.5638888888888889,2160
AMAT,b_20_80|none|death_cross,2019-02-12,2019-02-13,2019-02-15,2019-02-19,37.91208364707256,36.0979232807096,-0.0478517715684309,3,9812,9815,True,0.5482678983833719,2165
AMAT,b_20_80|none|death_cross,2019-03-04,2019-03-05,2019-03-06,2019-03-07,36.45001441779124,35.305725243349706,-0.03139338057114749,2,9825,9827,True,0.5429362880886427,2166
AMAT,b_20_80|none|death_cross,2019-03-11,2019-03-12,2019-03-22,2019-03-25,36.00346994593539,36.92449585430589,0.025581587267937023,9,9830,9839,True,0.5752663270032422,2159
AMAT,b_20_80|none|death_cross,2019-04-01,2019-04-02,2019-04-11,2019-04-12,38.14321279393014,40.00386190388259,0.04878060796830774,8,9845,9853,True,0.5638888888888889,2160
AMAT,b_20_80|none|death_cross,2019-04-12,2019-04-15,2019-04-15,2019-04-16,39.77128357286465,40.096884672467,0.008186839104798338,1,9854,9855,True,0.5366866635902169,2167
AMAT,b_20_80|none|death_cross,2019-04-16,2019-04-17,2019-04-22,2019-04-23,41.25979558187482,40.74811559748918,-0.012401418309750833,3,9856,9859,True,0.5482678983833719,2165
AMAT,b_20_80|none|death_cross,2019-05-15,2019-05-16,2019-05-23,2019-05-24,38.42231223842556,37.65568892585476,-0.019952555374949887,6,9876,9882,True,0.5587419056429233,2162
AMAT,b_20_80|none|death_cross,2019-06-04,2019-06-05,2019-06-13,2019-06-14,38.15128395802014,38.30089545806685,0.003921532502322522,7,9889,9896,True,0.5668671911152244,2161
AMAT,b_20_80|none|death_cross,2019-06-20,2019-06-21,2019-06-25,2019-06-26,40.11494848723812,40.208456565498125,0.002331003323854608,3,9901,9904,True,0.5482678983833719,2165
AMAT,b_20_80|none|death_cross,2019-06-26,2019-06-27,2019-07-02,2019-07-03,41.04067845394226,41.62978629260647,0.014354242202046619,4,9905,9909,True,0.5494454713493531,2164
AMAT,b_20_80|none|death_cross,2019-07-12,2019-07-15,2019-07-26,2019-07-29,43.808515874168386,47.184150049633686,0.07705429202763159,10,9916,9926,True,0.5732159406858202,2158
AMAT,b_20_80|none|death_cross,2019-08-09,2019-08-12,2019-08-12,2019-08-13,43.93007460966189,43.41577859272257,-0.01170715100097297,1,9936,9937,True,0.5366866635902169,2167
AMAT,b_20_80|none|death_cross,2019-08-13,2019-08-14,2019-08-23,2019-08-26,43.90202170674019,43.20786060137895,-0.015811597698123125,8,9938,9946,True,0.5638888888888889,2160
AMAT,b_20_80|none|death_cross,2019-08-29,2019-08-30,2019-09-16,2019-09-17,44.66377853060673,47.48168441543108,0.06309152466563783,11,9950,9961,True,0.5767269355586463,2157
AMAT,b_20_80|none|death_cross,2019-09-26,2019-09-27,2019-09-27,2019-09-30,48.017078610213495,46.73025810133884,-0.026799225319820708,1,9969,9970,True,0.5366866635902169,2167
AMAT,b_20_80|none|death_cross,2019-10-04,2019-10-07,2019-10-08,2019-10-09,47.73530974918721,47.07779487604927,-0.013774182603877194,2,9975,9977,True,0.5429362880886427,2166
AMAT,b_20_80|none|death_cross,2019-10-09,2019-10-10,2019-10-18,2019-10-21,47.5943985309111,49.02212653358712,0.029997815851139586,7,9978,9985,True,0.5668671911152244,2161
AMAT,b_20_80|none|death_cross,2019-10-21,2019-10-22,2019-10-22,2019-10-23,49.454212395267476,48.17678093604794,-0.025830589495785428,1,9986,9987,True,0.5366866635902169,2167
AMAT,b_20_80|none|death_cross,2019-10-24,2019-10-25,2019-10-31,2019-11-01,51.56765977742452,51.59583359510895,0.0005463466406276929,5,9989,9994,True,0.559408229311142,2163
AMAT,b_20_80|none|death_cross,2019-11-04,2019-11-05,2019-11-05,2019-11-06,52.685419256556386,52.22516479856356,-0.008735898176145729,1,9996,9997,True,0.5366866635902169,2167
AMAT,b_20_80|none|death_cross,2019-11-11,2019-11-12,2019-11-19,2019-11-20,53.54018846579389,56.58124590622652,0.0567995281222351,6,10001,10007,True,0.5587419056429233,2162
AMAT,b_20_80|none|death_cross,2019-12-06,2019-12-09,2019-12-26,2019-12-27,53.838427111477166,58.05162676895008,0.0782563660106399,13,10019,10032,True,0.5791183294663573,2155
AMAT,b_20_80|none|death_cross,2020-01-08,2020-01-09,2020-01-24,2020-01-27,58.62658363684868,56.505850727018704,-0.03617357141201427,11,10040,10051,True,0.5767269355586463,2157
AMAT,b_20_80|none|death_cross,2020-02-04,2020-02-05,2020-02-18,2020-02-19,60.30431418970188,62.877065148302925,0.04266280104782938,9,10058,10067,True,0.5752663270032422,2159
AMAT,b_20_80|none|death_cross,2020-03-03,2020-03-04,2020-03-09,2020-03-10,56.20169157238532,51.436266291001246,-0.08479149200067082,4,10077,10081,True,0.5494454713493531,2164
AMAT,b_20_80|none|death_cross,2020-03-24,2020-03-25,2020-04-02,2020-04-03,42.482195459652885,41.0922836183851,-0.03271751438994808,7,10092,10099,True,0.5668671911152244,2161
AMAT,b_20_80|none|death_cross,2020-04-07,2020-04-08,2020-04-20,2020-04-21,45.98062197830555,47.18143369458012,0.026115604022084238,8,10102,10110,True,0.5638888888888889,2160
AMAT,b_20_80|none|death_cross,2020-04-29,2020-04-30,2020-04-30,2020-05-01,50.53802890682692,45.46059337791674,-0.10046762089338834,1,10117,10118,True,0.5366866635902169,2167
AMAT,b_20_80|none|death_cross,2020-05-07,2020-05-08,2020-05-21,2020-05-22,49.55468147313124,52.229642143364096,0.05397997910012253,10,10123,10133,True,0.5732159406858202,2158
AMAT,b_20_80|none|death_cross,2020-06-03,2020-06-04,2020-06-11,2020-06-12,54.261108054544685,54.593357356588136,0.006123157339681828,6,10141,10147,True,0.5587419056429233,2162
AMAT,b_20_80|none|death_cross,2020-06-17,2020-06-18,2020-06-25,2020-06-26,56.5488881632609,56.54888258491809,-9.86463746244226e-08,6,10151,10157,True,0.5587419056429233,2162
AMAT,b_20_80|none|death_cross,2020-07-02,2020-07-06,2020-07-13,2020-07-14,59.225869551498555,57.71650264158011,-0.025484926120097118,6,10162,10168,True,0.5587419056429233,2162
AMAT,b_20_80|none|death_cross,2020-07-20,2020-07-21,2020-07-24,2020-07-27,60.868135906354446,58.50440870150796,-0.03883357309451818,4,10173,10177,True,0.5494454713493531,2164
AMAT,b_20_80|none|death_cross,2020-07-30,2020-07-31,2020-08-06,2020-08-07,61.504148213419214,60.45993670107424,-0.01697790381100084,5,10181,10186,True,0.559408229311142,2163
AMAT,b_20_80|none|death_cross,2020-08-10,2020-08-11,2020-08-11,2020-08-12,62.007268961059516,61.69400809602891,-0.005052002293913893,1,10188,10189,True,0.5366866635902169,2167
AMAT,b_20_80|none|death_cross,2020-08-12,2020-08-13,2020-08-13,2020-08-14,62.99452891409176,63.97228940437694,0.015521355697708072,1,10190,10191,True,0.5366866635902169,2167
AMAT,b_20_80|none|death_cross,2020-09-02,2020-09-03,2020-09-08,2020-09-09,61.13705722751158,53.91757342286226,-0.11808687123724637,3,10205,10208,True,0.5482678983833719,2165
AMAT,b_20_80|none|death_cross,2020-10-05,2020-10-06,2020-10-06,2020-10-07,57.460642797511355,58.57499007161358,0.019393226734847557,1,10227,10228,True,0.5366866635902169,2167
AMAT,b_20_80|none|death_cross,2020-10-07,2020-10-08,2020-10-15,2020-10-16,58.765480214001755,60.727506490943064,0.033387394603027865,6,10229,10235,True,0.5587419056429233,2162
AMAT,b_20_80|none|death_cross,2020-10-29,2020-10-30,2020-11-12,2020-11-13,55.94625942309766,68.83275094718185,0.23033696366774348,10,10245,10255,True,0.5732159406858202,2158
AMAT,b_20_80|none|death_cross,2020-11-13,2020-11-16,2020-12-09,2020-12-10,69.49947528657354,83.10803635928659,0.1958081124583979,17,10256,10273,True,0.5853091585309158,2151
AMAT,b_20_80|none|death_cross,2020-12-30,2020-12-31,2021-01-21,2021-01-22,83.09847399888142,103.21635201574573,0.24209684063675008,14,10287,10301,True,0.5742804085422469,2154
AMAT,b_20_80|none|death_cross,2021-02-04,2021-02-05,2021-02-05,2021-02-08,100.16904618903943,97.29372202019557,-0.028704717457502138,1,10311,10312,True,0.5366866635902169,2167
AMAT,b_20_80|none|death_cross,2021-02-08,2021-02-09,2021-02-18,2021-02-19,101.45866584562259,116.16974159811954,0.14499575398400188,7,10313,10320,True,0.5668671911152244,2161
AMAT,b_20_80|none|death_cross,2021-02-24,2021-02-25,2021-02-25,2021-02-26,115.96910414919947,111.52825206639034,-0.03829340681200555,1,10324,10325,True,0.5366866635902169,2167
AMAT,b_20_80|none|death_cross,2021-03-01,2021-03-02,2021-03-02,2021-03-03,116.61033258841155,113.20315122818388,-0.029218520216846233,1,10327,10328,True,0.5366866635902169,2167
AMAT,b_20_80|none|death_cross,2021-03-11,2021-03-12,2021-03-19,2021-03-22,109.6332722207714,112.55234398539807,0.026625783446000417,6,10335,10341,True,0.5587419056429233,2162
AMAT,b_20_80|none|death_cross,2021-03-22,2021-03-23,2021-03-23,2021-03-24,114.75361445864957,117.38558831171846,0.022935868865527675,1,10342,10343,True,0.5366866635902169,2167
AMAT,b_20_80|none|death_cross,2021-03-26,2021-03-29,2021-04-07,2021-04-08,121.58715462409884,134.57467158124302,0.10681652183815493,7,10346,10353,True,0.5668671911152244,2161
AMAT,b_20_80|none|death_cross,2021-04-21,2021-04-22,2021-04-30,2021-05-03,128.98535687749168,128.48769205284168,-0.003858304823877612,7,10363,10370,True,0.5668671911152244,2161
AMAT,b_20_80|none|death_cross,2021-05-07,2021-05-10,2021-05-10,2021-05-11,126.25768798199215,114.84932702628501,-0.09035775276777036,1,10375,10376,True,0.5366866635902169,2167
AMAT,b_20_80|none|death_cross,2021-05-14,2021-05-17,2021-06-03,2021-06-04,116.76348623754652,132.04879739113662,0.13090831428665362,13,10380,10393,True,0.5791183294663573,2155
AMAT,b_20_80|none|death_cross,2021-06-14,2021-06-15,2021-06-17,2021-06-18,133.3910579990058,129.6711171130412,-0.027887483177413075,3,10400,10403,True,0.5482678983833719,2165
AMAT,b_20_80|none|death_cross,2021-06-23,2021-06-24,2021-07-02,2021-07-06,131.34892446281083,133.53487871716396,0.01664234605112469,7,10407,10414,True,0.5668671911152244,2161
AMAT,b_20_80|none|death_cross,2021-07-13,2021-07-14,2021-07-15,2021-07-16,132.4898788496799,128.47265417234695,-0.030320992910642053,2,10420,10422,True,0.5429362880886427,2166
AMAT,b_20_80|none|death_cross,2021-07-20,2021-07-21,2021-08-09,2021-08-10,127.34132418288863,137.01512198495138,0.07596746668166543,14,10425,10439,True,0.5742804085422469,2154
AMAT,b_20_80|none|death_cross,2021-08-23,2021-08-24,2021-09-08,2021-09-09,126.36341580056087,127.77595617071621,0.011178396541486002,11,10449,10460,True,0.5767269355586463,2157
AMAT,b_20_80|none|death_cross,2021-09-13,2021-09-14,2021-09-20,2021-09-21,132.65536976695424,131.7140455297475,-0.007096013066492768,5,10463,10468,True,0.559408229311142,2163
AMAT,b_20_80|none|death_cross,2021-09-24,2021-09-27,2021-09-28,2021-09-29,134.08647823131733,127.55506593573845,-0.048710447031887205,2,10472,10474,True,0.5429362880886427,2166
AMAT,b_20_80|none|death_cross,2021-10-11,2021-10-12,2021-10-25,2021-10-26,123.67460351298867,131.8581403070006,0.06616990523161448,10,10483,10493,True,0.5732159406858202,2158
AMAT,b_20_80|none|death_cross,2021-11-01,2021-11-02,2021-11-10,2021-11-11,133.99044929086776,146.21762940870775,0.09125411686094953,7,10498,10505,True,0.5668671911152244,2161
AMAT,b_20_80|none|death_cross,2021-12-01,2021-12-02,2021-12-02,2021-12-03,142.38420169058085,142.87484070592913,0.003445881000298856,1,10519,10520,True,0.5366866635902169,2167
AMAT,b_20_80|none|death_cross,2021-12-07,2021-12-08,2021-12-13,2021-12-14,150.90800901973722,139.47879813716898,-0.07573627772846314,4,10523,10527,True,0.5494454713493531,2164
AMAT,b_20_80|none|death_cross,2021-12-15,2021-12-16,2021-12-16,2021-12-17,148.54135359156103,139.777047514927,-0.05900246540591603,1,10529,10530,True,0.5366866635902169,2167
AMAT,b_20_80|none|death_cross,2021-12-22,2021-12-23,2022-01-04,2022-01-05,147.26180905829662,152.04326043817846,0.03246905229847474,8,10534,10542,True,0.5638888888888889,2160
AMAT,b_20_80|none|death_cross,2022-01-12,2022-01-13,2022-01-19,2022-01-20,157.77709119587828,140.16186125754376,-0.11164630939016007,4,10548,10552,True,0.5494454713493531,2164
AMAT,b_20_80|none|death_cross,2022-01-31,2022-02-01,2022-02-11,2022-02-14,132.98489343251921,127.347271398019,-0.04239295072534621,9,10560,10569,True,0.5752663270032422,2159
AMAT,b_20_80|none|death_cross,2022-02-16,2022-02-17,2022-02-17,2022-02-18,137.4103752323708,131.79198134759716,-0.040887697710398685,1,10572,10573,True,0.5366866635902169,2167
AMAT,b_20_80|none|death_cross,2022-02-25,2022-02-28,2022-03-04,2022-03-07,128.97440694458044,122.94105893531378,-0.04677942044625305,5,10578,10583,True,0.559408229311142,2163
AMAT,b_20_80|none|death_cross,2022-03-09,2022-03-10,2022-03-11,2022-03-14,121.16767431436628,119.25937282867095,-0.015749262305260525,2,10586,10588,True,0.5429362880886427,2166
AMAT,b_20_80|none|death_cross,2022-03-16,2022-03-17,2022-03-30,2022-03-31,124.63733751900291,131.17184261578436,0.05242815055949945,10,10591,10601,True,0.5732159406858202,2158
AMAT,b_20_80|none|death_cross,2022-04-19,2022-04-20,2022-04-22,2022-04-25,116.15597337048573,107.37584024553338,-0.07558916575859287,3,10614,10617,True,0.5482678983833719,2165
AMAT,b_20_80|none|death_cross,2022-04-25,2022-04-26,2022-04-26,2022-04-27,108.75406060812392,104.44594008525071,-0.039613422237140816,1,10618,10619,True,0.5366866635902169,2167
AMAT,b_20_80|none|death_cross,2022-04-28,2022-04-29,2022-05-09,2022-05-10,108.93719047064222,105.26515146340108,-0.03370785487836425,7,10621,10628,True,0.5668671911152244,2161
AMAT,b_20_80|none|death_cross,2022-05-13,2022-05-16,2022-05-20,2022-05-23,105.64103789445588,103.21227988171525,-0.022990667842237245,5,10632,10637,True,0.559408229311142,2163
AMAT,b_20_80|none|death_cross,2022-05-23,2022-05-24,2022-05-24,2022-05-25,103.97365951390806,101.51304420407577,-0.023665756513101766,1,10638,10639,True,0.5366866635902169,2167
AMAT,b_20_80|none|death_cross,2022-05-26,2022-05-27,2022-06-06,2022-06-07,112.67203102462906,109.36779751033386,-0.02932612010493474,6,10641,10647,True,0.5587419056429233,2162
AMAT,b_20_80|none|death_cross,2022-07-07,2022-07-08,2022-07-26,2022-07-27,86.60539768828814,97.16538630256707,0.12193222242667434,13,10668,10681,True,0.5791183294663573,2155
AMAT,b_20_80|none|death_cross,2022-08-12,2022-08-15,2022-08-17,2022-08-18,106.08291043581602,103.06853600984756,-0.028415268902263535,3,10694,10697,True,0.5482678983833719,2165
AMAT,b_20_80|none|death_cross,2022-08-18,2022-08-19,2022-08-19,2022-08-22,103.02022221411303,99.31987679135976,-0.03591863173292931,1,10698,10699,True,0.5366866635902169,2167
AMAT,b_20_80|none|death_cross,2022-09-28,2022-09-29,2022-09-30,2022-10-03,82.09032116118628,80.4339974051382,-0.020176845852458714,2,10726,10728,True,0.5429362880886427,2166
AMAT,b_20_80|none|death_cross,2022-10-03,2022-10-04,2022-10-07,2022-10-10,86.32319549317701,79.42662351275465,-0.0798924546412032,4,10729,10733,True,0.5494454713493531,2164
AMAT,b_20_80|none|death_cross,2022-10-19,2022-10-20,2022-11-02,2022-11-03,75.90087143620356,83.26237148174819,0.09698834685623003,10,10741,10751,True,0.5732159406858202,2158
AMAT,b_20_80|none|death_cross,2022-11-30,2022-12-01,2022-12-05,2022-12-06,106.95300834776157,103.71965065468922,-0.030231573127508238,3,10770,10773,True,0.5482678983833719,2165
AMAT,b_20_80|none|death_cross,2022-12-08,2022-12-09,2022-12-14,2022-12-15,104.65178776209758,104.62266926223695,-0.0002782417814669591,4,10776,10780,True,0.5494454713493531,2164
AMAT,b_20_80|none|death_cross,2023-01-23,2023-01-24,2023-01-27,2023-01-30,110.17663534604158,107.4773286124916,-0.024499810917913978,4,10805,10809,True,0.5494454713493531,2164
AMAT,b_20_80|none|death_cross,2023-02-01,2023-02-02,2023-02-06,2023-02-07,116.81811347602961,113.98286637083699,-0.02427061198667957,3,10812,10815,True,0.5482678983833719,2165
AMAT,b_20_80|none|death_cross,2023-02-28,2023-03-01,2023-03-09,2023-03-10,114.55150828564116,115.17438147090093,0.005437494403885079,7,10830,10837,True,0.5668671911152244,2161
AMAT,b_20_80|none|death_cross,2023-03-14,2023-03-15,2023-03-22,2023-03-23,115.34959241295795,118.02600377380567,0.0232026078710883,6,10840,10846,True,0.5587419056429233,2162
AMAT,b_20_80|none|death_cross,2023-03-31,2023-04-03,2023-04-05,2023-04-06,118.37638304717258,111.12566118791491,-0.06125142256093663,3,10853,10856,True,0.5482678983833719,2165
AMAT,b_20_80|none|death_cross,2023-04-20,2023-04-21,2023-04-26,2023-04-27,110.4346689654363,108.3227183650839,-0.01912398180876873,4,10866,10870,True,0.5494454713493531,2164
AMAT,b_20_80|none|death_cross,2023-04-28,2023-05-01,2023-05-22,2023-05-23,110.2692093617656,122.52242526237329,0.11112091917162448,16,10872,10888,True,0.5850371747211895,2152
AMAT,b_20_80|none|death_cross,2023-05-26,2023-05-30,2023-06-05,2023-06-06,134.65461955708062,128.2145901228667,-0.04782627922753124,5,10892,10897,True,0.559408229311142,2163
AMAT,b_20_80|none|death_cross,2023-06-12,2023-06-13,2023-06-16,2023-06-20,138.0697588951943,135.73771153492385,-0.01689035585294718,4,10902,10906,True,0.5494454713493531,2164
AMAT,b_20_80|none|death_cross,2023-06-27,2023-06-28,2023-07-06,2023-07-07,139.33827373308935,136.23534520920816,-0.022269032339420458,6,10912,10918,True,0.5587419056429233,2162
AMAT,b_20_80|none|death_cross,2023-07-13,2023-07-14,2023-07-20,2023-07-21,141.06534787335957,131.94204188867508,-0.06467432379548577,5,10923,10928,True,0.559408229311142,2163
AMAT,b_20_80|none|death_cross,2023-07-27,2023-07-28,2023-08-04,2023-08-07,145.95388015062025,143.48522104918322,-0.016913966924959056,6,10933,10939,True,0.5587419056429233,2162
AMAT,b_20_80|none|death_cross,2023-08-07,2023-08-08,2023-08-08,2023-08-09,144.55852628620397,144.39268240175872,-0.0011472438790425254,1,10940,10941,True,0.5366866635902169,2167
AMAT,b_20_80|none|death_cross,2023-08-18,2023-08-21,2023-09-07,2023-09-08,139.80664080972764,144.45165246297816,0.033224542313209815,13,10949,10962,True,0.5791183294663573,2155
AMAT,b_20_80|none|death_cross,2023-11-01,2023-11-02,2023-11-17,2023-11-20,134.76089482415546,145.58596136088977,0.08032795085591804,12,11001,11013,True,0.5769944341372912,2156
AMAT,b_20_80|none|death_cross,2023-12-01,2023-12-04,2023-12-04,2023-12-05,147.03552557893184,143.59582997815278,-0.023393636246993643,1,11022,11023,True,0.5366866635902169,2167
AMAT,b_20_80|none|death_cross,2023-12-11,2023-12-12,2023-12-20,2023-12-21,152.0334261384286,157.77605904590732,0.037772173220972816,7,11028,11035,True,0.5668671911152244,2161
AMAT,b_20_80|none|death_cross,2023-12-21,2023-12-22,2023-12-22,2023-12-26,158.3640676684224,159.05005457776497,0.004331708066370732,1,11036,11037,True,0.5366866635902169,2167
AMAT,b_20_80|none|death_cross,2024-01-16,2024-01-17,2024-01-26,2024-01-29,150.04408559307961,162.97976242849057,0.08621250737261699,8,11051,11059,True,0.5638888888888889,2160
AMAT,b_20_80|none|death_cross,2024-02-07,2024-02-08,2024-02-20,2024-02-21,166.586074986201,184.46913698491477,0.10735028122965917,8,11067,11075,True,0.5638888888888889,2160
AMAT,b_20_80|none|death_cross,2024-02-26,2024-02-27,2024-02-28,2024-02-29,199.98878452096162,196.23895151790293,-0.018750216478592874,2,11079,11081,True,0.5429362880886427,2166
AMAT,b_20_80|none|death_cross,2024-03-20,2024-03-21,2024-04-02,2024-04-03,209.45176826943035,199.8611626985599,-0.04578908858164177,8,11096,11104,True,0.5638888888888889,2160
AMAT,b_20_80|none|death_cross,2024-04-08,2024-04-09,2024-04-15,2024-04-16,207.46886797122514,202.55085619654741,-0.023704818090393376,5,11108,11113,True,0.559408229311142,2163
AMAT,b_20_80|none|death_cross,2024-04-25,2024-04-26,2024-05-16,2024-05-17,193.41183548180658,212.42611689980794,0.09830981320576915,15,11121,11136,True,0.5824431026474687,2153
AMAT,b_20_80|none|death_cross,2024-06-05,2024-06-06,2024-06-20,2024-06-21,217.99607691345076,234.37010472140275,0.0751115709960819,10,11149,11159,True,0.5732159406858202,2158
AMAT,b_20_80|none|death_cross,2024-07-02,2024-07-03,2024-07-11,2024-07-12,237.6351152877943,237.60559479906212,-0.00012422612161688829,6,11167,11173,True,0.5587419056429233,2162
AMAT,b_20_80|none|death_cross,2024-07-31,2024-08-01,2024-08-02,2024-08-05,200.74676718616448,172.2569276949574,-0.1419192940964611,2,11187,11189,True,0.5429362880886427,2166
AMAT,b_20_80|none|death_cross,2024-08-06,2024-08-07,2024-08-22,2024-08-23,186.85096314324056,199.19044426862632,0.06603916253793285,12,11191,11203,True,0.5769944341372912,2156
AMAT,b_20_80|none|death_cross,2024-09-11,2024-09-12,2024-09-30,2024-10-01,181.6518848831181,200.42210175684187,0.10333070249065268,13,11216,11229,True,0.5791183294663573,2155
AMAT,b_20_80|none|death_cross,2024-10-09,2024-10-10,2024-10-15,2024-10-16,198.0672032950728,190.38177813297716,-0.03880210875016088,4,11236,11240,True,0.5494454713493531,2164
AMAT,b_20_80|none|death_cross,2024-10-28,2024-10-29,2024-11-04,2024-11-05,182.61751618830172,180.60748705528468,-0.011006770735751625,5,11249,11254,True,0.559408229311142,2163
AMAT,b_20_80|none|death_cross,2024-11-05,2024-11-06,2024-11-13,2024-11-14,186.18433764568368,184.0363635433217,-0.01153681415699781,6,11255,11261,True,0.5587419056429233,2162
AMAT,b_20_80|none|death_cross,2024-11-22,2024-11-25,2024-12-05,2024-12-06,174.52376798124908,170.0300338795073,-0.025748550777476842,8,11268,11276,True,0.5638888888888889,2160
AMAT,b_20_80|none|death_cross,2025-01-02,2025-01-03,2025-01-13,2025-01-14,163.33393211856955,169.733739520297,0.039182350652536835,6,11294,11300,True,0.5587419056429233,2162
AMAT,b_20_80|none|death_cross,2025-01-15,2025-01-16,2025-01-24,2025-01-27,183.50128700905498,177.3286002228938,-0.0336383841594341,6,11302,11308,True,0.5587419056429233,2162
AMAT,b_20_80|none|death_cross,2025-02-05,2025-02-06,2025-02-14,2025-02-18,177.38785556183566,169.66461601490724,-0.043538716460982174,7,11316,11323,True,0.5668671911152244,2161
AMAT,b_20_80|none|death_cross,2025-04-09,2025-04-10,2025-04-21,2025-04-22,140.79386430403076,135.79484787674963,-0.035505925290084006,7,11360,11367,True,0.5668671911152244,2161
AMAT,b_20_80|none|death_cross,2025-04-23,2025-04-24,2025-05-06,2025-05-07,146.11955302895635,151.80160290195144,0.0388863075147039,9,11369,11378,True,0.5752663270032422,2159
AMAT,b_20_80|none|death_cross,2025-06-03,2025-06-04,2025-06-18,2025-06-20,161.3166192748678,173.199446781853,0.07366152080547894,11,11397,11408,True,0.5767269355586463,2157
AMAT,b_20_80|none|death_cross,2025-06-24,2025-06-25,2025-07-09,2025-07-10,179.79108326558182,196.55809504847167,0.09325830557526671,10,11411,11421,True,0.5732159406858202,2158
AMAT,b_20_80|none|death_cross,2025-07-28,2025-07-29,2025-08-01,2025-08-04,190.22456399579065,180.67461171967096,-0.050203570325076496,4,11434,11438,True,0.5494454713493531,2164
AMAT,b_20_80|none|death_cross,2025-08-04,2025-08-05,2025-08-05,2025-08-06,181.33973792856892,177.577328878442,-0.02074784651783812,1,11439,11440,True,0.5366866635902169,2167
AMAT,b_20_80|none|death_cross,2025-08-07,2025-08-08,2025-08-15,2025-08-18,181.81623654140557,160.6316509067227,-0.11651646760303735,6,11442,11448,True,0.5587419056429233,2162
AMAT,b_20_80|none|death_cross,2025-08-27,2025-08-28,2025-09-02,2025-09-03,163.98911950436724,157.34870246692748,-0.040493034278795026,3,11456,11459,True,0.5482678983833719,2165
AMAT,b_20_80|none|death_cross,2025-09-05,2025-09-08,2025-09-25,2025-09-26,163.08313286022283,199.11256282783256,0.22092677112408832,14,11462,11476,True,0.5742804085422469,2154
AMAT,b_20_80|none|death_cross,2025-10-15,2025-10-16,2025-10-22,2025-10-23,229.5767899616725,217.42097737006452,-0.05294878717329121,5,11490,11495,True,0.559408229311142,2163
AMAT,b_20_80|none|death_cross,2025-10-24,2025-10-27,2025-10-28,2025-10-29,231.96614650376642,231.86657361567518,-0.000429256120309085,2,11497,11499,True,0.5429362880886427,2166
AMAT,b_20_80|none|death_cross,2025-10-29,2025-10-30,2025-10-30,2025-10-31,236.72493212732903,232.70286395638811,-0.016990471323812817,1,11500,11501,True,0.5366866635902169,2167
AMAT,b_20_80|none|death_cross,2025-11-03,2025-11-04,2025-11-04,2025-11-05,230.39314764306874,229.16860234149976,-0.005315024835140014,1,11503,11504,True,0.5366866635902169,2167
AMAT,b_20_80|none|death_cross,2025-11-05,2025-11-06,2025-11-06,2025-11-07,239.7016701299948,231.23938375662672,-0.03530341014636573,1,11505,11506,True,0.5366866635902169,2167
AMAT,b_20_80|none|death_cross,2025-11-17,2025-11-18,2025-12-08,2025-12-09,225.4750597721385,265.4086350672058,0.17710861385478083,14,11513,11527,True,0.5742804085422469,2154
AMAT,b_20_80|none|death_cross,2025-12-23,2025-12-24,2026-01-15,2026-01-16,259.5831542204307,324.9103720499539,0.25166200798241767,15,11538,11553,True,0.5824431026474687,2153
AMAT,b_20_80|none|death_cross,2026-01-27,2026-01-28,2026-01-30,2026-02-02,341.0800500072224,319.8031098859338,-0.06238107482638766,3,11560,11563,True,0.5482678983833719,2165
AMAT,b_20_80|none|death_cross,2026-02-09,2026-02-10,2026-02-26,2026-02-27,329.04005907270954,365.4856492790801,0.11076338336760694,12,11569,11581,True,0.5769944341372912,2156
AMAT,b_20_80|none|death_cross,2026-03-11,2026-03-12,2026-03-26,2026-03-27,343.76264818589726,337.2107936072677,-0.01905923931295317,11,11590,11601,True,0.5767269355586463,2157
AMAT,b_20_80|none|death_cross,2026-04-02,2026-04-06,2026-04-20,2026-04-21,350.5841399909251,392.51202736854077,0.11959436436200721,11,11606,11617,True,0.5767269355586463,2157
AMAT,b_20_80|none|death_cross,2026-04-24,2026-04-27,2026-04-27,2026-04-28,415.4834826975592,385.52072274237497,-0.07211540579338716,1,11621,11622,True,0.5366866635902169,2167
AMAT,b_20_80|none|death_cross,2026-05-05,2026-05-06,2026-05-18,2026-05-19,420.4772653225129,403.86793027997817,-0.03950114884283962,9,11628,11637,True,0.5752663270032422,2159
AMAT,b_20_80|none|death_cross,2026-05-22,2026-05-26,2026-06-05,2026-06-08,444.739990234375,476.0,0.07028828180967306,9,11641,11650,True,0.5752663270032422,2159
AMAT,b_20_80|none|death_cross,2026-06-11,2026-06-12,2026-06-23,2026-06-24,548.6199951171875,585.239990234375,0.06674928993312634,7,11654,11661,True,0.5668671911152244,2161
AMAT,b_20_80|none|death_cross,2026-06-29,2026-06-30,2026-07-01,2026-07-02,697.5,656.6900024414062,-0.058508957073252654,2,11665,11667,True,0.5429362880886427,2166
AMAT,b_20_80|none|death_cross,2026-07-15,2026-07-16,2026-07-17,2026-07-20,562.5399780273438,545.6300048828125,-0.030060038050681026,2,11676,11678,True,0.5429362880886427,2166
AMAT,b_20_80|none|death_cross,2026-07-21,2026-07-22,2026-07-27,2026-07-28,544.3099975585938,490.9200134277344,-0.09808745819538633,4,11680,11684,True,0.5494454713493531,2164
AMAT,b_20_80|none|death_cross,2026-07-30,2026-07-31,2026-08-14,2026-08-17,531.6900024414062,518.0,-0.02574809076443929,11,11687,11698,True,0.5767269355586463,2157
AMZN,b_20_80|none|death_cross,2018-01-02,2018-01-03,2018-01-16,2018-01-17,59.415000915527344,65.61199951171875,0.10430023564254287,9,5193,5202,True,0.5724872626215841,2159
AMZN,b_20_80|none|death_cross,2018-02-13,2018-02-14,2018-02-28,2018-03-01,70.3125,75.68000030517578,0.07633778211805553,10,5222,5232,True,0.5713623725671918,2158
AMZN,b_20_80|none|death_cross,2018-04-05,2018-04-06,2018-04-09,2018-04-10,71.49849700927734,71.59950256347656,0.0014126947897397102,2,5257,5259,True,0.5304709141274239,2166
AMZN,b_20_80|none|death_cross,2018-04-10,2018-04-11,2018-04-23,2018-04-24,71.97200012207031,76.79000091552734,0.06694271084984882,9,5260,5269,True,0.5724872626215841,2159
AMZN,b_20_80|none|death_cross,2018-04-30,2018-05-01,2018-05-15,2018-05-16,78.16100311279297,78.875,0.009134950407131637,11,5274,5285,True,0.579044969865554,2157
AMZN,b_20_80|none|death_cross,2018-05-23,2018-05-24,2018-06-07,2018-06-08,79.90149688720703,84.05599975585938,0.051995307103157806,10,5291,5301,True,0.5713623725671918,2158
AMZN,b_20_80|none|death_cross,2018-07-02,2018-07-03,2018-07-03,2018-07-05,86.197998046875,85.26899719238281,-0.010777522396598904,1,5318,5319,True,0.5242270419935394,2167
AMZN,b_20_80|none|death_cross,2018-07-05,2018-07-06,2018-07-19,2018-07-20,84.80000305175781,91.25050354003906,0.07606722000168054,10,5320,5330,True,0.5713623725671918,2158
AMZN,b_20_80|none|death_cross,2018-07-25,2018-07-26,2018-07-26,2018-07-27,91.94999694824219,93.80249786376953,0.020146829548782996,1,5334,5335,True,0.5242270419935394,2167
AMZN,b_20_80|none|death_cross,2018-08-02,2018-08-03,2018-08-15,2018-08-16,91.88700103759766,95.1969985961914,0.036022478927562274,9,5340,5349,True,0.5724872626215841,2159
AMZN,b_20_80|none|death_cross,2018-08-23,2018-08-24,2018-09-05,2018-09-06,95.52549743652344,100.32550048828125,0.05024839629803979,8,5355,5363,True,0.5717592592592593,2160
AMZN,b_20_80|none|death_cross,2018-09-24,2018-09-25,2018-10-03,2018-10-04,97.1449966430664,97.44999694824219,0.0031396398756018407,7,5376,5383,True,0.5552984729291994,2161
AMZN,b_20_80|none|death_cross,2018-10-16,2018-10-17,2018-10-24,2018-10-25,92.1395034790039,85.16699981689453,-0.07567333661287001,6,5392,5398,True,0.5518038852913969,2162
AMZN,b_20_80|none|death_cross,2018-10-25,2018-10-26,2018-10-26,2018-10-29,82.47949981689453,83.0,0.006310661246261118,1,5399,5400,True,0.5242270419935394,2167
AMZN,b_20_80|none|death_cross,2018-11-01,2018-11-02,2018-11-12,2018-11-13,83.92949676513672,82.4645004272461,-0.0174550830679967,7,5404,5411,True,0.5552984729291994,2161
AMZN,b_20_80|none|death_cross,2018-11-26,2018-11-27,2018-12-07,2018-12-10,78.79949951171875,81.19200134277344,0.03036189120336852,8,5420,5428,True,0.5717592592592593,2160
AMZN,b_20_80|none|death_cross,2018-12-26,2018-12-27,2019-01-14,2019-01-15,72.70999908447266,81.5999984741211,0.12226653144803734,12,5440,5452,True,0.5816326530612245,2156
AMZN,b_20_80|none|death_cross,2019-01-31,2019-02-01,2019-02-01,2019-02-04,81.94400024414062,81.1500015258789,-0.009689528408377779,1,5464,5465,True,0.5242270419935394,2167
AMZN,b_20_80|none|death_cross,2019-02-13,2019-02-14,2019-03-06,2019-03-07,81.2249984741211,83.36849975585938,0.02638967463226516,14,5473,5487,True,0.5951717734447539,2154
AMZN,b_20_80|none|death_cross,2019-03-12,2019-03-13,2019-03-22,2019-03-25,84.1500015258789,87.8895034790039,0.04443852507804147,8,5491,5499,True,0.5717592592592593,2160
AMZN,b_20_80|none|death_cross,2019-04-01,2019-04-02,2019-04-12,2019-04-15,90.5510025024414,92.0999984741211,0.0171063370793485,9,5505,5514,True,0.5724872626215841,2159
AMZN,b_20_80|none|death_cross,2019-05-03,2019-05-06,2019-05-07,2019-05-08,95.89900207519531,95.94349670410156,0.000463973846895227,2,5528,5530,True,0.5304709141274239,2166
AMZN,b_20_80|none|death_cross,2019-05-16,2019-05-17,2019-05-23,2019-05-24,94.65249633789062,91.79450225830078,-0.030194598031386022,5,5537,5542,True,0.5496994914470643,2163
AMZN,b_20_80|none|death_cross,2019-06-05,2019-06-06,2019-06-21,2019-06-24,86.885498046875,95.63300323486328,0.10067854112166086,12,5550,5562,True,0.5816326530612245,2156
AMZN,b_20_80|none|death_cross,2019-07-02,2019-07-03,2019-07-12,2019-07-15,96.79450225830078,101.06999969482422,0.044170870625627856,7,5569,5576,True,0.5552984729291994,2161
AMZN,b_20_80|none|death_cross,2019-08-08,2019-08-09,2019-08-23,2019-08-26,91.44750213623047,88.34549713134766,-0.03392115620896585,11,5595,5606,True,0.579044969865554,2157
AMZN,b_20_80|none|death_cross,2019-09-03,2019-09-04,2019-09-16,2019-09-17,90.25,90.35399627685547,0.0011523133169581978,9,5612,5621,True,0.5724872626215841,2159
AMZN,b_20_80|none|death_cross,2019-10-03,2019-10-04,2019-10-22,2019-10-23,86.3010025024414,88.06500244140625,0.020440086300445248,13,5634,5647,True,0.5888631090487239,2155
AMZN,b_20_80|none|death_cross,2019-10-28,2019-10-29,2019-10-29,2019-10-30,88.7405014038086,88.01200103759766,-0.008209333446246081,1,5651,5652,True,0.5242270419935394,2167
AMZN,b_20_80|none|death_cross,2019-10-30,2019-10-31,2019-11-07,2019-11-08,88.79949951171875,89.39450073242188,0.0067005019620025585,6,5653,5659,True,0.5518038852913969,2162
AMZN,b_20_80|none|death_cross,2019-11-22,2019-11-25,2019-12-03,2019-12-04,87.6624984741211,88.70050048828125,0.011840890143766325,6,5670,5676,True,0.5518038852913969,2162
AMZN,b_20_80|none|death_cross,2019-12-13,2019-12-16,2019-12-30,2019-12-31,88.3499984741211,92.0999984741211,0.04244482246480663,10,5684,5694,True,0.5713623725671918,2158
AMZN,b_20_80|none|death_cross,2020-01-02,2020-01-03,2020-01-10,2020-01-13,93.2249984741211,94.56549835205078,0.014379189057340813,6,5696,5702,True,0.5518038852913969,2162
AMZN,b_20_80|none|death_cross,2020-01-23,2020-01-24,2020-01-24,2020-01-27,94.56849670410156,91.0,-0.03773451866605371,1,5710,5711,True,0.5242270419935394,2167
AMZN,b_20_80|none|death_cross,2020-01-29,2020-01-30,2020-02-14,2020-02-18,92.9000015258789,106.2509994506836,0.14371364591512448,12,5714,5726,True,0.5816326530612245,2156
AMZN,b_20_80|none|death_cross,2020-03-04,2020-03-05,2020-03-09,2020-03-10,96.6500015258789,93.54399871826172,-0.03213660381356054,3,5738,5741,True,0.538568129330254,2165
AMZN,b_20_80|none|death_cross,2020-03-10,2020-03-11,2020-03-11,2020-03-12,92.89250183105469,86.0989990234375,-0.07313295124694408,1,5742,5743,True,0.5242270419935394,2167
AMZN,b_20_80|none|death_cross,2020-03-17,2020-03-18,2020-04-01,2020-04-02,87.5,95.08200073242188,0.0866514369419642,11,5747,5758,True,0.579044969865554,2157
AMZN,b_20_80|none|death_cross,2020-04-06,2020-04-07,2020-04-20,2020-04-21,100.85549926757812,120.83049774169922,0.19805562035963686,9,5761,5770,True,0.5724872626215841,2159
AMZN,b_20_80|none|death_cross,2020-04-30,2020-05-01,2020-05-01,2020-05-04,116.83999633789062,112.81900024414062,-0.03441455169274099,1,5778,5779,True,0.5242270419935394,2167
AMZN,b_20_80|none|death_cross,2020-05-08,2020-05-11,2020-05-21,2020-05-22,118.73500061035156,122.75050354003906,0.0338190332172148,9,5784,5793,True,0.5724872626215841,2159
AMZN,b_20_80|none|death_cross,2020-06-01,2020-06-02,2020-06-11,2020-06-12,123.3499984741211,130.0605010986328,0.05440212977318826,8,5799,5807,True,0.5717592592592593,2160
AMZN,b_20_80|none|death_cross,2020-06-18,2020-06-19,2020-06-26,2020-06-29,133.9040069580078,134.50050354003906,0.004454658195690131,6,5812,5818,True,0.5518038852913969,2162
AMZN,b_20_80|none|death_cross,2020-07-01,2020-07-02,2020-07-13,2020-07-14,145.60049438476562,154.4499969482422,0.0607793441970792,7,5821,5828,True,0.5552984729291994,2161
AMZN,b_20_80|none|death_cross,2020-07-30,2020-07-31,2020-08-11,2020-08-12,162.1999969482422,155.39999389648438,-0.04192357077495934,8,5841,5849,True,0.5717592592592593,2160
AMZN,b_20_80|none|death_cross,2020-08-18,2020-08-19,2020-09-03,2020-09-04,165.15049743652344,165.89999389648438,0.004538263411825394,12,5854,5866,True,0.5816326530612245,2156
AMZN,b_20_80|none|death_cross,2020-09-22,2020-09-23,2020-10-06,2020-10-07,156.02149963378906,156.75,0.004669230637577959,10,5878,5888,True,0.5713623725671918,2158
AMZN,b_20_80|none|death_cross,2020-10-07,2020-10-08,2020-10-14,2020-10-15,161.24949645996094,164.60049438476562,0.020781447374235817,5,5889,5894,True,0.5496994914470643,2163
AMZN,b_20_80|none|death_cross,2020-10-27,2020-10-28,2020-10-28,2020-10-29,162.46499633789062,160.06350708007812,-0.014781579490624197,1,5903,5904,True,0.5242270419935394,2167
AMZN,b_20_80|none|death_cross,2020-10-29,2020-10-30,2020-10-30,2020-11-02,157.8874969482422,153.08700561523438,-0.03040450590322219,1,5905,5906,True,0.5242270419935394,2167
AMZN,b_20_80|none|death_cross,2020-11-04,2020-11-05,2020-11-10,2020-11-11,165.99850463867188,153.08900451660156,-0.07776877358124612,4,5909,5913,True,0.5277264325323475,2164
AMZN,b_20_80|none|death_cross,2020-11-20,2020-11-23,2020-11-23,2020-11-24,155.8350067138672,155.02499389648438,-0.005197887396829248,1,5921,5922,True,0.5242270419935394,2167
AMZN,b_20_80|none|death_cross,2020-11-24,2020-11-25,2020-12-04,2020-12-07,157.093505859375,157.82400512695312,0.004650092081031287,7,5923,5930,True,0.5552984729291994,2161
AMZN,b_20_80|none|death_cross,2020-12-15,2020-12-16,2020-12-24,2020-12-28,158.80050659179688,159.6999969482422,0.0056642788851895,7,5937,5944,True,0.5552984729291994,2161
AMZN,b_20_80|none|death_cross,2020-12-28,2020-12-29,2020-12-31,2021-01-04,165.4969940185547,163.5,-0.012066648282027415,3,5945,5948,True,0.538568129330254,2165
AMZN,b_20_80|none|death_cross,2021-01-19,2021-01-20,2021-01-28,2021-01-29,159.09950256347656,161.5,0.015088026033052593,7,5959,5966,True,0.5552984729291994,2161
AMZN,b_20_80|none|death_cross,2021-02-01,2021-02-02,2021-02-03,2021-02-04,169.0,166.5,-0.014792899408283988,2,5968,5970,True,0.5304709141274239,2166
AMZN,b_20_80|none|death_cross,2021-02-18,2021-02-19,2021-02-19,2021-02-22,166.4114990234375,160.406494140625,-0.03608527606596912,1,5980,5981,True,0.5242270419935394,2167
AMZN,b_20_80|none|death_cross,2021-03-01,2021-03-02,2021-03-02,2021-03-03,157.17349243164062,154.0590057373047,-0.01981559769495178,1,5987,5988,True,0.5242270419935394,2167
AMZN,b_20_80|none|death_cross,2021-03-05,2021-03-08,2021-03-18,2021-03-19,150.75,151.4615020751953,0.004719748425839443,9,5991,6000,True,0.5724872626215841,2159
AMZN,b_20_80|none|death_cross,2021-03-23,2021-03-24,2021-03-24,2021-03-25,157.552001953125,153.64950561523438,-0.024769576327260512,1,6003,6004,True,0.5242270419935394,2167
AMZN,b_20_80|none|death_cross,2021-04-01,2021-04-05,2021-04-14,2021-04-15,158.64999389648438,168.5500030517578,0.062401572871997546,8,6010,6018,True,0.5717592592592593,2160
AMZN,b_20_80|none|death_cross,2021-04-27,2021-04-28,2021-05-03,2021-05-04,171.74000549316406,167.8094940185547,-0.0228864058978141,4,6027,6031,True,0.5277264325323475,2164
AMZN,b_20_80|none|death_cross,2021-05-14,2021-05-17,2021-05-27,2021-05-28,162.29649353027344,162.10000610351562,-0.0012106695744548146,9,6040,6049,True,0.5724872626215841,2159
AMZN,b_20_80|none|death_cross,2021-06-08,2021-06-09,2021-06-24,2021-06-25,163.64349365234375,173.1999969482422,0.05839830892513809,12,6056,6068,True,0.5816326530612245,2156
AMZN,b_20_80|none|death_cross,2021-07-02,2021-07-06,2021-07-14,2021-07-15,176.5054931640625,184.7100067138672,0.046483049352909145,7,6074,6081,True,0.5552984729291994,2161
AMZN,b_20_80|none|death_cross,2021-07-23,2021-07-26,2021-07-30,2021-08-02,183.6584930419922,167.65499877929688,-0.08713724041629933,5,6088,6093,True,0.5496994914470643,2163
AMZN,b_20_80|none|death_cross,2021-08-23,2021-08-24,2021-09-09,2021-09-10,164.0,175.0915069580078,0.06763113998785242,12,6109,6121,True,0.5816326530612245,2156
AMZN,b_20_80|none|death_cross,2021-09-23,2021-09-24,2021-09-28,2021-09-29,170.10049438476562,166.10549926757812,-0.023486087630943953,3,6131,6134,True,0.538568129330254,2165
AMZN,b_20_80|none|death_cross,2021-10-06,2021-10-07,2021-10-22,2021-10-25,164.57699584960938,166.75,0.01320357161201513,12,6140,6152,True,0.5816326530612245,2156
AMZN,b_20_80|none|death_cross,2021-10-28,2021-10-29,2021-10-29,2021-11-01,165.00100708007812,168.08999633789062,0.018721032752929467,1,6156,6157,True,0.5242270419935394,2167
AMZN,b_20_80|none|death_cross,2021-11-04,2021-11-05,2021-11-11,2021-11-12,173.85000610351562,174.25,0.002300798863626108,5,6161,6166,True,0.5496994914470643,2163
AMZN,b_20_80|none|death_cross,2021-11-12,2021-11-15,2021-11-17,2021-11-18,176.85000610351562,178.3175048828125,0.008297985460276935,3,6167,6170,True,0.538568129330254,2165
AMZN,b_20_80|none|death_cross,2021-11-18,2021-11-19,2021-11-22,2021-11-23,185.63450622558594,179.2519989013672,-0.03438211706428451,2,6171,6173,True,0.5304709141274239,2166
AMZN,b_20_80|none|death_cross,2021-12-07,2021-12-08,2021-12-13,2021-12-14,176.15049743652344,167.5500030517578,-0.048824695416286534,4,6183,6187,True,0.5277264325323475,2164
AMZN,b_20_80|none|death_cross,2021-12-15,2021-12-16,2021-12-16,2021-12-17,173.36849975585938,167.7104949951172,-0.03263571391982911,1,6189,6190,True,0.5242270419935394,2167
AMZN,b_20_80|none|death_cross,2021-12-22,2021-12-23,2021-12-30,2021-12-31,170.42799377441406,168.95599365234375,-0.008637079446107365,5,6194,6199,True,0.5496994914470643,2163
AMZN,b_20_80|none|death_cross,2022-01-03,2022-01-04,2022-01-04,2022-01-05,170.43800354003906,166.88299560546875,-0.020858070739693813,1,6201,6202,True,0.5242270419935394,2167
AMZN,b_20_80|none|death_cross,2022-01-11,2022-01-12,2022-01-18,2022-01-19,166.5749969482422,158.76199340820312,-0.046903819199628716,4,6207,6211,True,0.5277264325323475,2164
AMZN,b_20_80|none|death_cross,2022-01-28,2022-01-31,2022-02-14,2022-02-15,144.75,157.60549926757812,0.08881173932696451,11,6219,6230,True,0.579044969865554,2157
AMZN,b_20_80|none|death_cross,2022-02-25,2022-02-28,2022-03-04,2022-03-07,152.4250030517578,145.44349670410156,-0.045802894589974774,5,6238,6243,True,0.5496994914470643,2163
AMZN,b_20_80|none|death_cross,2022-03-10,2022-03-11,2022-03-30,2022-03-31,149.57449340820312,166.44500732421875,0.11279004549241134,14,6247,6261,True,0.5951717734447539,2154
AMZN,b_20_80|none|death_cross,2022-04-19,2022-04-20,2022-04-21,2022-04-22,157.6024932861328,148.25,-0.059342292695541476,2,6274,6276,True,0.5304709141274239,2166
AMZN,b_20_80|none|death_cross,2022-04-28,2022-04-29,2022-04-29,2022-05-02,129.8489990234375,122.4010009765625,-0.057358917688157485,1,6281,6282,True,0.5242270419935394,2167
AMZN,b_20_80|none|death_cross,2022-05-25,2022-05-26,2022-06-08,2022-06-09,107.97000122070312,119.98999786376953,0.1113271881742055,9,6300,6309,True,0.5724872626215841,2159
AMZN,b_20_80|none|death_cross,2022-06-22,2022-06-23,2022-06-29,2022-06-30,110.38999938964844,108.11000061035156,-0.0206540338065323,5,6318,6323,True,0.5496994914470643,2163
AMZN,b_20_80|none|death_cross,2022-07-05,2022-07-06,2022-07-12,2022-07-13,113.20999908447266,107.02999877929688,-0.05458882037941293,5,6326,6331,True,0.5496994914470643,2163
AMZN,b_20_80|none|death_cross,2022-07-18,2022-07-19,2022-07-26,2022-07-27,115.69999694824219,117.30999755859375,0.013915303827292114,6,6335,6341,True,0.5518038852913969,2162
AMZN,b_20_80|none|death_cross,2022-07-29,2022-08-01,2022-08-09,2022-08-10,134.9600067138672,142.89999389648438,0.058832148693138464,7,6344,6351,True,0.5552984729291994,2161
AMZN,b_20_80|none|death_cross,2022-09-28,2022-09-29,2022-09-30,2022-10-03,115.5999984741211,113.58000183105469,-0.017474019634339477,2,6386,6388,True,0.5304709141274239,2166
AMZN,b_20_80|none|death_cross,2022-10-03,2022-10-04,2022-10-10,2022-10-11,119.88999938964844,112.70999908447266,-0.059888233728656703,5,6389,6394,True,0.5496994914470643,2163
AMZN,b_20_80|none|death_cross,2022-10-17,2022-10-18,2022-10-27,2022-10-28,119.05999755859375,97.91000366210938,-0.1776414776598303,8,6399,6407,True,0.5717592592592593,2160
AMZN,b_20_80|none|death_cross,2022-11-10,2022-11-11,2022-11-21,2022-11-22,97.87999725341797,92.62000274658203,-0.05373921796521364,7,6417,6424,True,0.5552984729291994,2161
AMZN,b_20_80|none|death_cross,2022-11-30,2022-12-01,2022-12-05,2022-12-06,96.98999786376953,90.5,-0.06691409430573725,3,6430,6433,True,0.538568129330254,2165
AMZN,b_20_80|none|death_cross,2022-12-13,2022-12-14,2022-12-15,2022-12-16,92.5,88.2699966430664,-0.04572976602090373,2,6439,6441,True,0.5304709141274239,2166
AMZN,b_20_80|none|death_cross,2023-03-03,2023-03-06,2023-03-10,2023-03-13,95.19000244140625,89.97000122070312,-0.054837704452379565,5,6493,6498,True,0.5496994914470643,2163
AMZN,b_20_80|none|death_cross,2023-03-13,2023-03-14,2023-03-24,2023-03-27,93.83000183105469,99.06999969482422,0.0558456544976349,9,6499,6508,True,0.5724872626215841,2159
AMZN,b_20_80|none|death_cross,2023-03-30,2023-03-31,2023-04-06,2023-04-10,102.16000366210938,100.95999908447266,-0.011746324731992885,5,6512,6517,True,0.5496994914470643,2163
AMZN,b_20_80|none|death_cross,2023-04-14,2023-04-17,2023-04-25,2023-04-26,103.16000366210938,105.04000091552734,0.018224090603716103,7,6522,6529,True,0.5552984729291994,2161
AMZN,b_20_80|none|death_cross,2023-04-27,2023-04-28,2023-04-28,2023-05-01,107.7300033569336,104.94999694824219,-0.02580531255977614,1,6531,6532,True,0.5242270419935394,2167
AMZN,b_20_80|none|death_cross,2023-05-08,2023-05-09,2023-05-22,2023-05-23,105.4800033569336,114.2699966430664,0.0833332670306084,10,6538,6548,True,0.5713623725671918,2158
AMZN,b_20_80|none|death_cross,2023-05-26,2023-05-30,2023-06-07,2023-06-08,122.37000274658203,123.01000213623047,0.005230034937351524,7,6552,6559,True,0.5552984729291994,2161
AMZN,b_20_80|none|death_cross,2023-06-13,2023-06-14,2023-06-16,2023-06-20,126.69999694824219,124.97000122070312,-0.013654268107407885,3,6563,6566,True,0.538568129330254,2165
AMZN,b_20_80|none|death_cross,2023-06-22,2023-06-23,2023-06-26,2023-06-27,129.11000061035156,128.6300048828125,-0.003717726940360433,2,6569,6571,True,0.5304709141274239,2166
AMZN,b_20_80|none|death_cross,2023-06-30,2023-07-03,2023-07-06,2023-07-07,130.82000732421875,128.58999633789062,-0.017046406218288568,3,6575,6578,True,0.538568129330254,2165
AMZN,b_20_80|none|death_cross,2023-07-12,2023-07-13,2023-07-20,2023-07-21,134.0399932861328,131.33999633789062,-0.020143219065063334,6,6582,6588,True,0.5518038852913969,2162
AMZN,b_20_80|none|death_cross,2023-07-28,2023-07-31,2023-08-03,2023-08-04,133.1999969482422,141.05999755859375,0.059009014943189,4,6594,6598,True,0.5277264325323475,2164
AMZN,b_20_80|none|death_cross,2023-08-04,2023-08-07,2023-08-16,2023-08-17,140.99000549316406,135.4600067138672,-0.03922262971728874,8,6599,6607,True,0.5717592592592593,2160
AMZN,b_20_80|none|death_cross,2023-08-29,2023-08-30,2023-09-15,2023-09-18,134.92999267578125,140.47999572753906,0.0411324638925441,12,6616,6628,True,0.5816326530612245,2156
AMZN,b_20_80|none|death_cross,2023-10-02,2023-10-03,2023-10-18,2023-10-19,128.05999755859375,130.57000732421875,0.019600264044020044,12,6639,6651,True,0.5816326530612245,2156
AMZN,b_20_80|none|death_cross,2023-10-27,2023-10-30,2023-11-14,2023-11-15,129.72000122070312,147.05999755859375,0.13367249595063369,12,6658,6670,True,0.5816326530612245,2156
AMZN,b_20_80|none|death_cross,2023-11-22,2023-11-24,2023-11-29,2023-11-30,146.6999969482422,144.75999450683594,-0.013224284129267683,4,6676,6680,True,0.5277264325323475,2164
AMZN,b_20_80|none|death_cross,2023-12-08,2023-12-11,2023-12-11,2023-12-12,145.66000366210938,145.52000427246094,-0.0009611381719665246,1,6687,6688,True,0.5242270419935394,2167
AMZN,b_20_80|none|death_cross,2023-12-12,2023-12-13,2023-12-26,2023-12-27,148.1199951171875,153.55999755859375,0.03672699581918226,9,6689,6698,True,0.5724872626215841,2159
AMZN,b_20_80|none|death_cross,2024-01-09,2024-01-10,2024-01-31,2024-02-01,152.05999755859375,155.8699951171875,0.025055883333982232,15,6707,6722,True,0.5926614026939154,2153
AMZN,b_20_80|none|death_cross,2024-02-02,2024-02-05,2024-02-13,2024-02-14,170.1999969482422,169.2100067138672,-0.005816628978413285,7,6724,6731,True,0.5552984729291994,2161
AMZN,b_20_80|none|death_cross,2024-02-22,2024-02-23,2024-03-05,2024-03-06,174.27999877929688,175.5399932861328,0.007229713768999613,8,6737,6745,True,0.5717592592592593,2160
AMZN,b_20_80|none|death_cross,2024-03-14,2024-03-15,2024-03-18,2024-03-19,176.63999938964844,174.22000122070312,-0.013700170840733938,2,6752,6754,True,0.5304709141274239,2166
AMZN,b_20_80|none|death_cross,2024-03-19,2024-03-20,2024-04-04,2024-04-05,176.13999938964844,182.3800048828125,0.03542639670027592,11,6755,6766,True,0.579044969865554,2157
AMZN,b_20_80|none|death_cross,2024-04-05,2024-04-08,2024-04-12,2024-04-15,186.89999389648438,187.42999267578125,0.0028357345992766625,5,6767,6772,True,0.5496994914470643,2163
AMZN,b_20_80|none|death_cross,2024-04-26,2024-04-29,2024-05-13,2024-05-14,182.75,183.82000732421875,0.005855033237859075,11,6782,6793,True,0.579044969865554,2157
AMZN,b_20_80|none|death_cross,2024-05-29,2024-05-30,2024-05-30,2024-05-31,181.30999755859375,178.3000030517578,-0.016601370842019847,1,6804,6805,True,0.5242270419935394,2167
AMZN,b_20_80|none|death_cross,2024-06-03,2024-06-04,2024-06-14,2024-06-17,177.63999938964844,182.52000427246094,0.027471317831454956,9,6807,6816,True,0.5724872626215841,2159
AMZN,b_20_80|none|death_cross,2024-06-21,2024-06-24,2024-06-24,2024-06-25,189.3300018310547,186.80999755859375,-0.013310115925048271,1,6820,6821,True,0.5242270419935394,2167
AMZN,b_20_80|none|death_cross,2024-06-26,2024-06-27,2024-07-11,2024-07-12,195.00999450683594,194.8000030517578,-0.0010768240653982186,10,6823,6833,True,0.5713623725671918,2158
AMZN,b_20_80|none|death_cross,2024-07-26,2024-07-29,2024-08-05,2024-08-06,183.83999633789062,161.7100067138672,-0.12037636023093357,6,6844,6850,True,0.5518038852913969,2162
AMZN,b_20_80|none|death_cross,2024-08-09,2024-08-12,2024-08-22,2024-08-23,168.13999938964844,177.33999633789062,0.0547162898872271,9,6854,6863,True,0.5724872626215841,2159
AMZN,b_20_80|none|death_cross,2024-09-03,2024-09-04,2024-09-04,2024-09-05,174.47999572753906,175.0,0.002980308833070877,1,6870,6871,True,0.5242270419935394,2167
AMZN,b_20_80|none|death_cross,2024-09-05,2024-09-06,2024-09-06,2024-09-09,177.24000549316406,174.52999877929688,-0.015290039663035992,1,6872,6873,True,0.5242270419935394,2167
AMZN,b_20_80|none|death_cross,2024-09-09,2024-09-10,2024-09-25,2024-09-26,177.49000549316406,194.30999755859375,0.09476585466710974,12,6874,6886,True,0.5816326530612245,2156
AMZN,b_20_80|none|death_cross,2024-10-09,2024-10-10,2024-10-23,2024-10-24,187.1300048828125,185.25,-0.010046517574719416,10,6896,6906,True,0.5713623725671918,2158
AMZN,b_20_80|none|death_cross,2024-10-29,2024-10-30,2024-10-31,2024-11-01,194.6999969482422,199.0,0.022085275393717074,2,6910,6912,True,0.5304709141274239,2166
AMZN,b_20_80|none|death_cross,2024-11-01,2024-11-04,2024-11-15,2024-11-18,196.4499969482422,204.14999389648438,0.03919570917718507,10,6913,6923,True,0.5713623725671918,2158
AMZN,b_20_80|none|death_cross,2024-11-26,2024-11-27,2024-12-13,2024-12-16,206.97999572753906,230.22999572753906,0.11232969600891018,12,6930,6942,True,0.5816326530612245,2156
AMZN,b_20_80|none|death_cross,2025-01-06,2025-01-07,2025-01-10,2025-01-13,227.89999389648438,218.05999755859375,-0.043176817031246206,3,6956,6959,True,0.538568129330254,2165
AMZN,b_20_80|none|death_cross,2025-01-15,2025-01-16,2025-01-30,2025-01-31,224.4199981689453,236.5,0.053827653193191605,10,6962,6972,True,0.5713623725671918,2158
AMZN,b_20_80|none|death_cross,2025-03-05,2025-03-06,2025-03-10,2025-03-11,204.39999389648438,193.89999389648438,-0.05136986454763581,3,6995,6998,True,0.538568129330254,2165
AMZN,b_20_80|none|death_cross,2025-03-12,2025-03-13,2025-03-13,2025-03-14,198.1699981689453,197.41000366210938,-0.003835063399395211,1,7000,7001,True,0.5242270419935394,2167
AMZN,b_20_80|none|death_cross,2025-03-14,2025-03-17,2025-03-18,2025-03-19,198.77000427246094,193.3800048828125,-0.027116764470458965,2,7002,7004,True,0.5304709141274239,2166
AMZN,b_20_80|none|death_cross,2025-03-19,2025-03-20,2025-03-28,2025-03-31,193.07000732421875,188.19000244140625,-0.025275831033753526,7,7005,7012,True,0.5552984729291994,2161
AMZN,b_20_80|none|death_cross,2025-04-09,2025-04-10,2025-04-17,2025-04-21,185.44000244140625,169.60000610351562,-0.08541844332047832,6,7020,7026,True,0.5518038852913969,2162
AMZN,b_20_80|none|death_cross,2025-04-23,2025-04-24,2025-05-05,2025-05-06,180.9199981689453,184.57000732421875,0.020174713642573838,8,7029,7037,True,0.5717592592592593,2160
AMZN,b_20_80|none|death_cross,2025-05-08,2025-05-09,2025-05-15,2025-05-16,193.3800048828125,206.85000610351562,0.06965560492598954,5,7040,7045,True,0.5496994914470643,2163
AMZN,b_20_80|none|death_cross,2025-05-28,2025-05-29,2025-06-12,2025-06-13,208.02999877929688,209.9600067138672,0.00927754624763466,11,7053,7064,True,0.579044969865554,2157
AMZN,b_20_80|none|death_cross,2025-06-26,2025-06-27,2025-07-10,2025-07-11,219.9199981689453,223.5800018310547,0.016642432214362346,9,7073,7082,True,0.5724872626215841,2159
AMZN,b_20_80|none|death_cross,2025-07-11,2025-07-14,2025-07-16,2025-07-17,225.07000732421875,223.32000732421875,-0.007775358524243936,3,7083,7086,True,0.538568129330254,2165
AMZN,b_20_80|none|death_cross,2025-08-08,2025-08-11,2025-08-20,2025-08-21,221.77999877929688,222.64999389648438,0.00392278438982796,8,7103,7111,True,0.5717592592592593,2160
AMZN,b_20_80|none|death_cross,2025-08-26,2025-08-27,2025-09-02,2025-09-03,228.57000732421875,225.2100067138672,-0.014700094074834191,4,7115,7119,True,0.5277264325323475,2164
AMZN,b_20_80|none|death_cross,2025-09-04,2025-09-05,2025-09-10,2025-09-11,235.19000244140625,231.49000549316406,-0.015731948253897343,4,7121,7125,True,0.5277264325323475,2164
AMZN,b_20_80|none|death_cross,2025-10-02,2025-10-03,2025-10-10,2025-10-13,223.44000244140625,217.6999969482422,-0.025689247361466938,6,7141,7147,True,0.5518038852913969,2162
AMZN,b_20_80|none|death_cross,2025-10-21,2025-10-22,2025-11-06,2025-11-07,219.3000030517578,242.89999389648438,0.10761509583361306,12,7154,7166,True,0.5816326530612245,2156
AMZN,b_20_80|none|death_cross,2025-12-18,2025-12-19,2026-01-02,2026-01-05,226.75999450683594,228.83999633789062,0.009172701893816582,9,7195,7204,True,0.5724872626215841,2159
AMZN,b_20_80|none|death_cross,2026-01-06,2026-01-07,2026-01-14,2026-01-15,239.61000061035156,239.30999755859375,-0.001252047289318603,6,7206,7212,True,0.5518038852913969,2162
AMZN,b_20_80|none|death_cross,2026-01-26,2026-01-27,2026-02-03,2026-02-04,239.69000244140625,238.86000061035156,-0.0034628137285683813,6,7219,7225,True,0.5518038852913969,2162
AMZN,b_20_80|none|death_cross,2026-03-25,2026-03-26,2026-03-26,2026-03-27,210.61000061035156,206.4600067138672,-0.01970463835742664,1,7260,7261,True,0.5242270419935394,2167
AMZN,b_20_80|none|death_cross,2026-03-31,2026-04-01,2026-04-20,2026-04-21,210.44000244140625,255.08999633789062,0.21217446007641283,13,7264,7277,True,0.5888631090487239,2155
AMZN,b_20_80|none|death_cross,2026-05-21,2026-05-22,2026-06-01,2026-06-02,268.6600036621094,257.1600036621094,-0.04280503179946138,6,7300,7306,True,0.5518038852913969,2162
AMZN,b_20_80|none|death_cross,2026-06-15,2026-06-16,2026-06-22,2026-06-23,248.0,232.5500030517578,-0.06229837479129918,4,7316,7320,True,0.5277264325323475,2164
AMZN,b_20_80|none|death_cross,2026-06-29,2026-06-30,2026-07-16,2026-07-17,237.35000610351562,244.4600067138672,0.02995576333480554,12,7325,7337,True,0.5816326530612245,2156
AMZN,b_20_80|none|death_cross,2026-07-31,2026-08-03,2026-08-12,2026-08-13,278.2900085449219,267.239990234375,-0.03970684527383295,8,7348,7356,True,0.5717592592592593,2160
AVGO,b_20_80|none|death_cross,2018-01-02,2018-01-03,2018-01-10,2018-01-11,21.07541884908238,20.782107813107363,-0.013917210285374071,6,2117,2123,True,0.5675300647548566,2162
AVGO,b_20_80|none|death_cross,2018-01-31,2018-02-01,2018-02-01,2018-02-02,19.059260758044726,18.668963657801342,-0.020478081768131706,1,2137,2138,True,0.5343793262574988,2167
AVGO,b_20_80|none|death_cross,2018-02-06,2018-02-07,2018-02-27,2018-02-28,18.825867996139603,20.033828898210086,0.06416495124252353,14,2141,2155,True,0.6160631383472609,2154
AVGO,b_20_80|none|death_cross,2018-03-06,2018-03-07,2018-03-07,2018-03-08,19.60883006172698,19.574933509557354,-0.001728637152901169,1,2160,2161,True,0.5343793262574988,2167
AVGO,b_20_80|none|death_cross,2018-03-09,2018-03-12,2018-03-16,2018-03-19,20.551868272621174,19.956556188300446,-0.02896632444427405,5,2163,2168,True,0.5672676837725381,2163
AVGO,b_20_80|none|death_cross,2018-04-03,2018-04-04,2018-04-06,2018-04-09,18.40489026749548,18.39928958824734,-0.0003043038652631447,3,2179,2182,True,0.5505773672055427,2165
AVGO,b_20_80|none|death_cross,2018-04-09,2018-04-10,2018-04-20,2018-04-23,19.165725736290725,19.040120716681624,-0.0065536271016998215,9,2183,2192,True,0.5900880037054191,2159
AVGO,b_20_80|none|death_cross,2018-05-04,2018-05-07,2018-05-16,2018-05-17,18.50489823271807,19.050522421769433,0.029485392580363312,8,2202,2210,True,0.5828703703703704,2160
AVGO,b_20_80|none|death_cross,2018-05-25,2018-05-29,2018-06-08,2018-06-11,19.892162075974785,20.629798445308893,0.03708175946469927,9,2217,2226,True,0.5900880037054191,2159
AVGO,b_20_80|none|death_cross,2018-07-23,2018-07-24,2018-08-01,2018-08-02,17.658510367479856,17.372309138759395,-0.016207552209360432,7,2256,2263,True,0.5728829245719574,2161
AVGO,b_20_80|none|death_cross,2018-08-17,2018-08-20,2018-09-06,2018-09-07,16.983954367733663,18.177407944000908,0.0702694761435878,13,2275,2288,True,0.6194895591647331,2155
AVGO,b_20_80|none|death_cross,2018-10-16,2018-10-17,2018-10-18,2018-10-19,19.583269924961293,18.78765739512047,-0.04062715434600217,2,2316,2318,True,0.5512465373961218,2166
AVGO,b_20_80|none|death_cross,2018-10-23,2018-10-24,2018-10-24,2018-10-25,18.4935914118524,17.961000333436075,-0.028798683098134825,1,2321,2322,True,0.5343793262574988,2167
AVGO,b_20_80|none|death_cross,2018-10-30,2018-10-31,2018-11-12,2018-11-13,18.37922461403907,18.41925548877742,0.0021780502485273523,9,2326,2335,True,0.5900880037054191,2159
AVGO,b_20_80|none|death_cross,2018-11-15,2018-11-16,2018-11-19,2018-11-20,19.09969313813251,18.292646265816288,-0.04225444181115945,2,2338,2340,True,0.5512465373961218,2166
AVGO,b_20_80|none|death_cross,2018-11-26,2018-11-27,2018-12-04,2018-12-06,19.080090980646847,18.480518590807748,-0.03142397960508958,6,2344,2350,True,0.5675300647548566,2162
AVGO,b_20_80|none|death_cross,2018-12-10,2018-12-11,2018-12-19,2018-12-20,19.88714221248732,20.17429415882355,0.014439075422104874,7,2353,2360,True,0.5728829245719574,2161
AVGO,b_20_80|none|death_cross,2018-12-28,2018-12-31,2019-01-03,2019-01-04,21.282895123799364,19.33975805278961,-0.0913004109500527,3,2366,2369,True,0.5505773672055427,2165
AVGO,b_20_80|none|death_cross,2019-01-10,2019-01-11,2019-01-31,2019-02-01,20.589507612829554,22.21732145309341,0.0790603578712854,14,2374,2388,True,0.6160631383472609,2154
AVGO,b_20_80|none|death_cross,2019-02-12,2019-02-13,2019-02-21,2019-02-22,23.112943759250456,23.108817325360086,-0.00017853346303919881,6,2396,2402,True,0.5675300647548566,2162
AVGO,b_20_80|none|death_cross,2019-03-05,2019-03-06,2019-03-06,2019-03-07,22.837240660904392,22.302337293115254,-0.023422416732895912,1,2410,2411,True,0.5343793262574988,2167
AVGO,b_20_80|none|death_cross,2019-03-11,2019-03-12,2019-03-28,2019-03-29,22.26766843876543,25.08668365463432,0.12659678419503106,13,2414,2427,True,0.6194895591647331,2155
AVGO,b_20_80|none|death_cross,2019-05-01,2019-05-02,2019-05-06,2019-05-07,26.64908412877778,25.70548191627764,-0.03540842934565103,3,2450,2453,True,0.5505773672055427,2165
AVGO,b_20_80|none|death_cross,2019-05-15,2019-05-16,2019-05-17,2019-05-20,24.964262074530943,23.152839203642923,-0.07256064150744801,2,2460,2462,True,0.5512465373961218,2166
AVGO,b_20_80|none|death_cross,2019-06-04,2019-06-05,2019-06-14,2019-06-17,22.404117320063506,22.056828745869446,-0.015501104963552947,8,2473,2481,True,0.5828703703703704,2160
AVGO,b_20_80|none|death_cross,2019-06-20,2019-06-21,2019-07-02,2019-07-03,23.257945397726594,23.854086287344032,0.02563170905353096,8,2485,2493,True,0.5828703703703704,2160
AVGO,b_20_80|none|death_cross,2019-07-15,2019-07-16,2019-07-31,2019-08-01,24.130717709533222,24.310650419280524,0.007456583426700858,12,2501,2513,True,0.6196660482374768,2156
AVGO,b_20_80|none|death_cross,2019-08-12,2019-08-13,2019-08-23,2019-08-26,23.14779449710575,23.28652828703024,0.005993391290122219,9,2521,2530,True,0.5900880037054191,2159
AVGO,b_20_80|none|death_cross,2019-08-30,2019-09-03,2019-09-03,2019-09-04,23.542987725667246,23.441238108698276,-0.004321865098627198,1,2535,2536,True,0.5343793262574988,2167
AVGO,b_20_80|none|death_cross,2019-09-04,2019-09-05,2019-09-13,2019-09-16,24.245910877159513,24.114739764346762,-0.005410030313042102,7,2537,2544,True,0.5728829245719574,2161
AVGO,b_20_80|none|death_cross,2019-10-04,2019-10-07,2019-10-23,2019-10-24,23.760459983850996,24.004850281838614,0.010285587827580711,13,2559,2572,True,0.6194895591647331,2155
AVGO,b_20_80|none|death_cross,2019-10-28,2019-10-29,2019-11-07,2019-11-08,24.801644128160422,26.29425883713685,0.060182087173877186,8,2575,2583,True,0.5828703703703704,2160
AVGO,b_20_80|none|death_cross,2019-11-25,2019-11-26,2019-11-26,2019-11-27,27.06898890940352,26.979045690717772,-0.003322740239274369,1,2595,2596,True,0.5343793262574988,2167
AVGO,b_20_80|none|death_cross,2019-11-27,2019-11-29,2019-11-29,2019-12-02,26.886549958676746,26.96037585797657,0.002745830142331096,1,2597,2598,True,0.5343793262574988,2167
AVGO,b_20_80|none|death_cross,2019-12-06,2019-12-09,2019-12-20,2019-12-23,26.814423078020205,27.47518478951937,0.024642026031161945,10,2603,2613,True,0.6000926784059314,2158
AVGO,b_20_80|none|death_cross,2020-01-02,2020-01-03,2020-01-03,2020-01-06,27.215468685062397,26.644602432684774,-0.020975800894105223,1,2620,2621,True,0.5343793262574988,2167
AVGO,b_20_80|none|death_cross,2020-01-14,2020-01-15,2020-01-27,2020-01-28,26.34117612757039,26.87432422359406,0.02024010216710259,8,2628,2636,True,0.5828703703703704,2160
AVGO,b_20_80|none|death_cross,2020-02-06,2020-02-07,2020-02-18,2020-02-19,27.284897007695655,26.828896043138954,-0.016712577820179653,7,2644,2651,True,0.5728829245719574,2161
AVGO,b_20_80|none|death_cross,2020-03-02,2020-03-03,2020-03-09,2020-03-10,24.398865400200634,21.993693254326097,-0.09857721276886755,5,2660,2665,True,0.5672676837725381,2163
AVGO,b_20_80|none|death_cross,2020-03-10,2020-03-11,2020-03-11,2020-03-12,21.761405392138965,19.45651815186198,-0.10591628613791615,1,2666,2667,True,0.5343793262574988,2167
AVGO,b_20_80|none|death_cross,2020-03-13,2020-03-16,2020-03-16,2020-03-17,17.844212361450406,16.44190930155904,-0.07858587599645583,1,2669,2670,True,0.5343793262574988,2167
AVGO,b_20_80|none|death_cross,2020-03-19,2020-03-20,2020-04-03,2020-04-06,17.60879957325299,21.320594378365094,0.21079204119911488,11,2673,2684,True,0.6082522021325916,2157
AVGO,b_20_80|none|death_cross,2020-04-24,2020-04-27,2020-05-01,2020-05-04,23.043995250535353,22.595931092922694,-0.01944385740151766,5,2698,2703,True,0.5672676837725381,2163
AVGO,b_20_80|none|death_cross,2020-05-08,2020-05-11,2020-05-13,2020-05-14,23.830291082833355,22.748484136062466,-0.04539629595839023,3,2708,2711,True,0.5505773672055427,2165
AVGO,b_20_80|none|death_cross,2020-05-18,2020-05-19,2020-06-05,2020-06-08,23.8442378694439,27.67720520510575,0.16075025574936697,13,2714,2727,True,0.6194895591647331,2155
AVGO,b_20_80|none|death_cross,2020-06-18,2020-06-19,2020-06-26,2020-06-29,27.97819627160989,27.13183669058861,-0.03025068424014521,6,2736,2742,True,0.5675300647548566,2162
AVGO,b_20_80|none|death_cross,2020-06-30,2020-07-01,2020-07-13,2020-07-14,27.75185241965174,27.212862488195935,-0.019421764115253648,8,2744,2752,True,0.5828703703703704,2160
AVGO,b_20_80|none|death_cross,2020-07-30,2020-07-31,2020-08-11,2020-08-12,27.715753208972366,28.697729104560118,0.035430243882740964,8,2765,2773,True,0.5828703703703704,2160
AVGO,b_20_80|none|death_cross,2020-08-24,2020-08-25,2020-09-03,2020-09-04,29.503578364149153,31.79075987847247,0.07752217327992161,8,2782,2790,True,0.5828703703703704,2160
AVGO,b_20_80|none|death_cross,2020-09-16,2020-09-17,2020-09-18,2020-09-21,31.26497619515004,31.106544263442952,-0.0050673933259436366,2,2798,2800,True,0.5512465373961218,2166
AVGO,b_20_80|none|death_cross,2020-09-22,2020-09-23,2020-09-23,2020-09-24,32.01039203071932,31.1234394411439,-0.027708270136905577,1,2802,2803,True,0.5343793262574988,2167
AVGO,b_20_80|none|death_cross,2020-09-28,2020-09-29,2020-10-02,2020-10-05,32.66004439365983,32.06903987629739,-0.018095643417960883,4,2806,2810,True,0.5591497227356746,2164
AVGO,b_20_80|none|death_cross,2020-10-05,2020-10-06,2020-10-15,2020-10-16,32.53739997293613,34.06336334128612,0.04689874942740513,8,2811,2819,True,0.5828703703703704,2160
AVGO,b_20_80|none|death_cross,2020-11-03,2020-11-04,2020-11-12,2020-11-13,32.03704733797338,33.3274908544289,0.040279726868773125,7,2832,2839,True,0.5728829245719574,2161
AVGO,b_20_80|none|death_cross,2020-11-16,2020-11-17,2020-12-03,2020-12-04,33.65276563038605,35.762614551969214,0.06269466660648315,12,2841,2853,True,0.6196660482374768,2156
AVGO,b_20_80|none|death_cross,2020-12-16,2020-12-17,2020-12-29,2020-12-30,37.90446187501228,38.69082956465667,0.020746045471833563,8,2862,2870,True,0.5828703703703704,2160
AVGO,b_20_80|none|death_cross,2021-01-07,2021-01-08,2021-01-26,2021-01-27,40.06487311137384,40.83030227999573,0.01910474460992595,12,2876,2888,True,0.6196660482374768,2156
AVGO,b_20_80|none|death_cross,2021-02-02,2021-02-03,2021-02-17,2021-02-18,42.747514309121286,43.04329083571674,0.006919151472915885,10,2893,2903,True,0.6000926784059314,2158
AVGO,b_20_80|none|death_cross,2021-03-01,2021-03-02,2021-03-03,2021-03-04,43.952139702152614,41.37974337289413,-0.058527214981811126,2,2911,2913,True,0.5512465373961218,2166
AVGO,b_20_80|none|death_cross,2021-03-11,2021-03-12,2021-03-24,2021-03-25,39.91787056809311,41.097077687357604,0.029540832275934292,9,2919,2928,True,0.5900880037054191,2159
AVGO,b_20_80|none|death_cross,2021-03-26,2021-03-29,2021-03-30,2021-03-31,43.39509822358194,41.462018279149554,-0.044546043759889575,2,2930,2932,True,0.5512465373961218,2166
AVGO,b_20_80|none|death_cross,2021-04-01,2021-04-05,2021-04-14,2021-04-15,43.38606729760834,43.50711511499442,0.0027900158950970866,8,2934,2942,True,0.5828703703703704,2160
AVGO,b_20_80|none|death_cross,2021-04-26,2021-04-27,2021-05-03,2021-05-04,42.78988079712616,40.397919405398966,-0.055900164879352565,5,2950,2955,True,0.5672676837725381,2163
AVGO,b_20_80|none|death_cross,2021-05-07,2021-05-10,2021-05-10,2021-05-11,40.50270805652928,38.39075005909673,-0.05214362443333187,1,2959,2960,True,0.5343793262574988,2167
AVGO,b_20_80|none|death_cross,2021-05-14,2021-05-17,2021-06-03,2021-06-04,39.93902892535077,42.50082326535975,0.06414262962670358,13,2964,2977,True,0.6194895591647331,2155
AVGO,b_20_80|none|death_cross,2021-06-14,2021-06-15,2021-06-16,2021-06-17,43.048223745882886,41.99315954289329,-0.024508890522817572,2,2984,2986,True,0.5512465373961218,2166
AVGO,b_20_80|none|death_cross,2021-06-17,2021-06-18,2021-06-18,2021-06-21,42.20905844289026,41.984124789907874,-0.005329037445521934,1,2987,2988,True,0.5343793262574988,2167
AVGO,b_20_80|none|death_cross,2021-06-23,2021-06-24,2021-06-25,2021-06-28,42.77797097904733,42.42383570908846,-0.008278449441473712,2,2991,2993,True,0.5512465373961218,2166
AVGO,b_20_80|none|death_cross,2021-06-28,2021-06-29,2021-07-02,2021-07-06,43.00375169273494,42.82441262025685,-0.004170312249951569,4,2994,2998,True,0.5591497227356746,2164
AVGO,b_20_80|none|death_cross,2021-07-06,2021-07-07,2021-07-07,2021-07-08,43.243179280621554,42.27998921404603,-0.02227380323553485,1,2999,3000,True,0.5343793262574988,2167
AVGO,b_20_80|none|death_cross,2021-07-09,2021-07-12,2021-07-14,2021-07-15,43.818547210184136,43.996980442397316,0.004072093749646566,3,3002,3005,True,0.5505773672055427,2165
AVGO,b_20_80|none|death_cross,2021-07-23,2021-07-26,2021-08-06,2021-08-09,43.89501543931678,44.289214501426926,0.008980497174106539,10,3012,3022,True,0.6000926784059314,2158
AVGO,b_20_80|none|death_cross,2021-08-16,2021-08-17,2021-08-17,2021-08-18,44.20726813784324,43.39339302523077,-0.01841043671992393,1,3028,3029,True,0.5343793262574988,2167
AVGO,b_20_80|none|death_cross,2021-08-23,2021-08-24,2021-09-01,2021-09-02,43.916867116845225,45.13586567620538,0.027756956253661924,7,3033,3040,True,0.5728829245719574,2161
AVGO,b_20_80|none|death_cross,2021-09-14,2021-09-15,2021-09-20,2021-09-21,45.71214408647546,45.25573387136607,-0.009984441207701478,4,3048,3052,True,0.5591497227356746,2164
AVGO,b_20_80|none|death_cross,2021-09-23,2021-09-24,2021-09-28,2021-09-29,46.06090942933481,45.26857172819581,-0.017201955214422693,3,3055,3058,True,0.5505773672055427,2165
AVGO,b_20_80|none|death_cross,2021-10-07,2021-10-08,2021-10-27,2021-10-28,45.561114529930364,48.0665083332197,0.05498973914791905,14,3065,3079,True,0.6160631383472609,2154
AVGO,b_20_80|none|death_cross,2021-12-06,2021-12-07,2021-12-30,2021-12-31,52.45554400907005,61.55606435260566,0.17349015276558832,17,3106,3123,True,0.6387726638772664,2151
AVGO,b_20_80|none|death_cross,2022-02-25,2022-02-28,2022-03-07,2022-03-08,53.621717560157954,52.8067734875533,-0.015198022549172796,6,3162,3168,True,0.5675300647548566,2162
AVGO,b_20_80|none|death_cross,2022-03-09,2022-03-10,2022-03-11,2022-03-14,54.04257061158789,53.24884981014029,-0.01468695497762662,2,3170,3172,True,0.5512465373961218,2166
AVGO,b_20_80|none|death_cross,2022-03-16,2022-03-17,2022-03-30,2022-03-31,55.81088554577978,58.58181911391033,0.049648622146617694,10,3175,3185,True,0.6000926784059314,2158
AVGO,b_20_80|none|death_cross,2022-04-19,2022-04-20,2022-04-26,2022-04-27,56.139972060643004,51.64189777803011,-0.08012248879913975,5,3198,3203,True,0.5672676837725381,2163
AVGO,b_20_80|none|death_cross,2022-05-03,2022-05-04,2022-05-09,2022-05-10,54.05772396932467,53.936925051906705,-0.0022346282556496844,4,3208,3212,True,0.5591497227356746,2164
AVGO,b_20_80|none|death_cross,2022-05-10,2022-05-11,2022-05-11,2022-05-12,53.38779594488866,52.348993275163814,-0.019457680380684406,1,3213,3214,True,0.5343793262574988,2167
AVGO,b_20_80|none|death_cross,2022-05-13,2022-05-16,2022-05-18,2022-05-19,54.298380102998635,51.847241420852264,-0.045142022238910395,3,3216,3219,True,0.5505773672055427,2165
AVGO,b_20_80|none|death_cross,2022-05-27,2022-05-31,2022-06-09,2022-06-10,54.30952077299322,51.112276057126834,-0.05887079595547262,8,3226,3234,True,0.5828703703703704,2160
AVGO,b_20_80|none|death_cross,2022-06-24,2022-06-27,2022-06-30,2022-07-01,48.136137767057434,44.91425537192335,-0.06693271509911247,4,3244,3248,True,0.5591497227356746,2164
AVGO,b_20_80|none|death_cross,2022-07-06,2022-07-07,2022-08-02,2022-08-03,45.72933212899576,50.14946061600291,0.09665849644465863,19,3251,3270,True,0.6398324802233597,2149
AVGO,b_20_80|none|death_cross,2022-09-06,2022-09-07,2022-09-15,2022-09-16,47.1158874268289,46.629658111950576,-0.010319858999439102,7,3294,3301,True,0.5728829245719574,2161
AVGO,b_20_80|none|death_cross,2022-10-19,2022-10-20,2022-11-02,2022-11-03,41.10765002357901,42.60124602126959,0.03633377234733337,10,3325,3335,True,0.6000926784059314,2158
AVGO,b_20_80|none|death_cross,2022-11-07,2022-11-08,2022-11-17,2022-11-18,45.46469578122686,48.829792045835724,0.07401558960828614,8,3338,3346,True,0.5828703703703704,2160
AVGO,b_20_80|none|death_cross,2022-11-30,2022-12-01,2022-12-05,2022-12-06,52.05695820484921,50.13162176915732,-0.03698518895621028,3,3354,3357,True,0.5505773672055427,2165
AVGO,b_20_80|none|death_cross,2022-12-09,2022-12-12,2022-12-16,2022-12-19,51.46367781535828,52.77613661715001,0.025502623549381376,5,3361,3366,True,0.5672676837725381,2163
AVGO,b_20_80|none|death_cross,2022-12-29,2022-12-30,2023-01-11,2023-01-12,52.56656438167888,54.83090858530649,0.043075750341728725,8,3374,3382,True,0.5828703703703704,2160
AVGO,b_20_80|none|death_cross,2023-01-23,2023-01-24,2023-01-30,2023-01-31,55.102404866312966,55.44819961166567,0.006275492806378624,5,3389,3394,True,0.5672676837725381,2163
AVGO,b_20_80|none|death_cross,2023-02-01,2023-02-02,2023-02-03,2023-02-06,57.8830413420408,56.521782161003735,-0.023517409408278178,2,3396,3398,True,0.5512465373961218,2166
AVGO,b_20_80|none|death_cross,2023-02-07,2023-02-08,2023-02-08,2023-02-09,57.792548935166344,58.35649057128723,0.009758033630832497,1,3400,3401,True,0.5343793262574988,2167
AVGO,b_20_80|none|death_cross,2023-02-28,2023-03-01,2023-03-10,2023-03-13,56.584654618280965,57.8316054275782,0.02203690766885713,8,3414,3422,True,0.5828703703703704,2160
AVGO,b_20_80|none|death_cross,2023-03-14,2023-03-15,2023-03-15,2023-03-16,59.79205623953019,59.237648797639615,-0.00927225917218144,1,3424,3425,True,0.5343793262574988,2167
AVGO,b_20_80|none|death_cross,2023-03-16,2023-03-17,2023-03-22,2023-03-23,60.63320964254814,61.29989132901594,0.010995322371982308,4,3426,3430,True,0.5591497227356746,2164
AVGO,b_20_80|none|death_cross,2023-03-23,2023-03-24,2023-03-24,2023-03-27,61.21642038164777,61.30949455546429,0.001520411896616336,1,3431,3432,True,0.5343793262574988,2167
AVGO,b_20_80|none|death_cross,2023-03-31,2023-04-03,2023-04-05,2023-04-06,61.309485226188386,59.88564160979325,-0.023223871659371564,3,3437,3440,True,0.5505773672055427,2165
AVGO,b_20_80|none|death_cross,2023-04-18,2023-04-19,2023-04-25,2023-04-26,60.137987828958224,59.48363048759342,-0.010880931753584733,5,3448,3453,True,0.5672676837725381,2163
AVGO,b_20_80|none|death_cross,2023-05-01,2023-05-02,2023-05-02,2023-05-03,60.03916210139939,59.189075036671525,-0.014158876223025363,1,3457,3458,True,0.5343793262574988,2167
AVGO,b_20_80|none|death_cross,2023-05-05,2023-05-08,2023-05-24,2023-05-25,60.42486497973499,67.1055676435673,0.11056214467459458,13,3461,3474,True,0.6194895591647331,2155
AVGO,b_20_80|none|death_cross,2023-06-12,2023-06-13,2023-06-21,2023-06-22,82.62196356514367,81.5149669372015,-0.013398333568644283,6,3486,3492,True,0.5675300647548566,2162
AVGO,b_20_80|none|death_cross,2023-06-29,2023-06-30,2023-07-07,2023-07-10,83.774954466875,81.82268227737804,-0.023303769031219224,5,3498,3503,True,0.5672676837725381,2163
AVGO,b_20_80|none|death_cross,2023-07-10,2023-07-11,2023-07-20,2023-07-21,84.98936854006756,87.24452063749433,0.026534519977796878,8,3504,3512,True,0.5828703703703704,2160
AVGO,b_20_80|none|death_cross,2023-07-25,2023-07-26,2023-07-26,2023-07-27,87.67954924551204,87.63132018103377,-0.0005500605887379661,1,3515,3516,True,0.5343793262574988,2167
AVGO,b_20_80|none|death_cross,2023-08-01,2023-08-02,2023-08-02,2023-08-03,87.99785315106743,85.52083914613075,-0.028148573132623422,1,3520,3521,True,0.5343793262574988,2167
AVGO,b_20_80|none|death_cross,2023-08-15,2023-08-16,2023-08-16,2023-08-17,81.77541648661253,80.68737248001472,-0.013305270133059266,1,3530,3531,True,0.5343793262574988,2167
AVGO,b_20_80|none|death_cross,2023-08-21,2023-08-22,2023-09-05,2023-09-06,84.2466416989415,84.15886064894332,-0.0010419531061175435,10,3534,3544,True,0.6000926784059314,2158
AVGO,b_20_80|none|death_cross,2023-09-14,2023-09-15,2023-09-15,2023-09-18,83.74022799081189,81.272869852327,-0.029464430628915905,1,3551,3552,True,0.5343793262574988,2167
AVGO,b_20_80|none|death_cross,2023-09-22,2023-09-25,2023-10-17,2023-10-18,80.30151018343736,85.33973865903481,0.06274139133981826,17,3557,3574,True,0.6387726638772664,2151
AVGO,b_20_80|none|death_cross,2023-11-01,2023-11-02,2023-11-16,2023-11-17,83.59890179793516,92.92959876179732,0.11161267388912788,11,3585,3596,True,0.6082522021325916,2157
AVGO,b_20_80|none|death_cross,2023-12-08,2023-12-11,2023-12-22,2023-12-26,92.81320804708079,109.53294760080732,0.1801439677124963,10,3611,3621,True,0.6000926784059314,2158
AVGO,b_20_80|none|death_cross,2024-01-09,2024-01-10,2024-01-25,2024-01-26,105.25680647584225,118.83346375529933,0.12898602697558648,11,3631,3642,True,0.6082522021325916,2157
AVGO,b_20_80|none|death_cross,2024-02-07,2024-02-08,2024-02-14,2024-02-15,123.44181516588203,124.70351044749196,0.010220971555825464,5,3651,3656,True,0.5672676837725381,2163
AVGO,b_20_80|none|death_cross,2024-02-22,2024-02-23,2024-03-05,2024-03-06,127.47245211044563,135.57947586024076,0.06359824115386892,8,3661,3669,True,0.5828703703703704,2160
AVGO,b_20_80|none|death_cross,2024-03-20,2024-03-21,2024-04-04,2024-04-05,129.9672931815352,129.74028255603298,-0.0017466750283484656,10,3680,3690,True,0.6000926784059314,2158
AVGO,b_20_80|none|death_cross,2024-04-11,2024-04-12,2024-04-15,2024-04-16,132.2851831414816,128.70117985905543,-0.027093006165271105,2,3695,3697,True,0.5512465373961218,2166
AVGO,b_20_80|none|death_cross,2024-04-24,2024-04-25,2024-05-02,2024-05-03,124.50077359556775,123.18479088159945,-0.010570076602440803,6,3704,3710,True,0.5675300647548566,2162
AVGO,b_20_80|none|death_cross,2024-05-06,2024-05-07,2024-05-17,2024-05-20,128.80490844374174,136.5893447936618,0.060435867266037446,9,3712,3721,True,0.5900880037054191,2159
AVGO,b_20_80|none|death_cross,2024-06-05,2024-06-06,2024-06-20,2024-06-21,139.12052057200086,165.90903071320713,0.19255613788004822,10,3733,3743,True,0.6000926784059314,2158
AVGO,b_20_80|none|death_cross,2024-07-03,2024-07-05,2024-07-15,2024-07-16,172.31530692096328,169.2175522642496,-0.01797724596883632,7,3752,3759,True,0.5728829245719574,2161
AVGO,b_20_80|none|death_cross,2024-07-31,2024-08-01,2024-08-02,2024-08-05,154.5925990619924,127.21745029464459,-0.17707929702618053,2,3771,3773,True,0.5512465373961218,2166
AVGO,b_20_80|none|death_cross,2024-08-05,2024-08-06,2024-08-22,2024-08-23,139.11371456588614,161.98361196309557,0.16439714422533047,13,3774,3787,True,0.6194895591647331,2155
AVGO,b_20_80|none|death_cross,2024-09-10,2024-09-11,2024-09-27,2024-09-30,145.65080855923492,169.25219526745488,0.16204089041236935,13,3799,3812,True,0.6194895591647331,2155
AVGO,b_20_80|none|death_cross,2024-10-07,2024-10-08,2024-10-15,2024-10-16,172.74811476003833,175.79104693948779,0.017614850290414763,6,3818,3824,True,0.5675300647548566,2162
AVGO,b_20_80|none|death_cross,2024-10-29,2024-10-30,2024-10-31,2024-11-01,174.7668836623549,165.69718646200965,-0.051895971423668974,2,3834,3836,True,0.5512465373961218,2166
AVGO,b_20_80|none|death_cross,2024-11-05,2024-11-06,2024-11-13,2024-11-14,176.8940146260759,172.10803086665146,-0.027055656854988452,6,3839,3845,True,0.5675300647548566,2162
AVGO,b_20_80|none|death_cross,2024-11-26,2024-11-27,2024-11-27,2024-11-29,160.71423868106405,157.13954883612007,-0.022242521100062085,1,3854,3855,True,0.5343793262574988,2167
AVGO,b_20_80|none|death_cross,2024-11-29,2024-12-02,2024-12-18,2024-12-19,160.4680570015112,224.4386491540104,0.39865000765789005,13,3856,3869,True,0.6194895591647331,2155
AVGO,b_20_80|none|death_cross,2024-12-24,2024-12-26,2024-12-30,2024-12-31,236.9777448422762,232.9096200594737,-0.017166695486574457,3,3873,3876,True,0.5505773672055427,2165
AVGO,b_20_80|none|death_cross,2025-01-16,2025-01-17,2025-01-27,2025-01-28,234.09449923834555,205.39057271162832,-0.12261683474028173,6,3887,3893,True,0.5675300647548566,2162
AVGO,b_20_80|none|death_cross,2025-02-04,2025-02-05,2025-02-18,2025-02-19,230.99406376362234,224.98076222031483,-0.02603227738986813,9,3899,3908,True,0.5900880037054191,2159
AVGO,b_20_80|none|death_cross,2025-03-07,2025-03-10,2025-03-21,2025-03-24,187.21243019700833,192.43374787634423,0.027889802369647,10,3921,3931,True,0.6000926784059314,2158
AVGO,b_20_80|none|death_cross,2025-04-02,2025-04-03,2025-04-03,2025-04-04,158.9980094563159,146.74683525709935,-0.07705237468763737,1,3939,3940,True,0.5343793262574988,2167
AVGO,b_20_80|none|death_cross,2025-04-07,2025-04-08,2025-04-21,2025-04-22,166.01001678632772,165.82185893164325,-0.0011334126598315786,9,3942,3951,True,0.5900880037054191,2159
AVGO,b_20_80|none|death_cross,2025-04-24,2025-04-25,2025-05-06,2025-05-07,185.1246613220401,197.37581915054164,0.06617788111541545,8,3954,3962,True,0.5828703703703704,2160
AVGO,b_20_80|none|death_cross,2025-06-20,2025-06-23,2025-07-01,2025-07-02,247.29802554970544,262.0697825574709,0.059732611996921925,7,3993,4000,True,0.5728829245719574,2161
AVGO,b_20_80|none|death_cross,2025-07-15,2025-07-16,2025-07-22,2025-07-23,278.0725355609091,274.76675375060375,-0.011888199615388673,5,4009,4014,True,0.5672676837725381,2163
AVGO,b_20_80|none|death_cross,2025-07-24,2025-07-25,2025-07-31,2025-08-01,285.9746675054812,284.4557658058652,-0.005311315554154317,5,4016,4021,True,0.5672676837725381,2163
AVGO,b_20_80|none|death_cross,2025-08-07,2025-08-08,2025-08-15,2025-08-18,301.83838755465973,300.49824040001744,-0.004439949356672246,6,4026,4032,True,0.5675300647548566,2162
AVGO,b_20_80|none|death_cross,2025-08-27,2025-08-28,2025-09-17,2025-09-18,300.7265426280411,347.4541836475093,0.15538249670653137,14,4040,4054,True,0.6160631383472609,2154
AVGO,b_20_80|none|death_cross,2025-10-01,2025-10-02,2025-10-10,2025-10-13,345.6727893830656,350.8040064602497,0.014844145199689907,7,4064,4071,True,0.5728829245719574,2161
AVGO,b_20_80|none|death_cross,2025-10-13,2025-10-14,2025-10-21,2025-10-22,348.17875107559985,345.3645237166866,-0.008082708523192372,6,4072,4078,True,0.5675300647548566,2162
AVGO,b_20_80|none|death_cross,2025-10-27,2025-10-28,2025-11-03,2025-11-04,360.59915286022726,356.52198503236366,-0.011306648380962736,5,4082,4087,True,0.5672676837725381,2163
AVGO,b_20_80|none|death_cross,2025-11-19,2025-11-20,2025-11-21,2025-11-24,363.96031113463056,345.79212752621737,-0.04991803516096205,2,4099,4101,True,0.5512465373961218,2166
AVGO,b_20_80|none|death_cross,2025-11-24,2025-11-25,2025-12-03,2025-12-04,382.78479805141666,378.5584996226792,-0.011040925476276997,6,4102,4108,True,0.5675300647548566,2162
AVGO,b_20_80|none|death_cross,2025-12-08,2025-12-09,2025-12-12,2025-12-15,396.5277986633077,359.8732264357258,-0.09243884628302013,4,4111,4115,True,0.5591497227356746,2164
AVGO,b_20_80|none|death_cross,2025-12-24,2025-12-26,2026-01-05,2026-01-06,349.7715357876288,342.3389417342706,-0.021249853955729203,6,4123,4129,True,0.5675300647548566,2162
AVGO,b_20_80|none|death_cross,2026-01-12,2026-01-13,2026-01-15,2026-01-16,351.58487107154133,344.99912218243014,-0.018731604886864206,3,4134,4137,True,0.5505773672055427,2165
AVGO,b_20_80|none|death_cross,2026-01-16,2026-01-20,2026-01-20,2026-01-21,342.837095865828,334.2786261557405,-0.02496366295623087,1,4138,4139,True,0.5343793262574988,2167
AVGO,b_20_80|none|death_cross,2026-01-27,2026-01-28,2026-02-04,2026-02-05,337.6063633193964,313.18632179759084,-0.07233288283343964,6,4144,4150,True,0.5675300647548566,2162
AVGO,b_20_80|none|death_cross,2026-02-06,2026-02-09,2026-02-13,2026-02-17,329.55599651471385,318.5067020490309,-0.03352782101535712,5,4152,4157,True,0.5672676837725381,2163
AVGO,b_20_80|none|death_cross,2026-03-05,2026-03-06,2026-03-13,2026-03-16,327.0751520776263,324.8234470564934,-0.00688436589214958,6,4170,4176,True,0.5675300647548566,2162
AVGO,b_20_80|none|death_cross,2026-03-25,2026-03-26,2026-03-26,2026-03-27,313.52376738951216,306.5747878358005,-0.022164123669381808,1,4184,4185,True,0.5343793262574988,2167
AVGO,b_20_80|none|death_cross,2026-03-31,2026-04-01,2026-04-21,2026-04-22,312.8748233993929,406.3368957065317,0.2987203357933088,14,4188,4202,True,0.6160631383472609,2154
AVGO,b_20_80|none|death_cross,2026-05-05,2026-05-06,2026-05-07,2026-05-08,434.87173441749127,419.13663168773485,-0.03618331909024508,2,4212,4214,True,0.5512465373961218,2166
AVGO,b_20_80|none|death_cross,2026-05-08,2026-05-11,2026-05-12,2026-05-13,426.9442731163034,415.1529462908859,-0.027617952898985165,2,4215,4217,True,0.5512465373961218,2166
AVGO,b_20_80|none|death_cross,2026-05-14,2026-05-15,2026-05-15,2026-05-18,432.12608162585786,420.74410259925855,-0.026339486345686502,1,4219,4220,True,0.5343793262574988,2167
AVGO,b_20_80|none|death_cross,2026-05-28,2026-05-29,2026-06-04,2026-06-05,432.26588669428304,406.96588319695917,-0.05852879969502922,5,4228,4233,True,0.5672676837725381,2163
AVGO,b_20_80|none|death_cross,2026-06-17,2026-06-18,2026-06-24,2026-06-25,408.93278956863384,386.5799865722656,-0.0546613124859644,4,4242,4246,True,0.5591497227356746,2164
AVGO,b_20_80|none|death_cross,2026-07-06,2026-07-07,2026-07-16,2026-07-17,366.55999755859375,366.04998779296875,-0.0013913404872921697,8,4253,4261,True,0.5828703703703704,2160
AVGO,b_20_80|none|death_cross,2026-07-22,2026-07-23,2026-07-28,2026-07-29,392.19000244140625,380.6400146484375,-0.0294499801654029,4,4265,4269,True,0.5591497227356746,2164
AVGO,b_20_80|none|death_cross,2026-07-31,2026-08-03,2026-08-12,2026-08-13,384.4100036621094,415.80999755859375,0.08168360239679018,8,4272,4280,True,0.5828703703703704,2160
DELL,b_20_80|none|death_cross,2018-01-03,2018-01-04,2018-01-16,2018-01-17,21.26453103871781,22.133879172066226,0.040882544353578076,8,348,356,True,0.6143518518518518,2160
DELL,b_20_80|none|death_cross,2018-03-07,2018-03-08,2018-03-13,2018-03-14,19.762938242916032,19.75783798103192,-0.0002580720448256413,4,391,395,True,0.5670055452865065,2164
DELL,b_20_80|none|death_cross,2018-04-04,2018-04-05,2018-04-06,2018-04-09,18.745731764539116,18.22820365466655,-0.02760778380770179,2,410,412,True,0.5475530932594644,2166
DELL,b_20_80|none|death_cross,2018-04-10,2018-04-11,2018-04-20,2018-04-23,18.49844176753171,18.574921504468257,0.0041343880688795576,8,414,422,True,0.6143518518518518,2160
DELL,b_20_80|none|death_cross,2018-05-03,2018-05-04,2018-05-29,2018-05-30,18.067591417056956,20.698569392459504,0.1456186336447003,17,431,448,True,0.6331938633193863,2151
DELL,b_20_80|none|death_cross,2018-07-02,2018-07-03,2018-07-16,2018-07-17,23.74000022236809,23.98984314520289,0.01052413312951006,9,472,481,True,0.6095414543770264,2159
DELL,b_20_80|none|death_cross,2018-08-03,2018-08-06,2018-08-20,2018-08-21,23.673719704374797,24.283021064178527,0.025737457713125522,11,495,506,True,0.6110338433008808,2157
DELL,b_20_80|none|death_cross,2018-08-22,2018-08-23,2018-08-24,2018-08-27,24.43089369536484,24.474233687745514,0.0017739830937455459,2,508,510,True,0.5475530932594644,2166
DELL,b_20_80|none|death_cross,2018-08-29,2018-08-30,2018-09-04,2018-09-05,24.392647597926384,24.428337274503868,0.001463132545747925,3,513,516,True,0.5658198614318707,2165
DELL,b_20_80|none|death_cross,2018-09-10,2018-09-11,2018-09-17,2018-09-18,24.604247171348373,24.759755396237633,0.006320381347426407,5,520,525,True,0.5829865926953306,2163
DELL,b_20_80|none|death_cross,2018-09-26,2018-09-27,2018-10-08,2018-10-09,24.60169995229617,24.290669903798552,-0.012642624253637713,8,532,540,True,0.6143518518518518,2160
DELL,b_20_80|none|death_cross,2018-10-15,2018-10-16,2018-10-23,2018-10-24,24.32381645215655,23.60233339628989,-0.029661589384452625,6,545,551,True,0.5883441258094357,2162
DELL,b_20_80|none|death_cross,2018-10-31,2018-11-01,2018-11-19,2018-11-20,23.171485020186008,26.03700809305865,0.12366592259306297,13,557,570,True,0.6176334106728538,2155
DELL,b_20_80|none|death_cross,2018-11-28,2018-11-29,2018-12-03,2018-12-04,26.92420141727073,26.768689798647987,-0.005775904592772441,3,576,579,True,0.5658198614318707,2165
DELL,b_20_80|none|death_cross,2018-12-13,2018-12-14,2018-12-20,2018-12-21,26.743192277946136,26.381183533882023,-0.013536482118578053,5,586,591,True,0.5829865926953306,2163
DELL,b_20_80|none|death_cross,2019-01-07,2019-01-08,2019-01-10,2019-01-11,21.704263109952063,20.695937659722812,-0.04645748372663727,3,601,604,True,0.5658198614318707,2165
DELL,b_20_80|none|death_cross,2019-03-13,2019-03-14,2019-03-25,2019-03-26,25.783595696729755,26.667609707582862,0.034285908810043564,8,646,654,True,0.6143518518518518,2160
DELL,b_20_80|none|death_cross,2019-04-01,2019-04-02,2019-04-16,2019-04-17,27.721971927386303,29.057192527273504,0.04816470499950798,11,659,670,True,0.6110338433008808,2157
DELL,b_20_80|none|death_cross,2019-04-23,2019-04-24,2019-04-29,2019-04-30,29.91818481195981,30.22666522587269,0.01031079979790639,4,674,678,True,0.5670055452865065,2164
DELL,b_20_80|none|death_cross,2019-05-15,2019-05-16,2019-05-23,2019-05-24,31.331686588148642,30.39702546881274,-0.0298311779899344,6,690,696,True,0.5883441258094357,2162
DELL,b_20_80|none|death_cross,2019-06-19,2019-06-20,2019-06-27,2019-06-28,25.323176679016406,24.245793300121473,-0.04254534857736414,6,714,720,True,0.5883441258094357,2162
DELL,b_20_80|none|death_cross,2019-07-03,2019-07-05,2019-07-09,2019-07-10,24.00176823055873,23.725511494494913,-0.01150984933318755,3,724,727,True,0.5658198614318707,2165
DELL,b_20_80|none|death_cross,2019-07-10,2019-07-11,2019-07-22,2019-07-23,24.06162329125432,26.10589589879756,0.08495987917350001,8,728,736,True,0.6143518518518518,2160
DELL,b_20_80|none|death_cross,2019-07-31,2019-08-01,2019-08-02,2019-08-05,26.676815977669225,23.48609669025302,-0.11960645116295399,2,743,745,True,0.5475530932594644,2166
DELL,b_20_80|none|death_cross,2019-08-16,2019-08-19,2019-08-23,2019-08-26,22.703380870484484,21.179383427835056,-0.06712645360368774,5,755,760,True,0.5829865926953306,2163
DELL,b_20_80|none|death_cross,2019-08-29,2019-08-30,2019-09-13,2019-09-16,23.41242733687683,24.402335542394418,0.042281314588786145,10,764,774,True,0.6116774791473587,2158
DELL,b_20_80|none|death_cross,2019-09-25,2019-09-26,2019-09-26,2019-09-27,24.402335573885104,24.13529055188472,-0.01094342060790987,1,782,783,True,0.543608675588371,2167
DELL,b_20_80|none|death_cross,2019-10-11,2019-10-14,2019-10-21,2019-10-22,23.136175847178315,23.163805825676167,0.0011942327323390955,6,794,800,True,0.5883441258094357,2162
DELL,b_20_80|none|death_cross,2019-10-24,2019-10-25,2019-11-08,2019-11-11,23.532139870071003,24.77987970097053,0.0530227951129274,11,803,814,True,0.6110338433008808,2157
DELL,b_20_80|none|death_cross,2019-11-19,2019-11-20,2019-11-20,2019-11-21,25.70072779793709,25.43367947547543,-0.010390691055959023,1,821,822,True,0.543608675588371,2167
DELL,b_20_80|none|death_cross,2020-01-02,2020-01-03,2020-01-03,2020-01-06,23.665663765716115,23.062508691021073,-0.025486505709965246,1,850,851,True,0.543608675588371,2167
DELL,b_20_80|none|death_cross,2020-01-14,2020-01-15,2020-01-21,2020-01-22,23.347970534731417,22.790858693311066,-0.023861253404942273,4,858,862,True,0.5670055452865065,2164
DELL,b_20_80|none|death_cross,2020-01-23,2020-01-24,2020-01-24,2020-01-27,23.274306063805074,22.40410737800137,-0.037388813372914664,1,864,865,True,0.543608675588371,2167
DELL,b_20_80|none|death_cross,2020-02-03,2020-02-04,2020-02-21,2020-02-24,23.02107060997655,22.915177569130265,-0.004599831286751566,13,871,884,True,0.6176334106728538,2155
DELL,b_20_80|none|death_cross,2020-03-10,2020-03-11,2020-03-12,2020-03-13,17.330260105556846,16.197632095509448,-0.06535551129346451,2,896,898,True,0.5475530932594644,2166
DELL,b_20_80|none|death_cross,2020-03-13,2020-03-16,2020-03-17,2020-03-18,13.435097675179213,13.352220585001458,-0.006168700234376878,2,899,901,True,0.5475530932594644,2166
DELL,b_20_80|none|death_cross,2020-03-18,2020-03-19,2020-04-01,2020-04-02,13.352221207947014,16.842216860166193,0.26137940630746836,10,902,912,True,0.6116774791473587,2158
DELL,b_20_80|none|death_cross,2020-04-08,2020-04-09,2020-04-20,2020-04-21,19.18576197774654,18.384628385687254,-0.041756673151085555,7,917,924,True,0.6062008329477094,2161
DELL,b_20_80|none|death_cross,2020-04-27,2020-04-28,2020-05-04,2020-05-05,18.87267548313379,18.877276005848934,0.00024376632339473403,5,929,934,True,0.5829865926953306,2163
DELL,b_20_80|none|death_cross,2020-05-08,2020-05-11,2020-05-13,2020-05-14,19.917828040140005,18.490525172385475,-0.07165956372743632,3,938,941,True,0.5658198614318707,2165
DELL,b_20_80|none|death_cross,2020-05-18,2020-05-19,2020-06-09,2020-06-10,20.069772821287707,23.053299362621484,0.1486577136622691,15,944,959,True,0.6316767301439852,2153
DELL,b_20_80|none|death_cross,2020-06-19,2020-06-22,2020-07-07,2020-07-08,22.381084169367604,24.48981368789639,0.09421927474876068,11,967,978,True,0.6110338433008808,2157
DELL,b_20_80|none|death_cross,2020-07-16,2020-07-17,2020-07-28,2020-07-29,27.054365205643485,27.36284435853438,0.011402195192757647,8,985,993,True,0.6143518518518518,2160
DELL,b_20_80|none|death_cross,2020-08-05,2020-08-06,2020-08-13,2020-08-14,27.74498985297246,27.523994302663315,-0.007965241705989223,6,999,1005,True,0.5883441258094357,2162
DELL,b_20_80|none|death_cross,2020-08-24,2020-08-25,2020-09-04,2020-09-08,28.343544182530447,29.029571115003616,0.02420399255841832,9,1012,1021,True,0.6095414543770264,2159
DELL,b_20_80|none|death_cross,2020-09-14,2020-09-15,2020-09-18,2020-09-21,31.078449019222877,29.821492608003314,-0.04044463127622944,4,1026,1030,True,0.5670055452865065,2164
DELL,b_20_80|none|death_cross,2020-09-28,2020-09-29,2020-10-07,2020-10-08,31.073838409218425,31.07844541951652,0.0001482600970443837,7,1036,1043,True,0.6062008329477094,2161
DELL,b_20_80|none|death_cross,2020-10-08,2020-10-09,2020-10-15,2020-10-16,31.810511425979012,32.60704724669275,0.025040019320884843,5,1044,1049,True,0.5829865926953306,2163
DELL,b_20_80|none|death_cross,2020-11-04,2020-11-05,2020-11-25,2020-11-27,29.0986285105997,31.934824815957928,0.09746838426852644,15,1063,1078,True,0.6316767301439852,2153
DELL,b_20_80|none|death_cross,2021-01-05,2021-01-06,2021-01-13,2021-01-14,33.75809371073273,32.828050788181336,-0.027550220415902937,6,1104,1110,True,0.5883441258094357,2162
DELL,b_20_80|none|death_cross,2021-01-20,2021-01-21,2021-01-27,2021-01-28,35.71029447826284,33.9975150550617,-0.047963183956484134,5,1114,1119,True,0.5829865926953306,2163
DELL,b_20_80|none|death_cross,2021-02-02,2021-02-03,2021-02-16,2021-02-17,35.33734886409429,36.299617487277814,0.027230922921930745,9,1123,1132,True,0.6095414543770264,2159
DELL,b_20_80|none|death_cross,2021-02-24,2021-02-25,2021-02-25,2021-02-26,37.2941357614438,37.14680040248551,-0.003950630734567362,1,1138,1139,True,0.543608675588371,2167
DELL,b_20_80|none|death_cross,2021-03-01,2021-03-02,2021-03-18,2021-03-19,38.214981098181084,40.38816369407695,0.05686729480024,13,1141,1154,True,0.6176334106728538,2155
DELL,b_20_80|none|death_cross,2021-03-29,2021-03-30,2021-04-14,2021-04-15,40.369750148595564,45.148927139997866,0.11838510205812036,11,1161,1172,True,0.6110338433008808,2157
DELL,b_20_80|none|death_cross,2021-05-06,2021-05-07,2021-05-12,2021-05-13,46.042141190839615,43.72622536886639,-0.05029991573098247,4,1188,1192,True,0.5670055452865065,2164
DELL,b_20_80|none|death_cross,2021-05-14,2021-05-17,2021-06-14,2021-06-15,45.12130708889185,47.368147114572075,0.04979554384924634,20,1194,1214,True,0.633147113594041,2148
DELL,b_20_80|none|death_cross,2021-06-29,2021-06-30,2021-07-01,2021-07-02,46.64069209740534,45.6507878529734,-0.02122404706955472,2,1225,1227,True,0.5475530932594644,2166
DELL,b_20_80|none|death_cross,2021-07-09,2021-07-12,2021-07-12,2021-07-13,46.09279040325947,44.545775746386866,-0.0335630506059188,1,1232,1233,True,0.543608675588371,2167
DELL,b_20_80|none|death_cross,2021-07-20,2021-07-21,2021-08-02,2021-08-03,44.06232539268069,44.55037769988461,0.011076408311509356,9,1239,1248,True,0.6095414543770264,2159
DELL,b_20_80|none|death_cross,2021-08-03,2021-08-04,2021-08-04,2021-08-05,45.11669371714162,45.12130168520359,0.00010213443588891202,1,1249,1250,True,0.543608675588371,2167
DELL,b_20_80|none|death_cross,2021-08-05,2021-08-06,2021-08-16,2021-08-17,45.29626494574916,45.65539394970081,0.007928446294231506,7,1251,1258,True,0.6062008329477094,2161
DELL,b_20_80|none|death_cross,2021-08-23,2021-08-24,2021-08-27,2021-08-30,46.5025599382189,44.91870774991012,-0.03405946232665502,4,1263,1267,True,0.5670055452865065,2164
DELL,b_20_80|none|death_cross,2021-09-13,2021-09-14,2021-09-22,2021-09-23,45.503452936013936,46.40127067490935,0.019730760655854107,7,1277,1284,True,0.6062008329477094,2161
DELL,b_20_80|none|death_cross,2021-09-24,2021-09-27,2021-10-06,2021-10-07,47.62138883782564,48.873733781464,0.026297950862021358,8,1286,1294,True,0.6143518518518518,2160
DELL,b_20_80|none|death_cross,2021-10-15,2021-10-18,2021-10-26,2021-10-27,49.93270409451072,50.54966901515171,0.012355928480725087,7,1301,1308,True,0.6062008329477094,2161
DELL,b_20_80|none|death_cross,2021-11-05,2021-11-08,2021-11-17,2021-11-18,51.20715375804056,50.78929117868626,-0.008160238339524728,8,1316,1324,True,0.6143518518518518,2160
DELL,b_20_80|none|death_cross,2021-11-24,2021-11-26,2021-12-09,2021-12-10,51.32524873958138,52.37900315646472,0.02053091690271147,10,1329,1339,True,0.6116774791473587,2158
DELL,b_20_80|none|death_cross,2021-12-22,2021-12-23,2022-01-06,2022-01-07,50.507681590146035,52.778698125133886,0.04496378498257814,10,1348,1358,True,0.6116774791473587,2158
DELL,b_20_80|none|death_cross,2022-01-10,2022-01-11,2022-01-18,2022-01-19,54.50468197897757,54.50469156434577,1.7586320755214047e-07,5,1360,1365,True,0.5829865926953306,2163
DELL,b_20_80|none|death_cross,2022-01-31,2022-02-01,2022-02-11,2022-02-14,51.67044757188593,53.77796296505508,0.04078763572227806,9,1374,1383,True,0.6095414543770264,2159
DELL,b_20_80|none|death_cross,2022-03-02,2022-03-03,2022-03-07,2022-03-08,48.49100712697307,45.19347241842611,-0.0680030154851683,3,1395,1398,True,0.5658198614318707,2165
DELL,b_20_80|none|death_cross,2022-03-09,2022-03-10,2022-03-31,2022-04-01,46.61060015864022,44.12154444771678,-0.05340106547549017,16,1400,1416,True,0.6282527881040892,2152
DELL,b_20_80|none|death_cross,2022-04-28,2022-04-29,2022-05-06,2022-05-09,43.671347745459144,41.13742075541256,-0.058022642324109475,6,1435,1441,True,0.5883441258094357,2162
DELL,b_20_80|none|death_cross,2022-05-16,2022-05-17,2022-05-18,2022-05-19,42.07050148827787,38.88706874727155,-0.07566899914167469,2,1447,1449,True,0.5475530932594644,2166
DELL,b_20_80|none|death_cross,2022-05-23,2022-05-24,2022-06-09,2022-06-10,37.28622060145137,45.37282894270949,0.21687927096969828,12,1452,1464,True,0.6150278293135436,2156
DELL,b_20_80|none|death_cross,2022-06-21,2022-06-22,2022-06-29,2022-06-30,44.52208166526289,42.68338158754567,-0.041298609789663376,6,1471,1477,True,0.5883441258094357,2162
DELL,b_20_80|none|death_cross,2022-07-13,2022-07-14,2022-08-02,2022-08-03,38.98769891327164,40.755705967047255,0.045347817466954154,14,1486,1500,True,0.6188486536675951,2154
DELL,b_20_80|none|death_cross,2022-08-10,2022-08-11,2022-08-19,2022-08-22,43.705667949887626,43.30926698429005,-0.009069783947749932,7,1506,1513,True,0.6062008329477094,2161
DELL,b_20_80|none|death_cross,2022-10-03,2022-10-04,2022-10-10,2022-10-11,33.721860565773596,31.71218982094567,-0.05959548824146632,5,1543,1548,True,0.5829865926953306,2163
DELL,b_20_80|none|death_cross,2022-10-18,2022-10-19,2022-11-02,2022-11-03,31.674337024914642,34.587664799465344,0.09197754548924308,11,1554,1565,True,0.6110338433008808,2157
DELL,b_20_80|none|death_cross,2022-11-07,2022-11-08,2022-11-09,2022-11-10,37.389299834222314,38.189773863413734,0.021409174088324212,2,1568,1570,True,0.5475530932594644,2166
DELL,b_20_80|none|death_cross,2022-11-22,2022-11-23,2022-11-29,2022-11-30,40.81456872639356,40.44226139302457,-0.009121922514110148,4,1579,1583,True,0.5670055452865065,2164
DELL,b_20_80|none|death_cross,2022-11-30,2022-12-01,2022-12-05,2022-12-06,41.88496164827541,40.03270708647679,-0.04422242468198323,3,1584,1587,True,0.5658198614318707,2165
DELL,b_20_80|none|death_cross,2023-01-23,2023-01-24,2023-02-06,2023-02-07,37.72053806284021,38.33983037489339,0.01641790769319007,10,1619,1629,True,0.6116774791473587,2158
DELL,b_20_80|none|death_cross,2023-02-09,2023-02-10,2023-02-16,2023-02-17,39.2969229702482,39.96313650055553,0.01695332560291618,5,1632,1637,True,0.5829865926953306,2163
DELL,b_20_80|none|death_cross,2023-03-03,2023-03-06,2023-03-06,2023-03-07,37.776838131418906,36.70715826900414,-0.028315759479222158,1,1647,1648,True,0.543608675588371,2167
DELL,b_20_80|none|death_cross,2023-03-28,2023-03-29,2023-04-06,2023-04-10,36.500724927346816,37.439040746810434,0.025706772162232383,7,1664,1671,True,0.6062008329477094,2161
DELL,b_20_80|none|death_cross,2023-05-01,2023-05-02,2023-05-11,2023-05-12,42.599484307653796,42.32501802445543,-0.006442948492431655,8,1687,1695,True,0.6143518518518518,2160
DELL,b_20_80|none|death_cross,2023-05-18,2023-05-19,2023-05-23,2023-05-24,44.823628481787125,43.59325449867666,-0.027449227668179477,3,1700,1703,True,0.5658198614318707,2165
DELL,b_20_80|none|death_cross,2023-05-25,2023-05-26,2023-05-30,2023-05-31,45.57133872325376,43.517537036297526,-0.045067837471894134,2,1705,1707,True,0.5475530932594644,2166
DELL,b_20_80|none|death_cross,2023-06-07,2023-06-08,2023-07-06,2023-07-07,45.419899203502595,51.032313355735305,0.12356729650778053,19,1713,1732,True,0.6281991624011168,2149
DELL,b_20_80|none|death_cross,2023-08-03,2023-08-04,2023-08-16,2023-08-17,51.07280493803874,52.70247715029537,0.03190880575746213,9,1752,1761,True,0.6095414543770264,2159
DELL,b_20_80|none|death_cross,2023-08-23,2023-08-24,2023-09-14,2023-09-15,54.741963674028355,67.56972348285207,0.23433137848706154,15,1766,1781,True,0.6316767301439852,2153
DELL,b_20_80|none|death_cross,2023-09-25,2023-09-26,2023-09-26,2023-09-27,66.5213982298105,66.521409789038,1.7376705563343364e-07,1,1788,1789,True,0.543608675588371,2167
DELL,b_20_80|none|death_cross,2023-09-29,2023-10-02,2023-10-02,2023-10-03,65.38729432600695,65.51118507592578,0.0018947220740030968,1,1792,1793,True,0.543608675588371,2167
DELL,b_20_80|none|death_cross,2023-10-06,2023-10-09,2023-10-18,2023-10-19,63.12861817596477,64.08164301321113,0.015096557865244442,8,1797,1805,True,0.6143518518518518,2160
DELL,b_20_80|none|death_cross,2023-10-27,2023-10-30,2023-11-15,2023-11-16,63.207059542371894,69.77217574460428,0.10386681882949089,13,1812,1825,True,0.6176334106728538,2155
DELL,b_20_80|none|death_cross,2023-11-30,2023-12-01,2023-12-01,2023-12-04,68.87126615970226,67.92242603270935,-0.013777010063858675,1,1835,1836,True,0.543608675588371,2167
DELL,b_20_80|none|death_cross,2023-12-13,2023-12-14,2024-01-02,2024-01-03,68.04703174630762,71.71774292419855,0.05394373690796739,12,1844,1856,True,0.6150278293135436,2156
DELL,b_20_80|none|death_cross,2024-01-08,2024-01-09,2024-01-09,2024-01-10,75.87723608472062,74.59296107369984,-0.01692569573286551,1,1860,1861,True,0.543608675588371,2167
DELL,b_20_80|none|death_cross,2024-01-11,2024-01-12,2024-01-17,2024-01-18,76.61521590904871,75.43635246868357,-0.015386805693592187,3,1863,1866,True,0.5658198614318707,2165
DELL,b_20_80|none|death_cross,2024-01-24,2024-01-25,2024-01-31,2024-02-01,81.34734545491963,80.4809391327713,-0.010650701842858212,5,1871,1876,True,0.5829865926953306,2163
DELL,b_20_80|none|death_cross,2024-02-01,2024-02-02,2024-02-06,2024-02-07,82.43519031849966,80.32690462928844,-0.025575069106598458,3,1877,1880,True,0.5658198614318707,2165
DELL,b_20_80|none|death_cross,2024-02-09,2024-02-12,2024-02-13,2024-02-14,83.27273437508946,81.88645505777099,-0.016647457630899698,2,1883,1885,True,0.5475530932594644,2166
DELL,b_20_80|none|death_cross,2024-02-14,2024-02-15,2024-02-15,2024-02-16,82.29078635508391,80.19213162415963,-0.025502912584509874,1,1886,1887,True,0.543608675588371,2167
DELL,b_20_80|none|death_cross,2024-02-22,2024-02-23,2024-03-06,2024-03-07,85.73721616576195,115.5228661501556,0.34740631100975916,9,1891,1900,True,0.6095414543770264,2159
DELL,b_20_80|none|death_cross,2024-03-21,2024-03-22,2024-04-08,2024-04-09,108.6973916622995,121.71298571161438,0.11974154899458544,11,1911,1922,True,0.6110338433008808,2157
DELL,b_20_80|none|death_cross,2024-04-23,2024-04-24,2024-05-01,2024-05-02,121.78039382950254,117.55709168023962,-0.034679655866244885,6,1933,1939,True,0.5883441258094357,2162
DELL,b_20_80|none|death_cross,2024-05-02,2024-05-03,2024-05-20,2024-05-21,121.27785641441108,140.18134216294956,0.15586922714023377,12,1940,1952,True,0.6150278293135436,2156
DELL,b_20_80|none|death_cross,2024-06-13,2024-06-14,2024-06-24,2024-06-25,128.89335033936854,134.64364239039853,0.04461279062022827,6,1969,1975,True,0.5883441258094357,2162
DELL,b_20_80|none|death_cross,2024-07-03,2024-07-05,2024-07-12,2024-07-15,137.4269998352727,136.0256481538111,-0.010197062317749417,6,1982,1988,True,0.5883441258094357,2162
DELL,b_20_80|none|death_cross,2024-09-11,2024-09-12,2024-09-27,2024-09-30,105.41582021400838,115.40461232745125,0.09475610105925525,12,2030,2042,True,0.6150278293135436,2156
DELL,b_20_80|none|death_cross,2024-10-08,2024-10-09,2024-10-18,2024-10-21,117.95514440149792,122.67802061721473,0.0400395950484449,8,2049,2057,True,0.6143518518518518,2160
DELL,b_20_80|none|death_cross,2024-10-30,2024-10-31,2024-11-13,2024-11-14,123.60061454795914,132.2429260311519,0.06992126628819806,10,2065,2075,True,0.6116774791473587,2158
DELL,b_20_80|none|death_cross,2024-11-21,2024-11-22,2024-11-27,2024-11-29,138.68572509188763,121.94611496855826,-0.12070175291825003,4,2081,2085,True,0.5670055452865065,2164
DELL,b_20_80|none|death_cross,2024-12-20,2024-12-23,2025-01-08,2025-01-10,113.40111778005262,114.76365349641512,0.012015187707454578,11,2101,2112,True,0.6110338433008808,2157
DELL,b_20_80|none|death_cross,2025-01-22,2025-01-23,2025-01-27,2025-01-28,110.12268183547052,101.74865082414281,-0.07604274497999397,3,2120,2123,True,0.5658198614318707,2165
DELL,b_20_80|none|death_cross,2025-02-05,2025-02-06,2025-02-21,2025-02-24,102.5694548584043,113.45469653554231,0.10612556820317454,11,2130,2141,True,0.6110338433008808,2157
DELL,b_20_80|none|death_cross,2025-03-12,2025-03-13,2025-03-26,2025-03-27,91.8014740960953,92.84698317573563,0.011388804917728423,10,2154,2164,True,0.6116774791473587,2158
DELL,b_20_80|none|death_cross,2025-04-09,2025-04-10,2025-05-01,2025-05-02,78.36591498474372,92.66555318626327,0.1824726758349391,15,2174,2189,True,0.6316767301439852,2153
DELL,b_20_80|none|death_cross,2025-06-06,2025-06-09,2025-06-11,2025-06-12,112.6088556236043,110.16018719549426,-0.02174490109636429,3,2214,2217,True,0.5658198614318707,2165
DELL,b_20_80|none|death_cross,2025-06-12,2025-06-13,2025-06-13,2025-06-16,109.50131025952996,109.39313737904624,-0.000987868366390643,1,2218,2219,True,0.543608675588371,2167
DELL,b_20_80|none|death_cross,2025-06-17,2025-06-18,2025-06-30,2025-07-01,113.69058464884002,120.0334998571408,0.0557910334254359,8,2221,2229,True,0.6143518518518518,2160
DELL,b_20_80|none|death_cross,2025-07-09,2025-07-10,2025-07-14,2025-07-15,124.891481633028,125.0685012215365,0.0014173872084297656,3,2235,2238,True,0.5658198614318707,2165
DELL,b_20_80|none|death_cross,2025-07-18,2025-07-21,2025-07-22,2025-07-23,128.45137526667526,123.96037078511085,-0.034962681187653444,2,2242,2244,True,0.5475530932594644,2166
DELL,b_20_80|none|death_cross,2025-07-24,2025-07-25,2025-08-01,2025-08-04,126.34992595101902,127.02136443507455,0.005314118540250101,6,2246,2252,True,0.5883441258094357,2162
DELL,b_20_80|none|death_cross,2025-08-07,2025-08-08,2025-08-19,2025-08-20,133.30133452585707,132.31392061700237,-0.007407382021844433,8,2256,2264,True,0.6143518518518518,2160
DELL,b_20_80|none|death_cross,2025-08-28,2025-08-29,2025-08-29,2025-09-02,122.46937136550017,117.61127540916316,-0.03966784431217829,1,2271,2272,True,0.543608675588371,2167
DELL,b_20_80|none|death_cross,2025-09-04,2025-09-05,2025-09-09,2025-09-10,125.64884822914073,121.87692422318192,-0.030019566905063133,3,2275,2278,True,0.5658198614318707,2165
DELL,b_20_80|none|death_cross,2025-09-11,2025-09-12,2025-09-24,2025-09-25,124.31583902278659,127.75205838326258,0.027641042263698568,9,2280,2289,True,0.6095414543770264,2159
DELL,b_20_80|none|death_cross,2025-09-30,2025-10-01,2025-10-03,2025-10-06,139.13697664748523,143.6889633391522,0.032715866057660525,3,2293,2296,True,0.5658198614318707,2165
DELL,b_20_80|none|death_cross,2025-10-07,2025-10-08,2025-10-10,2025-10-13,152.76334714402006,153.5927590223274,0.005429390582319504,3,2298,2301,True,0.5658198614318707,2165
DELL,b_20_80|none|death_cross,2025-10-23,2025-10-24,2025-11-03,2025-11-04,156.1714448152295,154.06075961605777,-0.013515180074494038,7,2310,2317,True,0.6062008329477094,2161
DELL,b_20_80|none|death_cross,2025-12-24,2025-12-26,2026-01-05,2026-01-06,127.48386370404718,123.9660410829117,-0.027594257962733848,6,2353,2359,True,0.5883441258094357,2162
DELL,b_20_80|none|death_cross,2026-01-16,2026-01-20,2026-01-20,2026-01-21,115.95899889955395,111.79876314986664,-0.03587678221757484,1,2368,2369,True,0.543608675588371,2167
DELL,b_20_80|none|death_cross,2026-01-22,2026-01-23,2026-02-05,2026-02-06,114.87414703414414,116.34715616109715,0.01282280795969859,10,2371,2381,True,0.6116774791473587,2158
DELL,b_20_80|none|death_cross,2026-02-06,2026-02-09,2026-02-12,2026-02-13,119.73107241578485,114.92392064127554,-0.04014957585793366,4,2382,2386,True,0.5670055452865065,2164
DELL,b_20_80|none|death_cross,2026-02-20,2026-02-23,2026-03-10,2026-03-11,120.68653777648149,144.9711453981897,0.20122051779034966,12,2391,2403,True,0.6150278293135436,2156
DELL,b_20_80|none|death_cross,2026-03-13,2026-03-16,2026-03-18,2026-03-19,152.32618236465754,145.89674395530338,-0.04220836043775167,3,2406,2409,True,0.5658198614318707,2165
DELL,b_20_80|none|death_cross,2026-04-07,2026-04-08,2026-04-15,2026-04-16,184.88150210478346,178.7207838962899,-0.033322523553502514,6,2422,2428,True,0.5883441258094357,2162
DELL,b_20_80|none|death_cross,2026-04-16,2026-04-17,2026-04-28,2026-04-29,191.9180747200459,205.72005851022732,0.07191601838604633,8,2429,2437,True,0.6143518518518518,2160
DELL,b_20_80|none|death_cross,2026-05-06,2026-05-07,2026-05-12,2026-05-13,234.8718795690508,244.19647326480572,0.03970076670252709,4,2443,2447,True,0.5670055452865065,2164
DELL,b_20_80|none|death_cross,2026-05-21,2026-05-22,2026-06-04,2026-06-05,267.6576992130913,405.10058042853086,0.5135024384485076,9,2454,2463,True,0.6095414543770264,2159
DELL,b_20_80|none|death_cross,2026-06-16,2026-06-17,2026-06-25,2026-06-26,411.3203037085567,395.5962875486384,-0.03822815459909723,6,2471,2477,True,0.5883441258094357,2162
DELL,b_20_80|none|death_cross,2026-06-30,2026-07-01,2026-07-02,2026-07-06,417.3104222929527,394.5380523440695,-0.05456937745230084,2,2480,2482,True,0.5475530932594644,2166
DELL,b_20_80|none|death_cross,2026-07-08,2026-07-09,2026-07-15,2026-07-16,443.0977914890651,403.8227022641402,-0.08863751970628841,5,2485,2490,True,0.5829865926953306,2163
DELL,b_20_80|none|death_cross,2026-07-22,2026-07-23,2026-07-28,2026-07-29,438.0,388.5,-0.113013698630137,4,2495,2499,True,0.5670055452865065,2164
DELL,b_20_80|none|death_cross,2026-08-03,2026-08-04,2026-08-11,2026-08-12,449.2799987792969,459.2799987792969,0.022257834818309785,6,2503,2509,True,0.5883441258094357,2162
DELL,b_20_80|none|death_cross,2026-08-12,2026-08-13,2026-08-17,2026-08-18,499.67999267578125,466.9800109863281,-0.0654418471196837,3,2510,2513,True,0.5658198614318707,2165
GOOGL,b_20_80|none|death_cross,2018-01-03,2018-01-04,2018-01-18,2018-01-19,54.37236318538446,56.40137921915933,0.03731704702362992,10,3368,3378,True,0.592678405931418,2158
GOOGL,b_20_80|none|death_cross,2018-02-14,2018-02-15,2018-02-28,2018-03-01,53.6963625203302,54.98939230844641,0.024080398139197046,9,3397,3406,True,0.5961093098656786,2159
GOOGL,b_20_80|none|death_cross,2018-03-07,2018-03-08,2018-03-16,2018-03-19,55.36903444202424,55.396785995831834,0.0005012107234172447,7,3411,3418,True,0.5826006478482184,2161
GOOGL,b_20_80|none|death_cross,2018-03-29,2018-04-02,2018-04-23,2018-04-24,50.92939798969693,52.49451504367931,0.030731112397970994,16,3427,3443,True,0.6115241635687733,2152
GOOGL,b_20_80|none|death_cross,2018-05-04,2018-05-07,2018-05-16,2018-05-17,52.23135253889775,53.59773999996606,0.02616029251876495,8,3452,3460,True,0.5851851851851851,2160
GOOGL,b_20_80|none|death_cross,2018-05-31,2018-06-01,2018-06-13,2018-06-14,55.15443210997763,57.104141656931496,0.03535000674227162,9,3470,3479,True,0.5961093098656786,2159
GOOGL,b_20_80|none|death_cross,2018-06-14,2018-06-15,2018-06-21,2018-06-22,57.486256119697735,58.05967542016018,0.009974893812330965,5,3480,3485,True,0.5547850208044383,2163
GOOGL,b_20_80|none|death_cross,2018-07-05,2018-07-06,2018-07-19,2018-07-20,56.58673231901831,59.434979715401205,0.050334191066650824,10,3494,3504,True,0.592678405931418,2158
GOOGL,b_20_80|none|death_cross,2018-08-08,2018-08-09,2018-08-15,2018-08-16,62.58157081267866,61.553685768140376,-0.016424724262914192,5,3518,3523,True,0.5547850208044383,2163
GOOGL,b_20_80|none|death_cross,2018-08-24,2018-08-27,2018-08-31,2018-09-04,61.660249325143624,60.588747317717875,-0.017377516619752176,5,3530,3535,True,0.5547850208044383,2163
GOOGL,b_20_80|none|death_cross,2018-09-19,2018-09-20,2018-10-04,2018-10-05,58.51463968083364,58.283187051995725,-0.003955465334835262,11,3547,3558,True,0.5948076031525267,2157
GOOGL,b_20_80|none|death_cross,2018-10-16,2018-10-17,2018-10-24,2018-10-25,56.49900944196669,53.54024537331576,-0.05236842376307571,6,3566,3572,True,0.5675300647548566,2162
GOOGL,b_20_80|none|death_cross,2018-10-25,2018-10-26,2018-10-29,2018-10-30,51.955793436127905,50.55224034697912,-0.02701437118604011,2,3573,3575,True,0.5401662049861495,2166
GOOGL,b_20_80|none|death_cross,2018-10-31,2018-11-01,2018-11-12,2018-11-13,54.09036482134209,52.276947022249765,-0.033525708415573785,8,3577,3585,True,0.5851851851851851,2160
GOOGL,b_20_80|none|death_cross,2018-11-23,2018-11-26,2018-12-04,2018-12-06,51.74119770138357,51.79076340299534,0.0009579542765483229,7,3593,3600,True,0.5826006478482184,2161
GOOGL,b_20_80|none|death_cross,2018-12-26,2018-12-27,2019-01-11,2019-01-14,50.85902742977993,52.20409844201894,0.02644704549445276,11,3614,3625,True,0.5948076031525267,2157
GOOGL,b_20_80|none|death_cross,2019-01-16,2019-01-17,2019-01-22,2019-01-23,53.921368442386935,53.865359331761276,-0.0010387182715049237,3,3628,3631,True,0.5528868360277136,2165
GOOGL,b_20_80|none|death_cross,2019-01-31,2019-02-01,2019-02-07,2019-02-08,55.62129674240821,54.2628403443188,-0.024423314047866462,5,3638,3643,True,0.5547850208044383,2163
GOOGL,b_20_80|none|death_cross,2019-02-26,2019-02-27,2019-03-08,2019-03-11,55.210929903988735,57.09373639455161,0.034102060838987036,8,3655,3663,True,0.5851851851851851,2160
GOOGL,b_20_80|none|death_cross,2019-04-02,2019-04-03,2019-04-24,2019-04-25,60.10205944667609,62.95675279642171,0.04749742980568539,15,3680,3695,True,0.6075243845796563,2153
GOOGL,b_20_80|none|death_cross,2019-05-15,2019-05-16,2019-05-23,2019-05-24,58.077020486795625,57.093732555548826,-0.01693075717392145,6,3710,3716,True,0.5675300647548566,2162
GOOGL,b_20_80|none|death_cross,2019-06-07,2019-06-10,2019-06-25,2019-06-26,53.37669970523659,54.070543792942544,0.012999006898845034,12,3726,3738,True,0.5960111317254174,2156
GOOGL,b_20_80|none|death_cross,2019-07-02,2019-07-03,2019-07-18,2019-07-19,55.43345744358683,56.96091013244402,0.027554707198475414,11,3743,3754,True,0.5948076031525267,2157
GOOGL,b_20_80|none|death_cross,2019-07-26,2019-07-29,2019-08-01,2019-08-02,61.57896791155889,59.62132815732613,-0.03179072044605169,4,3760,3764,True,0.55637707948244,2164
GOOGL,b_20_80|none|death_cross,2019-08-13,2019-08-14,2019-08-14,2019-08-15,58.286652687555375,57.908022026797056,-0.006496009691755011,1,3772,3773,True,0.53068758652515,2167
GOOGL,b_20_80|none|death_cross,2019-08-16,2019-08-19,2019-08-23,2019-08-26,59.06773336729353,57.46296055884889,-0.027168349231650346,5,3775,3780,True,0.5547850208044383,2163
GOOGL,b_20_80|none|death_cross,2019-08-29,2019-08-30,2019-09-17,2019-09-18,59.489992939484985,60.971357857610855,0.02490107739015457,12,3784,3796,True,0.5960111317254174,2156
GOOGL,b_20_80|none|death_cross,2019-09-26,2019-09-27,2019-09-27,2019-09-30,61.59532315628802,60.49358448429573,-0.017886726061925318,1,3803,3804,True,0.53068758652515,2167
GOOGL,b_20_80|none|death_cross,2019-10-07,2019-10-08,2019-10-08,2019-10-09,59.41168845801766,59.53855614409171,0.0021353994368245033,1,3810,3811,True,0.53068758652515,2167
GOOGL,b_20_80|none|death_cross,2019-10-09,2019-10-10,2019-10-22,2019-10-23,59.40325266698636,61.465468787594624,0.034715542129805765,9,3812,3821,True,0.5961093098656786,2159
GOOGL,b_20_80|none|death_cross,2019-10-23,2019-10-24,2019-10-29,2019-10-30,62.402164459228516,62.205903547467116,-0.003145097825727361,4,3822,3826,True,0.55637707948244,2164
GOOGL,b_20_80|none|death_cross,2019-11-04,2019-11-05,2019-11-12,2019-11-13,63.9925676375723,64.09068913624539,0.0015333264829879845,6,3830,3836,True,0.5675300647548566,2162
GOOGL,b_20_80|none|death_cross,2019-11-15,2019-11-18,2019-11-19,2019-11-20,66.03147101979422,64.99169754698218,-0.01574663500227569,2,3839,3841,True,0.5401662049861495,2166
GOOGL,b_20_80|none|death_cross,2019-11-27,2019-11-29,2019-11-29,2019-12-02,64.7558015227708,64.55557148082512,-0.0030920788135911925,1,3847,3848,True,0.53068758652515,2167
GOOGL,b_20_80|none|death_cross,2019-12-04,2019-12-05,2019-12-18,2019-12-19,65.76682813417223,67.00138043639537,0.018771656429963368,10,3851,3861,True,0.592678405931418,2158
GOOGL,b_20_80|none|death_cross,2020-01-02,2020-01-03,2020-01-22,2020-01-23,66.80761528460377,73.72376442243804,0.10352336493932812,13,3870,3883,True,0.5962877030162413,2155
GOOGL,b_20_80|none|death_cross,2020-02-03,2020-02-04,2020-02-04,2020-02-05,72.08530406404785,72.53727333816813,0.006269922558954866,1,3891,3892,True,0.53068758652515,2167
GOOGL,b_20_80|none|death_cross,2020-02-06,2020-02-07,2020-02-21,2020-02-24,72.72463293664772,70.52711678476247,-0.030216943876493207,10,3894,3904,True,0.592678405931418,2158
GOOGL,b_20_80|none|death_cross,2020-03-04,2020-03-05,2020-03-06,2020-03-09,66.68616815842502,59.718466349939796,-0.10448496293762433,2,3912,3914,True,0.5401662049861495,2166
GOOGL,b_20_80|none|death_cross,2020-03-19,2020-03-20,2020-03-20,2020-03-23,56.048003647697364,52.354259277931504,-0.06590322811466653,1,3923,3924,True,0.53068758652515,2167
GOOGL,b_20_80|none|death_cross,2020-03-24,2020-03-25,2020-04-03,2020-04-06,55.73478676010555,56.152084641071774,0.007487206917330846,8,3926,3934,True,0.5851851851851851,2160
GOOGL,b_20_80|none|death_cross,2020-04-06,2020-04-07,2020-04-20,2020-04-21,60.31566330394941,61.58938058894229,0.02111752097584052,9,3935,3944,True,0.5961093098656786,2159
GOOGL,b_20_80|none|death_cross,2020-04-24,2020-04-27,2020-04-28,2020-04-29,64.03221368825741,66.65892460884133,0.04102171031243951,2,3948,3950,True,0.5401662049861495,2166
GOOGL,b_20_80|none|death_cross,2020-04-30,2020-05-01,2020-05-12,2020-05-13,65.62260463477621,68.20322375431489,0.03932515531654324,8,3952,3960,True,0.5851851851851851,2160
GOOGL,b_20_80|none|death_cross,2020-05-20,2020-05-21,2020-06-04,2020-06-05,69.92942638175046,70.15988391423575,0.0032955730428447794,10,3966,3976,True,0.592678405931418,2158
GOOGL,b_20_80|none|death_cross,2020-06-17,2020-06-18,2020-06-19,2020-06-22,71.85534618092774,70.62426351742366,-0.017132791489227306,2,3985,3987,True,0.5401662049861495,2166
GOOGL,b_20_80|none|death_cross,2020-06-22,2020-06-23,2020-06-26,2020-06-29,71.96189927090062,67.41917027733605,-0.0631268635151424,4,3988,3992,True,0.55637707948244,2164
GOOGL,b_20_80|none|death_cross,2020-07-01,2020-07-02,2020-07-14,2020-07-15,71.95397188987388,75.49209008651471,0.04917196512870681,8,3995,4003,True,0.5851851851851851,2160
GOOGL,b_20_80|none|death_cross,2020-07-21,2020-07-22,2020-07-23,2020-07-24,77.10182551895637,74.30066345548695,-0.036330684061179896,2,4008,4010,True,0.5401662049861495,2166
GOOGL,b_20_80|none|death_cross,2020-08-06,2020-08-07,2020-08-31,2020-09-01,74.78883662265774,80.89071834189023,0.08158813527236886,17,4020,4037,True,0.6136680613668062,2151
GOOGL,b_20_80|none|death_cross,2020-09-22,2020-09-23,2020-09-23,2020-09-24,71.9663575191047,69.51756598383865,-0.03402689283830962,1,4052,4053,True,0.53068758652515,2167
GOOGL,b_20_80|none|death_cross,2020-11-03,2020-11-04,2020-11-11,2020-11-12,84.52945424402306,86.33445155052767,0.02135347167028767,6,4082,4088,True,0.5675300647548566,2162
GOOGL,b_20_80|none|death_cross,2020-11-25,2020-11-27,2020-12-09,2020-12-10,87.451537281443,87.35540685042515,-0.0010992423233049387,9,4098,4107,True,0.5961093098656786,2159
GOOGL,b_20_80|none|death_cross,2020-12-23,2020-12-24,2021-01-04,2021-01-05,85.69015678249487,85.49637399797825,-0.0022614357563668364,6,4117,4123,True,0.5675300647548566,2162
GOOGL,b_20_80|none|death_cross,2021-01-07,2021-01-08,2021-01-12,2021-01-13,88.07700817599742,85.60691817574995,-0.028044662862658498,3,4126,4129,True,0.5528868360277136,2165
GOOGL,b_20_80|none|death_cross,2021-01-19,2021-01-20,2021-01-27,2021-01-28,90.51587074805265,90.7453441830221,0.0025351734792253833,6,4133,4139,True,0.5675300647548566,2162
GOOGL,b_20_80|none|death_cross,2021-02-02,2021-02-03,2021-02-16,2021-02-17,102.37272899522037,103.77875762024934,0.013734406016416845,9,4143,4152,True,0.5961093098656786,2159
GOOGL,b_20_80|none|death_cross,2021-03-02,2021-03-03,2021-03-03,2021-03-04,101.69575393391699,99.8580465289273,-0.018070640453522246,1,4162,4163,True,0.53068758652515,2167
GOOGL,b_20_80|none|death_cross,2021-03-05,2021-03-08,2021-03-08,2021-03-09,103.28712454282332,101.58671660958481,-0.016462922564307703,1,4165,4166,True,0.53068758652515,2167
GOOGL,b_20_80|none|death_cross,2021-03-11,2021-03-12,2021-03-18,2021-03-19,102.90800288778321,100.59450102043229,-0.022481262899190613,5,4169,4174,True,0.5547850208044383,2163
GOOGL,b_20_80|none|death_cross,2021-03-29,2021-03-30,2021-04-16,2021-04-19,101.74678812299072,112.51134359641581,0.10579749662871896,13,4181,4194,True,0.5962877030162413,2155
GOOGL,b_20_80|none|death_cross,2021-04-26,2021-04-27,2021-04-27,2021-04-28,114.86298311307249,118.57358292629367,0.032304574656296436,1,4200,4201,True,0.53068758652515,2167
GOOGL,b_20_80|none|death_cross,2021-04-29,2021-04-30,2021-04-30,2021-05-03,117.36033342946197,117.20621161359489,-0.0013132360088233819,1,4203,4204,True,0.53068758652515,2167
GOOGL,b_20_80|none|death_cross,2021-05-17,2021-05-18,2021-06-03,2021-06-04,114.10570419354653,117.42228485227457,0.029065862063323733,12,4215,4227,True,0.5960111317254174,2156
GOOGL,b_20_80|none|death_cross,2021-06-22,2021-06-23,2021-06-30,2021-07-01,121.02039027033481,120.65512003494412,-0.0030182536560554585,6,4240,4246,True,0.5675300647548566,2162
GOOGL,b_20_80|none|death_cross,2021-07-01,2021-07-02,2021-07-08,2021-07-09,122.06760325950343,123.92612095804607,0.015225314898594577,4,4247,4251,True,0.55637707948244,2164
GOOGL,b_20_80|none|death_cross,2021-07-22,2021-07-23,2021-08-02,2021-08-03,129.2840991163657,133.94725240636728,0.03606903959476404,7,4261,4268,True,0.5826006478482184,2161
GOOGL,b_20_80|none|death_cross,2021-08-10,2021-08-11,2021-08-11,2021-08-12,135.97578664479468,134.7803631501877,-0.008791443859999526,1,4274,4275,True,0.53068758652515,2167
GOOGL,b_20_80|none|death_cross,2021-08-12,2021-08-13,2021-08-17,2021-08-18,136.04367130953105,135.30025647796398,-0.005464530796699951,3,4276,4279,True,0.5528868360277136,2165
GOOGL,b_20_80|none|death_cross,2021-08-23,2021-08-24,2021-09-02,2021-09-03,139.37564707931514,141.82291558838094,0.017558795674492034,8,4283,4291,True,0.5851851851851851,2160
GOOGL,b_20_80|none|death_cross,2021-09-15,2021-09-16,2021-09-17,2021-09-20,142.68527016924585,136.94716512358414,-0.040215118483186596,2,4299,4301,True,0.5401662049861495,2166
GOOGL,b_20_80|none|death_cross,2021-09-23,2021-09-24,2021-09-28,2021-09-29,139.30326368063228,135.7760328990303,-0.025320517900345396,3,4305,4308,True,0.5528868360277136,2165
GOOGL,b_20_80|none|death_cross,2021-10-05,2021-10-06,2021-10-21,2021-10-22,133.56566547907704,137.92698514135645,0.03265299990559778,12,4313,4325,True,0.5960111317254174,2156
GOOGL,b_20_80|none|death_cross,2021-10-28,2021-10-29,2021-11-10,2021-11-11,143.8028958035192,145.20195824365715,0.009729028280831775,9,4330,4339,True,0.5961093098656786,2159
GOOGL,b_20_80|none|death_cross,2021-11-18,2021-11-19,2021-11-22,2021-11-23,148.6573144815026,144.86841272271184,-0.02548748961331604,2,4345,4347,True,0.5401662049861495,2166
GOOGL,b_20_80|none|death_cross,2021-12-06,2021-12-07,2021-12-14,2021-12-15,144.31681320908484,142.148536251989,-0.015024423758266292,6,4356,4362,True,0.5675300647548566,2162
GOOGL,b_20_80|none|death_cross,2021-12-15,2021-12-16,2021-12-16,2021-12-17,145.87696937173112,141.2475218263389,-0.0317352873817609,1,4363,4364,True,0.53068758652515,2167
GOOGL,b_20_80|none|death_cross,2021-12-22,2021-12-23,2022-01-03,2022-01-04,145.21235527070144,144.1180572750369,-0.007535846337762164,7,4368,4375,True,0.5826006478482184,2161
GOOGL,b_20_80|none|death_cross,2022-01-12,2022-01-13,2022-01-18,2022-01-19,140.29596006685344,135.32357116715727,-0.035442138870761086,3,4382,4385,True,0.5528868360277136,2165
GOOGL,b_20_80|none|death_cross,2022-01-27,2022-01-28,2022-02-07,2022-02-08,128.5193588055283,137.80455878303823,0.07224748134294723,7,4392,4399,True,0.5826006478482184,2161
GOOGL,b_20_80|none|death_cross,2022-02-24,2022-02-25,2022-03-07,2022-03-08,132.37818496175834,125.14036103345764,-0.05467535251666711,7,4411,4418,True,0.5826006478482184,2161
GOOGL,b_20_80|none|death_cross,2022-03-10,2022-03-11,2022-03-11,2022-03-14,132.31523116771578,129.10518948279775,-0.024260560606580106,1,4421,4422,True,0.53068758652515,2167
GOOGL,b_20_80|none|death_cross,2022-03-16,2022-03-17,2022-03-30,2022-03-31,131.97872086094247,140.80444813456486,0.066872350452021,10,4425,4435,True,0.592678405931418,2158
GOOGL,b_20_80|none|death_cross,2022-05-13,2022-05-16,2022-05-19,2022-05-20,113.94512859894805,110.96702082393216,-0.02613633256317538,4,4466,4470,True,0.55637707948244,2164
GOOGL,b_20_80|none|death_cross,2022-05-23,2022-05-24,2022-05-24,2022-05-25,104.8423317128558,104.0627448772428,-0.007435802150491444,1,4472,4473,True,0.53068758652515,2167
GOOGL,b_20_80|none|death_cross,2022-05-26,2022-05-27,2022-06-09,2022-06-10,108.52072351941294,111.45669077399432,0.027054438630389033,9,4475,4484,True,0.5961093098656786,2159
GOOGL,b_20_80|none|death_cross,2022-06-22,2022-06-23,2022-06-30,2022-07-01,111.24506449929154,106.98434306481707,-0.03830031879303386,6,4492,4498,True,0.5675300647548566,2162
GOOGL,b_20_80|none|death_cross,2022-07-06,2022-07-07,2022-07-13,2022-07-14,114.06851963853795,109.241827899975,-0.042313968427554305,5,4501,4506,True,0.5547850208044383,2163
GOOGL,b_20_80|none|death_cross,2022-07-21,2022-07-22,2022-07-22,2022-07-25,110.02438896081073,107.45715461067633,-0.023333320679007064,1,4512,4513,True,0.53068758652515,2167
GOOGL,b_20_80|none|death_cross,2022-07-27,2022-07-28,2022-08-09,2022-08-10,111.38235656496596,117.73599909418206,0.05704352758518105,9,4516,4525,True,0.5961093098656786,2159
GOOGL,b_20_80|none|death_cross,2022-09-28,2022-09-29,2022-09-30,2022-10-03,97.77302184291314,95.90954458427032,-0.0190592171901649,2,4560,4562,True,0.5401662049861495,2166
GOOGL,b_20_80|none|death_cross,2022-10-03,2022-10-04,2022-10-10,2022-10-11,99.55720093087983,96.57366175239092,-0.029968090209369302,5,4563,4568,True,0.5547850208044383,2163
GOOGL,b_20_80|none|death_cross,2022-10-17,2022-10-18,2022-10-26,2022-10-27,102.22356592791553,93.68922665802769,-0.08348700412100629,7,4573,4580,True,0.5826006478482184,2161
GOOGL,b_20_80|none|death_cross,2022-11-30,2022-12-01,2022-12-06,2022-12-07,100.13209869659357,95.56262596381266,-0.04563444482100287,4,4604,4608,True,0.55637707948244,2164
GOOGL,b_20_80|none|death_cross,2022-12-29,2022-12-30,2023-01-05,2023-01-06,86.21551535680346,86.02717297103696,-0.0021845532673213652,4,4624,4628,True,0.55637707948244,2164
GOOGL,b_20_80|none|death_cross,2023-01-06,2023-01-09,2023-01-25,2023-01-26,87.58337634262733,95.65183309275027,0.09212315266950921,12,4629,4641,True,0.5960111317254174,2156
GOOGL,b_20_80|none|death_cross,2023-03-14,2023-03-15,2023-03-27,2023-03-28,92.4006531370092,101.53962423516843,0.09890591449184027,9,4674,4683,True,0.5961093098656786,2159
GOOGL,b_20_80|none|death_cross,2023-04-04,2023-04-05,2023-04-12,2023-04-13,104.85027971854075,104.90974967069793,0.0005671892561167624,5,4689,4694,True,0.5547850208044383,2163
GOOGL,b_20_80|none|death_cross,2023-04-13,2023-04-14,2023-04-17,2023-04-18,105.95051585392284,105.55402729287576,-0.0037422051025568503,2,4695,4697,True,0.5401662049861495,2166
GOOGL,b_20_80|none|death_cross,2023-04-27,2023-04-28,2023-05-04,2023-05-05,106.09918675851405,103.89871228613758,-0.020739786416882122,5,4705,4710,True,0.5547850208044383,2163
GOOGL,b_20_80|none|death_cross,2023-05-08,2023-05-09,2023-05-23,2023-05-24,107.43733132783537,120.05544702738894,0.11744628746455477,11,4712,4723,True,0.5948076031525267,2157
GOOGL,b_20_80|none|death_cross,2023-06-05,2023-06-06,2023-06-07,2023-06-08,124.90247058230369,121.15568017540772,-0.029997728543143976,2,4731,4733,True,0.5401662049861495,2166
GOOGL,b_20_80|none|death_cross,2023-06-15,2023-06-16,2023-06-16,2023-06-20,124.82315134066675,121.84953188431368,-0.02382265969425401,1,4739,4740,True,0.53068758652515,2167
GOOGL,b_20_80|none|death_cross,2023-06-22,2023-06-23,2023-06-26,2023-06-27,120.31316327807161,116.0509569547925,-0.03542593517741832,2,4743,4745,True,0.5401662049861495,2166
GOOGL,b_20_80|none|death_cross,2023-06-28,2023-06-29,2023-07-10,2023-07-11,118.19196866920258,115.26789264862505,-0.024740056820286016,7,4747,4754,True,0.5826006478482184,2161
GOOGL,b_20_80|none|death_cross,2023-07-13,2023-07-14,2023-07-20,2023-07-21,123.70311161089374,119.55984327813516,-0.033493646835587865,5,4757,4762,True,0.5547850208044383,2163
GOOGL,b_20_80|none|death_cross,2023-07-26,2023-07-27,2023-08-03,2023-08-04,130.51270190226427,128.143731241555,-0.01815126517328014,6,4766,4772,True,0.5675300647548566,2162
GOOGL,b_20_80|none|death_cross,2023-08-14,2023-08-15,2023-08-16,2023-08-17,129.94771801923622,128.6591509873898,-0.009916042016649085,2,4779,4781,True,0.5401662049861495,2166
GOOGL,b_20_80|none|death_cross,2023-08-23,2023-08-24,2023-09-12,2023-09-13,132.7726592046356,133.90263613822427,0.008510614612659673,13,4786,4799,True,0.5962877030162413,2155
GOOGL,b_20_80|none|death_cross,2023-09-14,2023-09-15,2023-09-20,2023-09-21,136.76725635034862,130.28472870460357,-0.04739824296203721,4,4801,4805,True,0.55637707948244,2164
GOOGL,b_20_80|none|death_cross,2023-09-29,2023-10-02,2023-10-13,2023-10-16,130.0567776325655,136.9555770964501,0.0530445209351178,10,4812,4822,True,0.592678405931418,2158
GOOGL,b_20_80|none|death_cross,2023-11-02,2023-11-03,2023-11-24,2023-11-27,126.89478462654999,134.83439465228903,0.06256845030396829,15,4836,4851,True,0.6075243845796563,2153
GOOGL,b_20_80|none|death_cross,2023-12-07,2023-12-08,2023-12-14,2023-12-15,133.02049330674961,130.46314245666346,-0.01922523955905664,5,4860,4865,True,0.5547850208044383,2163
GOOGL,b_20_80|none|death_cross,2023-12-18,2023-12-19,2023-12-29,2024-01-02,135.63726127584442,137.33223127309824,0.012496344893065725,8,4867,4875,True,0.5851851851851851,2160
GOOGL,b_20_80|none|death_cross,2024-01-09,2024-01-10,2024-01-31,2024-02-01,139.7607161678604,140.8708500003378,0.007943103490855474,15,4881,4896,True,0.6075243845796563,2153
GOOGL,b_20_80|none|death_cross,2024-02-08,2024-02-09,2024-02-15,2024-02-16,145.39076798904887,141.7332189292563,-0.025156680237551576,5,4902,4907,True,0.5547850208044383,2163
GOOGL,b_20_80|none|death_cross,2024-02-23,2024-02-26,2024-02-26,2024-02-27,140.89067986576057,136.80692088729302,-0.02898530252220044,1,4912,4913,True,0.53068758652515,2167
GOOGL,b_20_80|none|death_cross,2024-04-09,2024-04-10,2024-04-10,2024-04-11,154.83704643510924,155.5308692093835,0.004480986884266347,1,4943,4944,True,0.53068758652515,2167
GOOGL,b_20_80|none|death_cross,2024-04-23,2024-04-24,2024-04-30,2024-05-01,156.10578401898567,162.85591967019158,0.04324077864011078,5,4953,4958,True,0.5547850208044383,2163
GOOGL,b_20_80|none|death_cross,2024-05-03,2024-05-06,2024-05-23,2024-05-24,165.98816902107558,173.44204354526818,0.044906059077295835,14,4961,4975,True,0.6044568245125348,2154
GOOGL,b_20_80|none|death_cross,2024-06-05,2024-06-06,2024-06-13,2024-06-14,174.3539443603167,172.8869435437714,-0.008413923882981456,6,4983,4989,True,0.5675300647548566,2162
GOOGL,b_20_80|none|death_cross,2024-06-21,2024-06-24,2024-07-09,2024-07-10,178.78147315371626,187.70266681734014,0.04989998967036957,11,4994,5005,True,0.5948076031525267,2157
GOOGL,b_20_80|none|death_cross,2024-07-30,2024-07-31,2024-08-02,2024-08-05,171.91443658888358,154.3101575722687,-0.10240140017277177,3,5020,5023,True,0.5528868360277136,2165
GOOGL,b_20_80|none|death_cross,2024-08-08,2024-08-09,2024-08-27,2024-08-28,158.78567965190865,163.77714221811894,0.031435218699523926,13,5027,5040,True,0.5962877030162413,2155
GOOGL,b_20_80|none|death_cross,2024-09-12,2024-09-13,2024-09-25,2024-09-26,154.44537016884462,162.6033661315293,0.05282123998774524,9,5051,5060,True,0.5961093098656786,2159
GOOGL,b_20_80|none|death_cross,2024-10-14,2024-10-15,2024-10-17,2024-10-18,164.7397308583214,162.1562116364337,-0.015682429541599485,3,5073,5076,True,0.5528868360277136,2165
GOOGL,b_20_80|none|death_cross,2024-10-21,2024-10-22,2024-10-23,2024-10-24,161.94755157914383,161.79849749810091,-0.0009203848998611264,2,5078,5080,True,0.5401662049861495,2166
GOOGL,b_20_80|none|death_cross,2024-10-25,2024-10-28,2024-11-01,2024-11-04,167.68098784367282,168.85349334018605,0.006992477272416364,5,5082,5087,True,0.5547850208044383,2163
GOOGL,b_20_80|none|death_cross,2024-11-06,2024-11-07,2024-11-14,2024-11-15,176.28611246788589,172.6294588087237,-0.020742721068446657,6,5090,5096,True,0.5675300647548566,2162
GOOGL,b_20_80|none|death_cross,2024-12-02,2024-12-03,2024-12-18,2024-12-19,170.40365177380562,190.63428570513082,0.11872183325143415,12,5107,5119,True,0.5960111317254174,2156
GOOGL,b_20_80|none|death_cross,2025-01-06,2025-01-07,2025-01-10,2025-01-13,196.08582081760926,189.08238366148746,-0.035716183490065334,3,5130,5133,True,0.5528868360277136,2165
GOOGL,b_20_80|none|death_cross,2025-01-17,2025-01-21,2025-01-27,2025-01-28,198.03563938794179,191.7484490804529,-0.0317477719006557,5,5138,5143,True,0.5547850208044383,2163
GOOGL,b_20_80|none|death_cross,2025-01-30,2025-01-31,2025-02-05,2025-02-06,200.95039173473552,188.5153520057582,-0.06188114201534978,4,5146,5150,True,0.55637707948244,2164
GOOGL,b_20_80|none|death_cross,2025-02-19,2025-02-20,2025-02-21,2025-02-24,183.83977159439488,181.04437173412518,-0.01520563170866629,2,5159,5161,True,0.5401662049861495,2166
GOOGL,b_20_80|none|death_cross,2025-03-12,2025-03-13,2025-03-13,2025-03-14,165.36748287025196,162.60869285591215,-0.016682784102751147,1,5174,5175,True,0.53068758652515,2167
GOOGL,b_20_80|none|death_cross,2025-03-19,2025-03-20,2025-03-27,2025-03-28,160.91558075554488,159.8399637284922,-0.006684355995872804,6,5179,5185,True,0.5675300647548566,2162
GOOGL,b_20_80|none|death_cross,2025-04-09,2025-04-10,2025-04-21,2025-04-22,155.90596893520956,148.28695422864388,-0.04886929447667232,7,5194,5201,True,0.5826006478482184,2161
GOOGL,b_20_80|none|death_cross,2025-04-24,2025-04-25,2025-05-07,2025-05-08,164.40140465983956,154.37219053033292,-0.061004430894358475,9,5204,5213,True,0.5961093098656786,2159
GOOGL,b_20_80|none|death_cross,2025-05-13,2025-05-14,2025-05-23,2025-05-27,159.31210428165852,169.47079940418584,0.06376599674163552,8,5217,5225,True,0.5851851851851851,2160
GOOGL,b_20_80|none|death_cross,2025-06-06,2025-06-09,2025-06-17,2025-06-18,174.04350210929846,175.50931582595604,0.008422111132520449,7,5234,5241,True,0.5826006478482184,2161
GOOGL,b_20_80|none|death_cross,2025-06-26,2025-06-27,2025-07-08,2025-07-09,173.04631507807895,174.75148618121452,0.0098538423217287,7,5247,5254,True,0.5826006478482184,2161
GOOGL,b_20_80|none|death_cross,2025-07-11,2025-07-14,2025-07-24,2025-07-25,180.49507959550706,191.43387927305906,0.06060442036462188,9,5257,5266,True,0.5961093098656786,2159
GOOGL,b_20_80|none|death_cross,2025-08-06,2025-08-07,2025-08-18,2025-08-19,196.49942519635405,202.45245084896237,0.030295384562370575,8,5275,5283,True,0.5851851851851851,2160
GOOGL,b_20_80|none|death_cross,2025-08-25,2025-08-26,2025-09-17,2025-09-18,206.91969332896332,251.18851917528045,0.21394206193771037,16,5288,5304,True,0.6115241635687733,2152
GOOGL,b_20_80|none|death_cross,2025-10-06,2025-10-07,2025-10-09,2025-10-10,247.78518329877946,240.95854254659665,-0.027550641492357753,3,5317,5320,True,0.5528868360277136,2165
GOOGL,b_20_80|none|death_cross,2025-10-14,2025-10-15,2025-10-31,2025-11-03,246.76716258187247,281.62895336390585,0.14127402697053304,13,5323,5336,True,0.5962877030162413,2155
GOOGL,b_20_80|none|death_cross,2025-11-10,2025-11-11,2025-11-13,2025-11-14,287.1881040319325,270.88000309409097,-0.056785433341028035,3,5342,5345,True,0.5528868360277136,2165
GOOGL,b_20_80|none|death_cross,2025-11-19,2025-11-20,2025-11-20,2025-11-21,303.94529376978943,295.8411659039572,-0.02666311350084727,1,5349,5350,True,0.53068758652515,2167
GOOGL,b_20_80|none|death_cross,2025-11-21,2025-11-24,2025-12-02,2025-12-03,310.52242205466104,315.2731119453438,0.015299023688043256,6,5351,5357,True,0.5675300647548566,2162
GOOGL,b_20_80|none|death_cross,2025-12-19,2025-12-22,2026-01-05,2026-01-06,309.47716491524386,315.9886856047422,0.02104039143334413,9,5370,5379,True,0.5961093098656786,2159
GOOGL,b_20_80|none|death_cross,2026-01-08,2026-01-09,2026-01-16,2026-01-20,326.6647962522232,320.4528849486331,-0.019016163892952243,6,5382,5388,True,0.5675300647548566,2162
GOOGL,b_20_80|none|death_cross,2026-01-27,2026-01-28,2026-02-04,2026-02-05,335.62313448097893,311.814107165092,-0.07093976806070335,6,5394,5400,True,0.5675300647548566,2162
GOOGL,b_20_80|none|death_cross,2026-02-20,2026-02-23,2026-03-02,2026-03-03,318.6352220336332,298.2018299939976,-0.06412785099281593,6,5411,5417,True,0.5675300647548566,2162
GOOGL,b_20_80|none|death_cross,2026-03-09,2026-03-10,2026-03-20,2026-03-23,305.98724420005084,301.92965766257777,-0.013260639501757376,9,5422,5431,True,0.5961093098656786,2159
GOOGL,b_20_80|none|death_cross,2026-03-31,2026-04-01,2026-04-20,2026-04-21,290.6663854824321,337.48841459650436,0.16108511837844497,13,5438,5451,True,0.5962877030162413,2155
GOOGL,b_20_80|none|death_cross,2026-06-04,2026-06-05,2026-06-10,2026-06-11,366.1213024821565,355.92999267578125,-0.027835883182110055,4,5483,5487,True,0.55637707948244,2164
GOOGL,b_20_80|none|death_cross,2026-06-11,2026-06-12,2026-06-22,2026-06-23,362.6199951171875,340.69000244140625,-0.06047651252296271,6,5488,5494,True,0.5675300647548566,2162
GOOGL,b_20_80|none|death_cross,2026-06-30,2026-07-01,2026-07-10,2026-07-13,358.3699951171875,356.19000244140625,-0.006083078118937935,7,5500,5507,True,0.5826006478482184,2161
GOOGL,b_20_80|none|death_cross,2026-07-15,2026-07-16,2026-07-16,2026-07-17,373.05999755859375,346.0,-0.07253524295202307,1,5510,5511,True,0.53068758652515,2167
GOOGL,b_20_80|none|death_cross,2026-07-28,2026-07-29,2026-08-07,2026-08-10,334.6700134277344,355.17999267578125,0.0612841856907973,8,5519,5527,True,0.5851851851851851,2160
INTC,b_20_80|none|death_cross,2018-01-17,2018-01-18,2018-01-30,2018-01-31,37.27362034210591,41.32838849327535,0.10878385608786689,9,9543,9552,True,0.5289485873089393,2159
INTC,b_20_80|none|death_cross,2018-02-13,2018-02-14,2018-03-01,2018-03-02,37.24756922684447,39.89303279412982,0.07102379087274135,11,9562,9573,True,0.5428836346777932,2157
INTC,b_20_80|none|death_cross,2018-03-06,2018-03-07,2018-03-13,2018-03-14,42.411699867616726,44.00065815953754,0.03746509328512082,5,9576,9581,True,0.5238095238095238,2163
INTC,b_20_80|none|death_cross,2018-03-26,2018-03-27,2018-03-28,2018-03-29,44.80358276341421,42.2426665874056,-0.05715873637899793,2,9590,9592,True,0.5138504155124654,2166
INTC,b_20_80|none|death_cross,2018-03-29,2018-04-02,2018-04-02,2018-04-03,43.68793218955593,41.41436261507734,-0.052041134943487055,1,9593,9594,True,0.5080756806645131,2167
INTC,b_20_80|none|death_cross,2018-04-05,2018-04-06,2018-04-06,2018-04-09,42.082076386582806,41.54961017525902,-0.012653040368833968,1,9597,9598,True,0.5080756806645131,2167
INTC,b_20_80|none|death_cross,2018-04-10,2018-04-11,2018-04-19,2018-04-20,43.096309306658384,44.09362573878408,0.023141574027351952,7,9600,9607,True,0.5266080518278575,2161
INTC,b_20_80|none|death_cross,2018-05-01,2018-05-02,2018-05-02,2018-05-03,44.87119643287369,43.856968070818624,-0.022603104946673946,1,9615,9616,True,0.5080756806645131,2167
INTC,b_20_80|none|death_cross,2018-05-04,2018-05-07,2018-05-18,2018-05-21,44.93466438343763,46.20975427282755,0.02837653083395253,10,9618,9628,True,0.5389249304911955,2158
INTC,b_20_80|none|death_cross,2018-05-23,2018-05-24,2018-05-31,2018-06-01,46.90682800037288,47.467862570715454,0.011960616273991365,5,9631,9636,True,0.5238095238095238,2163
INTC,b_20_80|none|death_cross,2018-06-06,2018-06-07,2018-06-07,2018-06-08,48.38593873117784,47.2298475476951,-0.023893122956769264,1,9640,9641,True,0.5080756806645131,2167
INTC,b_20_80|none|death_cross,2018-07-23,2018-07-24,2018-07-24,2018-07-25,44.849651631663285,44.382128870513846,-0.010424222800860639,1,9672,9673,True,0.5080756806645131,2167
INTC,b_20_80|none|death_cross,2018-08-03,2018-08-06,2018-08-13,2018-08-14,41.70999733045413,41.62447543559527,-0.002050393199052425,6,9681,9687,True,0.5175763182238667,2162
INTC,b_20_80|none|death_cross,2018-08-24,2018-08-27,2018-09-05,2018-09-06,41.05147103725527,40.84621386729022,-0.004999995488073394,7,9696,9703,True,0.5266080518278575,2161
INTC,b_20_80|none|death_cross,2018-09-14,2018-09-17,2018-09-26,2018-09-27,38.73377291487466,39.26402129865374,0.013689561947512807,8,9710,9718,True,0.524537037037037,2160
INTC,b_20_80|none|death_cross,2018-09-28,2018-10-01,2018-10-01,2018-10-02,40.01663051977888,40.63239474645001,0.0153877080272109,1,9720,9721,True,0.5080756806645131,2167
INTC,b_20_80|none|death_cross,2018-10-02,2018-10-03,2018-10-05,2018-10-08,41.5817250227166,40.16201159923901,-0.034142725505062144,3,9722,9725,True,0.5210161662817552,2165
INTC,b_20_80|none|death_cross,2018-10-17,2018-10-18,2018-10-19,2018-10-22,39.041668783175425,38.05813421717468,-0.025191919214902603,2,9733,9735,True,0.5138504155124654,2166
INTC,b_20_80|none|death_cross,2018-10-22,2018-10-23,2018-10-24,2018-10-25,37.78445597656341,37.23710690432238,-0.014486091121188371,2,9736,9738,True,0.5138504155124654,2166
INTC,b_20_80|none|death_cross,2018-10-25,2018-10-26,2018-11-12,2018-11-13,38.99034791501489,40.44058932487889,0.037194882513616356,12,9739,9751,True,0.5398886827458256,2156
INTC,b_20_80|none|death_cross,2018-11-16,2018-11-19,2018-11-20,2018-11-21,41.83479387041491,41.18071896865735,-0.01563471075735634,2,9755,9757,True,0.5138504155124654,2166
INTC,b_20_80|none|death_cross,2018-11-27,2018-11-28,2018-12-04,2018-12-06,41.25817648588297,40.27706760219036,-0.02377974421696294,5,9761,9766,True,0.5238095238095238,2163
INTC,b_20_80|none|death_cross,2018-12-13,2018-12-14,2018-12-17,2018-12-18,41.215152457148534,40.85368764770368,-0.00877019222046238,2,9772,9774,True,0.5138504155124654,2166
INTC,b_20_80|none|death_cross,2018-12-18,2018-12-19,2018-12-19,2018-12-20,40.870904163297524,39.08080631945488,-0.04379883147900043,1,9775,9776,True,0.5080756806645131,2167
INTC,b_20_80|none|death_cross,2018-12-26,2018-12-27,2019-01-16,2019-01-17,39.261541974377934,41.30980913134773,0.05216980928325454,14,9780,9794,True,0.5385329619312906,2154
INTC,b_20_80|none|death_cross,2019-02-01,2019-02-04,2019-02-28,2019-03-01,41.84340840163884,46.28312303484764,0.106103082965749,18,9805,9823,True,0.5395348837209303,2150
INTC,b_20_80|none|death_cross,2019-03-12,2019-03-13,2019-03-22,2019-03-25,46.768129898127164,45.87607015759545,-0.019074094740902492,8,9831,9839,True,0.524537037037037,2160
INTC,b_20_80|none|death_cross,2019-04-01,2019-04-02,2019-04-16,2019-04-17,47.227153149877815,50.61350238524258,0.07170343773671917,11,9845,9856,True,0.5428836346777932,2157
INTC,b_20_80|none|death_cross,2019-06-24,2019-06-25,2019-06-25,2019-06-26,41.44285562275829,41.52128215997918,0.0018924018637804796,1,9903,9904,True,0.5080756806645131,2167
INTC,b_20_80|none|death_cross,2019-06-26,2019-06-27,2019-06-27,2019-06-28,41.956975232943954,41.625849267063984,-0.007892036164226957,1,9905,9906,True,0.5080756806645131,2167
INTC,b_20_80|none|death_cross,2019-07-11,2019-07-12,2019-07-26,2019-07-29,42.69764488284936,44.90223871288135,0.051632679883885535,11,9915,9926,True,0.5428836346777932,2157
INTC,b_20_80|none|death_cross,2019-08-16,2019-08-19,2019-08-23,2019-08-26,41.63493676479262,40.196230598823604,-0.03455526242532003,5,9941,9946,True,0.5238095238095238,2163
INTC,b_20_80|none|death_cross,2019-08-29,2019-08-30,2019-09-16,2019-09-17,41.44195026217911,45.661577575574476,0.10182019153780741,11,9950,9961,True,0.5428836346777932,2157
INTC,b_20_80|none|death_cross,2019-09-27,2019-09-30,2019-10-02,2019-10-03,44.907124970466846,43.42454344866331,-0.03301439410290807,3,9970,9973,True,0.5210161662817552,2165
INTC,b_20_80|none|death_cross,2019-10-04,2019-10-07,2019-10-08,2019-10-09,44.47727193836572,44.27549626173762,-0.004536601905523963,2,9975,9977,True,0.5138504155124654,2166
INTC,b_20_80|none|death_cross,2019-10-09,2019-10-10,2019-10-18,2019-10-21,44.22286689584122,45.19663048944925,0.022019458754258148,7,9978,9985,True,0.5266080518278575,2161
INTC,b_20_80|none|death_cross,2019-10-25,2019-10-28,2019-11-12,2019-11-13,49.46012974286994,51.046658294979615,0.03207691852725847,12,9990,10002,True,0.5398886827458256,2156
INTC,b_20_80|none|death_cross,2019-11-25,2019-11-26,2019-11-29,2019-12-02,51.99931937713593,51.64647707001854,-0.006785517797999074,3,10011,10014,True,0.5210161662817552,2165
INTC,b_20_80|none|death_cross,2019-12-11,2019-12-12,2019-12-18,2019-12-19,50.058712417360105,50.429191825141686,0.007400897663782047,5,10022,10027,True,0.5238095238095238,2163
INTC,b_20_80|none|death_cross,2019-12-19,2019-12-20,2020-01-03,2020-01-06,51.44359834079467,52.563854347981525,0.02177639285194588,9,10028,10037,True,0.5289485873089393,2159
INTC,b_20_80|none|death_cross,2020-01-16,2020-01-17,2020-01-30,2020-01-31,52.90786580939747,58.04164597495472,0.09703245608227484,9,10046,10055,True,0.5289485873089393,2159
INTC,b_20_80|none|death_cross,2020-02-06,2020-02-07,2020-02-18,2020-02-19,59.26710108090791,58.850466075274404,-0.007029785463350757,7,10060,10067,True,0.5266080518278575,2161
INTC,b_20_80|none|death_cross,2020-03-04,2020-03-05,2020-03-09,2020-03-10,50.58002820819311,46.76835489843984,-0.07535925630693596,3,10078,10081,True,0.5210161662817552,2165
INTC,b_20_80|none|death_cross,2020-03-10,2020-03-11,2020-03-11,2020-03-12,46.44037940015288,42.54005446473247,-0.08398563891593802,1,10082,10083,True,0.5080756806645131,2167
INTC,b_20_80|none|death_cross,2020-03-13,2020-03-16,2020-03-16,2020-03-17,42.11456931980219,40.56330891362523,-0.036834293481604385,1,10085,10086,True,0.5080756806645131,2167
INTC,b_20_80|none|death_cross,2020-03-17,2020-03-18,2020-03-19,2020-03-20,41.40541535179904,41.22812800625633,-0.004281742956480539,2,10087,10089,True,0.5138504155124654,2166
INTC,b_20_80|none|death_cross,2020-03-23,2020-03-24,2020-04-09,2020-04-13,47.1052061667725,50.145677404592895,0.06454639487312375,13,10091,10104,True,0.5350348027842228,2155
INTC,b_20_80|none|death_cross,2020-04-14,2020-04-15,2020-04-20,2020-04-21,52.95568427299316,51.510788831027064,-0.02728499238188442,4,10106,10110,True,0.5217190388170055,2164
INTC,b_20_80|none|death_cross,2020-04-29,2020-04-30,2020-05-01,2020-05-04,54.40056800848072,50.63320601099743,-0.06925225480910391,2,10117,10119,True,0.5138504155124654,2166
INTC,b_20_80|none|death_cross,2020-05-07,2020-05-08,2020-05-13,2020-05-14,53.19240951538086,51.09752752784913,-0.03938310008171342,4,10123,10127,True,0.5217190388170055,2164
INTC,b_20_80|none|death_cross,2020-05-14,2020-05-15,2020-05-15,2020-05-18,51.16883303128105,53.25481131780465,0.04076657924264904,1,10128,10129,True,0.5080756806645131,2167
INTC,b_20_80|none|death_cross,2020-05-18,2020-05-19,2020-05-29,2020-06-01,53.60247117772139,55.70628636965745,0.03924847391756936,8,10130,10138,True,0.524537037037037,2160
INTC,b_20_80|none|death_cross,2020-06-05,2020-06-08,2020-06-09,2020-06-10,57.02562201810849,55.97370949868904,-0.018446313818118787,2,10143,10145,True,0.5138504155124654,2166
INTC,b_20_80|none|death_cross,2020-06-10,2020-06-11,2020-06-11,2020-06-12,56.223312657022745,53.584637168632504,-0.04693205298106262,1,10146,10147,True,0.5080756806645131,2167
INTC,b_20_80|none|death_cross,2020-06-30,2020-07-01,2020-07-13,2020-07-14,53.40635196720706,51.58780636332344,-0.034051110718070654,8,10160,10168,True,0.524537037037037,2160
INTC,b_20_80|none|death_cross,2020-07-17,2020-07-20,2020-07-24,2020-07-27,53.557901633690875,45.49033342775102,-0.1506326416803625,5,10172,10177,True,0.5238095238095238,2163
INTC,b_20_80|none|death_cross,2020-08-21,2020-08-24,2020-08-24,2020-08-25,44.210718438904706,44.29149888234541,0.001827168756652009,1,10197,10198,True,0.5080756806645131,2167
INTC,b_20_80|none|death_cross,2020-08-25,2020-08-26,2020-09-03,2020-09-04,44.3273898004495,45.350541615166634,0.023081706803019575,7,10199,10206,True,0.5266080518278575,2161
INTC,b_20_80|none|death_cross,2020-09-16,2020-09-17,2020-09-23,2020-09-24,44.309440483870866,43.55555112957546,-0.017014192597846645,5,10214,10219,True,0.5238095238095238,2163
INTC,b_20_80|none|death_cross,2020-09-25,2020-09-28,2020-10-19,2020-10-20,45.332587740658866,49.00335160875467,0.08097406415657793,16,10221,10237,True,0.5408921933085502,2152
INTC,b_20_80|none|death_cross,2020-11-16,2020-11-17,2020-11-17,2020-11-18,41.35916119304095,41.17835641097468,-0.004371577586459563,1,10257,10258,True,0.5080756806645131,2167
INTC,b_20_80|none|death_cross,2020-11-23,2020-11-24,2020-12-07,2020-12-08,41.847330320382994,45.047576337860185,0.07647431730951815,9,10262,10271,True,0.5289485873089393,2159
INTC,b_20_80|none|death_cross,2020-12-17,2020-12-18,2020-12-18,2020-12-21,45.716564094840194,41.87444455072243,-0.08404217640125333,1,10279,10280,True,0.5080756806645131,2167
INTC,b_20_80|none|death_cross,2020-12-29,2020-12-30,2021-01-19,2021-01-20,44.396677647626554,52.65043776999259,0.1859094094354441,13,10286,10299,True,0.5350348027842228,2155
INTC,b_20_80|none|death_cross,2021-02-03,2021-02-04,2021-02-18,2021-02-19,52.39702397849234,56.30792902602466,0.0746398316274155,10,10310,10320,True,0.5389249304911955,2158
INTC,b_20_80|none|death_cross,2021-02-24,2021-02-25,2021-02-25,2021-02-26,56.76268543265786,55.38022883885903,-0.024355024489441157,1,10324,10325,True,0.5080756806645131,2167
INTC,b_20_80|none|death_cross,2021-03-09,2021-03-10,2021-03-19,2021-03-22,57.49938915191353,58.9546116468702,0.02530848616690462,8,10333,10341,True,0.524537037037037,2160
INTC,b_20_80|none|death_cross,2021-04-01,2021-04-05,2021-04-12,2021-04-13,59.07283437018281,59.67313365155706,0.010162019272893508,6,10350,10356,True,0.5175763182238667,2162
INTC,b_20_80|none|death_cross,2021-05-14,2021-05-17,2021-06-03,2021-06-04,50.59667629374889,51.74972087945211,0.022788939317061052,13,10380,10393,True,0.5350348027842228,2155
INTC,b_20_80|none|death_cross,2021-06-11,2021-06-14,2021-06-16,2021-06-17,53.094939577466114,52.207274692676165,-0.016718446086464334,3,10399,10402,True,0.5210161662817552,2165
INTC,b_20_80|none|death_cross,2021-06-28,2021-06-29,2021-07-01,2021-07-02,52.66483003815989,51.74971753440313,-0.017376159822289128,3,10410,10413,True,0.5210161662817552,2165
INTC,b_20_80|none|death_cross,2021-07-02,2021-07-06,2021-07-06,2021-07-07,52.08831286272459,51.584993639984525,-0.009662805245133077,1,10414,10415,True,0.5080756806645131,2167
INTC,b_20_80|none|death_cross,2021-07-12,2021-07-13,2021-07-16,2021-07-19,51.813781952657045,49.79137423562416,-0.039032235069827226,4,10419,10423,True,0.5217190388170055,2164
INTC,b_20_80|none|death_cross,2021-07-21,2021-07-22,2021-07-23,2021-07-26,51.30131043275593,48.32719556767113,-0.05797346773399037,2,10426,10428,True,0.5138504155124654,2166
INTC,b_20_80|none|death_cross,2021-08-03,2021-08-04,2021-08-12,2021-08-13,49.64495753654643,49.276775747226715,-0.007416297799200944,7,10435,10442,True,0.5266080518278575,2161
INTC,b_20_80|none|death_cross,2021-08-23,2021-08-24,2021-09-02,2021-09-03,49.33203634875623,49.221510035380646,-0.0022404571462287803,8,10449,10457,True,0.524537037037037,2160
INTC,b_20_80|none|death_cross,2021-09-13,2021-09-14,2021-09-20,2021-09-21,50.99916352193996,49.0004507172273,-0.03919108994508913,5,10463,10468,True,0.5238095238095238,2163
INTC,b_20_80|none|death_cross,2021-09-24,2021-09-27,2021-09-30,2021-10-01,49.68203823307401,49.414934468328,-0.0053762642243649905,4,10472,10476,True,0.5217190388170055,2164
INTC,b_20_80|none|death_cross,2021-10-07,2021-10-08,2021-10-08,2021-10-11,50.24388491762173,49.56229550911042,-0.013565619171941434,1,10481,10482,True,0.5080756806645131,2167
INTC,b_20_80|none|death_cross,2021-10-14,2021-10-15,2021-10-22,2021-10-25,49.92151730477263,45.89647962770403,-0.08062731051413363,6,10486,10492,True,0.5175763182238667,2162
INTC,b_20_80|none|death_cross,2021-11-03,2021-11-04,2021-11-12,2021-11-15,46.59591671136627,46.753584733902535,0.0033837304567463367,7,10500,10507,True,0.5266080518278575,2161
INTC,b_20_80|none|death_cross,2021-11-29,2021-11-30,2021-12-01,2021-12-02,45.90958303111033,45.084143311127484,-0.01797968235571845,2,10517,10519,True,0.5138504155124654,2166
INTC,b_20_80|none|death_cross,2021-12-02,2021-12-03,2021-12-09,2021-12-10,46.076529941788685,47.152387360059905,0.023349358548276467,5,10520,10525,True,0.5238095238095238,2163
INTC,b_20_80|none|death_cross,2021-12-21,2021-12-22,2022-01-05,2022-01-06,46.96689128122984,50.64893875943675,0.07839666151543723,10,10533,10543,True,0.5389249304911955,2158
INTC,b_20_80|none|death_cross,2022-01-11,2022-01-12,2022-01-18,2022-01-19,52.067956281714935,50.667490265272946,-0.026896888536679486,4,10547,10551,True,0.5217190388170055,2164
INTC,b_20_80|none|death_cross,2022-02-01,2022-02-02,2022-02-11,2022-02-14,44.750255244168756,44.782760418163036,0.0007263684601779286,8,10561,10569,True,0.524537037037037,2160
INTC,b_20_80|none|death_cross,2022-02-24,2022-02-25,2022-03-09,2022-03-10,43.8575685631616,44.19399571433212,0.007670902929468371,9,10577,10586,True,0.5289485873089393,2159
INTC,b_20_80|none|death_cross,2022-03-17,2022-03-18,2022-03-31,2022-04-01,43.75476526528211,46.56771119205296,0.06428890452768177,10,10592,10602,True,0.5389249304911955,2158
INTC,b_20_80|none|death_cross,2022-05-04,2022-05-05,2022-05-09,2022-05-10,42.951493641871934,41.77409083421778,-0.027412383314799227,3,10625,10628,True,0.5210161662817552,2165
INTC,b_20_80|none|death_cross,2022-05-13,2022-05-16,2022-05-18,2022-05-19,40.89811071393511,39.862003446612206,-0.02533386626512002,3,10632,10635,True,0.5210161662817552,2165
INTC,b_20_80|none|death_cross,2022-05-23,2022-05-24,2022-06-06,2022-06-07,39.278012050118406,40.55902107667352,0.032613896673806986,9,10638,10647,True,0.5289485873089393,2159
INTC,b_20_80|none|death_cross,2022-07-07,2022-07-08,2022-07-25,2022-07-26,35.4726619274312,36.82901922536377,0.03823669339243185,12,10668,10680,True,0.5398886827458256,2156
INTC,b_20_80|none|death_cross,2022-08-11,2022-08-12,2022-08-22,2022-08-23,34.061108525947496,32.32952129133426,-0.05083766528896516,7,10693,10700,True,0.5266080518278575,2161
INTC,b_20_80|none|death_cross,2022-09-19,2022-09-20,2022-09-21,2022-09-22,27.658006181197088,27.020548393565633,-0.02304785758797112,2,10719,10721,True,0.5138504155124654,2166
INTC,b_20_80|none|death_cross,2022-10-13,2022-10-14,2022-10-27,2022-10-28,25.174777613695817,26.811234632968954,0.06500383218411665,10,10737,10747,True,0.5389249304911955,2158
INTC,b_20_80|none|death_cross,2022-10-28,2022-10-31,2022-11-02,2022-11-03,27.667519016328484,26.116693526033995,-0.056052206537898885,3,10748,10751,True,0.5210161662817552,2165
INTC,b_20_80|none|death_cross,2022-11-07,2022-11-08,2022-11-09,2022-11-10,27.732629670945908,27.84834341538586,0.0041724764587030005,2,10754,10756,True,0.5138504155124654,2166
INTC,b_20_80|none|death_cross,2022-11-10,2022-11-11,2022-11-16,2022-11-17,27.89655701103716,28.03155433719462,0.004839211021777645,4,10757,10761,True,0.5217190388170055,2164
INTC,b_20_80|none|death_cross,2022-11-30,2022-12-01,2022-12-06,2022-12-07,29.15975801470209,27.26977619619987,-0.06481472917399744,4,10770,10774,True,0.5217190388170055,2164
INTC,b_20_80|none|death_cross,2022-12-29,2022-12-30,2023-01-18,2023-01-19,24.974791093932495,27.58798507942825,0.10463326702783182,12,10790,10802,True,0.5398886827458256,2156
INTC,b_20_80|none|death_cross,2023-01-24,2023-01-25,2023-01-25,2023-01-26,28.465481138851015,28.98618865064606,0.018292594783664518,1,10806,10807,True,0.5080756806645131,2167
INTC,b_20_80|none|death_cross,2023-01-26,2023-01-27,2023-01-27,2023-01-30,26.102997505095207,26.729781392428336,0.024011950627922385,1,10808,10809,True,0.5080756806645131,2167
INTC,b_20_80|none|death_cross,2023-02-02,2023-02-03,2023-02-07,2023-02-08,28.5619088888887,28.255995442166576,-0.010710539267952401,3,10813,10816,True,0.5210161662817552,2165
INTC,b_20_80|none|death_cross,2023-03-02,2023-03-03,2023-03-20,2023-03-21,25.57192169689661,28.304794254309765,0.10687005027646457,12,10832,10844,True,0.5398886827458256,2156
INTC,b_20_80|none|death_cross,2023-03-29,2023-03-30,2023-04-10,2023-04-11,31.086474310596248,31.87705177034044,0.02543155752708537,7,10851,10858,True,0.5266080518278575,2161
INTC,b_20_80|none|death_cross,2023-05-18,2023-05-19,2023-05-24,2023-05-25,29.008718684013914,27.724885860098915,-0.04425679182522779,4,10886,10890,True,0.5217190388170055,2164
INTC,b_20_80|none|death_cross,2023-05-26,2023-05-30,2023-06-20,2023-06-21,29.10672408490176,34.22244345650248,0.17575730462413497,15,10892,10907,True,0.5420343706456108,2153
INTC,b_20_80|none|death_cross,2023-07-03,2023-07-05,2023-07-05,2023-07-06,32.64461049777656,31.262773722505944,-0.042329706319048754,1,10916,10917,True,0.5080756806645131,2167
INTC,b_20_80|none|death_cross,2023-07-10,2023-07-11,2023-07-20,2023-07-21,32.16439638362285,33.05621567001245,0.02772690883898221,8,10920,10928,True,0.524537037037037,2160
INTC,b_20_80|none|death_cross,2023-07-27,2023-07-28,2023-08-01,2023-08-02,36.01589557238271,34.44785397276639,-0.04353748739816732,3,10933,10936,True,0.5210161662817552,2165
INTC,b_20_80|none|death_cross,2023-08-14,2023-08-15,2023-08-16,2023-08-17,34.82750763483381,33.00793827167546,-0.05224517878903434,2,10945,10947,True,0.5138504155124654,2166
INTC,b_20_80|none|death_cross,2023-08-23,2023-08-24,2023-08-24,2023-08-25,33.165306572463045,31.994883798587985,-0.03529057605174846,1,10952,10953,True,0.5080756806645131,2167
INTC,b_20_80|none|death_cross,2023-08-25,2023-08-28,2023-09-13,2023-09-14,32.948930596902564,38.17157848394199,0.15850735645819092,12,10954,10966,True,0.5398886827458256,2156
INTC,b_20_80|none|death_cross,2023-10-27,2023-10-30,2023-11-09,2023-11-10,34.886519198480364,37.73462662816008,0.08163919746409598,9,10998,11007,True,0.5289485873089393,2159
INTC,b_20_80|none|death_cross,2023-12-11,2023-12-12,2023-12-29,2024-01-02,43.77374793940317,48.54978086907395,0.10910724245687908,13,11028,11041,True,0.5350348027842228,2155
INTC,b_20_80|none|death_cross,2024-01-16,2024-01-17,2024-01-17,2024-01-18,45.80651781369869,46.408456099754304,0.013140887253289435,1,11051,11052,True,0.5080756806645131,2167
INTC,b_20_80|none|death_cross,2024-01-19,2024-01-22,2024-01-26,2024-01-29,48.2044044616061,43.1323333119092,-0.10522007701052949,5,11054,11059,True,0.5238095238095238,2163
INTC,b_20_80|none|death_cross,2024-02-07,2024-02-08,2024-02-21,2024-02-22,42.278986473496566,44.218751667634606,0.045880125233229485,9,11067,11076,True,0.5289485873089393,2159
INTC,b_20_80|none|death_cross,2024-03-01,2024-03-04,2024-03-13,2024-03-14,43.81298196467845,42.783718164719176,-0.02349221061440321,8,11083,11091,True,0.524537037037037,2160
INTC,b_20_80|none|death_cross,2024-03-22,2024-03-25,2024-04-03,2024-04-04,40.46787585904025,40.170973402908174,-0.007336744265161288,7,11098,11105,True,0.5266080518278575,2161
INTC,b_20_80|none|death_cross,2024-05-13,2024-05-14,2024-05-23,2024-05-24,30.42698497721072,30.099064079939822,-0.010777304998063508,8,11133,11141,True,0.524537037037037,2160
INTC,b_20_80|none|death_cross,2024-06-05,2024-06-06,2024-06-13,2024-06-14,30.35742448048119,30.099065365610674,-0.008510574243102642,6,11149,11155,True,0.5175763182238667,2162
INTC,b_20_80|none|death_cross,2024-06-17,2024-06-18,2024-06-18,2024-06-20,30.79465147966915,30.367361637990363,-0.013875456325943003,1,11157,11158,True,0.5080756806645131,2167
INTC,b_20_80|none|death_cross,2024-06-21,2024-06-24,2024-06-24,2024-06-25,30.943704994449813,30.506479631824043,-0.014129703043129216,1,11160,11161,True,0.5080756806645131,2167
INTC,b_20_80|none|death_cross,2024-06-28,2024-07-01,2024-07-16,2024-07-17,30.71515590338328,35.85256576329393,0.1672597683069148,11,11165,11176,True,0.5428836346777932,2157
INTC,b_20_80|none|death_cross,2024-08-30,2024-09-03,2024-09-04,2024-09-05,21.540000915527344,19.280000686645508,-0.10492108323229876,2,11209,11211,True,0.5138504155124654,2166
INTC,b_20_80|none|death_cross,2024-10-09,2024-10-10,2024-10-16,2024-10-17,23.190000534057617,22.719999313354492,-0.020267408791684427,5,11236,11241,True,0.5238095238095238,2163
INTC,b_20_80|none|death_cross,2024-10-28,2024-10-29,2024-10-31,2024-11-01,22.8700008392334,23.0,0.005684265675390376,3,11249,11252,True,0.5210161662817552,2165
INTC,b_20_80|none|death_cross,2024-11-01,2024-11-04,2024-11-12,2024-11-13,22.959999084472656,24.059999465942383,0.047909426190423154,7,11253,11260,True,0.5266080518278575,2161
INTC,b_20_80|none|death_cross,2024-11-25,2024-11-26,2024-11-26,2024-11-27,24.950000762939453,23.829999923706055,-0.04488981182305374,1,11269,11270,True,0.5080756806645131,2167
INTC,b_20_80|none|death_cross,2025-01-16,2025-01-17,2025-01-27,2025-01-28,21.260000228881836,20.34000015258789,-0.043273756650487716,6,11303,11309,True,0.5175763182238667,2162
INTC,b_20_80|none|death_cross,2025-02-10,2025-02-11,2025-02-24,2025-02-25,19.8700008392334,24.209999084472656,0.21841963069623604,9,11319,11328,True,0.5289485873089393,2159
INTC,b_20_80|none|death_cross,2025-04-09,2025-04-10,2025-04-21,2025-04-22,20.68000030517578,19.059999465942383,-0.07833659648583013,7,11360,11367,True,0.5266080518278575,2161
INTC,b_20_80|none|death_cross,2025-04-22,2025-04-23,2025-05-01,2025-05-02,20.719999313354492,20.260000228881836,-0.022200728750805365,7,11368,11375,True,0.5266080518278575,2161
INTC,b_20_80|none|death_cross,2025-05-02,2025-05-05,2025-05-05,2025-05-06,20.389999389648438,19.920000076293945,-0.023050481972701764,1,11376,11377,True,0.5080756806645131,2167
INTC,b_20_80|none|death_cross,2025-05-08,2025-05-09,2025-05-15,2025-05-16,21.200000762939453,21.530000686645508,0.015566033576892124,5,11380,11385,True,0.5238095238095238,2163
INTC,b_20_80|none|death_cross,2025-06-03,2025-06-04,2025-06-13,2025-06-16,20.34000015258789,20.40999984741211,0.0034414795623938232,8,11397,11405,True,0.524537037037037,2160
INTC,b_20_80|none|death_cross,2025-06-18,2025-06-20,2025-06-20,2025-06-23,21.700000762939453,21.06999969482422,-0.029032306265683983,1,11408,11409,True,0.5080756806645131,2167
INTC,b_20_80|none|death_cross,2025-06-23,2025-06-24,2025-07-02,2025-07-03,21.34000015258789,22.149999618530273,0.03795686317481839,7,11410,11417,True,0.5266080518278575,2161
INTC,b_20_80|none|death_cross,2025-07-08,2025-07-09,2025-07-15,2025-07-16,23.290000915527344,22.989999771118164,-0.012881113465700644,5,11420,11425,True,0.5238095238095238,2163
INTC,b_20_80|none|death_cross,2025-07-23,2025-07-24,2025-07-24,2025-07-25,23.489999771118164,20.68000030517578,-0.11962535092901039,1,11431,11432,True,0.5080756806645131,2167
INTC,b_20_80|none|death_cross,2025-09-09,2025-09-10,2025-09-12,2025-09-15,24.420000076293945,24.329999923706055,-0.003685509922469632,3,11464,11467,True,0.5210161662817552,2165
INTC,b_20_80|none|death_cross,2025-09-15,2025-09-16,2025-09-22,2025-09-23,24.81999969482422,28.989999771118164,0.16800967476093587,5,11468,11473,True,0.5238095238095238,2163
INTC,b_20_80|none|death_cross,2025-09-24,2025-09-25,2025-09-30,2025-10-01,31.610000610351562,33.529998779296875,0.06074021296654308,4,11475,11479,True,0.5217190388170055,2164
INTC,b_20_80|none|death_cross,2025-10-20,2025-10-21,2025-10-22,2025-10-23,38.13999938964844,36.599998474121094,-0.04037758102181077,2,11493,11495,True,0.5138504155124654,2166
INTC,b_20_80|none|death_cross,2025-10-23,2025-10-24,2025-10-31,2025-11-03,40.02000045776367,40.25,0.005747114932671327,6,11496,11502,True,0.5175763182238667,2162
INTC,b_20_80|none|death_cross,2026-02-03,2026-02-04,2026-02-10,2026-02-11,49.540000915527344,48.11000061035156,-0.02886556880800495,5,11565,11570,True,0.5238095238095238,2163
INTC,b_20_80|none|death_cross,2026-02-24,2026-02-25,2026-03-03,2026-03-04,46.09000015258789,44.06999969482422,-0.04382730421080838,5,11579,11584,True,0.5238095238095238,2163
INTC,b_20_80|none|death_cross,2026-03-04,2026-03-05,2026-03-06,2026-03-09,44.869998931884766,42.7400016784668,-0.04747041016540754,2,11585,11587,True,0.5138504155124654,2166
INTC,b_20_80|none|death_cross,2026-03-09,2026-03-10,2026-03-13,2026-03-16,45.40999984741211,47.90999984741211,0.05505395305881011,4,11588,11592,True,0.5217190388170055,2164
INTC,b_20_80|none|death_cross,2026-03-25,2026-03-26,2026-03-26,2026-03-27,46.29999923706055,43.619998931884766,-0.057883376875535464,1,11600,11601,True,0.5080756806645131,2167
INTC,b_20_80|none|death_cross,2026-03-31,2026-04-01,2026-04-20,2026-04-21,45.0,67.13999938964844,0.491999986436632,13,11604,11617,True,0.5350348027842228,2155
INTC,b_20_80|none|death_cross,2026-04-27,2026-04-28,2026-05-08,2026-05-11,81.27999877929688,130.8800048828125,0.6102363047297366,9,11622,11631,True,0.5289485873089393,2159
INTC,b_20_80|none|death_cross,2026-05-22,2026-05-26,2026-06-01,2026-06-02,122.0999984741211,107.44999694824219,-0.11998363398001144,5,11641,11646,True,0.5238095238095238,2163
INTC,b_20_80|none|death_cross,2026-06-11,2026-06-12,2026-06-25,2026-06-26,117.41999816894531,128.7100067138672,0.0961506448729259,9,11654,11663,True,0.5289485873089393,2159
INTC,b_20_80|none|death_cross,2026-06-30,2026-07-01,2026-07-01,2026-07-02,135.0,128.9199981689453,-0.04503705060040508,1,11666,11667,True,0.5080756806645131,2167
INTC,b_20_80|none|death_cross,2026-07-31,2026-08-03,2026-08-17,2026-08-18,88.4000015258789,99.22000122070312,0.12239818448031015,11,11688,11699,True,0.5428836346777932,2157
LRCX,b_20_80|none|death_cross,2018-01-02,2018-01-03,2018-01-10,2018-01-11,16.984074353979743,17.106994999442612,0.007237406225442333,6,8487,8493,True,0.5679925994449584,2162
LRCX,b_20_80|none|death_cross,2018-01-17,2018-01-18,2018-01-25,2018-01-26,18.08142910684916,17.98790845508986,-0.005172193591925556,6,8497,8503,True,0.5679925994449584,2162
LRCX,b_20_80|none|death_cross,2018-02-12,2018-02-13,2018-02-28,2018-03-01,15.281922650367573,17.14529151383541,0.12193288149007997,11,8515,8526,True,0.5799721835883171,2157
LRCX,b_20_80|none|death_cross,2018-03-05,2018-03-06,2018-03-14,2018-03-15,17.871657136786606,20.00225243058948,0.11921643737319165,7,8529,8536,True,0.5738084220268395,2161
LRCX,b_20_80|none|death_cross,2018-04-04,2018-04-05,2018-04-05,2018-04-06,18.098467655198366,17.047460384720882,-0.058071616365577006,1,8550,8551,True,0.5316105214582372,2167
LRCX,b_20_80|none|death_cross,2018-04-10,2018-04-11,2018-04-19,2018-04-20,17.70288952717682,17.02959739714988,-0.038032894516645044,7,8554,8561,True,0.5738084220268395,2161
LRCX,b_20_80|none|death_cross,2018-05-01,2018-05-02,2018-05-15,2018-05-16,16.992091565214114,18.163653108763743,0.06894745941388569,10,8569,8579,True,0.5769230769230769,2158
LRCX,b_20_80|none|death_cross,2018-05-24,2018-05-25,2018-05-29,2018-05-30,18.125256421865043,18.049353482755127,-0.0041876891197165644,2,8586,8588,True,0.5480147737765466,2166
LRCX,b_20_80|none|death_cross,2018-05-30,2018-05-31,2018-05-31,2018-06-01,17.918087053592753,17.8591526339113,-0.0032891022074611476,1,8589,8590,True,0.5316105214582372,2167
LRCX,b_20_80|none|death_cross,2018-06-01,2018-06-04,2018-06-06,2018-06-07,18.07971693090667,17.260808021525744,-0.04529434351823447,3,8591,8594,True,0.5478060046189377,2165
LRCX,b_20_80|none|death_cross,2018-07-05,2018-07-06,2018-07-12,2018-07-13,15.379052397574384,15.465246818247687,0.005604663957507361,5,8614,8619,True,0.5621821544151642,2163
LRCX,b_20_80|none|death_cross,2018-07-17,2018-07-18,2018-07-23,2018-07-24,16.433054815216764,15.817171787991265,-0.03747830419546827,4,8622,8626,True,0.5517560073937153,2164
LRCX,b_20_80|none|death_cross,2018-07-27,2018-07-30,2018-08-07,2018-08-08,17.012124391787403,16.613508970141975,-0.023431254819525016,7,8630,8637,True,0.5738084220268395,2161
LRCX,b_20_80|none|death_cross,2018-08-21,2018-08-22,2018-08-31,2018-09-04,15.570285519864829,15.419447694619178,-0.009687543947296873,8,8647,8655,True,0.5777777777777777,2160
LRCX,b_20_80|none|death_cross,2018-10-03,2018-10-04,2018-10-04,2018-10-05,13.64800577979145,13.449120733730094,-0.014572462033672684,1,8677,8678,True,0.5316105214582372,2167
LRCX,b_20_80|none|death_cross,2018-10-12,2018-10-15,2018-10-24,2018-10-25,12.837096947697512,12.746698317676573,-0.007041983899416793,8,8684,8692,True,0.5777777777777777,2160
LRCX,b_20_80|none|death_cross,2018-10-31,2018-11-01,2018-11-12,2018-11-13,12.894954058116515,13.11463282384392,0.017036025466808935,8,8697,8705,True,0.5777777777777777,2160
LRCX,b_20_80|none|death_cross,2018-11-26,2018-11-27,2018-12-04,2018-12-06,13.145368572829934,13.198470894838772,0.004039622146357669,6,8714,8720,True,0.5679925994449584,2162
LRCX,b_20_80|none|death_cross,2019-01-18,2019-01-22,2019-01-22,2019-01-23,13.321351885703677,12.804338207460829,-0.038810901677156506,1,8750,8751,True,0.5316105214582372,2167
LRCX,b_20_80|none|death_cross,2019-01-24,2019-01-25,2019-02-07,2019-02-08,14.839625226529988,15.718012587412945,0.059192017822161214,10,8753,8763,True,0.5769230769230769,2158
LRCX,b_20_80|none|death_cross,2019-03-11,2019-03-12,2019-03-25,2019-03-26,15.73439630113801,16.461128104964498,0.0461874602569865,10,8784,8794,True,0.5769230769230769,2158
LRCX,b_20_80|none|death_cross,2019-04-01,2019-04-02,2019-04-11,2019-04-12,16.949267495233816,17.77716957908923,0.04884589166394493,8,8799,8807,True,0.5777777777777777,2160
LRCX,b_20_80|none|death_cross,2019-04-12,2019-04-15,2019-04-15,2019-04-16,17.710315048527434,17.81288817485502,0.005791716637819633,1,8808,8809,True,0.5316105214582372,2167
LRCX,b_20_80|none|death_cross,2019-04-17,2019-04-18,2019-04-18,2019-04-22,18.01711956789943,17.97682407257518,-0.0022365115118647694,1,8811,8812,True,0.5316105214582372,2167
LRCX,b_20_80|none|death_cross,2019-04-26,2019-04-29,2019-05-06,2019-05-07,18.93295493443351,18.39810495249418,-0.028249683358544053,6,8817,8823,True,0.5679925994449584,2162
LRCX,b_20_80|none|death_cross,2019-05-17,2019-05-20,2019-05-20,2019-05-21,17.276219888923382,17.09030134451783,-0.010761529177152562,1,8832,8833,True,0.5316105214582372,2167
LRCX,b_20_80|none|death_cross,2019-06-04,2019-06-05,2019-06-13,2019-06-14,16.59117517921991,16.24136322729325,-0.021084217853645004,7,8843,8850,True,0.5738084220268395,2161
LRCX,b_20_80|none|death_cross,2019-06-20,2019-06-21,2019-06-25,2019-06-26,16.82812677968843,16.522312061670206,-0.018172831832200198,3,8855,8858,True,0.5478060046189377,2165
LRCX,b_20_80|none|death_cross,2019-06-26,2019-06-27,2019-07-03,2019-07-05,16.84655113358893,16.873262604625957,0.0015855750429396576,5,8859,8864,True,0.5621821544151642,2163
LRCX,b_20_80|none|death_cross,2019-07-12,2019-07-15,2019-07-26,2019-07-29,17.71885996143673,19.37228946581097,0.09331466629189222,10,8870,8880,True,0.5769230769230769,2158
LRCX,b_20_80|none|death_cross,2019-08-13,2019-08-14,2019-08-23,2019-08-26,18.362732413343444,18.82052337031089,0.024930437729125066,8,8892,8900,True,0.5777777777777777,2160
LRCX,b_20_80|none|death_cross,2019-08-29,2019-08-30,2019-09-19,2019-09-20,19.470845222800893,21.850126975599647,0.12219714786765135,14,8904,8918,True,0.5840297121634169,2154
LRCX,b_20_80|none|death_cross,2019-10-09,2019-10-10,2019-10-18,2019-10-21,21.532187766434514,21.938592671752193,0.018874296923566902,7,8932,8939,True,0.5738084220268395,2161
LRCX,b_20_80|none|death_cross,2019-10-24,2019-10-25,2019-11-06,2019-11-07,24.532565868862132,25.75919757166513,0.050000138972821295,9,8943,8952,True,0.5789717461787864,2159
LRCX,b_20_80|none|death_cross,2019-11-15,2019-11-18,2019-11-20,2019-11-21,26.17671300269795,24.599225415057173,-0.06026301268146961,3,8959,8962,True,0.5478060046189377,2165
LRCX,b_20_80|none|death_cross,2019-12-04,2019-12-05,2019-12-24,2019-12-26,24.500165416235674,27.42473195180566,0.11936925673293408,14,8971,8985,True,0.5840297121634169,2154
LRCX,b_20_80|none|death_cross,2020-01-08,2020-01-09,2020-01-10,2020-01-13,28.089502200035668,27.369875799761417,-0.025619051386155833,2,8994,8996,True,0.5480147737765466,2166
LRCX,b_20_80|none|death_cross,2020-01-14,2020-01-15,2020-01-24,2020-01-27,27.825454137781275,27.61625882055945,-0.007518127689343901,7,8998,9005,True,0.5738084220268395,2161
LRCX,b_20_80|none|death_cross,2020-02-04,2020-02-05,2020-02-18,2020-02-19,30.79599499680106,30.791336820396438,-0.0001512591622743198,9,9012,9021,True,0.5789717461787864,2159
LRCX,b_20_80|none|death_cross,2020-03-02,2020-03-03,2020-03-09,2020-03-10,27.92028718373885,25.631253176436612,-0.08198461542456492,5,9030,9035,True,0.5621821544151642,2163
LRCX,b_20_80|none|death_cross,2020-03-24,2020-03-25,2020-04-02,2020-04-03,21.682680589919247,20.86334002803585,-0.03778778912900316,7,9046,9053,True,0.5738084220268395,2161
LRCX,b_20_80|none|death_cross,2020-04-07,2020-04-08,2020-04-20,2020-04-21,24.308133071342663,24.544779850838104,0.009735292249754446,8,9056,9064,True,0.5777777777777777,2160
LRCX,b_20_80|none|death_cross,2020-04-29,2020-04-30,2020-04-30,2020-05-01,25.721412334586372,23.077249038175893,-0.10280008197119861,1,9071,9072,True,0.5316105214582372,2167
LRCX,b_20_80|none|death_cross,2020-05-08,2020-05-11,2020-06-01,2020-06-02,24.54944835984802,25.479161614932192,0.03787104465470459,15,9078,9093,True,0.5889456572224803,2153
LRCX,b_20_80|none|death_cross,2020-06-03,2020-06-04,2020-06-11,2020-06-12,26.70630924476041,27.386294444988774,0.02546159388766056,6,9095,9101,True,0.5679925994449584,2162
LRCX,b_20_80|none|death_cross,2020-06-16,2020-06-17,2020-06-24,2020-06-25,29.165429288671046,28.938185030398504,-0.007791562264465313,6,9104,9110,True,0.5679925994449584,2162
LRCX,b_20_80|none|death_cross,2020-07-01,2020-07-02,2020-07-15,2020-07-16,30.317625004173937,31.952486811283592,0.05392446825516761,9,9115,9124,True,0.5789717461787864,2159
LRCX,b_20_80|none|death_cross,2020-07-30,2020-07-31,2020-08-07,2020-08-10,35.64194593336838,34.97335833649556,-0.01875844820938599,6,9135,9141,True,0.5679925994449584,2162
LRCX,b_20_80|none|death_cross,2020-09-02,2020-09-03,2020-09-08,2020-09-09,33.5516518323352,29.200178151363907,-0.12969476742058905,3,9159,9162,True,0.5478060046189377,2165
LRCX,b_20_80|none|death_cross,2020-10-29,2020-10-30,2020-10-30,2020-11-02,32.809758896677174,32.816359940232886,0.0002011914679562743,1,9199,9200,True,0.5316105214582372,2167
LRCX,b_20_80|none|death_cross,2020-11-02,2020-11-03,2020-11-20,2020-11-23,33.62423095692568,41.15526436825811,0.223976376470292,14,9201,9215,True,0.5840297121634169,2154
LRCX,b_20_80|none|death_cross,2020-12-30,2020-12-31,2021-01-21,2021-01-22,45.58165481735682,53.18678124125193,0.16684621158157653,14,9241,9255,True,0.5840297121634169,2154
LRCX,b_20_80|none|death_cross,2021-02-04,2021-02-05,2021-02-22,2021-02-23,49.57182205416945,52.59892922289745,0.06106507776575443,11,9265,9276,True,0.5799721835883171,2157
LRCX,b_20_80|none|death_cross,2021-02-24,2021-02-25,2021-02-25,2021-02-26,55.76027018352062,52.63484515901808,-0.056051109763564755,1,9278,9279,True,0.5316105214582372,2167
LRCX,b_20_80|none|death_cross,2021-03-01,2021-03-02,2021-03-02,2021-03-03,56.13924108666668,53.94096706924784,-0.0391575300069551,1,9281,9282,True,0.5316105214582372,2167
LRCX,b_20_80|none|death_cross,2021-03-15,2021-03-16,2021-03-25,2021-03-26,51.39651615907508,52.07957403571487,0.013289964528445664,8,9291,9299,True,0.5777777777777777,2160
LRCX,b_20_80|none|death_cross,2021-03-26,2021-03-29,2021-04-12,2021-04-13,55.16995005933979,62.106684708035154,0.1257339301781919,10,9300,9310,True,0.5769230769230769,2158
LRCX,b_20_80|none|death_cross,2021-04-26,2021-04-27,2021-04-30,2021-05-03,61.3298198610528,59.61601637472971,-0.027944048917897257,4,9320,9324,True,0.5517560073937153,2164
LRCX,b_20_80|none|death_cross,2021-05-07,2021-05-10,2021-05-10,2021-05-11,58.871358359987255,53.86444487875946,-0.08504837701572077,1,9329,9330,True,0.5316105214582372,2167
LRCX,b_20_80|none|death_cross,2021-05-14,2021-05-17,2021-06-02,2021-06-03,55.93257990885936,60.49518324725609,0.08157326813516153,12,9334,9346,True,0.5820964749536178,2156
LRCX,b_20_80|none|death_cross,2021-06-14,2021-06-15,2021-06-16,2021-06-17,61.41093186778606,60.41702429545451,-0.016184538193808384,2,9354,9356,True,0.5480147737765466,2166
LRCX,b_20_80|none|death_cross,2021-06-24,2021-06-25,2021-07-02,2021-07-06,60.2793778105438,59.941436891997355,-0.005606244304786623,6,9362,9368,True,0.5679925994449584,2162
LRCX,b_20_80|none|death_cross,2021-07-13,2021-07-14,2021-07-15,2021-07-16,60.004076689752495,58.17197531050076,-0.030532948431562512,2,9374,9376,True,0.5480147737765466,2166
LRCX,b_20_80|none|death_cross,2021-07-20,2021-07-21,2021-08-09,2021-08-10,57.736241774804824,60.82996214116213,0.05358368108586098,14,9379,9393,True,0.5840297121634169,2154
LRCX,b_20_80|none|death_cross,2021-08-23,2021-08-24,2021-09-07,2021-09-08,55.715234231653966,56.144311996404824,0.007701264666084562,10,9403,9413,True,0.5769230769230769,2158
LRCX,b_20_80|none|death_cross,2021-09-13,2021-09-14,2021-09-20,2021-09-21,57.01479866289352,56.23259461804777,-0.01371931609318866,5,9417,9422,True,0.5621821544151642,2163
LRCX,b_20_80|none|death_cross,2021-09-23,2021-09-24,2021-09-28,2021-09-29,57.397368163500296,55.774935254406515,-0.02826667774160252,3,9425,9428,True,0.5478060046189377,2165
LRCX,b_20_80|none|death_cross,2021-10-14,2021-10-15,2021-10-22,2021-10-25,53.90881721649581,53.10470859083987,-0.014916087333667005,6,9440,9446,True,0.5679925994449584,2162
LRCX,b_20_80|none|death_cross,2021-10-28,2021-10-29,2021-11-11,2021-11-12,53.13230907770449,58.752523840180075,0.105777724703366,10,9450,9460,True,0.5769230769230769,2158
LRCX,b_20_80|none|death_cross,2021-12-07,2021-12-08,2021-12-13,2021-12-14,67.08865427408719,64.33854270315175,-0.04099220055450814,4,9477,9481,True,0.5517560073937153,2164
LRCX,b_20_80|none|death_cross,2021-12-22,2021-12-23,2022-01-04,2022-01-05,66.23259044438203,67.97881420012284,0.026365022778433778,8,9488,9496,True,0.5777777777777777,2160
LRCX,b_20_80|none|death_cross,2022-01-13,2022-01-14,2022-01-19,2022-01-20,65.19212329732223,62.43782336175713,-0.04224896806940215,3,9503,9506,True,0.5478060046189377,2165
LRCX,b_20_80|none|death_cross,2022-01-31,2022-02-01,2022-02-11,2022-02-14,56.26833998571891,53.47112964159459,-0.04971197559469964,9,9514,9523,True,0.5789717461787864,2159
LRCX,b_20_80|none|death_cross,2022-02-16,2022-02-17,2022-02-18,2022-02-22,55.999385577306626,53.50259959553448,-0.04458595314988523,2,9526,9528,True,0.5480147737765466,2166
LRCX,b_20_80|none|death_cross,2022-02-25,2022-02-28,2022-03-01,2022-03-02,54.01855705985136,52.19316697023288,-0.033791907614192485,2,9532,9534,True,0.5480147737765466,2166
LRCX,b_20_80|none|death_cross,2022-03-02,2022-03-03,2022-03-03,2022-03-04,53.45490642324122,51.37965474345958,-0.03882247334511013,1,9535,9536,True,0.5316105214582372,2167
LRCX,b_20_80|none|death_cross,2022-03-16,2022-03-17,2022-03-30,2022-03-31,48.81104668404766,52.62087764649221,0.0780526381068094,10,9545,9555,True,0.5769230769230769,2158
LRCX,b_20_80|none|death_cross,2022-04-28,2022-04-29,2022-05-09,2022-05-10,45.446115271901604,44.10378268219928,-0.02953679498613293,7,9575,9582,True,0.5738084220268395,2161
LRCX,b_20_80|none|death_cross,2022-05-13,2022-05-16,2022-05-20,2022-05-23,46.53874868651199,45.56954885344877,-0.020825653040046466,5,9586,9591,True,0.5621821544151642,2163
LRCX,b_20_80|none|death_cross,2022-05-25,2022-05-26,2022-06-08,2022-06-09,46.10532843025918,48.13270742440838,0.0439727698115393,9,9594,9603,True,0.5789717461787864,2159
LRCX,b_20_80|none|death_cross,2022-06-24,2022-06-27,2022-07-01,2022-07-05,43.78667235551661,36.447607092189834,-0.16760956858604803,5,9614,9619,True,0.5621821544151642,2163
LRCX,b_20_80|none|death_cross,2022-07-07,2022-07-08,2022-07-26,2022-07-27,39.28051930300506,43.60523199134403,0.11009815463432826,13,9622,9635,True,0.580046403712297,2155
LRCX,b_20_80|none|death_cross,2022-08-15,2022-08-16,2022-08-17,2022-08-18,49.56383331846218,47.78403257471593,-0.03590926335964584,2,9649,9651,True,0.5480147737765466,2166
LRCX,b_20_80|none|death_cross,2022-10-19,2022-10-20,2022-11-02,2022-11-03,32.825475762759694,37.458933790453464,0.14115432967921815,10,9695,9705,True,0.5769230769230769,2158
LRCX,b_20_80|none|death_cross,2022-11-30,2022-12-01,2022-12-06,2022-12-07,46.191965039963385,42.51739337000483,-0.07955001842375542,4,9724,9728,True,0.5517560073937153,2164
LRCX,b_20_80|none|death_cross,2022-12-12,2022-12-13,2022-12-15,2022-12-16,46.96588014556916,42.840378293172314,-0.08784040328021092,3,9732,9735,True,0.5478060046189377,2165
LRCX,b_20_80|none|death_cross,2022-12-29,2022-12-30,2023-01-19,2023-01-20,39.90851729369408,44.40739854950046,0.1127298521941642,13,9744,9757,True,0.580046403712297,2155
LRCX,b_20_80|none|death_cross,2023-02-28,2023-03-01,2023-03-10,2023-03-13,47.39244732305977,45.37274339649951,-0.04261657797059015,8,9784,9792,True,0.5777777777777777,2160
LRCX,b_20_80|none|death_cross,2023-03-14,2023-03-15,2023-03-24,2023-03-27,47.20914728356923,49.34199965953807,0.04517879476105602,8,9794,9802,True,0.5777777777777777,2160
LRCX,b_20_80|none|death_cross,2023-03-30,2023-03-31,2023-04-04,2023-04-05,51.22341232712887,48.530411237877146,-0.05257363707152829,3,9806,9809,True,0.5478060046189377,2165
LRCX,b_20_80|none|death_cross,2023-04-20,2023-04-21,2023-04-25,2023-04-26,50.88848195291795,48.85563060168928,-0.0399471800536213,3,9820,9823,True,0.5478060046189377,2165
LRCX,b_20_80|none|death_cross,2023-04-27,2023-04-28,2023-05-04,2023-05-05,50.409874938814795,50.3846424071887,-0.0005005473958569207,5,9825,9830,True,0.5621821544151642,2163
LRCX,b_20_80|none|death_cross,2023-05-05,2023-05-08,2023-05-22,2023-05-23,51.452526394179536,56.31721509984034,0.09454713007466853,11,9831,9842,True,0.5799721835883171,2157
LRCX,b_20_80|none|death_cross,2023-06-12,2023-06-13,2023-06-16,2023-06-20,60.84238983944292,59.46102723305565,-0.022703950486372304,4,9856,9860,True,0.5517560073937153,2164
LRCX,b_20_80|none|death_cross,2023-06-27,2023-06-28,2023-07-06,2023-07-07,62.301638072821504,60.53769680059696,-0.02831291964045557,6,9866,9872,True,0.5679925994449584,2162
LRCX,b_20_80|none|death_cross,2023-07-13,2023-07-14,2023-07-20,2023-07-21,62.50899094255719,60.30892364828556,-0.035196013582964314,5,9877,9882,True,0.5621821544151642,2163
LRCX,b_20_80|none|death_cross,2023-07-25,2023-07-26,2023-08-03,2023-08-04,62.49925350419761,67.49708466143836,0.07996625362741461,7,9885,9892,True,0.5738084220268395,2161
LRCX,b_20_80|none|death_cross,2023-08-21,2023-08-22,2023-09-07,2023-09-08,65.94342145480056,65.56375098061567,-0.005757518578940135,12,9904,9916,True,0.5820964749536178,2156
LRCX,b_20_80|none|death_cross,2023-11-01,2023-11-02,2023-11-21,2023-11-22,60.782192705499156,69.81408149944725,0.14859432330303135,14,9955,9969,True,0.5840297121634169,2154
LRCX,b_20_80|none|death_cross,2023-12-11,2023-12-12,2023-12-28,2023-12-29,71.76677292887729,77.10375051495835,0.07436557850204784,12,9982,9994,True,0.5820964749536178,2156
LRCX,b_20_80|none|death_cross,2024-01-11,2024-01-12,2024-01-26,2024-01-29,74.48176114525941,81.82194585525504,0.09855009598497944,10,10003,10013,True,0.5769230769230769,2158
LRCX,b_20_80|none|death_cross,2024-02-07,2024-02-08,2024-02-20,2024-02-21,83.41785194606682,87.629856135662,0.050492839258416966,8,10021,10029,True,0.5777777777777777,2160
LRCX,b_20_80|none|death_cross,2024-02-22,2024-02-23,2024-02-23,2024-02-26,92.7328379255775,91.70090625416314,-0.011128007019935326,1,10031,10032,True,0.5316105214582372,2167
LRCX,b_20_80|none|death_cross,2024-02-26,2024-02-27,2024-02-27,2024-02-28,92.07097833125884,89.80538727501445,-0.02460700534855942,1,10033,10034,True,0.5316105214582372,2167
LRCX,b_20_80|none|death_cross,2024-03-01,2024-03-04,2024-03-05,2024-03-06,97.04374417419683,95.62504715702809,-0.014619149634438333,2,10037,10039,True,0.5480147737765466,2166
LRCX,b_20_80|none|death_cross,2024-03-06,2024-03-07,2024-03-08,2024-03-11,96.83226292657618,92.33827746289043,-0.046410001458845884,2,10040,10042,True,0.5480147737765466,2166
LRCX,b_20_80|none|death_cross,2024-03-20,2024-03-21,2024-04-03,2024-04-04,96.46080281747876,97.39196460735626,0.00965326601769445,9,10050,10059,True,0.5789717461787864,2159
LRCX,b_20_80|none|death_cross,2024-04-11,2024-04-12,2024-04-12,2024-04-15,94.49156346759457,95.75238947067209,0.01334326533299346,1,10065,10066,True,0.5316105214582372,2167
LRCX,b_20_80|none|death_cross,2024-04-25,2024-04-26,2024-05-01,2024-05-02,88.15011843651962,86.4467763979466,-0.01932319625639134,4,10075,10079,True,0.5517560073937153,2164
LRCX,b_20_80|none|death_cross,2024-05-03,2024-05-06,2024-05-17,2024-05-20,89.80637363934757,89.71905464806471,-0.0009723028304596815,10,10081,10091,True,0.5769230769230769,2158
LRCX,b_20_80|none|death_cross,2024-05-21,2024-05-22,2024-05-29,2024-05-30,95.29613399154756,93.4093055732056,-0.01979963235979032,5,10093,10098,True,0.5621821544151642,2163
LRCX,b_20_80|none|death_cross,2024-06-06,2024-06-07,2024-06-20,2024-06-21,95.39719376884477,104.19765894631408,0.09225077625232414,9,10104,10113,True,0.5789717461787864,2159
LRCX,b_20_80|none|death_cross,2024-07-02,2024-07-03,2024-07-11,2024-07-12,105.18364437216427,103.904721634974,-0.01215895061275063,6,10121,10127,True,0.5679925994449584,2162
LRCX,b_20_80|none|death_cross,2024-07-31,2024-08-01,2024-08-02,2024-08-05,84.02403708445647,72.81067968685501,-0.1334541612935164,2,10141,10143,True,0.5480147737765466,2166
LRCX,b_20_80|none|death_cross,2024-09-11,2024-09-12,2024-09-30,2024-10-01,75.23480935656688,80.60769682022651,0.07141491431440228,13,10170,10183,True,0.580046403712297,2155
LRCX,b_20_80|none|death_cross,2024-10-10,2024-10-11,2024-10-15,2024-10-16,80.350344069716,76.07104070752568,-0.05325805896334901,3,10191,10194,True,0.5478060046189377,2165
LRCX,b_20_80|none|death_cross,2024-11-05,2024-11-06,2024-11-12,2024-11-13,76.59362972656287,73.45809551093028,-0.04093727150451487,5,10209,10214,True,0.5621821544151642,2163
LRCX,b_20_80|none|death_cross,2024-11-21,2024-11-22,2024-12-06,2024-12-09,71.59452049716344,75.40054634137704,0.05316085390032588,10,10221,10231,True,0.5769230769230769,2158
LRCX,b_20_80|none|death_cross,2024-12-09,2024-12-10,2024-12-10,2024-12-11,77.04719114011849,75.48372038100433,-0.02029237842390408,1,10232,10233,True,0.5316105214582372,2167
LRCX,b_20_80|none|death_cross,2024-12-11,2024-12-12,2024-12-12,2024-12-13,76.40353795245144,75.54305770309452,-0.011262308950829358,1,10234,10235,True,0.5316105214582372,2167
LRCX,b_20_80|none|death_cross,2024-12-17,2024-12-18,2024-12-18,2024-12-19,77.18488431880562,71.95284442709739,-0.06778580984973337,1,10238,10239,True,0.5316105214582372,2167
LRCX,b_20_80|none|death_cross,2025-01-02,2025-01-03,2025-01-10,2025-01-13,72.37813486155655,72.36824302648594,-0.00013666883084961778,5,10248,10253,True,0.5621821544151642,2163
LRCX,b_20_80|none|death_cross,2025-01-16,2025-01-17,2025-01-24,2025-01-27,80.51795034486706,75.94857776158561,-0.056749737961663604,5,10257,10262,True,0.5621821544151642,2163
LRCX,b_20_80|none|death_cross,2025-01-31,2025-02-03,2025-02-12,2025-02-13,78.10468443285893,80.68608335959844,0.03305050068998816,8,10267,10275,True,0.5777777777777777,2160
LRCX,b_20_80|none|death_cross,2025-02-13,2025-02-14,2025-02-14,2025-02-18,81.74436660431498,83.9796101900289,0.027344313480752058,1,10276,10277,True,0.5316105214582372,2167
LRCX,b_20_80|none|death_cross,2025-02-18,2025-02-19,2025-02-21,2025-02-24,85.35436458441343,85.50271864974923,0.0017380958321009388,3,10278,10281,True,0.5478060046189377,2165
LRCX,b_20_80|none|death_cross,2025-03-07,2025-03-10,2025-03-11,2025-03-12,76.28691900875029,74.70958383853286,-0.020676351735171017,2,10291,10293,True,0.5480147737765466,2166
LRCX,b_20_80|none|death_cross,2025-03-12,2025-03-13,2025-03-26,2025-03-27,75.50321022659169,75.28496882186417,-0.0028904917297233323,10,10294,10304,True,0.5769230769230769,2158
LRCX,b_20_80|none|death_cross,2025-04-09,2025-04-10,2025-04-21,2025-04-22,67.4578657702042,62.467967524814185,-0.07397059169331177,7,10314,10321,True,0.5738084220268395,2161
LRCX,b_20_80|none|death_cross,2025-04-23,2025-04-24,2025-05-06,2025-05-07,69.11455022779614,72.85450620025114,0.05411242582246989,9,10323,10332,True,0.5789717461787864,2159
LRCX,b_20_80|none|death_cross,2025-06-04,2025-06-05,2025-06-18,2025-06-20,84.81835536462053,92.53785834794621,0.09101217478387524,10,10352,10362,True,0.5769230769230769,2158
LRCX,b_20_80|none|death_cross,2025-06-24,2025-06-25,2025-07-07,2025-07-08,95.72023062114255,98.28603688363411,0.026805266199649402,8,10365,10373,True,0.5777777777777777,2160
LRCX,b_20_80|none|death_cross,2025-08-01,2025-08-04,2025-08-15,2025-08-18,96.89373782752544,98.45509663707112,0.01611413538741746,10,10392,10402,True,0.5769230769230769,2158
LRCX,b_20_80|none|death_cross,2025-08-26,2025-08-27,2025-09-02,2025-09-03,102.60214776520223,96.495942768274,-0.059513422768710855,4,10409,10413,True,0.5517560073937153,2164
LRCX,b_20_80|none|death_cross,2025-09-04,2025-09-05,2025-09-24,2025-09-25,101.14024179635565,125.99237220490419,0.2457195075585039,14,10415,10429,True,0.5840297121634169,2154
LRCX,b_20_80|none|death_cross,2025-10-17,2025-10-20,2025-10-31,2025-11-03,142.98200880067284,159.42359951745195,0.11499062612625521,10,10446,10456,True,0.5769230769230769,2158
LRCX,b_20_80|none|death_cross,2025-11-10,2025-11-11,2025-11-11,2025-11-12,163.58879468463684,160.73891482370632,-0.017420996752402607,1,10462,10463,True,0.5316105214582372,2167
LRCX,b_20_80|none|death_cross,2025-11-24,2025-11-25,2025-12-12,2025-12-15,149.02057154913396,163.0895699264274,0.09440977330203504,13,10472,10485,True,0.580046403712297,2155
LRCX,b_20_80|none|death_cross,2025-12-19,2025-12-22,2025-12-31,2026-01-02,175.34624801505723,177.51214058100598,0.012352089596823213,7,10490,10497,True,0.5738084220268395,2161
LRCX,b_20_80|none|death_cross,2026-01-27,2026-01-28,2026-01-30,2026-02-02,240.81165455096414,232.88672159911184,-0.03290925834395242,3,10514,10517,True,0.5478060046189377,2165
LRCX,b_20_80|none|death_cross,2026-02-11,2026-02-12,2026-02-26,2026-02-27,235.88103500840077,233.01648766122423,-0.012144034161434503,10,10525,10535,True,0.5769230769230769,2158
LRCX,b_20_80|none|death_cross,2026-03-10,2026-03-11,2026-03-26,2026-03-27,214.29904030091296,209.52240405055184,-0.02228958302218198,12,10543,10555,True,0.5820964749536178,2156
LRCX,b_20_80|none|death_cross,2026-04-02,2026-04-06,2026-04-20,2026-04-21,219.97505169789187,263.62428319360447,0.19842809972677866,11,10560,10571,True,0.5799721835883171,2157
LRCX,b_20_80|none|death_cross,2026-05-04,2026-05-05,2026-05-15,2026-05-18,266.45231009344053,292.53390667670527,0.0978846705217844,9,10581,10590,True,0.5789717461787864,2159
LRCX,b_20_80|none|death_cross,2026-05-21,2026-05-22,2026-06-05,2026-06-08,305.51480819886183,318.32574750534235,0.04193230233914491,10,10594,10604,True,0.5769230769230769,2158
LRCX,b_20_80|none|death_cross,2026-06-11,2026-06-12,2026-06-23,2026-06-24,359.13702858198286,366.8699951171875,0.021532078064290694,7,10608,10615,True,0.5738084220268395,2161
LRCX,b_20_80|none|death_cross,2026-06-29,2026-06-30,2026-07-01,2026-07-02,416.2900085449219,391.05999755859375,-0.060606813683844574,2,10619,10621,True,0.5480147737765466,2166
LRCX,b_20_80|none|death_cross,2026-07-21,2026-07-22,2026-07-24,2026-07-27,310.54998779296875,306.30999755859375,-0.013653165033133519,3,10634,10637,True,0.5478060046189377,2165
LRCX,b_20_80|none|death_cross,2026-07-30,2026-07-31,2026-08-18,2026-08-19,315.3699951171875,326.1199951171875,0.03408694602035767,13,10641,10654,True,0.580046403712297,2155
MRVL,b_20_80|none|death_cross,2018-01-02,2018-01-03,2018-01-17,2018-01-18,21.184407990485273,22.457930268609235,0.06011601922961218,10,4404,4414,True,0.5342910101946247,2158
MRVL,b_20_80|none|death_cross,2018-02-12,2018-02-13,2018-02-27,2018-02-28,20.766226464717526,22.305872177844062,0.07414181463071512,10,4432,4442,True,0.5342910101946247,2158
MRVL,b_20_80|none|death_cross,2018-03-07,2018-03-08,2018-03-12,2018-03-13,22.714550127448568,22.90462930800189,0.00836816839808896,3,4448,4451,True,0.535796766743649,2165
MRVL,b_20_80|none|death_cross,2018-05-02,2018-05-03,2018-05-16,2018-05-17,19.252067642064365,20.776985977593334,0.07920802917797443,10,4487,4497,True,0.5342910101946247,2158
MRVL,b_20_80|none|death_cross,2018-05-25,2018-05-29,2018-05-29,2018-05-30,21.21540055922088,21.12962222772622,-0.004043210556181398,1,4504,4505,True,0.5214582371942778,2167
MRVL,b_20_80|none|death_cross,2018-06-06,2018-06-07,2018-06-08,2018-06-11,21.36788798144687,20.643550885964487,-0.033898394455797565,2,4511,4513,True,0.5272391505078485,2166
MRVL,b_20_80|none|death_cross,2018-06-20,2018-06-21,2018-06-25,2018-06-26,20.91041089876555,19.337846137635772,-0.07520487133146747,3,4521,4524,True,0.535796766743649,2165
MRVL,b_20_80|none|death_cross,2018-06-28,2018-06-29,2018-07-12,2018-07-13,20.710273865175893,21.064950907028763,0.017125656771215247,9,4527,4536,True,0.5409911996294581,2159
MRVL,b_20_80|none|death_cross,2018-07-23,2018-07-24,2018-07-30,2018-07-31,21.007599462863222,20.45326134933341,-0.026387503936837642,5,4543,4548,True,0.5349052242256126,2163
MRVL,b_20_80|none|death_cross,2018-08-06,2018-08-07,2018-08-10,2018-08-13,20.97893667900934,19.98494663280774,-0.04738038259089383,4,4553,4557,True,0.5337338262476895,2164
MRVL,b_20_80|none|death_cross,2018-09-20,2018-09-21,2018-10-05,2018-10-08,17.920502570670806,17.736696659333507,-0.01025673864962473,11,4585,4596,True,0.5363931386184515,2157
MRVL,b_20_80|none|death_cross,2018-10-16,2018-10-17,2018-10-19,2018-10-22,18.283186912284496,17.17104314479972,-0.06082876977741358,3,4603,4606,True,0.535796766743649,2165
MRVL,b_20_80|none|death_cross,2018-10-31,2018-11-01,2018-11-09,2018-11-12,15.761696312047533,15.435722571695747,-0.02068138694580901,7,4614,4621,True,0.5506709856547894,2161
MRVL,b_20_80|none|death_cross,2018-11-21,2018-11-23,2018-12-04,2018-12-06,14.822129320200917,15.31108820398639,0.032988437303611784,8,4629,4637,True,0.5462962962962963,2160
MRVL,b_20_80|none|death_cross,2018-12-26,2018-12-27,2019-01-14,2019-01-15,14.689573629650488,16.412667163792186,0.11730044571638776,12,4651,4663,True,0.538961038961039,2156
MRVL,b_20_80|none|death_cross,2019-01-24,2019-01-25,2019-02-07,2019-02-08,17.153880284636077,17.35602823030869,0.01178438594174347,10,4670,4680,True,0.5342910101946247,2158
MRVL,b_20_80|none|death_cross,2019-02-12,2019-02-13,2019-02-15,2019-02-19,18.79996390818156,18.33789739004654,-0.024578053468173655,3,4683,4686,True,0.535796766743649,2165
MRVL,b_20_80|none|death_cross,2019-02-20,2019-02-21,2019-02-27,2019-02-28,18.982861031058494,18.84808797550388,-0.007099723025633886,5,4688,4693,True,0.5349052242256126,2163
MRVL,b_20_80|none|death_cross,2019-03-01,2019-03-04,2019-03-05,2019-03-06,19.42566692634128,19.300517704337025,-0.006442467199648694,2,4695,4697,True,0.5272391505078485,2166
MRVL,b_20_80|none|death_cross,2019-03-12,2019-03-13,2019-03-22,2019-03-25,19.136873959349536,18.886594341128657,-0.01307839612428463,8,4702,4710,True,0.5462962962962963,2160
MRVL,b_20_80|none|death_cross,2019-04-02,2019-04-03,2019-04-18,2019-04-22,19.773034551091612,23.8473639423124,0.20605483597841867,12,4717,4729,True,0.538961038961039,2156
MRVL,b_20_80|none|death_cross,2019-05-15,2019-05-16,2019-05-20,2019-05-21,21.829511882809122,21.54951642322732,-0.012826464516703218,3,4747,4750,True,0.535796766743649,2165
MRVL,b_20_80|none|death_cross,2019-05-21,2019-05-22,2019-05-24,2019-05-28,21.3564246430398,21.192285408652285,-0.007685707562525512,3,4751,4754,True,0.535796766743649,2165
MRVL,b_20_80|none|death_cross,2019-05-30,2019-05-31,2019-06-13,2019-06-14,21.491586527825188,22.804642927066435,0.06109629912809056,10,4757,4767,True,0.5342910101946247,2158
MRVL,b_20_80|none|death_cross,2019-07-01,2019-07-02,2019-07-22,2019-07-23,23.393582049197455,25.249740560403705,0.07934477530216144,14,4779,4793,True,0.5459610027855153,2154
MRVL,b_20_80|none|death_cross,2019-08-13,2019-08-14,2019-08-23,2019-08-26,23.69158709339068,23.217366559282027,-0.020016410561238818,8,4809,4817,True,0.5462962962962963,2160
MRVL,b_20_80|none|death_cross,2019-08-30,2019-09-03,2019-09-03,2019-09-04,22.90767973804519,22.772183832541067,-0.0059148681600909025,1,4822,4823,True,0.5214582371942778,2167
MRVL,b_20_80|none|death_cross,2019-09-04,2019-09-05,2019-09-16,2019-09-17,23.730295066636835,24.43678532072048,0.029771659058589695,8,4824,4832,True,0.5462962962962963,2160
MRVL,b_20_80|none|death_cross,2019-09-30,2019-10-01,2019-10-01,2019-10-02,24.340013262000866,22.985102605260163,-0.055665978574299335,1,4842,4843,True,0.5214582371942778,2167
MRVL,b_20_80|none|death_cross,2019-10-04,2019-10-07,2019-10-08,2019-10-09,23.614164852321263,22.540773156802313,-0.04545541636690298,2,4846,4848,True,0.5272391505078485,2166
MRVL,b_20_80|none|death_cross,2019-10-11,2019-10-14,2019-10-23,2019-10-24,23.287923365981115,23.0550563321457,-0.009999476130859608,8,4851,4859,True,0.5462962962962963,2160
MRVL,b_20_80|none|death_cross,2019-10-24,2019-10-25,2019-10-31,2019-11-01,23.77309579560251,23.82160709621407,0.002040596690841223,5,4860,4865,True,0.5349052242256126,2163
MRVL,b_20_80|none|death_cross,2019-11-01,2019-11-04,2019-11-14,2019-11-15,25.548801450539084,26.548235407163002,0.039118623962018706,9,4866,4875,True,0.5409911996294581,2159
MRVL,b_20_80|none|death_cross,2019-11-27,2019-11-29,2019-12-02,2019-12-03,25.878714374985645,24.20004304844834,-0.06486687484598963,2,4884,4886,True,0.5272391505078485,2166
MRVL,b_20_80|none|death_cross,2019-12-11,2019-12-12,2019-12-30,2019-12-31,24.10300780104615,25.567881036783493,0.06077553672258951,12,4893,4905,True,0.538961038961039,2156
MRVL,b_20_80|none|death_cross,2020-01-13,2020-01-14,2020-01-22,2020-01-23,26.85161952973818,27.046125810803517,0.007243744864249946,6,4914,4920,True,0.5444033302497687,2162
MRVL,b_20_80|none|death_cross,2020-01-23,2020-01-24,2020-01-24,2020-01-27,27.53239463981516,25.53870521032998,-0.07241249646342296,1,4921,4922,True,0.5214582371942778,2167
MRVL,b_20_80|none|death_cross,2020-02-05,2020-02-06,2020-02-21,2020-02-24,25.1885850029702,22.300165200214657,-0.11467177701387132,11,4930,4941,True,0.5363931386184515,2157
MRVL,b_20_80|none|death_cross,2020-03-02,2020-03-03,2020-03-11,2020-03-12,21.512415252787495,19.936912687018417,-0.07323689819370383,7,4947,4954,True,0.5506709856547894,2161
MRVL,b_20_80|none|death_cross,2020-03-20,2020-03-23,2020-04-03,2020-04-06,18.186357897056073,22.849788925148385,0.2564246813182538,10,4961,4971,True,0.5342910101946247,2158
MRVL,b_20_80|none|death_cross,2020-05-08,2020-05-11,2020-05-11,2020-05-12,25.882769233417196,25.990049432841523,0.004144850130094246,1,4995,4996,True,0.5214582371942778,2167
MRVL,b_20_80|none|death_cross,2020-05-14,2020-05-15,2020-05-28,2020-05-29,24.995302594081213,31.763450911852193,0.2707768106545607,9,4999,5008,True,0.5409911996294581,2159
MRVL,b_20_80|none|death_cross,2020-06-22,2020-06-23,2020-06-24,2020-06-25,34.34781696102706,32.72894048962313,-0.0471318591583505,2,5025,5027,True,0.5272391505078485,2166
MRVL,b_20_80|none|death_cross,2020-06-30,2020-07-01,2020-07-13,2020-07-14,34.133267346578855,35.25176625553508,0.032768586071744155,8,5031,5039,True,0.5462962962962963,2160
MRVL,b_20_80|none|death_cross,2020-07-30,2020-07-31,2020-08-07,2020-08-10,35.622947692871094,35.26152613671203,-0.010145750971399692,6,5052,5058,True,0.5444033302497687,2162
MRVL,b_20_80|none|death_cross,2020-09-28,2020-09-29,2020-10-13,2020-10-14,39.03187706950972,43.01906699342742,0.10215214392116323,11,5093,5104,True,0.5363931386184515,2157
MRVL,b_20_80|none|death_cross,2020-10-27,2020-10-28,2020-10-28,2020-10-29,39.67379963544391,35.291686230017724,-0.11045358512904524,1,5114,5115,True,0.5214582371942778,2167
MRVL,b_20_80|none|death_cross,2020-10-30,2020-11-02,2020-11-02,2020-11-03,37.07191882621833,36.39698197731589,-0.018206148218718687,1,5117,5118,True,0.5214582371942778,2167
MRVL,b_20_80|none|death_cross,2020-11-03,2020-11-04,2020-11-18,2020-11-19,36.97409305612332,42.089838840809655,0.1383602777469375,11,5119,5130,True,0.5363931386184515,2157
MRVL,b_20_80|none|death_cross,2020-11-19,2020-11-20,2020-12-02,2020-12-03,43.322295613000946,44.80908958539495,0.03431937184667144,8,5131,5139,True,0.5462962962962963,2160
MRVL,b_20_80|none|death_cross,2020-12-15,2020-12-16,2020-12-28,2020-12-29,44.134167708634486,46.36454103044822,0.05053620443322382,8,5148,5156,True,0.5462962962962963,2160
MRVL,b_20_80|none|death_cross,2021-01-07,2021-01-08,2021-01-21,2021-01-22,48.86199077438745,51.85893805315357,0.06133494012972274,9,5163,5172,True,0.5409911996294581,2159
MRVL,b_20_80|none|death_cross,2021-02-09,2021-02-10,2021-02-10,2021-02-11,50.20376181472738,50.14499467269215,-0.0011705724812436369,1,5185,5186,True,0.5214582371942778,2167
MRVL,b_20_80|none|death_cross,2021-02-11,2021-02-12,2021-02-17,2021-02-18,51.00686938817321,48.950133533931485,-0.0403227227805244,3,5187,5190,True,0.535796766743649,2165
MRVL,b_20_80|none|death_cross,2021-03-01,2021-03-02,2021-03-03,2021-03-04,48.783637138161836,42.172734578542574,-0.13551475345916286,2,5198,5200,True,0.5272391505078485,2166
MRVL,b_20_80|none|death_cross,2021-03-09,2021-03-10,2021-03-23,2021-03-24,43.72016549293244,45.96298327665449,0.05129938915909671,10,5204,5214,True,0.5342910101946247,2158
MRVL,b_20_80|none|death_cross,2021-03-30,2021-03-31,2021-04-09,2021-04-12,47.108869335690876,48.34174493106355,0.02617077447958649,7,5219,5226,True,0.5506709856547894,2161
MRVL,b_20_80|none|death_cross,2021-04-26,2021-04-27,2021-04-30,2021-05-03,46.53750649121945,44.595990839057905,-0.04171937429711381,4,5237,5241,True,0.5337338262476895,2164
MRVL,b_20_80|none|death_cross,2021-05-05,2021-05-06,2021-05-12,2021-05-13,43.586009881268986,41.21304696266186,-0.054443224444522986,5,5244,5249,True,0.5349052242256126,2163
MRVL,b_20_80|none|death_cross,2021-05-19,2021-05-20,2021-06-02,2021-06-03,43.94882316841818,46.086449302770696,0.048638984624476134,9,5254,5263,True,0.5409911996294581,2159
MRVL,b_20_80|none|death_cross,2021-06-10,2021-06-11,2021-06-22,2021-06-23,50.64607195155736,53.17591706944427,0.04995145764328357,8,5269,5277,True,0.5462962962962963,2160
MRVL,b_20_80|none|death_cross,2021-07-20,2021-07-21,2021-08-05,2021-08-06,55.568487013882475,59.37709482247901,0.06853898699176475,12,5296,5308,True,0.538961038961039,2156
MRVL,b_20_80|none|death_cross,2021-08-20,2021-08-23,2021-08-31,2021-09-01,59.58323232416109,60.48630656841584,0.015156516506885653,7,5319,5326,True,0.5506709856547894,2161
MRVL,b_20_80|none|death_cross,2021-09-13,2021-09-14,2021-09-20,2021-09-21,61.448273135418674,59.92678656775055,-0.024760444680277716,5,5334,5339,True,0.5349052242256126,2163
MRVL,b_20_80|none|death_cross,2021-09-22,2021-09-23,2021-09-28,2021-09-29,61.70349239773337,59.95624407395261,-0.028316846516858507,4,5341,5345,True,0.5337338262476895,2164
MRVL,b_20_80|none|death_cross,2021-10-06,2021-10-07,2021-10-22,2021-10-25,63.864223831792174,65.534497176434,0.026153505741196348,12,5351,5363,True,0.538961038961039,2156
MRVL,b_20_80|none|death_cross,2021-10-29,2021-11-01,2021-11-03,2021-11-04,67.47010177860169,68.59018079203591,0.016601116404265648,3,5368,5371,True,0.535796766743649,2165
MRVL,b_20_80|none|death_cross,2021-11-12,2021-11-15,2021-11-15,2021-11-16,72.27465997961136,71.41003349732134,-0.011963065374972826,1,5378,5379,True,0.5214582371942778,2167
MRVL,b_20_80|none|death_cross,2021-12-03,2021-12-06,2021-12-14,2021-12-15,82.05081386183497,83.93722910820128,0.022990817002044972,7,5392,5399,True,0.5506709856547894,2161
MRVL,b_20_80|none|death_cross,2021-12-23,2021-12-27,2021-12-31,2022-01-03,86.46235358720176,86.41320515726431,-0.0005684373360005379,5,5406,5411,True,0.5349052242256126,2163
MRVL,b_20_80|none|death_cross,2022-01-03,2022-01-04,2022-01-04,2022-01-05,88.70248056134993,85.51912257231554,-0.03588803795439144,1,5412,5413,True,0.5214582371942778,2167
MRVL,b_20_80|none|death_cross,2022-01-11,2022-01-12,2022-01-13,2022-01-14,85.23602969741484,76.51479683342286,-0.1023186191913451,2,5418,5420,True,0.5272391505078485,2166
MRVL,b_20_80|none|death_cross,2022-02-25,2022-02-28,2022-03-04,2022-03-07,66.85950815919787,63.870493450184306,-0.044705903338332686,5,5449,5454,True,0.5349052242256126,2163
MRVL,b_20_80|none|death_cross,2022-03-09,2022-03-10,2022-03-11,2022-03-14,64.15563201904297,61.825373389979646,-0.03632196512960306,2,5457,5459,True,0.5272391505078485,2166
MRVL,b_20_80|none|death_cross,2022-03-15,2022-03-16,2022-03-30,2022-03-31,65.87626553170156,72.08042613086022,0.09417899677651032,11,5461,5472,True,0.5363931386184515,2157
MRVL,b_20_80|none|death_cross,2022-04-19,2022-04-20,2022-04-22,2022-04-25,63.475476387150685,57.56092737369563,-0.09317848955368124,3,5485,5488,True,0.535796766743649,2165
MRVL,b_20_80|none|death_cross,2022-04-25,2022-04-26,2022-04-26,2022-04-27,58.94853308677483,56.20286208155013,-0.0465774271462015,1,5489,5490,True,0.5214582371942778,2167
MRVL,b_20_80|none|death_cross,2022-04-28,2022-04-29,2022-05-09,2022-05-10,58.80091940900568,54.539697530973584,-0.07246862669598775,7,5492,5499,True,0.5506709856547894,2161
MRVL,b_20_80|none|death_cross,2022-05-13,2022-05-16,2022-05-24,2022-05-25,56.242218804287916,50.99687904679007,-0.09326338592278194,7,5503,5510,True,0.5506709856547894,2161
MRVL,b_20_80|none|death_cross,2022-05-26,2022-05-27,2022-06-09,2022-06-10,59.04694536327371,54.34287847358119,-0.07966655786767218,9,5512,5521,True,0.5409911996294581,2159
MRVL,b_20_80|none|death_cross,2022-06-24,2022-06-27,2022-06-29,2022-06-30,48.2511930006354,43.11411316496327,-0.10646534347046055,3,5531,5534,True,0.535796766743649,2165
MRVL,b_20_80|none|death_cross,2022-07-06,2022-07-07,2022-07-25,2022-07-26,44.424772314374,49.76599345380057,0.1202306924980765,13,5538,5551,True,0.5392111368909512,2155
MRVL,b_20_80|none|death_cross,2022-07-28,2022-07-29,2022-08-08,2022-08-09,52.85049432007442,53.35309092498732,0.009509780587274363,7,5554,5561,True,0.5506709856547894,2161
MRVL,b_20_80|none|death_cross,2022-08-25,2022-08-26,2022-08-26,2022-08-29,53.43192129367977,48.8790732823505,-0.08520839043584627,1,5574,5575,True,0.5214582371942778,2167
MRVL,b_20_80|none|death_cross,2022-09-28,2022-09-29,2022-09-29,2022-09-30,42.93670964246839,41.75415245310413,-0.027541868000863223,1,5597,5598,True,0.5214582371942778,2167
MRVL,b_20_80|none|death_cross,2022-10-03,2022-10-04,2022-10-07,2022-10-10,45.48907464445616,41.37187708960798,-0.09050959130358904,4,5600,5604,True,0.5337338262476895,2164
MRVL,b_20_80|none|death_cross,2022-10-20,2022-10-21,2022-11-01,2022-11-02,37.15871787578792,39.822772663169005,0.07169393724203132,8,5613,5621,True,0.5462962962962963,2160
MRVL,b_20_80|none|death_cross,2022-11-10,2022-11-11,2022-11-21,2022-11-22,41.667892488120934,41.194280553575524,-0.011366352034253513,7,5628,5635,True,0.5506709856547894,2161
MRVL,b_20_80|none|death_cross,2022-11-30,2022-12-01,2022-12-05,2022-12-06,46.49279931527069,42.44737879100445,-0.08701176491512108,3,5641,5644,True,0.535796766743649,2165
MRVL,b_20_80|none|death_cross,2022-12-13,2022-12-14,2022-12-15,2022-12-16,42.66444122300438,39.08276221790174,-0.08394998041533996,2,5650,5652,True,0.5272391505078485,2166
MRVL,b_20_80|none|death_cross,2023-01-06,2023-01-09,2023-01-19,2023-01-20,36.666268755215334,38.49464142798854,0.04986525040165546,8,5666,5674,True,0.5462962962962963,2160
MRVL,b_20_80|none|death_cross,2023-02-15,2023-02-16,2023-02-17,2023-02-21,45.4918593890467,43.050746475094954,-0.05366043390478581,2,5693,5695,True,0.5272391505078485,2166
MRVL,b_20_80|none|death_cross,2023-02-27,2023-02-28,2023-03-06,2023-03-07,43.60419337074047,41.54851464831228,-0.047144060318923486,5,5700,5705,True,0.5349052242256126,2163
MRVL,b_20_80|none|death_cross,2023-03-16,2023-03-17,2023-04-04,2023-04-05,39.75968245148388,39.67023008994565,-0.0022498258543032223,13,5713,5726,True,0.5392111368909512,2155
MRVL,b_20_80|none|death_cross,2023-04-17,2023-04-18,2023-04-20,2023-04-21,40.57091980399298,38.799223229512954,-0.04366912515268273,3,5734,5737,True,0.535796766743649,2165
MRVL,b_20_80|none|death_cross,2023-04-28,2023-05-01,2023-05-11,2023-05-12,39.274316549720616,39.551444355445554,0.007056209504603395,9,5743,5752,True,0.5409911996294581,2159
MRVL,b_20_80|none|death_cross,2023-05-15,2023-05-16,2023-05-30,2023-05-31,41.3825407915226,61.16815837401678,0.4781150988812013,10,5754,5764,True,0.5342910101946247,2158
MRVL,b_20_80|none|death_cross,2023-06-13,2023-06-14,2023-06-20,2023-06-21,62.138135642953145,60.000225670007346,-0.0344057630764828,4,5774,5778,True,0.5337338262476895,2164
MRVL,b_20_80|none|death_cross,2023-06-28,2023-06-29,2023-06-29,2023-06-30,59.8121637896445,58.693719741258974,-0.01869927415298034,1,5784,5785,True,0.5214582371942778,2167
MRVL,b_20_80|none|death_cross,2023-06-30,2023-07-03,2023-07-07,2023-07-10,59.703291122044526,58.32663267930767,-0.023058334253679758,4,5786,5790,True,0.5337338262476895,2164
MRVL,b_20_80|none|death_cross,2023-07-10,2023-07-11,2023-07-20,2023-07-21,61.16023341778066,63.53807794099697,0.03887893146145216,8,5791,5799,True,0.5462962962962963,2160
MRVL,b_20_80|none|death_cross,2023-07-31,2023-08-01,2023-08-02,2023-08-03,64.27125078741152,60.872901342025784,-0.052875109846957424,2,5806,5808,True,0.5272391505078485,2166
MRVL,b_20_80|none|death_cross,2023-08-15,2023-08-16,2023-08-16,2023-08-17,58.46533927501801,57.33586096290068,-0.019318767771180134,1,5817,5818,True,0.5214582371942778,2167
MRVL,b_20_80|none|death_cross,2023-08-21,2023-08-22,2023-08-25,2023-08-28,60.28835421925462,53.29352191218242,-0.11602294336371555,4,5821,5825,True,0.5337338262476895,2164
MRVL,b_20_80|none|death_cross,2023-08-30,2023-08-31,2023-09-11,2023-09-12,56.81075971012325,55.314695270162886,-0.026334174152819467,7,5828,5835,True,0.5506709856547894,2161
MRVL,b_20_80|none|death_cross,2023-12-11,2023-12-12,2023-12-29,2024-01-02,53.373405908556414,58.97756679441819,0.10499912438534031,13,5899,5912,True,0.5392111368909512,2155
MRVL,b_20_80|none|death_cross,2024-01-08,2024-01-09,2024-01-22,2024-01-23,62.664194638115504,69.55516995670935,0.10996670999107372,9,5917,5926,True,0.5409911996294581,2159
MRVL,b_20_80|none|death_cross,2024-02-07,2024-02-08,2024-02-14,2024-02-15,69.70411088089783,68.0161175478783,-0.024216553538768726,5,5938,5943,True,0.5349052242256126,2163
MRVL,b_20_80|none|death_cross,2024-02-22,2024-02-23,2024-03-08,2024-03-11,69.35658458382268,73.52692624175825,0.06012899399472871,11,5948,5959,True,0.5363931386184515,2157
MRVL,b_20_80|none|death_cross,2024-03-22,2024-03-25,2024-04-05,2024-04-08,65.09688946540811,72.62334770319818,0.11561932220723947,9,5969,5978,True,0.5409911996294581,2159
MRVL,b_20_80|none|death_cross,2024-05-02,2024-05-03,2024-05-14,2024-05-15,68.59004663534127,68.52049836256653,-0.0010139703380651621,8,5997,6005,True,0.5462962962962963,2160
MRVL,b_20_80|none|death_cross,2024-05-15,2024-05-16,2024-05-17,2024-05-20,70.34904249064996,71.8993069513013,0.02203675282229156,2,6006,6008,True,0.5272391505078485,2166
MRVL,b_20_80|none|death_cross,2024-06-12,2024-06-13,2024-06-24,2024-06-25,74.12535596670908,67.70559804173752,-0.08660677363700997,7,6025,6032,True,0.5506709856547894,2161
MRVL,b_20_80|none|death_cross,2024-07-01,2024-07-02,2024-07-11,2024-07-12,70.34903973289435,72.516109553131,0.030804540168063665,7,6037,6044,True,0.5506709856547894,2161
MRVL,b_20_80|none|death_cross,2024-07-16,2024-07-17,2024-07-17,2024-07-18,72.10832162193762,69.363224595842,-0.03806907392031822,1,6047,6048,True,0.5214582371942778,2167
MRVL,b_20_80|none|death_cross,2024-07-31,2024-08-01,2024-08-02,2024-08-05,65.1958757125841,53.14134880070698,-0.18489707792283483,2,6058,6060,True,0.5272391505078485,2166
MRVL,b_20_80|none|death_cross,2024-08-05,2024-08-06,2024-08-26,2024-08-27,58.64147187965939,67.96085497266291,0.15892137073449009,15,6061,6076,True,0.5522526706920576,2153
MRVL,b_20_80|none|death_cross,2024-09-11,2024-09-12,2024-09-23,2024-09-24,73.669844557927,72.01881553230845,-0.02241119192698071,8,6087,6095,True,0.5462962962962963,2160
MRVL,b_20_80|none|death_cross,2024-10-03,2024-10-04,2024-10-18,2024-10-21,73.32172763760708,80.40014045988863,0.09653908943971734,11,6103,6114,True,0.5363931386184515,2157
MRVL,b_20_80|none|death_cross,2024-10-21,2024-10-22,2024-10-25,2024-10-28,80.82817393231888,82.22176485778967,0.017241400586851086,4,6115,6119,True,0.5337338262476895,2164
MRVL,b_20_80|none|death_cross,2024-10-28,2024-10-29,2024-10-30,2024-10-31,83.05791692042139,81.92314596926535,-0.013662405622853258,2,6120,6122,True,0.5272391505078485,2166
MRVL,b_20_80|none|death_cross,2024-11-05,2024-11-06,2024-11-13,2024-11-14,89.01054544897713,91.44931613389717,0.027398671389088358,6,6126,6132,True,0.5444033302497687,2162
MRVL,b_20_80|none|death_cross,2024-11-21,2024-11-22,2024-11-27,2024-11-29,93.62928543991042,90.76247630686797,-0.030618722759369055,4,6138,6142,True,0.5337338262476895,2164
MRVL,b_20_80|none|death_cross,2024-11-29,2024-12-02,2024-12-09,2024-12-10,96.92414019732534,107.36609472301785,0.10773326959036211,6,6143,6149,True,0.5444033302497687,2162
MRVL,b_20_80|none|death_cross,2024-12-13,2024-12-16,2024-12-17,2024-12-18,121.93905973672902,111.98484465833675,-0.08163270325262295,2,6153,6155,True,0.5272391505078485,2166
MRVL,b_20_80|none|death_cross,2024-12-26,2024-12-27,2024-12-27,2024-12-30,114.10509344289746,110.21300642573145,-0.03410966942605198,1,6161,6162,True,0.5214582371942778,2167
MRVL,b_20_80|none|death_cross,2024-12-31,2025-01-02,2025-01-10,2025-01-13,110.14332245949747,111.54375386480342,0.012714628304597575,6,6164,6170,True,0.5444033302497687,2162
MRVL,b_20_80|none|death_cross,2025-01-17,2025-01-21,2025-01-27,2025-01-28,125.33732398366877,102.87920134182261,-0.17918144354807208,5,6175,6180,True,0.5349052242256126,2163
MRVL,b_20_80|none|death_cross,2025-02-05,2025-02-06,2025-02-11,2025-02-12,115.98557568175174,106.31513868896285,-0.08337620377315902,4,6187,6191,True,0.5337338262476895,2164
MRVL,b_20_80|none|death_cross,2025-02-19,2025-02-20,2025-02-21,2025-02-24,110.17931985282928,103.79543087273088,-0.05794090023995069,2,6196,6198,True,0.5272391505078485,2166
MRVL,b_20_80|none|death_cross,2025-04-09,2025-04-10,2025-04-21,2025-04-22,57.96291419578431,49.96256770921023,-0.13802526318036568,7,6231,6238,True,0.5506709856547894,2161
MRVL,b_20_80|none|death_cross,2025-04-23,2025-04-24,2025-05-07,2025-05-08,54.63876845951008,57.88917674398013,0.0594890473579901,10,6240,6250,True,0.5342910101946247,2158
MRVL,b_20_80|none|death_cross,2025-05-12,2025-05-13,2025-05-19,2025-05-20,64.85861832172453,60.77067753533647,-0.06302849015546796,5,6253,6258,True,0.5349052242256126,2163
MRVL,b_20_80|none|death_cross,2025-05-28,2025-05-29,2025-05-30,2025-06-02,67.16181675403315,59.57420572754411,-0.11297507115206795,2,6264,6266,True,0.5272391505078485,2166
MRVL,b_20_80|none|death_cross,2025-06-04,2025-06-05,2025-06-13,2025-06-16,67.072069395165,68.31841025454338,0.01858211429314016,7,6269,6276,True,0.5506709856547894,2161
MRVL,b_20_80|none|death_cross,2025-06-16,2025-06-17,2025-06-17,2025-06-18,70.01339951566605,74.3107220770035,0.06137857311693451,1,6277,6278,True,0.5214582371942778,2167
MRVL,b_20_80|none|death_cross,2025-06-25,2025-06-26,2025-07-01,2025-07-02,78.79748149964348,75.96583443793534,-0.03593575591271847,4,6283,6287,True,0.5337338262476895,2164
MRVL,b_20_80|none|death_cross,2025-07-16,2025-07-17,2025-07-31,2025-08-01,70.94884168806763,76.90615019489351,0.08396625462918306,11,6297,6308,True,0.5363931386184515,2157
MRVL,b_20_80|none|death_cross,2025-08-13,2025-08-14,2025-08-19,2025-08-20,77.86411614039558,71.57750613395798,-0.08073821829688932,4,6317,6321,True,0.5337338262476895,2164
MRVL,b_20_80|none|death_cross,2025-08-26,2025-08-27,2025-08-29,2025-09-02,74.04224709053226,61.828274875101805,-0.1649595021136554,3,6326,6329,True,0.535796766743649,2165
MRVL,b_20_80|none|death_cross,2025-09-09,2025-09-10,2025-10-07,2025-10-08,67.77560815545178,88.20208198965804,0.3013838516558289,20,6335,6355,True,0.5605214152700186,2148
MRVL,b_20_80|none|death_cross,2025-10-24,2025-10-27,2025-11-04,2025-11-05,85.9139311257371,88.20056720673819,0.02661542838325648,7,6368,6375,True,0.5506709856547894,2161
MRVL,b_20_80|none|death_cross,2025-11-24,2025-11-25,2025-12-08,2025-12-09,82.37910934980788,91.45579043319651,0.11018183074602272,9,6389,6398,True,0.5409911996294581,2159
MRVL,b_20_80|none|death_cross,2025-12-22,2025-12-23,2026-01-06,2026-01-07,84.27632876027684,86.39321063681953,0.02511834470820551,9,6408,6417,True,0.5409911996294581,2159
MRVL,b_20_80|none|death_cross,2026-01-21,2026-01-22,2026-01-30,2026-02-02,84.40691287847048,77.55203845541534,-0.08121223948712375,7,6427,6434,True,0.5506709856547894,2161
MRVL,b_20_80|none|death_cross,2026-02-06,2026-02-09,2026-02-19,2026-02-20,79.55054634369296,78.18156722637818,-0.017208921625757267,8,6439,6447,True,0.5462962962962963,2160
MRVL,b_20_80|none|death_cross,2026-02-25,2026-02-26,2026-03-03,2026-03-04,81.0494219459702,78.6412222964087,-0.0297127307233217,4,6451,6455,True,0.5337338262476895,2164
MRVL,b_20_80|none|death_cross,2026-03-06,2026-03-09,2026-03-18,2026-03-19,87.86432698021753,86.20556730861244,-0.018878647667540327,8,6458,6466,True,0.5462962962962963,2160
MRVL,b_20_80|none|death_cross,2026-03-24,2026-03-25,2026-03-30,2026-03-31,94.00974095785779,96.32800604645524,0.024659839129188565,4,6470,6474,True,0.5337338262476895,2164
MRVL,b_20_80|none|death_cross,2026-03-31,2026-04-01,2026-04-16,2026-04-17,100.7447020017375,134.84673691634782,0.33849953632323193,11,6475,6486,True,0.5363931386184515,2157
MRVL,b_20_80|none|death_cross,2026-05-05,2026-05-06,2026-05-07,2026-05-08,172.55742988650542,164.6493825194434,-0.045828495314651496,2,6499,6501,True,0.5272391505078485,2166
MRVL,b_20_80|none|death_cross,2026-05-11,2026-05-12,2026-05-12,2026-05-13,165.41919681279126,169.0482970267212,0.02193880930299219,1,6503,6504,True,0.5214582371942778,2167
MRVL,b_20_80|none|death_cross,2026-05-14,2026-05-15,2026-05-15,2026-05-18,173.8571064182104,181.72516513769222,0.04525589365645666,1,6506,6507,True,0.5214582371942778,2167
MRVL,b_20_80|none|death_cross,2026-05-20,2026-05-21,2026-06-05,2026-06-08,192.46251807613382,288.6188138696449,0.4996105047086301,11,6510,6521,True,0.5363931386184515,2157
MRVL,b_20_80|none|death_cross,2026-06-15,2026-06-16,2026-06-16,2026-06-17,299.0562334547202,292.81777728186205,-0.02086047864908558,1,6527,6528,True,0.5214582371942778,2167
MRVL,b_20_80|none|death_cross,2026-06-18,2026-06-22,2026-06-23,2026-06-24,313.312723038874,281.8804801938732,-0.10032226760577767,2,6530,6532,True,0.5272391505078485,2166
MRVL,b_20_80|none|death_cross,2026-06-30,2026-07-01,2026-07-01,2026-07-02,282.4003227010313,269.4335274714508,-0.04591636123343967,1,6537,6538,True,0.5214582371942778,2167
MRVL,b_20_80|none|death_cross,2026-07-31,2026-08-03,2026-08-18,2026-08-19,180.52000427246094,240.84500122070312,0.33417347396686825,12,6559,6571,True,0.538961038961039,2156
MU,b_20_80|none|death_cross,2018-01-03,2018-01-04,2018-01-10,2018-01-11,44.846560272935555,42.43797557441354,-0.053707233818232614,5,8469,8474,True,0.5441516412390199,2163
MU,b_20_80|none|death_cross,2018-01-18,2018-01-19,2018-01-19,2018-01-22,42.85727616136537,41.414078626570515,-0.033674504402961936,1,8479,8480,True,0.5334563913244116,2167
MU,b_20_80|none|death_cross,2018-01-23,2018-01-24,2018-01-30,2018-01-31,42.672000987152856,41.91140000817033,-0.01782435698788809,5,8482,8487,True,0.5441516412390199,2163
MU,b_20_80|none|death_cross,2018-01-31,2018-02-01,2018-02-01,2018-02-02,41.96990317133923,40.955765585075696,-0.02416344831970163,1,8488,8489,True,0.5334563913244116,2167
MU,b_20_80|none|death_cross,2018-02-06,2018-02-07,2018-02-08,2018-02-09,42.18442494141778,40.0293796985928,-0.05108627759695028,2,8492,8494,True,0.5327793167128347,2166
MU,b_20_80|none|death_cross,2018-02-09,2018-02-12,2018-03-01,2018-03-02,39.99036367366017,45.20735759335542,0.13045627597359033,13,8495,8508,True,0.5633410672853828,2155
MU,b_20_80|none|death_cross,2018-04-04,2018-04-05,2018-04-05,2018-04-06,50.76563947546536,46.53353909621148,-0.08336544999692608,1,8531,8532,True,0.5334563913244116,2167
MU,b_20_80|none|death_cross,2018-04-10,2018-04-11,2018-04-20,2018-04-23,49.029882610249594,49.5467201540167,0.010541276385986231,8,8535,8543,True,0.5472222222222223,2160
MU,b_20_80|none|death_cross,2018-05-04,2018-05-07,2018-05-18,2018-05-21,47.06011540396924,54.78320557705229,0.1641111609435546,10,8553,8563,True,0.5500463392029658,2158
MU,b_20_80|none|death_cross,2018-06-11,2018-06-12,2018-06-14,2018-06-15,60.302491314352075,57.074774584648715,-0.05352542920453374,3,8578,8581,True,0.5381062355658198,2165
MU,b_20_80|none|death_cross,2018-08-02,2018-08-03,2018-08-10,2018-08-13,51.9748091369691,50.32682121962613,-0.03170743567330914,6,8615,8621,True,0.5434782608695652,2162
MU,b_20_80|none|death_cross,2018-09-17,2018-09-18,2018-09-26,2018-09-27,42.837775105574245,43.13031550024715,0.0068290286774215225,7,8646,8653,True,0.5478944932901435,2161
MU,b_20_80|none|death_cross,2018-10-02,2018-10-03,2018-10-04,2018-10-05,45.129341301182585,42.98405147077772,-0.04753647557334606,2,8657,8659,True,0.5327793167128347,2166
MU,b_20_80|none|death_cross,2018-10-16,2018-10-17,2018-10-18,2018-10-19,42.252695815811805,40.63395863404029,-0.03831086160343289,2,8667,8669,True,0.5327793167128347,2166
MU,b_20_80|none|death_cross,2018-11-27,2018-11-28,2018-12-04,2018-12-06,36.36286928600168,34.77338971267778,-0.043711610346870766,5,8696,8701,True,0.5441516412390199,2163
MU,b_20_80|none|death_cross,2019-01-24,2019-01-25,2019-02-07,2019-02-08,37.14297239922077,36.86017915785591,-0.007613640565039659,10,8734,8744,True,0.5500463392029658,2158
MU,b_20_80|none|death_cross,2019-02-13,2019-02-14,2019-02-26,2019-02-27,40.360926894771644,41.56034496034849,0.02971730725371957,8,8748,8756,True,0.5472222222222223,2160
MU,b_20_80|none|death_cross,2019-03-11,2019-03-12,2019-03-25,2019-03-26,38.19612663399405,40.14640450754748,0.05105957188385979,10,8765,8775,True,0.5500463392029658,2158
MU,b_20_80|none|death_cross,2019-04-01,2019-04-02,2019-04-09,2019-04-10,41.0337727837802,40.653463276345626,-0.009268207177500987,6,8780,8786,True,0.5434782608695652,2162
MU,b_20_80|none|death_cross,2019-04-16,2019-04-17,2019-04-25,2019-04-26,42.28194924325315,40.45844171454427,-0.043127328832879064,6,8791,8797,True,0.5434782608695652,2162
MU,b_20_80|none|death_cross,2019-05-03,2019-05-06,2019-05-06,2019-05-07,40.370681270960795,40.643718507613976,0.006763255611680341,1,8803,8804,True,0.5334563913244116,2167
MU,b_20_80|none|death_cross,2019-06-18,2019-06-19,2019-06-24,2019-06-25,33.82751001474778,32.520821313536075,-0.0386279894867233,4,8834,8838,True,0.5369685767097967,2164
MU,b_20_80|none|death_cross,2019-06-26,2019-06-27,2019-07-16,2019-07-17,35.93380181536423,41.930902522916114,0.1668930200696912,13,8840,8853,True,0.5633410672853828,2155
MU,b_20_80|none|death_cross,2019-08-13,2019-08-14,2019-08-23,2019-08-26,41.81388547220449,42.65249830732933,0.020055845699445962,8,8873,8881,True,0.5472222222222223,2160
MU,b_20_80|none|death_cross,2019-08-29,2019-08-30,2019-09-16,2019-09-17,43.998194315936765,48.93238313202086,0.11214525715881174,11,8885,8896,True,0.5535465924895688,2157
MU,b_20_80|none|death_cross,2019-10-04,2019-10-07,2019-10-08,2019-10-09,43.19856845084591,42.10642515503753,-0.025281932595777934,2,8910,8912,True,0.5327793167128347,2166
MU,b_20_80|none|death_cross,2019-10-09,2019-10-10,2019-10-18,2019-10-21,41.80413519919423,42.86704306617864,0.02542590253140542,7,8913,8920,True,0.5478944932901435,2161
MU,b_20_80|none|death_cross,2019-10-24,2019-10-25,2019-10-31,2019-11-01,46.10448542111556,46.29950681743033,0.004229987484589692,5,8924,8929,True,0.5441516412390199,2163
MU,b_20_80|none|death_cross,2019-11-01,2019-11-04,2019-11-05,2019-11-06,48.16203127227657,46.95285683442986,-0.025106383719798564,2,8930,8932,True,0.5327793167128347,2166
MU,b_20_80|none|death_cross,2019-11-18,2019-11-19,2019-11-19,2019-11-20,46.91385284879607,45.00258161541926,-0.04074001850875175,1,8941,8942,True,0.5334563913244116,2167
MU,b_20_80|none|death_cross,2019-11-25,2019-11-26,2019-12-03,2019-12-04,46.46529241820494,45.031834070380754,-0.030850087736939757,5,8946,8951,True,0.5441516412390199,2163
MU,b_20_80|none|death_cross,2019-12-05,2019-12-06,2019-12-26,2019-12-27,46.260504378441816,53.86657178395719,0.16441816853730495,14,8953,8967,True,0.5608170844939647,2154
MU,b_20_80|none|death_cross,2020-01-07,2020-01-08,2020-01-15,2020-01-16,56.64571355388027,55.38778516156967,-0.022206947593909065,6,8974,8980,True,0.5434782608695652,2162
MU,b_20_80|none|death_cross,2020-01-16,2020-01-17,2020-01-23,2020-01-24,56.57745605520797,58.50823009731507,0.034126208152997606,4,8981,8985,True,0.5369685767097967,2164
MU,b_20_80|none|death_cross,2020-02-05,2020-02-06,2020-02-18,2020-02-19,56.6359618885287,57.12353845936923,0.008608957181660992,8,8994,9002,True,0.5472222222222223,2160
MU,b_20_80|none|death_cross,2020-02-19,2020-02-20,2020-02-20,2020-02-21,58.39121424201486,57.17229101048501,-0.020875113616883545,1,9003,9004,True,0.5334563913244116,2167
MU,b_20_80|none|death_cross,2020-03-02,2020-03-03,2020-03-09,2020-03-10,53.242491353425656,46.95286135114155,-0.11813177487381843,5,9011,9016,True,0.5441516412390199,2163
MU,b_20_80|none|death_cross,2020-04-06,2020-04-07,2020-04-13,2020-04-14,46.894338971772314,45.83144733318449,-0.022665670566923257,4,9036,9040,True,0.5369685767097967,2164
MU,b_20_80|none|death_cross,2020-04-14,2020-04-15,2020-04-15,2020-04-16,45.24637039405908,45.850951042490635,0.013361970102046872,1,9041,9042,True,0.5334563913244116,2167
MU,b_20_80|none|death_cross,2020-04-27,2020-04-28,2020-05-04,2020-05-05,45.06108522248698,44.319985536424966,-0.016446556544363444,5,9050,9055,True,0.5441516412390199,2163
MU,b_20_80|none|death_cross,2020-05-08,2020-05-11,2020-05-12,2020-05-13,46.55305139930216,44.72954068735699,-0.039170594775931544,2,9059,9061,True,0.5327793167128347,2166
MU,b_20_80|none|death_cross,2020-05-18,2020-05-19,2020-05-19,2020-05-20,44.641774530975354,45.35362739916371,0.015945890943345642,1,9065,9066,True,0.5334563913244116,2167
MU,b_20_80|none|death_cross,2020-05-20,2020-05-21,2020-05-22,2020-05-26,45.343893177681544,45.07083728122098,-0.0060218891084314885,2,9067,9069,True,0.5327793167128347,2166
MU,b_20_80|none|death_cross,2020-05-26,2020-05-27,2020-06-01,2020-06-02,44.80754798932329,45.33412102910155,0.011751882515502299,4,9070,9074,True,0.5369685767097967,2164
MU,b_20_80|none|death_cross,2020-06-03,2020-06-04,2020-06-11,2020-06-12,47.6452049637421,49.03964903726977,0.029267248920197497,6,9076,9082,True,0.5434782608695652,2162
MU,b_20_80|none|death_cross,2020-06-22,2020-06-23,2020-06-24,2020-06-25,49.429698951478706,47.04061791935889,-0.048332906790814034,2,9089,9091,True,0.5327793167128347,2166
MU,b_20_80|none|death_cross,2020-06-30,2020-07-01,2020-07-07,2020-07-08,50.239066645348224,48.3278069511956,-0.03804329621895142,4,9095,9099,True,0.5369685767097967,2164
MU,b_20_80|none|death_cross,2020-07-10,2020-07-13,2020-07-13,2020-07-14,50.034279847685035,47.859741483659896,-0.04346097057147413,1,9102,9103,True,0.5334563913244116,2167
MU,b_20_80|none|death_cross,2020-07-15,2020-07-16,2020-07-17,2020-07-20,48.58132910998242,48.425309589582156,-0.003211511979160808,2,9105,9107,True,0.5327793167128347,2166
MU,b_20_80|none|death_cross,2020-07-20,2020-07-21,2020-07-24,2020-07-27,50.336579305982866,49.34194356696062,-0.019759700653795176,4,9108,9112,True,0.5369685767097967,2164
MU,b_20_80|none|death_cross,2020-08-05,2020-08-06,2020-08-06,2020-08-07,48.75686302800951,47.479427594803454,-0.02620011530422306,1,9120,9121,True,0.5334563913244116,2167
MU,b_20_80|none|death_cross,2020-09-14,2020-09-15,2020-09-22,2020-09-23,48.14252227300789,49.74173927330395,0.0332183883351016,6,9147,9153,True,0.5434782608695652,2162
MU,b_20_80|none|death_cross,2020-10-08,2020-10-09,2020-10-23,2020-10-26,48.990901281370085,51.097188562043506,0.04299343807896805,11,9165,9176,True,0.5535465924895688,2157
MU,b_20_80|none|death_cross,2020-11-04,2020-11-05,2020-11-27,2020-11-30,51.56525790389016,62.95486343289022,0.2208775053589096,16,9184,9200,True,0.5585501858736059,2152
MU,b_20_80|none|death_cross,2020-12-30,2020-12-31,2021-01-13,2021-01-14,70.59019495600755,78.0207056211854,0.10526264546809383,9,9222,9231,True,0.5525706345530338,2159
MU,b_20_80|none|death_cross,2021-01-14,2021-01-15,2021-01-15,2021-01-19,78.9080981890266,79.25914206165733,0.004448768639560896,1,9232,9233,True,0.5334563913244116,2167
MU,b_20_80|none|death_cross,2021-01-19,2021-01-20,2021-01-22,2021-01-25,83.79354156557719,81.12166320173696,-0.03188644749845304,3,9234,9237,True,0.5381062355658198,2165
MU,b_20_80|none|death_cross,2021-02-02,2021-02-03,2021-02-17,2021-02-18,79.81497840039239,84.36886468518371,0.05705553488903692,10,9244,9254,True,0.5500463392029658,2158
MU,b_20_80|none|death_cross,2021-03-15,2021-03-16,2021-03-19,2021-03-22,88.49369811429706,89.54684168659463,0.011900774797967584,4,9272,9276,True,0.5369685767097967,2164
MU,b_20_80|none|death_cross,2021-03-30,2021-03-31,2021-04-13,2021-04-14,85.26599338336541,89.3810710266207,0.04826165133329807,9,9283,9292,True,0.5525706345530338,2159
MU,b_20_80|none|death_cross,2021-04-26,2021-04-27,2021-05-03,2021-05-04,87.10899840585934,82.04806431351464,-0.05809886676419729,5,9301,9306,True,0.5441516412390199,2163
MU,b_20_80|none|death_cross,2021-05-07,2021-05-10,2021-05-10,2021-05-11,82.83789689852749,75.34885803656235,-0.0904059511691715,1,9310,9311,True,0.5334563913244116,2167
MU,b_20_80|none|death_cross,2021-05-17,2021-05-18,2021-06-03,2021-06-04,78.54729251441303,80.90713098870323,0.030043536813916027,12,9316,9328,True,0.5598330241187384,2156
MU,b_20_80|none|death_cross,2021-06-15,2021-06-16,2021-06-18,2021-06-21,80.67311298121012,74.93928487015296,-0.07107483397092473,3,9336,9339,True,0.5381062355658198,2165
MU,b_20_80|none|death_cross,2021-06-23,2021-06-24,2021-07-02,2021-07-06,78.43028128426265,78.78132678138492,0.004475892364199874,7,9342,9349,True,0.5478944932901435,2161
MU,b_20_80|none|death_cross,2021-07-21,2021-07-22,2021-08-10,2021-08-11,74.33472310306904,74.14943381001832,-0.0024926344690058277,14,9361,9375,True,0.5608170844939647,2154
MU,b_20_80|none|death_cross,2021-08-23,2021-08-24,2021-09-03,2021-09-07,70.3463943592056,71.9261317069881,0.022456550362993433,9,9384,9393,True,0.5525706345530338,2159
MU,b_20_80|none|death_cross,2021-09-10,2021-09-13,2021-09-20,2021-09-21,72.70622750491049,71.10700322973453,-0.0219956987187645,6,9397,9403,True,0.5434782608695652,2162
MU,b_20_80|none|death_cross,2021-09-23,2021-09-24,2021-09-28,2021-09-29,71.47754767506551,69.39076401211548,-0.02919495325212429,3,9406,9409,True,0.5381062355658198,2165
MU,b_20_80|none|death_cross,2021-10-14,2021-10-15,2021-11-10,2021-11-11,66.48989981087956,72.28055189419125,0.08709070249439854,19,9421,9440,True,0.5556072591903211,2149
MU,b_20_80|none|death_cross,2021-11-19,2021-11-22,2021-11-22,2021-11-23,81.69401567136126,83.04157768193137,0.01649523529350172,1,9447,9448,True,0.5334563913244116,2167
MU,b_20_80|none|death_cross,2021-11-23,2021-11-24,2021-11-26,2021-11-29,82.75839262169133,82.39708777296406,-0.0043657789534274904,2,9449,9451,True,0.5327793167128347,2166
MU,b_20_80|none|death_cross,2021-12-08,2021-12-09,2021-12-09,2021-12-10,83.29547372661888,82.35801865907683,-0.011254573935419732,1,9459,9460,True,0.5334563913244116,2167
MU,b_20_80|none|death_cross,2021-12-10,2021-12-13,2021-12-13,2021-12-14,84.57469842358928,81.26435554363431,-0.03914105449569849,1,9461,9462,True,0.5334563913244116,2167
MU,b_20_80|none|death_cross,2021-12-15,2021-12-16,2021-12-16,2021-12-17,83.861833830994,79.7019397044191,-0.04960413976825617,1,9464,9465,True,0.5334563913244116,2167
MU,b_20_80|none|death_cross,2021-12-21,2021-12-22,2022-01-05,2022-01-06,87.88501926012604,92.96418791773785,0.05779333839113421,10,9468,9478,True,0.5500463392029658,2158
MU,b_20_80|none|death_cross,2022-01-14,2022-01-18,2022-01-18,2022-01-19,93.3845274498835,91.61519252833031,-0.018946767412864385,1,9485,9486,True,0.5334563913244116,2167
MU,b_20_80|none|death_cross,2022-01-31,2022-02-01,2022-02-18,2022-02-22,80.3538988363513,87.82229559129881,0.09294380065063979,14,9495,9509,True,0.5608170844939647,2154
MU,b_20_80|none|death_cross,2022-03-02,2022-03-03,2022-03-04,2022-03-07,89.56234260085786,79.92380011993066,-0.107618248931721,2,9516,9518,True,0.5327793167128347,2166
MU,b_20_80|none|death_cross,2022-03-16,2022-03-17,2022-03-30,2022-03-31,76.44372857161473,75.92564859416282,-0.006777272473915907,10,9526,9536,True,0.5500463392029658,2158
MU,b_20_80|none|death_cross,2022-04-19,2022-04-20,2022-04-22,2022-04-25,72.25091659474506,66.97477455985143,-0.07302526090412786,3,9549,9552,True,0.5381062355658198,2165
MU,b_20_80|none|death_cross,2022-04-28,2022-04-29,2022-05-09,2022-05-10,67.64040809260369,68.10049238010774,0.0068019147204754216,7,9556,9563,True,0.5478944932901435,2161
MU,b_20_80|none|death_cross,2022-05-13,2022-05-16,2022-05-20,2022-05-23,69.99951673192291,67.31739981989028,-0.03831622041483984,5,9567,9572,True,0.5441516412390199,2163
MU,b_20_80|none|death_cross,2022-05-27,2022-05-31,2022-06-06,2022-06-07,71.91810132163407,67.19991152264623,-0.06560503840176513,5,9577,9582,True,0.5441516412390199,2163
MU,b_20_80|none|death_cross,2022-07-05,2022-07-06,2022-07-22,2022-07-25,55.64916745821313,60.17170059149684,0.0812686575532271,13,9601,9614,True,0.5633410672853828,2155
MU,b_20_80|none|death_cross,2022-08-02,2022-08-03,2022-08-08,2022-08-09,61.29960976685996,57.86683740258012,-0.05599990566556068,4,9621,9625,True,0.5369685767097967,2164
MU,b_20_80|none|death_cross,2022-08-12,2022-08-15,2022-08-17,2022-08-18,63.45736312866211,60.56400996036967,-0.04559523159552126,3,9629,9632,True,0.5381062355658198,2165
MU,b_20_80|none|death_cross,2022-09-01,2022-09-02,2022-09-06,2022-09-07,57.18027674604349,54.24770817078454,-0.051286365546698076,2,9643,9645,True,0.5327793167128347,2166
MU,b_20_80|none|death_cross,2022-09-09,2022-09-12,2022-09-14,2022-09-15,56.3564136157355,51.687834325253945,-0.0828402481803423,3,9648,9651,True,0.5381062355658198,2165
MU,b_20_80|none|death_cross,2022-09-27,2022-09-28,2022-10-10,2022-10-11,49.14757902132503,49.77219518705131,0.012708991534562841,9,9660,9669,True,0.5525706345530338,2159
MU,b_20_80|none|death_cross,2022-10-11,2022-10-12,2022-10-12,2022-10-13,52.68147499565978,50.470027715454464,-0.041977702416029605,1,9670,9671,True,0.5334563913244116,2167
MU,b_20_80|none|death_cross,2022-10-13,2022-10-14,2022-10-14,2022-10-17,54.29336702301977,53.66432356552621,-0.011586009341193582,1,9672,9673,True,0.5334563913244116,2167
MU,b_20_80|none|death_cross,2022-10-21,2022-10-24,2022-10-27,2022-10-28,55.2663914984111,50.9418102315692,-0.07824974907157156,4,9678,9682,True,0.5369685767097967,2164
MU,b_20_80|none|death_cross,2022-11-04,2022-11-07,2022-11-16,2022-11-17,55.46297075256702,56.31806528310111,0.015417395046307014,8,9688,9696,True,0.5472222222222223,2160
MU,b_20_80|none|death_cross,2022-11-30,2022-12-01,2022-12-05,2022-12-06,56.838977676202354,52.93701700920176,-0.06864938157806255,3,9705,9708,True,0.5381062355658198,2165
MU,b_20_80|none|death_cross,2022-12-08,2022-12-09,2022-12-15,2022-12-16,53.742963901949174,50.853345679134286,-0.05376737740193904,5,9711,9716,True,0.5441516412390199,2163
MU,b_20_80|none|death_cross,2022-12-29,2022-12-30,2023-01-17,2023-01-18,48.71318880431817,56.653083737372434,0.16299271568833196,11,9725,9736,True,0.5535465924895688,2157
MU,b_20_80|none|death_cross,2023-01-20,2023-01-23,2023-01-30,2023-01-31,58.042088581228654,58.21940668990294,0.0030549918689801725,6,9739,9745,True,0.5434782608695652,2162
MU,b_20_80|none|death_cross,2023-02-15,2023-02-16,2023-02-16,2023-02-17,59.874369192334306,58.94837580743811,-0.015465605690502149,1,9757,9758,True,0.5334563913244116,2167
MU,b_20_80|none|death_cross,2023-03-02,2023-03-03,2023-03-09,2023-03-10,55.61873214965174,54.830660411077446,-0.014169178406545746,5,9767,9772,True,0.5441516412390199,2163
MU,b_20_80|none|death_cross,2023-03-16,2023-03-17,2023-03-31,2023-04-03,55.95367495432077,58.91882630385404,0.052992968772005655,11,9777,9788,True,0.5535465924895688,2157
MU,b_20_80|none|death_cross,2023-04-10,2023-04-11,2023-04-19,2023-04-20,62.81844754482817,59.10698662786868,-0.0590823406501878,7,9793,9800,True,0.5478944932901435,2161
MU,b_20_80|none|death_cross,2023-04-27,2023-04-28,2023-05-04,2023-05-05,61.624074148938014,59.82756478897519,-0.02915271969232147,5,9806,9811,True,0.5441516412390199,2163
MU,b_20_80|none|death_cross,2023-05-15,2023-05-16,2023-05-31,2023-06-01,63.71669767921335,68.05002441355431,0.06800928001883322,11,9818,9829,True,0.5535465924895688,2157
MU,b_20_80|none|death_cross,2023-06-13,2023-06-14,2023-06-21,2023-06-22,66.66810190973548,64.68405360923201,-0.0297600838132418,5,9838,9843,True,0.5441516412390199,2163
MU,b_20_80|none|death_cross,2023-06-28,2023-06-29,2023-06-29,2023-06-30,66.96422493634499,63.66735120867452,-0.049233359018258205,1,9848,9849,True,0.5334563913244116,2167
MU,b_20_80|none|death_cross,2023-08-21,2023-08-22,2023-09-12,2023-09-13,63.58936496373862,70.26477262161738,0.10497679386616565,15,9885,9900,True,0.5624709707385044,2153
MU,b_20_80|none|death_cross,2023-09-29,2023-10-02,2023-10-13,2023-10-16,67.48581232581756,68.36115467377039,0.012970761079776683,10,9913,9923,True,0.5500463392029658,2158
MU,b_20_80|none|death_cross,2023-10-30,2023-10-31,2023-11-21,2023-11-22,65.45871394882008,76.47414982468356,0.16828066442729206,16,9934,9950,True,0.5585501858736059,2152
MU,b_20_80|none|death_cross,2023-12-11,2023-12-12,2023-12-20,2023-12-21,76.6921000042134,84.20081738409421,0.09790731221948912,7,9963,9970,True,0.5478944932901435,2161
MU,b_20_80|none|death_cross,2024-01-16,2024-01-17,2024-01-30,2024-01-31,83.01413731081632,84.27388925563257,0.015175149506156504,10,9986,9996,True,0.5500463392029658,2158
MU,b_20_80|none|death_cross,2024-02-09,2024-02-12,2024-02-13,2024-02-14,84.83929397729457,81.51633089127758,-0.03916773620141534,2,10004,10006,True,0.5327793167128347,2166
MU,b_20_80|none|death_cross,2024-02-22,2024-02-23,2024-03-08,2024-03-11,85.85104997077724,95.12553927042075,0.10803000432493759,11,10012,10023,True,0.5535465924895688,2157
MU,b_20_80|none|death_cross,2024-03-21,2024-03-22,2024-04-05,2024-04-08,108.42723585099732,128.14132222505415,0.18181858293564068,10,10032,10042,True,0.5500463392029658,2158
MU,b_20_80|none|death_cross,2024-04-24,2024-04-25,2024-05-17,2024-05-20,108.591483507836,126.225049797506,0.16238443126525248,17,10055,10072,True,0.5592747559274756,2151
MU,b_20_80|none|death_cross,2024-05-28,2024-05-29,2024-05-30,2024-05-31,129.07463180547143,125.45061074389378,-0.028076942857674925,2,10078,10080,True,0.5327793167128347,2166
MU,b_20_80|none|death_cross,2024-06-05,2024-06-06,2024-06-20,2024-06-21,132.88730345472527,136.6701462752296,0.028466548136354852,10,10084,10094,True,0.5500463392029658,2158
MU,b_20_80|none|death_cross,2024-07-03,2024-07-05,2024-07-08,2024-07-09,135.84609810500712,130.9265616377007,-0.03621404321457711,2,10103,10105,True,0.5327793167128347,2166
MU,b_20_80|none|death_cross,2024-07-10,2024-07-11,2024-07-15,2024-07-16,135.50776987882873,129.6048950824264,-0.043561153738126523,3,10107,10110,True,0.5381062355658198,2165
MU,b_20_80|none|death_cross,2024-07-31,2024-08-01,2024-08-02,2024-08-05,106.51014136401359,87.08231762668979,-0.18240351095701257,2,10122,10124,True,0.5327793167128347,2166
MU,b_20_80|none|death_cross,2024-09-11,2024-09-12,2024-09-30,2024-10-01,86.55563438945558,102.75377471636514,0.1871413737669152,13,10151,10164,True,0.5633410672853828,2155
MU,b_20_80|none|death_cross,2024-10-10,2024-10-11,2024-10-21,2024-10-22,104.50105530573084,107.68462786289282,0.030464501510037767,7,10172,10179,True,0.5478944932901435,2161
MU,b_20_80|none|death_cross,2024-11-05,2024-11-06,2024-11-12,2024-11-13,107.82390746893114,102.27253811627284,-0.05148551451131467,5,10190,10195,True,0.5441516412390199,2163
MU,b_20_80|none|death_cross,2024-11-21,2024-11-22,2024-11-29,2024-12-02,101.83480303607901,97.09923461352275,-0.04650245575550915,5,10202,10207,True,0.5441516412390199,2163
MU,b_20_80|none|death_cross,2024-12-04,2024-12-05,2024-12-10,2024-12-11,103.34699799580864,98.98946887870773,-0.04216406089780789,4,10210,10214,True,0.5369685767097967,2164
MU,b_20_80|none|death_cross,2024-12-11,2024-12-12,2024-12-12,2024-12-13,100.8797290498746,100.25295606074661,-0.006213071694692096,1,10215,10216,True,0.5334563913244116,2167
MU,b_20_80|none|death_cross,2024-12-13,2024-12-16,2024-12-19,2024-12-20,105.06811678388269,84.97176814647015,-0.1912697139014039,4,10217,10221,True,0.5369685767097967,2164
MU,b_20_80|none|death_cross,2025-01-02,2025-01-03,2025-01-24,2025-01-27,87.61241122053084,94.49589838534374,0.07856748911391498,14,10229,10243,True,0.5608170844939647,2154
MU,b_20_80|none|death_cross,2025-02-06,2025-02-07,2025-02-21,2025-02-24,95.2230896687795,99.8353281340815,0.048436135409437364,10,10252,10262,True,0.5500463392029658,2158
MU,b_20_80|none|death_cross,2025-03-07,2025-03-10,2025-03-10,2025-03-11,89.24611831887294,87.56261865328564,-0.01886356176940074,1,10272,10273,True,0.5334563913244116,2167
MU,b_20_80|none|death_cross,2025-03-12,2025-03-13,2025-03-21,2025-03-24,93.88823662397353,95.73112953336016,0.019628581552420643,7,10275,10282,True,0.5478944932901435,2161
MU,b_20_80|none|death_cross,2025-04-09,2025-04-10,2025-04-21,2025-04-22,72.3157493132456,67.36836502255505,-0.06841364900003011,7,10295,10302,True,0.5478944932901435,2161
MU,b_20_80|none|death_cross,2025-04-22,2025-04-23,2025-05-15,2025-05-16,73.50273012628422,95.65629190329655,0.3013978084752844,17,10303,10320,True,0.5592747559274756,2151
MU,b_20_80|none|death_cross,2025-06-02,2025-06-03,2025-06-17,2025-06-18,98.11003677921897,120.15386973192408,0.22468478940958136,11,10331,10342,True,0.5535465924895688,2157
MU,b_20_80|none|death_cross,2025-07-10,2025-07-11,2025-07-14,2025-07-15,121.9342962008174,120.74620569355781,-0.009743694303224415,2,10357,10359,True,0.5327793167128347,2166
MU,b_20_80|none|death_cross,2025-07-25,2025-07-28,2025-08-01,2025-08-04,111.54097965207745,105.85010950926048,-0.05102044253661875,5,10368,10373,True,0.5441516412390199,2163
MU,b_20_80|none|death_cross,2025-08-05,2025-08-06,2025-08-19,2025-08-20,107.72709528657548,118.50978890127986,0.10009267943241462,10,10375,10385,True,0.5500463392029658,2158
MU,b_20_80|none|death_cross,2025-08-28,2025-08-29,2025-09-19,2025-09-22,122.40354143628785,164.11658027131574,0.34078294096368045,15,10392,10407,True,0.5624709707385044,2153
MU,b_20_80|none|death_cross,2025-09-30,2025-10-01,2025-10-10,2025-10-13,165.33462730297458,190.60354324747644,0.15283498899596348,8,10414,10422,True,0.5472222222222223,2160
MU,b_20_80|none|death_cross,2025-10-16,2025-10-17,2025-10-22,2025-10-23,199.08525899267423,196.50776830369242,-0.012946667684103352,4,10426,10430,True,0.5369685767097967,2164
MU,b_20_80|none|death_cross,2025-10-24,2025-10-27,2025-11-04,2025-11-05,224.59030693239927,225.44947232395214,0.003825478504784652,7,10432,10439,True,0.5478944932901435,2161
MU,b_20_80|none|death_cross,2025-11-25,2025-11-26,2025-12-12,2025-12-15,229.3955991936823,246.86852348830158,0.0761693962571035,12,10454,10466,True,0.5598330241187384,2156
MU,b_20_80|none|death_cross,2025-12-19,2025-12-22,2026-01-05,2026-01-06,276.8791524562695,318.09740553134617,0.1488673044157296,9,10471,10480,True,0.5525706345530338,2159
MU,b_20_80|none|death_cross,2026-02-12,2026-02-13,2026-02-26,2026-02-27,404.95756887926956,401.57951318695996,-0.008341752202973951,9,10507,10516,True,0.5525706345530338,2159
MU,b_20_80|none|death_cross,2026-03-10,2026-03-11,2026-03-20,2026-03-23,410.53435883479557,425.90552375147496,0.03744184764536351,8,10524,10532,True,0.5472222222222223,2160
MU,b_20_80|none|death_cross,2026-04-01,2026-04-02,2026-04-20,2026-04-21,341.28749103387474,451.250617253604,0.32220086908727263,12,10540,10552,True,0.5598330241187384,2156
MU,b_20_80|none|death_cross,2026-05-26,2026-05-27,2026-06-04,2026-06-05,955.5130216924548,944.2547879371384,-0.01178239699483652,7,10577,10584,True,0.5478944932901435,2161
MU,b_20_80|none|death_cross,2026-06-15,2026-06-16,2026-06-24,2026-06-25,1099.5308285965202,1232.810364629667,0.12121491509544069,6,10591,10597,True,0.5434782608695652,2162
MU,b_20_80|none|death_cross,2026-06-25,2026-06-26,2026-06-26,2026-06-29,1138.9048461164418,1128.526353776065,-0.00911269486275923,1,10598,10599,True,0.5334563913244116,2167
MU,b_20_80|none|death_cross,2026-07-14,2026-07-15,2026-07-15,2026-07-16,975.8099975585938,866.77001953125,-0.11174304249818501,1,10610,10611,True,0.5334563913244116,2167
MU,b_20_80|none|death_cross,2026-07-21,2026-07-22,2026-07-28,2026-07-29,938.25,833.0,-0.11217692512656541,5,10615,10620,True,0.5441516412390199,2163
MU,b_20_80|none|death_cross,2026-08-04,2026-08-05,2026-08-18,2026-08-19,885.2999877929688,959.35498046875,0.08364960318185322,10,10625,10635,True,0.5500463392029658,2158
ORCL,b_20_80|none|death_cross,2018-01-03,2018-01-04,2018-01-24,2018-01-25,42.1598848602594,45.4549290726428,0.07815591108241748,14,8021,8035,True,0.5622098421541318,2154
ORCL,b_20_80|none|death_cross,2018-02-13,2018-02-14,2018-02-28,2018-03-01,42.5004578677909,44.943410822733135,0.05748062673916832,10,8049,8059,True,0.5551436515291936,2158
ORCL,b_20_80|none|death_cross,2018-03-05,2018-03-06,2018-03-14,2018-03-15,45.47257597921998,46.054662407284845,0.012800823694942176,7,8062,8069,True,0.5529847292919945,2161
ORCL,b_20_80|none|death_cross,2018-04-04,2018-04-05,2018-04-20,2018-04-23,40.33088491814689,41.07350973699519,0.018413303361815236,12,8083,8095,True,0.5514842300556586,2156
ORCL,b_20_80|none|death_cross,2018-05-04,2018-05-07,2018-05-17,2018-05-18,40.68384588327918,41.3480442653672,0.01632585041231316,9,8105,8114,True,0.5585919407132932,2159
ORCL,b_20_80|none|death_cross,2018-05-21,2018-05-22,2018-05-22,2018-05-23,41.83511041096845,40.80783111744645,-0.024555434022534905,1,8116,8117,True,0.5380710659898477,2167
ORCL,b_20_80|none|death_cross,2018-06-01,2018-06-04,2018-06-14,2018-06-15,42.04765381213251,40.62184926803779,-0.03390925330733463,9,8124,8133,True,0.5585919407132932,2159
ORCL,b_20_80|none|death_cross,2018-06-26,2018-06-27,2018-06-27,2018-06-28,39.47060070916498,38.53187434656885,-0.023782925664421417,1,8141,8142,True,0.5380710659898477,2167
ORCL,b_20_80|none|death_cross,2018-06-29,2018-07-02,2018-07-19,2018-07-20,38.93038899186938,43.11053249465313,0.10737481980097274,13,8144,8157,True,0.5531322505800464,2155
ORCL,b_20_80|none|death_cross,2018-08-03,2018-08-06,2018-08-15,2018-08-16,42.932728331228326,42.79935334913725,-0.003106603919091344,8,8168,8176,True,0.5537037037037037,2160
ORCL,b_20_80|none|death_cross,2018-08-20,2018-08-21,2018-08-28,2018-08-29,43.190551654312046,43.243894733815,0.001235063629885902,6,8179,8185,True,0.5536540240518039,2162
ORCL,b_20_80|none|death_cross,2018-09-10,2018-09-11,2018-10-02,2018-10-03,43.137206283048315,44.088493916821484,0.022052601819673168,16,8193,8209,True,0.5645910780669146,2152
ORCL,b_20_80|none|death_cross,2018-10-16,2018-10-17,2018-10-24,2018-10-25,42.33791290293356,42.32897832214067,-0.00021103026059343666,6,8219,8225,True,0.5536540240518039,2162
ORCL,b_20_80|none|death_cross,2018-10-25,2018-10-26,2018-10-26,2018-10-29,42.16830997023186,42.67711396654554,0.012066027703573123,1,8226,8227,True,0.5380710659898477,2167
ORCL,b_20_80|none|death_cross,2018-10-30,2018-10-31,2018-11-12,2018-11-13,43.78398446773795,44.15888470932507,0.008562497135530478,9,8229,8238,True,0.5585919407132932,2159
ORCL,b_20_80|none|death_cross,2018-11-16,2018-11-19,2018-11-19,2018-11-20,45.56926058801306,43.44477921816336,-0.04662093135670797,1,8242,8243,True,0.5380710659898477,2167
ORCL,b_20_80|none|death_cross,2018-11-30,2018-12-03,2018-12-07,2018-12-10,44.132103724479116,41.070350436383016,-0.06937700743229724,4,8251,8255,True,0.5388170055452866,2164
ORCL,b_20_80|none|death_cross,2018-12-13,2018-12-14,2018-12-14,2018-12-17,41.75769465467197,41.43633957280885,-0.007695709366158043,1,8259,8260,True,0.5380710659898477,2167
ORCL,b_20_80|none|death_cross,2018-12-20,2018-12-21,2018-12-21,2018-12-24,41.132842099671095,39.07084117274777,-0.050130280857490606,1,8264,8265,True,0.5380710659898477,2167
ORCL,b_20_80|none|death_cross,2018-12-26,2018-12-27,2019-01-22,2019-01-23,39.231520530349165,44.08279019638822,0.12365744688091174,17,8267,8284,True,0.5620641562064156,2151
ORCL,b_20_80|none|death_cross,2019-03-08,2019-03-11,2019-03-20,2019-03-21,46.547266277583155,47.1656360450052,0.013284770876433871,8,8316,8324,True,0.5537037037037037,2160
ORCL,b_20_80|none|death_cross,2019-03-21,2019-03-22,2019-03-22,2019-03-25,48.05284603511069,47.10290578624736,-0.019768657368790077,1,8325,8326,True,0.5380710659898477,2167
ORCL,b_20_80|none|death_cross,2019-04-01,2019-04-02,2019-04-08,2019-04-09,48.760828142143644,47.94530785165725,-0.016724906478394086,5,8332,8337,True,0.5515487748497457,2163
ORCL,b_20_80|none|death_cross,2019-04-12,2019-04-15,2019-04-25,2019-04-26,49.060213141230314,49.70836012431784,0.013211254937309347,8,8341,8349,True,0.5537037037037037,2160
ORCL,b_20_80|none|death_cross,2019-04-30,2019-05-01,2019-05-01,2019-05-02,49.79836775778849,49.33927619988541,-0.00921900814372123,1,8352,8353,True,0.5380710659898477,2167
ORCL,b_20_80|none|death_cross,2019-05-10,2019-05-13,2019-05-13,2019-05-14,48.35807439902248,48.28605658082172,-0.0014892614955365202,1,8360,8361,True,0.5380710659898477,2167
ORCL,b_20_80|none|death_cross,2019-05-15,2019-05-16,2019-05-20,2019-05-21,49.42929983776017,48.79915376370179,-0.012748432126829301,3,8363,8366,True,0.5399538106235566,2165
ORCL,b_20_80|none|death_cross,2019-06-04,2019-06-05,2019-06-17,2019-06-18,47.51189275853838,47.58391050007918,0.0015157834672425707,9,8376,8385,True,0.5585919407132932,2159
ORCL,b_20_80|none|death_cross,2019-06-20,2019-06-21,2019-07-11,2019-07-12,51.436708111760666,54.09226133562417,0.05162758896027264,14,8388,8402,True,0.5622098421541318,2154
ORCL,b_20_80|none|death_cross,2019-07-25,2019-07-26,2019-07-30,2019-07-31,52.72952118539177,52.31375922077707,-0.007884804475142393,3,8412,8415,True,0.5399538106235566,2165
ORCL,b_20_80|none|death_cross,2019-09-04,2019-09-05,2019-09-13,2019-09-16,48.56286664795633,48.26458865530529,-0.006142100193823552,7,8440,8447,True,0.5529847292919945,2161
ORCL,b_20_80|none|death_cross,2019-09-24,2019-09-25,2019-10-02,2019-10-03,48.18325906849145,47.957286953121184,-0.004689847049346607,6,8454,8460,True,0.5536540240518039,2162
ORCL,b_20_80|none|death_cross,2019-10-04,2019-10-07,2019-10-08,2019-10-09,49.773987860046255,49.16075586218851,-0.012320330843934468,2,8462,8464,True,0.5397045244690674,2166
ORCL,b_20_80|none|death_cross,2019-10-09,2019-10-10,2019-10-16,2019-10-17,49.43311104023524,50.84937840013699,0.028650176573936648,5,8465,8470,True,0.5515487748497457,2163
ORCL,b_20_80|none|death_cross,2019-10-29,2019-10-30,2019-11-14,2019-11-15,50.095849470421264,51.20344537684909,0.0221095343853146,12,8479,8491,True,0.5514842300556586,2156
ORCL,b_20_80|none|death_cross,2019-11-26,2019-11-27,2019-11-29,2019-12-02,51.65738499760253,51.04911193471433,-0.011775142371539427,2,8499,8501,True,0.5397045244690674,2166
ORCL,b_20_80|none|death_cross,2019-12-09,2019-12-10,2019-12-16,2019-12-17,50.29557932969522,48.9247095523562,-0.027256267759692365,5,8507,8512,True,0.5515487748497457,2163
ORCL,b_20_80|none|death_cross,2019-12-26,2019-12-27,2019-12-30,2019-12-31,48.71590165349411,47.726321663521695,-0.02031328491076867,2,8519,8521,True,0.5397045244690674,2166
ORCL,b_20_80|none|death_cross,2019-12-31,2020-01-02,2020-01-21,2020-01-22,48.361840178646794,50.5285689569275,0.044802446934957274,13,8522,8535,True,0.5531322505800464,2155
ORCL,b_20_80|none|death_cross,2020-02-04,2020-02-05,2020-02-19,2020-02-20,49.85375465988925,50.51944834211176,0.013352929719415929,10,8545,8555,True,0.5551436515291936,2158
ORCL,b_20_80|none|death_cross,2020-03-04,2020-03-05,2020-03-05,2020-03-06,44.89301478365542,42.46733927350117,-0.05403235941813789,1,8565,8566,True,0.5380710659898477,2167
ORCL,b_20_80|none|death_cross,2020-03-10,2020-03-11,2020-03-11,2020-03-12,42.68620136098332,37.49747466822883,-0.12155512852678341,1,8569,8570,True,0.5380710659898477,2167
ORCL,b_20_80|none|death_cross,2020-03-13,2020-03-16,2020-03-31,2020-04-01,38.76500251090813,42.449097035550096,0.09503661256323381,12,8572,8584,True,0.5514842300556586,2156
ORCL,b_20_80|none|death_cross,2020-04-06,2020-04-07,2020-04-20,2020-04-21,47.55577213956422,48.77121737302411,0.02555831140524578,9,8588,8597,True,0.5585919407132932,2159
ORCL,b_20_80|none|death_cross,2020-04-29,2020-04-30,2020-05-01,2020-05-04,48.991103344125825,47.378526141059446,-0.03291571516034719,2,8604,8606,True,0.5397045244690674,2166
ORCL,b_20_80|none|death_cross,2020-05-08,2020-05-11,2020-05-13,2020-05-14,48.67960461213565,46.85627878793401,-0.03745564161273185,3,8611,8614,True,0.5399538106235566,2165
ORCL,b_20_80|none|death_cross,2020-05-14,2020-05-15,2020-05-21,2020-05-22,48.28561317710061,47.95576217634734,-0.006831248047807659,5,8615,8620,True,0.5515487748497457,2163
ORCL,b_20_80|none|death_cross,2020-05-26,2020-05-27,2020-06-01,2020-06-02,48.560480841149335,48.780385092516006,0.004528461159312158,4,8622,8626,True,0.5388170055452866,2164
ORCL,b_20_80|none|death_cross,2020-06-03,2020-06-04,2020-06-04,2020-06-05,48.771212748179806,48.64294404093017,-0.0026300085649280103,1,8628,8629,True,0.5380710659898477,2167
ORCL,b_20_80|none|death_cross,2020-06-05,2020-06-08,2020-06-10,2020-06-11,48.88116128015502,48.78954250324279,-0.0018743167001931127,3,8630,8633,True,0.5399538106235566,2165
ORCL,b_20_80|none|death_cross,2020-06-16,2020-06-17,2020-06-17,2020-06-18,48.58797440943628,47.27774811664348,-0.02696606122642431,1,8637,8638,True,0.5380710659898477,2167
ORCL,b_20_80|none|death_cross,2020-06-18,2020-06-19,2020-06-26,2020-06-29,49.669125147425355,49.68745382946457,0.000369015600432121,6,8639,8645,True,0.5536540240518039,2162
ORCL,b_20_80|none|death_cross,2020-06-29,2020-06-30,2020-07-13,2020-07-14,50.20971085615979,52.14257362398889,0.03849579563137384,9,8646,8655,True,0.5585919407132932,2159
ORCL,b_20_80|none|death_cross,2020-07-29,2020-07-30,2020-08-07,2020-08-10,50.6059903796442,50.8268128899514,0.00436356464226062,7,8667,8674,True,0.5529847292919945,2161
ORCL,b_20_80|none|death_cross,2020-08-18,2020-08-19,2020-09-03,2020-09-04,51.13966216178496,52.335798519759734,0.023389602265863285,12,8681,8693,True,0.5514842300556586,2156
ORCL,b_20_80|none|death_cross,2020-09-14,2020-09-15,2020-09-23,2020-09-24,55.215743749149155,54.047210627546434,-0.02116304231835553,7,8699,8706,True,0.5529847292919945,2161
ORCL,b_20_80|none|death_cross,2020-10-05,2020-10-06,2020-10-15,2020-10-16,54.755680084228516,56.08600310987235,0.02429561688572668,8,8714,8722,True,0.5537037037037037,2160
ORCL,b_20_80|none|death_cross,2020-11-03,2020-11-04,2020-11-12,2020-11-13,53.58241646782274,52.547725536259435,-0.019310270043245592,7,8735,8742,True,0.5529847292919945,2161
ORCL,b_20_80|none|death_cross,2020-11-24,2020-11-25,2020-12-08,2020-12-09,53.32374356037791,54.404631239292236,0.02027028874464598,9,8750,8759,True,0.5585919407132932,2159
ORCL,b_20_80|none|death_cross,2020-12-11,2020-12-14,2020-12-24,2020-12-28,56.19687382809697,60.428040361341964,0.07529184890582874,9,8762,8771,True,0.5585919407132932,2159
ORCL,b_20_80|none|death_cross,2021-01-25,2021-01-26,2021-02-11,2021-02-12,56.62519931096705,57.79367880492586,0.020635326818752686,13,8790,8803,True,0.5531322505800464,2155
ORCL,b_20_80|none|death_cross,2021-02-22,2021-02-23,2021-03-11,2021-03-12,59.74116210988542,62.09667208988394,0.039428593231344955,13,8809,8822,True,0.5531322505800464,2155
ORCL,b_20_80|none|death_cross,2021-03-23,2021-03-24,2021-04-19,2021-04-20,62.2357823842947,73.29980221524927,0.17777586152346014,18,8830,8848,True,0.5627906976744186,2150
ORCL,b_20_80|none|death_cross,2021-05-03,2021-05-04,2021-05-12,2021-05-13,71.78162421722608,72.21006215071277,0.00596862968982359,7,8858,8865,True,0.5529847292919945,2161
ORCL,b_20_80|none|death_cross,2021-05-21,2021-05-24,2021-05-28,2021-06-01,74.0355580639647,74.11939271538259,0.0011323565812182412,5,8872,8877,True,0.5515487748497457,2163
ORCL,b_20_80|none|death_cross,2021-06-01,2021-06-02,2021-06-10,2021-06-11,74.2311668141168,76.35472362248258,0.02860734782309704,7,8878,8885,True,0.5529847292919945,2161
ORCL,b_20_80|none|death_cross,2021-06-25,2021-06-28,2021-07-15,2021-07-16,73.10419431924197,81.09543780682938,0.10931306420928588,13,8896,8909,True,0.5531322505800464,2155
ORCL,b_20_80|none|death_cross,2021-08-03,2021-08-04,2021-08-18,2021-08-19,83.93730422378204,82.53506682289446,-0.01670577121644412,11,8922,8933,True,0.5507649513212796,2157
ORCL,b_20_80|none|death_cross,2021-08-30,2021-08-31,2021-09-07,2021-09-08,83.61944627027864,82.39484364038749,-0.014644950241991972,5,8941,8946,True,0.5515487748497457,2163
ORCL,b_20_80|none|death_cross,2021-09-08,2021-09-09,2021-09-13,2021-09-14,83.75969245030595,80.57195803284147,-0.03805809601504617,3,8947,8950,True,0.5399538106235566,2165
ORCL,b_20_80|none|death_cross,2021-09-22,2021-09-23,2021-09-30,2021-10-01,83.14271439300882,82.03961342665954,-0.013267560175327042,6,8957,8963,True,0.5536540240518039,2162
ORCL,b_20_80|none|death_cross,2021-10-05,2021-10-06,2021-10-15,2021-10-18,84.52623780852905,89.58566669135752,0.059856312241048926,8,8966,8974,True,0.5537037037037037,2160
ORCL,b_20_80|none|death_cross,2021-11-16,2021-11-17,2021-11-23,2021-11-24,89.82955586243143,86.51817605746442,-0.03686292081904752,5,8996,9001,True,0.5515487748497457,2163
ORCL,b_20_80|none|death_cross,2021-12-07,2021-12-08,2021-12-20,2021-12-21,84.47320404476092,86.12419775099278,0.01954458487637134,9,9010,9019,True,0.5585919407132932,2159
ORCL,b_20_80|none|death_cross,2022-01-31,2022-02-01,2022-02-11,2022-02-14,76.64254911217608,74.92893087203734,-0.022358575751840526,9,9047,9056,True,0.5585919407132932,2159
ORCL,b_20_80|none|death_cross,2022-03-11,2022-03-14,2022-03-30,2022-03-31,73.36594819399048,78.25261702069493,0.0666067698570918,13,9075,9088,True,0.5531322505800464,2155
ORCL,b_20_80|none|death_cross,2022-04-19,2022-04-20,2022-04-22,2022-04-25,75.42055413474702,72.0271430113219,-0.04499318736590596,3,9101,9104,True,0.5399538106235566,2165
ORCL,b_20_80|none|death_cross,2022-05-04,2022-05-05,2022-05-09,2022-05-10,69.94762211275113,68.529749484887,-0.02027049076205345,3,9112,9115,True,0.5399538106235566,2165
ORCL,b_20_80|none|death_cross,2022-05-23,2022-05-24,2022-06-07,2022-06-08,65.85472279756131,68.06659683585394,0.03358717407545675,10,9125,9135,True,0.5551436515291936,2158
ORCL,b_20_80|none|death_cross,2022-06-15,2022-06-16,2022-06-22,2022-06-23,64.74881986445193,62.81107134611371,-0.0299271634972621,4,9141,9145,True,0.5388170055452866,2164
ORCL,b_20_80|none|death_cross,2022-06-23,2022-06-24,2022-07-12,2022-07-13,64.58811393144742,65.5605863484956,0.015056522908848846,12,9146,9158,True,0.5514842300556586,2156
ORCL,b_20_80|none|death_cross,2022-07-19,2022-07-20,2022-08-02,2022-08-03,68.88372727721303,72.84299762062142,0.057477585779800444,10,9163,9173,True,0.5551436515291936,2158
ORCL,b_20_80|none|death_cross,2022-08-12,2022-08-15,2022-08-19,2022-08-22,74.85584580060628,73.99185357408057,-0.011542080879389571,5,9181,9186,True,0.5515487748497457,2163
ORCL,b_20_80|none|death_cross,2022-09-01,2022-09-02,2022-09-06,2022-09-07,71.91252097917933,69.9566203603368,-0.027198331976274637,2,9195,9197,True,0.5397045244690674,2166
ORCL,b_20_80|none|death_cross,2022-09-07,2022-09-08,2022-09-14,2022-09-15,70.28891526871118,67.88679662851136,-0.034174928308633445,5,9198,9203,True,0.5515487748497457,2163
ORCL,b_20_80|none|death_cross,2022-10-12,2022-10-13,2022-11-01,2022-11-02,59.6275540542157,73.15064706018981,0.22679268369248184,14,9223,9237,True,0.5622098421541318,2154
ORCL,b_20_80|none|death_cross,2022-11-11,2022-11-14,2022-11-28,2022-11-29,73.94275730536341,77.61699450524458,0.04969029197420327,10,9245,9255,True,0.5551436515291936,2158
ORCL,b_20_80|none|death_cross,2022-12-14,2022-12-15,2022-12-15,2022-12-16,77.10164317737475,76.30952548065997,-0.010273681131444778,1,9267,9268,True,0.5380710659898477,2167
ORCL,b_20_80|none|death_cross,2022-12-27,2022-12-28,2023-01-18,2023-01-19,77.38793370888621,82.7647030577245,0.06947813555875948,14,9275,9289,True,0.5622098421541318,2154
ORCL,b_20_80|none|death_cross,2023-01-24,2023-01-25,2023-01-30,2023-01-31,84.96794114205014,84.00041545151333,-0.011386949919373501,4,9293,9297,True,0.5388170055452866,2164
ORCL,b_20_80|none|death_cross,2023-02-01,2023-02-02,2023-02-02,2023-02-03,86.84547372432135,84.74759780031964,-0.02415642213733693,1,9299,9300,True,0.5380710659898477,2167
ORCL,b_20_80|none|death_cross,2023-02-13,2023-02-14,2023-02-17,2023-02-21,85.25529724410056,83.1095399723171,-0.02516860935502685,4,9307,9311,True,0.5388170055452866,2164
ORCL,b_20_80|none|death_cross,2023-02-23,2023-02-24,2023-03-01,2023-03-02,83.63640695654502,82.43899971161215,-0.014316818339111581,4,9314,9318,True,0.5388170055452866,2164
ORCL,b_20_80|none|death_cross,2023-03-03,2023-03-06,2023-03-09,2023-03-10,85.64803991912805,80.85843596465142,-0.05592193305298232,4,9320,9324,True,0.5388170055452866,2164
ORCL,b_20_80|none|death_cross,2023-03-20,2023-03-21,2023-04-10,2023-04-11,83.80883302231393,89.90256078856794,0.07270985105629091,14,9331,9345,True,0.5622098421541318,2154
ORCL,b_20_80|none|death_cross,2023-05-02,2023-05-03,2023-05-23,2023-05-24,91.45126459535132,94.22165661446624,0.030293643629458966,15,9361,9376,True,0.5638643752902927,2153
ORCL,b_20_80|none|death_cross,2023-05-30,2023-05-31,2023-06-07,2023-06-08,100.49347671048542,101.6477838317934,0.01148638856065709,6,9380,9386,True,0.5536540240518039,2162
ORCL,b_20_80|none|death_cross,2023-07-12,2023-07-13,2023-07-20,2023-07-21,113.02837972634809,112.44918149604318,-0.005124361082652018,6,9409,9415,True,0.5536540240518039,2162
ORCL,b_20_80|none|death_cross,2023-08-01,2023-08-02,2023-08-03,2023-08-04,112.86428526385487,111.33908129493389,-0.013513610309544344,2,9423,9425,True,0.5397045244690674,2166
ORCL,b_20_80|none|death_cross,2023-08-07,2023-08-08,2023-08-08,2023-08-09,111.04948327740104,111.33908519950337,0.002607863751863837,1,9427,9428,True,0.5380710659898477,2167
ORCL,b_20_80|none|death_cross,2023-08-14,2023-08-15,2023-08-24,2023-08-25,111.445257791211,108.99337662023532,-0.02200076718893862,8,9432,9440,True,0.5537037037037037,2160
ORCL,b_20_80|none|death_cross,2023-08-29,2023-08-30,2023-09-12,2023-09-13,116.53246807990878,104.56259246627148,-0.10271708658422396,9,9443,9452,True,0.5585919407132932,2159
ORCL,b_20_80|none|death_cross,2023-10-04,2023-10-05,2023-10-16,2023-10-17,103.2594248383268,104.22827231748443,0.009382654229137533,8,9468,9476,True,0.5537037037037037,2160
ORCL,b_20_80|none|death_cross,2023-10-31,2023-11-01,2023-11-15,2023-11-16,100.56605567893313,110.21572192538207,0.09595351215977321,11,9487,9498,True,0.5507649513212796,2157
ORCL,b_20_80|none|death_cross,2023-12-11,2023-12-12,2023-12-12,2023-12-13,99.50030455008324,97.93078410957656,-0.01577402649774473,1,9515,9516,True,0.5380710659898477,2167
ORCL,b_20_80|none|death_cross,2023-12-18,2023-12-19,2024-01-02,2024-01-03,101.70929098643417,100.08161715816397,-0.01600319707751474,9,9520,9529,True,0.5585919407132932,2159
ORCL,b_20_80|none|death_cross,2024-01-10,2024-01-11,2024-01-29,2024-01-30,101.49065742271009,110.2537557713365,0.08634389185329616,12,9535,9547,True,0.5514842300556586,2156
ORCL,b_20_80|none|death_cross,2024-02-23,2024-02-26,2024-03-05,2024-03-06,108.93103555433942,108.44473642775387,-0.004464284435659827,7,9565,9572,True,0.5529847292919945,2161
ORCL,b_20_80|none|death_cross,2024-03-07,2024-03-08,2024-03-08,2024-03-11,110.94430460846243,108.55170281433362,-0.0215657919761868,1,9574,9575,True,0.5380710659898477,2167
ORCL,b_20_80|none|death_cross,2024-03-11,2024-03-12,2024-03-22,2024-03-25,122.8002869171952,124.17164158753059,0.011167357216845142,9,9576,9585,True,0.5585919407132932,2159
ORCL,b_20_80|none|death_cross,2024-04-09,2024-04-10,2024-04-10,2024-04-11,118.40570127206293,118.76672264568727,0.003049020188603979,1,9596,9597,True,0.5380710659898477,2167
ORCL,b_20_80|none|death_cross,2024-04-11,2024-04-12,2024-04-12,2024-04-15,118.78623575792646,119.21556530542652,0.0036143038354627954,1,9598,9599,True,0.5380710659898477,2167
ORCL,b_20_80|none|death_cross,2024-05-14,2024-05-15,2024-05-24,2024-05-28,117.25434146475095,120.24984152986347,0.025547029028456292,8,9621,9629,True,0.5537037037037037,2160
ORCL,b_20_80|none|death_cross,2024-06-05,2024-06-06,2024-06-24,2024-06-25,119.8985727249163,135.62746143501914,0.13118495368739436,12,9636,9648,True,0.5514842300556586,2156
ORCL,b_20_80|none|death_cross,2024-07-02,2024-07-03,2024-07-09,2024-07-10,140.26221868259944,137.69602362450132,-0.018295697032321923,4,9654,9658,True,0.5388170055452866,2164
ORCL,b_20_80|none|death_cross,2024-07-12,2024-07-15,2024-07-16,2024-07-17,142.59565182574278,137.45857794411876,-0.0360254595133217,2,9661,9663,True,0.5397045244690674,2166
ORCL,b_20_80|none|death_cross,2024-07-23,2024-07-24,2024-07-24,2024-07-25,138.65234491777727,137.13564713533916,-0.010938854177601764,1,9668,9669,True,0.5380710659898477,2167
ORCL,b_20_80|none|death_cross,2024-07-31,2024-08-01,2024-08-02,2024-08-05,136.29417467290781,125.13936181011289,-0.08184365098189517,2,9674,9676,True,0.5397045244690674,2166
ORCL,b_20_80|none|death_cross,2024-08-09,2024-08-12,2024-08-23,2024-08-26,129.40556570020382,136.39201840211118,0.05398881156389357,10,9681,9691,True,0.5551436515291936,2158
ORCL,b_20_80|none|death_cross,2024-08-30,2024-09-03,2024-09-03,2024-09-04,137.42921356420703,135.46243369128047,-0.014311221187391032,1,9696,9697,True,0.5380710659898477,2167
ORCL,b_20_80|none|death_cross,2024-09-04,2024-09-05,2024-09-09,2024-09-10,138.35878827848651,150.91282425216664,0.09073537091414496,3,9698,9701,True,0.5399538106235566,2165
ORCL,b_20_80|none|death_cross,2024-09-10,2024-09-11,2024-09-20,2024-09-23,153.40797136302902,163.63322119188746,0.06665396679199365,8,9702,9710,True,0.5537037037037037,2160
ORCL,b_20_80|none|death_cross,2024-09-30,2024-10-01,2024-10-02,2024-10-03,166.55892647951003,163.30053276539653,-0.019563008617940136,2,9716,9718,True,0.5397045244690674,2166
ORCL,b_20_80|none|death_cross,2024-10-04,2024-10-07,2024-10-15,2024-10-16,166.75463428751252,170.15011594042707,0.020362142662015525,7,9720,9727,True,0.5529847292919945,2161
ORCL,b_20_80|none|death_cross,2024-11-05,2024-11-06,2024-11-15,2024-11-18,175.07317761135513,180.74159908701915,0.03237744098212092,8,9742,9750,True,0.5537037037037037,2160
ORCL,b_20_80|none|death_cross,2024-11-20,2024-11-21,2024-11-22,2024-11-25,188.23406999126928,190.7446530725814,0.01333755935590486,2,9753,9755,True,0.5397045244690674,2166
ORCL,b_20_80|none|death_cross,2024-12-05,2024-12-06,2024-12-10,2024-12-11,183.38945764076152,174.56323096695078,-0.0481283209370752,3,9763,9766,True,0.5399538106235566,2165
ORCL,b_20_80|none|death_cross,2025-01-15,2025-01-16,2025-01-27,2025-01-28,157.443901047439,160.23592293924344,0.017733439486888658,7,9789,9796,True,0.5529847292919945,2161
ORCL,b_20_80|none|death_cross,2025-02-05,2025-02-06,2025-02-13,2025-02-14,170.07677016554922,171.30565399189572,0.007225465448046364,6,9803,9809,True,0.5536540240518039,2162
ORCL,b_20_80|none|death_cross,2025-02-18,2025-02-19,2025-02-20,2025-02-21,175.56248025543985,173.14405359572845,-0.013775304701737157,2,9811,9813,True,0.5397045244690674,2166
ORCL,b_20_80|none|death_cross,2025-03-12,2025-03-13,2025-03-26,2025-03-27,147.2589460489723,143.38553581573024,-0.026303395054545042,10,9827,9837,True,0.5551436515291936,2158
ORCL,b_20_80|none|death_cross,2025-04-09,2025-04-10,2025-04-21,2025-04-22,134.82355345003447,122.8359764093169,-0.08891307738124676,7,9847,9854,True,0.5529847292919945,2161
ORCL,b_20_80|none|death_cross,2025-04-23,2025-04-24,2025-05-06,2025-05-07,130.73890200275676,145.5285642865257,0.11312365376494493,9,9856,9865,True,0.5585919407132932,2159
ORCL,b_20_80|none|death_cross,2025-05-28,2025-05-29,2025-06-11,2025-06-12,162.79467073892445,187.42104770475223,0.1512726236924633,10,9880,9890,True,0.5551436515291936,2158
ORCL,b_20_80|none|death_cross,2025-07-02,2025-07-03,2025-07-11,2025-07-14,230.10286443003844,226.86427993600736,-0.014074507512338075,6,9904,9910,True,0.5536540240518039,2162
ORCL,b_20_80|none|death_cross,2025-07-16,2025-07-17,2025-07-21,2025-07-22,240.59775522097607,239.25308023309304,-0.00558889249256711,3,9913,9916,True,0.5399538106235566,2165
ORCL,b_20_80|none|death_cross,2025-07-28,2025-07-29,2025-08-01,2025-08-04,245.89732870882304,243.12888392325146,-0.011258539489258923,4,9921,9925,True,0.5388170055452866,2164
ORCL,b_20_80|none|death_cross,2025-08-06,2025-08-07,2025-08-07,2025-08-08,254.80580702838208,247.21235311830205,-0.029800945271369783,1,9928,9929,True,0.5380710659898477,2167
ORCL,b_20_80|none|death_cross,2025-08-27,2025-08-28,2025-08-29,2025-09-02,232.88565388346123,219.49821774230745,-0.057485018582780656,2,9943,9945,True,0.5397045244690674,2166
ORCL,b_20_80|none|death_cross,2025-09-05,2025-09-08,2025-09-18,2025-09-19,237.1866249998512,295.6304682805937,0.24640446433595975,9,9949,9958,True,0.5585919407132932,2159
ORCL,b_20_80|none|death_cross,2025-09-22,2025-09-23,2025-09-23,2025-09-24,320.3488022314406,308.3455961764004,-0.03746917725750776,1,9960,9961,True,0.5380710659898477,2167
ORCL,b_20_80|none|death_cross,2025-10-06,2025-10-07,2025-10-17,2025-10-20,289.91564821956524,286.1895264812807,-0.012852434013712055,9,9970,9979,True,0.5585919407132932,2159
ORCL,b_20_80|none|death_cross,2025-12-22,2025-12-23,2026-01-05,2026-01-06,194.5534143210902,190.7203986970888,-0.019701610672714365,8,10024,10032,True,0.5537037037037037,2160
ORCL,b_20_80|none|death_cross,2026-01-09,2026-01-12,2026-01-15,2026-01-16,196.22959779537723,188.59293085526497,-0.03891699838306539,4,10036,10040,True,0.5388170055452866,2164
ORCL,b_20_80|none|death_cross,2026-02-09,2026-02-10,2026-02-20,2026-02-23,158.89035039291215,144.67959957883056,-0.08943746916625539,8,10056,10064,True,0.5537037037037037,2160
ORCL,b_20_80|none|death_cross,2026-03-02,2026-03-03,2026-03-10,2026-03-11,143.74612724116352,165.22610910561966,0.14942998657917972,6,10070,10076,True,0.5536540240518039,2162
ORCL,b_20_80|none|death_cross,2026-03-11,2026-03-12,2026-03-13,2026-03-16,163.5180545517503,154.97767785219324,-0.0522289524723657,2,10077,10079,True,0.5397045244690674,2166
ORCL,b_20_80|none|death_cross,2026-03-31,2026-04-01,2026-04-09,2026-04-10,148.05602423130335,136.84393229395891,-0.07572871144931015,6,10091,10097,True,0.5536540240518039,2162
ORCL,b_20_80|none|death_cross,2026-04-13,2026-04-14,2026-04-24,2026-04-27,167.34779149353895,171.98167938805025,0.027690164615588708,9,10099,10108,True,0.5585919407132932,2159
ORCL,b_20_80|none|death_cross,2026-05-04,2026-05-05,2026-05-13,2026-05-14,181.49857498114957,187.5275901989538,0.03321797550438288,7,10114,10121,True,0.5529847292919945,2161
ORCL,b_20_80|none|death_cross,2026-05-14,2026-05-15,2026-05-15,2026-05-18,189.82958881387833,189.34128982843612,-0.0025723017601906317,1,10122,10123,True,0.5380710659898477,2167
ORCL,b_20_80|none|death_cross,2026-05-26,2026-05-27,2026-06-05,2026-06-08,190.81615991336366,216.99508154036687,0.1371944684291373,8,10129,10137,True,0.5537037037037037,2160
PLTR,b_20_80|none|death_cross,2021-08-03,2021-08-04,2021-08-06,2021-08-09,22.200000762939453,21.850000381469727,-0.01576578240726978,3,212,215,True,0.5502354788069074,1274
PLTR,b_20_80|none|death_cross,2021-08-09,2021-08-10,2021-08-11,2021-08-12,23.010000228881836,24.450000762939453,0.06258150889760317,2,216,218,True,0.523921568627451,1275
PLTR,b_20_80|none|death_cross,2021-08-12,2021-08-13,2021-08-17,2021-08-18,25.0,24.06999969482422,-0.037200012207031286,3,219,222,True,0.5502354788069074,1274
PLTR,b_20_80|none|death_cross,2021-08-18,2021-08-19,2021-08-19,2021-08-20,25.010000228881836,24.219999313354492,-0.03158740137135396,1,223,224,True,0.5054858934169278,1276
PLTR,b_20_80|none|death_cross,2021-08-27,2021-08-30,2021-09-08,2021-09-09,25.739999771118164,25.389999389648438,-0.013597528538537462,7,230,237,True,0.5496062992125984,1270
PLTR,b_20_80|none|death_cross,2021-09-15,2021-09-16,2021-09-20,2021-09-21,27.200000762939453,26.889999389648438,-0.011397108992489358,3,242,245,True,0.5502354788069074,1274
PLTR,b_20_80|none|death_cross,2021-09-23,2021-09-24,2021-09-27,2021-09-28,28.270000457763672,27.020000457763672,-0.04421648318922178,2,248,250,True,0.523921568627451,1275
PLTR,b_20_80|none|death_cross,2021-10-29,2021-11-01,2021-11-05,2021-11-08,26.110000610351562,26.25,0.005361906793404314,5,274,279,True,0.5440251572327044,1272
PLTR,b_20_80|none|death_cross,2021-11-08,2021-11-09,2021-11-09,2021-11-10,25.899999618530273,23.600000381469727,-0.0888030606539083,1,280,281,True,0.5054858934169278,1276
PLTR,b_20_80|none|death_cross,2021-12-15,2021-12-16,2021-12-16,2021-12-17,18.959999084472656,18.030000686645508,-0.049050550777123836,1,306,307,True,0.5054858934169278,1276
PLTR,b_20_80|none|death_cross,2021-12-17,2021-12-20,2021-12-20,2021-12-21,18.59000015258789,18.15999984741211,-0.023130731664675164,1,308,309,True,0.5054858934169278,1276
PLTR,b_20_80|none|death_cross,2021-12-21,2021-12-22,2021-12-29,2021-12-30,18.649999618530273,18.100000381469727,-0.029490576316906658,5,310,315,True,0.5440251572327044,1272
PLTR,b_20_80|none|death_cross,2022-01-11,2022-01-12,2022-01-13,2022-01-14,17.15999984741211,15.9399995803833,-0.07109558728887733,2,324,326,True,0.523921568627451,1275
PLTR,b_20_80|none|death_cross,2022-02-28,2022-03-01,2022-03-11,2022-03-14,11.989999771118164,11.170000076293945,-0.06839030112406308,9,356,365,True,0.557570977917981,1268
PLTR,b_20_80|none|death_cross,2022-03-16,2022-03-17,2022-03-31,2022-04-01,11.720000267028809,13.770000457763672,0.17491468805696275,11,368,379,True,0.556872037914692,1266
PLTR,b_20_80|none|death_cross,2022-04-19,2022-04-20,2022-04-22,2022-04-25,13.079999923706055,11.829999923706055,-0.09556574979289667,3,391,394,True,0.5502354788069074,1274
PLTR,b_20_80|none|death_cross,2022-06-21,2022-06-22,2022-06-30,2022-07-01,8.520000457763672,9.109999656677246,0.06924872854624664,7,434,441,True,0.5496062992125984,1270
PLTR,b_20_80|none|death_cross,2022-07-05,2022-07-06,2022-07-11,2022-07-12,10.010000228881836,9.65999984741211,-0.03496507227441126,4,443,447,True,0.5396700706991359,1273
PLTR,b_20_80|none|death_cross,2022-07-20,2022-07-21,2022-07-26,2022-07-27,10.369999885559082,9.670000076293945,-0.06750239315237927,4,454,458,True,0.5396700706991359,1273
PLTR,b_20_80|none|death_cross,2022-07-27,2022-07-28,2022-08-08,2022-08-09,10.029999732971191,9.539999961853027,-0.04885341816185784,8,459,467,True,0.5500394011032309,1269
PLTR,b_20_80|none|death_cross,2022-09-28,2022-09-29,2022-10-07,2022-10-10,8.050000190734863,8.170000076293945,0.01490681772867486,7,503,510,True,0.5496062992125984,1270
PLTR,b_20_80|none|death_cross,2022-10-19,2022-10-20,2022-11-01,2022-11-02,7.730000019073486,8.699999809265137,0.12548509544608177,9,518,527,True,0.557570977917981,1268
PLTR,b_20_80|none|death_cross,2022-11-11,2022-11-14,2022-11-18,2022-11-21,8.180000305175781,7.309999942779541,-0.10635700854995811,5,535,540,True,0.5440251572327044,1272
PLTR,b_20_80|none|death_cross,2022-11-30,2022-12-01,2022-12-06,2022-12-07,7.510000228881836,7.079999923706055,-0.05725702956999834,4,547,551,True,0.5396700706991359,1273
PLTR,b_20_80|none|death_cross,2022-12-13,2022-12-14,2022-12-15,2022-12-16,7.5,7.019999980926514,-0.06400000254313154,2,556,558,True,0.523921568627451,1275
PLTR,b_20_80|none|death_cross,2022-12-29,2022-12-30,2023-01-18,2023-01-19,6.190000057220459,6.800000190734863,0.09854606266164034,12,567,579,True,0.5588932806324111,1265
PLTR,b_20_80|none|death_cross,2023-01-23,2023-01-24,2023-01-24,2023-01-25,7.0,6.920000076293945,-0.011428560529436416,1,582,583,True,0.5054858934169278,1276
PLTR,b_20_80|none|death_cross,2023-01-27,2023-01-30,2023-01-30,2023-01-31,7.5,7.409999847412109,-0.012000020345052098,1,586,587,True,0.5054858934169278,1276
PLTR,b_20_80|none|death_cross,2023-02-14,2023-02-15,2023-02-21,2023-02-22,9.15999984741211,8.479999542236328,-0.07423584241302095,4,598,602,True,0.5396700706991359,1273
PLTR,b_20_80|none|death_cross,2023-03-03,2023-03-06,2023-03-09,2023-03-10,8.34000015258789,7.590000152587891,-0.08992805590864117,4,610,614,True,0.5396700706991359,1273
PLTR,b_20_80|none|death_cross,2023-03-14,2023-03-15,2023-03-27,2023-03-28,7.809999942779541,8.0600004196167,0.032010304567068104,9,617,626,True,0.557570977917981,1268
PLTR,b_20_80|none|death_cross,2023-03-31,2023-04-03,2023-04-05,2023-04-06,8.369999885559082,7.880000114440918,-0.05854238683605839,3,630,633,True,0.5502354788069074,1274
PLTR,b_20_80|none|death_cross,2023-04-10,2023-04-11,2023-04-19,2023-04-20,8.350000381469727,8.289999961853027,-0.007185678667734119,7,635,642,True,0.5496062992125984,1270
PLTR,b_20_80|none|death_cross,2023-05-08,2023-05-09,2023-05-24,2023-05-25,9.220000267028809,13.180000305175781,0.4295010762969427,12,655,667,True,0.5588932806324111,1265
PLTR,b_20_80|none|death_cross,2023-06-15,2023-06-16,2023-06-20,2023-06-21,16.8700008392334,15.65999984741211,-0.07172501076628712,2,682,684,True,0.523921568627451,1275
PLTR,b_20_80|none|death_cross,2023-06-28,2023-06-29,2023-07-14,2023-07-17,15.399999618530273,16.420000076293945,0.06623379759934167,11,690,701,True,0.556872037914692,1266
PLTR,b_20_80|none|death_cross,2023-07-31,2023-08-01,2023-08-07,2023-08-08,19.459999084472656,17.489999771118164,-0.10123326855273984,5,712,717,True,0.5440251572327044,1272
PLTR,b_20_80|none|death_cross,2023-09-11,2023-09-12,2023-09-19,2023-09-20,15.460000038146973,15.25,-0.013583443572367737,6,741,747,True,0.5373721479150275,1271
PLTR,b_20_80|none|death_cross,2023-09-27,2023-09-28,2023-10-16,2023-10-17,15.140000343322754,17.0,0.12285334309768148,13,753,766,True,0.5545886075949367,1264
PLTR,b_20_80|none|death_cross,2023-11-02,2023-11-03,2023-11-16,2023-11-17,18.020000457763672,19.68000030517578,0.09211985600682504,10,779,789,True,0.5524861878453039,1267
PLTR,b_20_80|none|death_cross,2023-12-01,2023-12-04,2023-12-04,2023-12-05,19.75,18.25,-0.07594936708860756,1,799,800,True,0.5054858934169278,1276
PLTR,b_20_80|none|death_cross,2024-01-08,2024-01-09,2024-01-24,2024-01-25,16.510000228881836,16.920000076293945,0.024833424695832162,11,823,834,True,0.556872037914692,1266
PLTR,b_20_80|none|death_cross,2024-02-02,2024-02-05,2024-02-20,2024-02-21,17.559999465942383,22.299999237060547,0.26993165804539987,11,841,852,True,0.556872037914692,1266
PLTR,b_20_80|none|death_cross,2024-02-28,2024-02-29,2024-03-05,2024-03-06,24.809999465942383,25.75,0.03788797074937422,4,858,862,True,0.5396700706991359,1273
PLTR,b_20_80|none|death_cross,2024-03-06,2024-03-07,2024-03-11,2024-03-12,27.010000228881836,25.56999969482422,-0.05331360688097375,3,863,866,True,0.5502354788069074,1274
PLTR,b_20_80|none|death_cross,2024-03-21,2024-03-22,2024-03-28,2024-04-01,24.200000762939453,22.979999542236328,-0.0504132719934236,5,874,879,True,0.5440251572327044,1272
PLTR,b_20_80|none|death_cross,2024-04-11,2024-04-12,2024-04-15,2024-04-16,22.700000762939453,21.59000015258789,-0.0488987036583618,2,888,890,True,0.523921568627451,1275
PLTR,b_20_80|none|death_cross,2024-04-23,2024-04-24,2024-05-07,2024-05-08,22.049999237060547,21.579999923706055,-0.021315162340892035,10,896,906,True,0.5524861878453039,1267
PLTR,b_20_80|none|death_cross,2024-05-17,2024-05-20,2024-05-23,2024-05-24,21.770000457763672,20.719999313354492,-0.04823156280801666,4,914,918,True,0.5396700706991359,1273
PLTR,b_20_80|none|death_cross,2024-05-30,2024-05-31,2024-06-13,2024-06-14,21.790000915527344,23.149999618530273,0.062413889208871476,10,922,932,True,0.5524861878453039,1267
PLTR,b_20_80|none|death_cross,2024-07-01,2024-07-02,2024-07-17,2024-07-18,25.84000015258789,28.420000076293945,0.09984519769624178,11,943,954,True,0.556872037914692,1266
PLTR,b_20_80|none|death_cross,2024-08-06,2024-08-07,2024-08-22,2024-08-23,27.06999969482422,31.989999771118164,0.18175102075212246,12,968,980,True,0.5588932806324111,1265
PLTR,b_20_80|none|death_cross,2024-09-09,2024-09-10,2024-09-24,2024-09-25,34.810001373291016,36.88999938964844,0.05975288521399946,11,991,1002,True,0.556872037914692,1266
PLTR,b_20_80|none|death_cross,2024-10-03,2024-10-04,2024-10-15,2024-10-16,39.650001525878906,42.400001525878906,0.06935686996645174,8,1009,1017,True,0.5500394011032309,1269
PLTR,b_20_80|none|death_cross,2024-10-24,2024-10-25,2024-10-30,2024-10-31,43.849998474121094,42.790000915527344,-0.024173263294851144,4,1024,1028,True,0.5396700706991359,1273
PLTR,b_20_80|none|death_cross,2024-11-05,2024-11-06,2024-11-18,2024-11-19,53.439998626708984,59.5099983215332,0.11358532654958697,9,1032,1041,True,0.557570977917981,1268
PLTR,b_20_80|none|death_cross,2024-11-27,2024-11-29,2024-12-09,2024-12-10,65.88999938964844,71.98999786376953,0.0925785176904923,7,1048,1055,True,0.5496062992125984,1270
PLTR,b_20_80|none|death_cross,2024-12-20,2024-12-23,2024-12-30,2024-12-31,80.6500015258789,77.58000183105469,-0.038065711552889625,5,1064,1069,True,0.5440251572327044,1272
PLTR,b_20_80|none|death_cross,2025-01-16,2025-01-17,2025-02-19,2025-02-20,70.9000015258789,102.91000366210938,0.45148097951093313,22,1080,1102,True,0.5729083665338646,1255
PLTR,b_20_80|none|death_cross,2025-03-05,2025-03-06,2025-03-06,2025-03-07,87.50499725341797,80.0250015258789,-0.08548078352458766,1,1112,1113,True,0.5054858934169278,1276
PLTR,b_20_80|none|death_cross,2025-03-07,2025-03-10,2025-03-10,2025-03-11,82.0,75.78500366210938,-0.07579263826695881,1,1114,1115,True,0.5054858934169278,1276
PLTR,b_20_80|none|death_cross,2025-03-12,2025-03-13,2025-03-27,2025-03-28,82.84500122070312,89.33999633789062,0.07839936051041296,11,1117,1128,True,0.556872037914692,1266
PLTR,b_20_80|none|death_cross,2025-04-09,2025-04-10,2025-05-06,2025-05-07,88.4000015258789,107.97000122070312,0.22138008322426495,18,1137,1155,True,0.5655281969817315,1259
PLTR,b_20_80|none|death_cross,2025-05-13,2025-05-14,2025-05-20,2025-05-21,129.00999450683594,125.16000366210938,-0.029842578161822675,5,1160,1165,True,0.5440251572327044,1272
PLTR,b_20_80|none|death_cross,2025-05-30,2025-06-02,2025-06-05,2025-06-06,131.43499755859375,123.7300033569336,-0.05862208958633919,4,1172,1176,True,0.5396700706991359,1273
PLTR,b_20_80|none|death_cross,2025-06-09,2025-06-10,2025-06-20,2025-06-23,131.02000427246094,138.89999389648438,0.06014340838851373,8,1178,1186,True,0.5500394011032309,1269
PLTR,b_20_80|none|death_cross,2025-06-24,2025-06-25,2025-06-25,2025-06-26,144.49000549316406,144.85000610351562,0.002491526034086755,1,1188,1189,True,0.5054858934169278,1276
PLTR,b_20_80|none|death_cross,2025-07-08,2025-07-09,2025-07-22,2025-07-23,139.65499877929688,149.74000549316406,0.07221371810546495,10,1197,1207,True,0.5524861878453039,1267
PLTR,b_20_80|none|death_cross,2025-08-28,2025-08-29,2025-09-05,2025-09-08,156.97999572753906,154.91000366210938,-0.013186342984888633,5,1234,1239,True,0.5440251572327044,1272
PLTR,b_20_80|none|death_cross,2025-09-08,2025-09-09,2025-09-22,2025-09-23,157.25,182.50999450683594,0.16063589511501397,10,1240,1250,True,0.5524861878453039,1267
PLTR,b_20_80|none|death_cross,2025-10-09,2025-10-10,2025-10-10,2025-10-13,185.1699981689453,178.67999267578125,-0.035048904019768456,1,1263,1264,True,0.5054858934169278,1276
PLTR,b_20_80|none|death_cross,2025-10-20,2025-10-21,2025-10-22,2025-10-23,182.05999755859375,175.44500732421875,-0.036334122394163226,2,1270,1272,True,0.523921568627451,1275
PLTR,b_20_80|none|death_cross,2025-10-23,2025-10-24,2025-11-04,2025-11-05,182.8800048828125,189.0,0.033464539336102606,8,1273,1281,True,0.5500394011032309,1269
PLTR,b_20_80|none|death_cross,2025-11-24,2025-11-25,2025-12-12,2025-12-15,160.07000732421875,185.0800018310547,0.1562441017209344,13,1295,1308,True,0.5545886075949367,1264
PLTR,b_20_80|none|death_cross,2025-12-19,2025-12-22,2025-12-26,2025-12-29,195.0399932861328,186.85000610351562,-0.04199132211106105,4,1313,1317,True,0.5396700706991359,1273
PLTR,b_20_80|none|death_cross,2026-01-07,2026-01-08,2026-01-15,2026-01-16,185.61500549316406,179.36000061035156,-0.033698810428572035,6,1324,1330,True,0.5373721479150275,1271
PLTR,b_20_80|none|death_cross,2026-02-03,2026-02-04,2026-02-05,2026-02-06,155.41000366210938,135.3300018310547,-0.12920662349839718,2,1342,1344,True,0.523921568627451,1275
PLTR,b_20_80|none|death_cross,2026-02-09,2026-02-10,2026-02-12,2026-02-13,144.96499633789062,127.9000015258789,-0.11771803706486428,3,1346,1349,True,0.5502354788069074,1274
PLTR,b_20_80|none|death_cross,2026-02-18,2026-02-19,2026-02-24,2026-02-25,132.30999755859375,130.61000061035156,-0.012848590277460659,4,1352,1356,True,0.5396700706991359,1273
PLTR,b_20_80|none|death_cross,2026-02-25,2026-02-26,2026-03-10,2026-03-11,133.84500122070312,151.3800048828125,0.1310097762500304,9,1357,1366,True,0.557570977917981,1268
PLTR,b_20_80|none|death_cross,2026-03-23,2026-03-24,2026-03-25,2026-03-26,160.07000732421875,153.05499267578125,-0.04382466625511372,2,1375,1377,True,0.523921568627451,1275
PLTR,b_20_80|none|death_cross,2026-04-02,2026-04-06,2026-04-08,2026-04-09,148.36000061035156,139.39500427246094,-0.060427313972827745,3,1383,1386,True,0.5502354788069074,1274
PLTR,b_20_80|none|death_cross,2026-04-14,2026-04-15,2026-04-24,2026-04-27,136.7899932861328,141.25,0.03260477324929667,8,1390,1398,True,0.5500394011032309,1269
PLTR,b_20_80|none|death_cross,2026-05-04,2026-05-05,2026-05-05,2026-05-06,140.2949981689453,133.7100067138672,-0.0469367514239416,1,1404,1405,True,0.5054858934169278,1276
PLTR,b_20_80|none|death_cross,2026-05-15,2026-05-18,2026-05-27,2026-05-28,132.5,133.16000366210938,0.004981159714033012,7,1413,1420,True,0.5496062992125984,1270
PLTR,b_20_80|none|death_cross,2026-05-28,2026-05-29,2026-06-03,2026-06-04,147.8249969482422,145.4600067138672,-0.015998581317089755,4,1421,1425,True,0.5396700706991359,1273
PLTR,b_20_80|none|death_cross,2026-06-16,2026-06-17,2026-06-22,2026-06-23,131.75999450683594,120.1500015258789,-0.08811470450049752,3,1434,1437,True,0.5502354788069074,1274
PLTR,b_20_80|none|death_cross,2026-07-14,2026-07-15,2026-07-17,2026-07-20,134.33999633789062,131.8800048828125,-0.0183116832078124,3,1452,1455,True,0.5502354788069074,1274
PLTR,b_20_80|none|death_cross,2026-07-20,2026-07-21,2026-07-22,2026-07-23,133.8300018310547,125.93499755859375,-0.05899278311620659,2,1456,1458,True,0.523921568627451,1275
PLTR,b_20_80|none|death_cross,2026-08-03,2026-08-04,2026-08-17,2026-08-18,145.14500427246094,171.97000122070312,0.18481515834942064,10,1466,1476,True,0.5524861878453039,1267
TSLA,b_20_80|none|death_cross,2018-01-04,2018-01-05,2018-01-23,2018-01-24,21.107999801635742,23.6386661529541,0.11989133859676504,12,1894,1906,True,0.5301484230055659,2156
TSLA,b_20_80|none|death_cross,2018-01-31,2018-02-01,2018-02-02,2018-02-05,23.399999618530273,22.531333923339844,-0.037122466211603755,2,1912,1914,True,0.5267774699907664,2166
TSLA,b_20_80|none|death_cross,2018-02-13,2018-02-14,2018-02-28,2018-03-01,21.389333724975586,23.000667572021484,0.07533352220150746,10,1921,1931,True,0.5301204819277109,2158
TSLA,b_20_80|none|death_cross,2018-03-12,2018-03-13,2018-03-15,2018-03-16,21.907333374023438,21.528667449951172,-0.017284893492389486,3,1939,1942,True,0.5224018475750577,2165
TSLA,b_20_80|none|death_cross,2018-04-27,2018-04-30,2018-05-14,2018-05-15,19.573999404907227,19.000667572021484,-0.02929047973415222,11,1972,1983,True,0.5317570700046361,2157
TSLA,b_20_80|none|death_cross,2018-05-29,2018-05-30,2018-06-19,2018-06-20,18.88599967956543,23.869333267211914,0.2638639030073917,15,1993,2008,True,0.5234556432884347,2153
TSLA,b_20_80|none|death_cross,2018-07-10,2018-07-11,2018-07-23,2018-07-24,21.053333282470703,20.294666290283203,-0.036035481033265926,9,2022,2031,True,0.5303381194997684,2159
TSLA,b_20_80|none|death_cross,2018-08-02,2018-08-03,2018-08-13,2018-08-14,23.187332153320312,23.89666748046875,0.030591502397004477,7,2039,2046,True,0.5266080518278575,2161
TSLA,b_20_80|none|death_cross,2018-08-22,2018-08-23,2018-08-30,2018-08-31,21.275999069213867,20.133333206176758,-0.05370680170270048,6,2053,2059,True,0.5175763182238667,2162
TSLA,b_20_80|none|death_cross,2018-09-10,2018-09-11,2018-09-28,2018-10-01,18.631332397460938,20.384666442871094,0.09410674491799087,14,2065,2079,True,0.5278551532033426,2154
TSLA,b_20_80|none|death_cross,2018-10-16,2018-10-17,2018-11-08,2018-11-09,18.82666778564453,23.266666412353516,0.2358356070899872,17,2091,2108,True,0.5313807531380753,2151
TSLA,b_20_80|none|death_cross,2018-11-16,2018-11-19,2018-11-20,2018-11-21,23.756000518798828,23.46666717529297,-0.012179379406769275,2,2114,2116,True,0.5267774699907664,2166
TSLA,b_20_80|none|death_cross,2018-11-28,2018-11-29,2018-11-29,2018-11-30,23.133333206176758,22.788667678833008,-0.014899086278311269,1,2121,2122,True,0.5080756806645131,2167
TSLA,b_20_80|none|death_cross,2018-11-30,2018-12-03,2018-12-14,2018-12-17,24.0,24.133333206176758,0.005555550257364983,9,2123,2132,True,0.5303381194997684,2159
TSLA,b_20_80|none|death_cross,2018-12-28,2018-12-31,2019-01-03,2019-01-04,22.519332885742188,20.399999618530273,-0.09411172515477761,3,2141,2144,True,0.5224018475750577,2165
TSLA,b_20_80|none|death_cross,2019-01-04,2019-01-07,2019-01-18,2019-01-22,21.447999954223633,20.321332931518555,-0.05253016715356762,10,2145,2155,True,0.5301204819277109,2158
TSLA,b_20_80|none|death_cross,2019-01-31,2019-02-01,2019-02-08,2019-02-11,20.3613338470459,20.773332595825195,0.02023436931363265,6,2163,2169,True,0.5175763182238667,2162
TSLA,b_20_80|none|death_cross,2019-02-26,2019-02-27,2019-03-04,2019-03-05,20.118667602539062,18.799999237060547,-0.06554451773496639,4,2180,2184,True,0.5244916820702403,2164
TSLA,b_20_80|none|death_cross,2019-03-11,2019-03-12,2019-03-18,2019-03-19,19.099332809448242,17.833332061767578,-0.06628507709203257,5,2189,2194,True,0.521497919556172,2163
TSLA,b_20_80|none|death_cross,2019-03-27,2019-03-28,2019-04-04,2019-04-05,18.477333068847656,17.99066734313965,-0.026338526447223898,6,2201,2207,True,0.5175763182238667,2162
TSLA,b_20_80|none|death_cross,2019-04-16,2019-04-17,2019-04-22,2019-04-23,18.316667556762695,17.343332290649414,-0.05313932040841762,3,2215,2218,True,0.5224018475750577,2165
TSLA,b_20_80|none|death_cross,2019-05-02,2019-05-03,2019-05-10,2019-05-13,16.257333755493164,15.46733283996582,-0.04859351031410131,6,2226,2232,True,0.5175763182238667,2162
TSLA,b_20_80|none|death_cross,2019-06-04,2019-06-05,2019-06-19,2019-06-20,13.245332717895508,14.866666793823242,0.12240795384001046,11,2248,2259,True,0.5317570700046361,2157
TSLA,b_20_80|none|death_cross,2019-07-01,2019-07-02,2019-07-09,2019-07-10,15.259332656860352,15.609999656677246,0.022980493819907633,5,2267,2272,True,0.521497919556172,2163
TSLA,b_20_80|none|death_cross,2019-07-10,2019-07-11,2019-07-22,2019-07-23,15.87600040435791,17.11400032043457,0.07797933261181034,8,2273,2281,True,0.5328703703703703,2160
TSLA,b_20_80|none|death_cross,2019-08-07,2019-08-08,2019-08-12,2019-08-13,15.630000114440918,15.253999710083008,-0.024056327677855482,3,2293,2296,True,0.5224018475750577,2165
TSLA,b_20_80|none|death_cross,2019-08-13,2019-08-14,2019-08-14,2019-08-15,15.413999557495117,14.723999977111816,-0.04476447386738025,1,2297,2298,True,0.5080756806645131,2167
TSLA,b_20_80|none|death_cross,2019-08-19,2019-08-20,2019-08-23,2019-08-26,15.174667358398438,14.239999771118164,-0.06159394240447591,4,2301,2305,True,0.5244916820702403,2164
TSLA,b_20_80|none|death_cross,2019-08-29,2019-08-30,2019-09-16,2019-09-17,15.276666641235352,16.1646671295166,0.0581278959039615,11,2309,2320,True,0.5317570700046361,2157
TSLA,b_20_80|none|death_cross,2019-09-26,2019-09-27,2019-10-03,2019-10-04,16.14666748046875,15.440667152404785,-0.0437242129942883,5,2328,2333,True,0.521497919556172,2163
TSLA,b_20_80|none|death_cross,2019-10-09,2019-10-10,2019-10-18,2019-10-21,16.351999282836914,17.222000122070312,0.053204554634891155,7,2337,2344,True,0.5266080518278575,2161
TSLA,b_20_80|none|death_cross,2019-10-25,2019-10-28,2019-10-30,2019-10-31,21.836000442504883,20.873332977294922,-0.04408625415376344,3,2349,2352,True,0.5224018475750577,2165
TSLA,b_20_80|none|death_cross,2019-11-07,2019-11-08,2019-11-20,2019-11-21,22.299999237060547,23.634000778198242,0.059820698958621854,9,2358,2367,True,0.5303381194997684,2159
TSLA,b_20_80|none|death_cross,2019-12-06,2019-12-09,2019-12-30,2019-12-31,22.439332962036133,27.0,0.20324432306788287,15,2378,2393,True,0.5234556432884347,2153
TSLA,b_20_80|none|death_cross,2020-01-29,2020-01-30,2020-02-05,2020-02-06,42.16133117675781,46.66133117675781,0.1067328728576935,5,2413,2418,True,0.521497919556172,2163
TSLA,b_20_80|none|death_cross,2020-02-18,2020-02-19,2020-02-24,2020-02-25,61.56666564941406,56.599998474121094,-0.08067136855478285,4,2426,2430,True,0.5244916820702403,2164
TSLA,b_20_80|none|death_cross,2020-03-04,2020-03-05,2020-03-09,2020-03-10,48.2513313293457,43.96200180053711,-0.08889556848765934,3,2437,2440,True,0.5224018475750577,2165
TSLA,b_20_80|none|death_cross,2020-04-07,2020-04-08,2020-04-21,2020-04-22,36.9466667175293,46.93199920654297,0.2702634195759843,9,2461,2470,True,0.5303381194997684,2159
TSLA,b_20_80|none|death_cross,2020-04-27,2020-04-28,2020-04-28,2020-04-29,53.042667388916016,52.678001403808594,-0.006874955635877811,1,2474,2475,True,0.5080756806645131,2167
TSLA,b_20_80|none|death_cross,2020-05-08,2020-05-11,2020-05-15,2020-05-18,52.70066833496094,55.185333251953125,0.047146743969163074,5,2483,2488,True,0.521497919556172,2163
TSLA,b_20_80|none|death_cross,2020-05-20,2020-05-21,2020-05-28,2020-05-29,54.400001525878906,53.91666793823242,-0.0088848083472306,5,2491,2496,True,0.521497919556172,2163
TSLA,b_20_80|none|death_cross,2020-05-29,2020-06-01,2020-06-04,2020-06-05,57.20000076293945,58.522666931152344,0.023123534100892185,4,2497,2501,True,0.5244916820702403,2164
TSLA,b_20_80|none|death_cross,2020-06-05,2020-06-08,2020-06-11,2020-06-12,61.266666412353516,65.33333587646484,0.0663765421271778,4,2502,2506,True,0.5244916820702403,2164
TSLA,b_20_80|none|death_cross,2020-06-18,2020-06-19,2020-06-22,2020-06-23,67.51866912841797,66.59200286865234,-0.013724593089996184,2,2511,2513,True,0.5267774699907664,2166
TSLA,b_20_80|none|death_cross,2020-06-23,2020-06-24,2020-06-24,2020-06-25,66.27400207519531,63.61800003051758,-0.040076077519269226,1,2514,2515,True,0.5080756806645131,2167
TSLA,b_20_80|none|death_cross,2020-06-30,2020-07-01,2020-07-13,2020-07-14,72.19999694824219,103.73332977294922,0.4367497805756453,8,2519,2527,True,0.5328703703703703,2160
TSLA,b_20_80|none|death_cross,2020-08-05,2020-08-06,2020-08-07,2020-08-10,99.38866424560547,96.53333282470703,-0.02872894451868724,2,2544,2546,True,0.5267774699907664,2166
TSLA,b_20_80|none|death_cross,2020-08-12,2020-08-13,2020-08-28,2020-08-31,107.4000015258789,148.20333862304688,0.3799193344269747,12,2549,2561,True,0.5301484230055659,2156
TSLA,b_20_80|none|death_cross,2020-09-15,2020-09-16,2020-09-23,2020-09-24,146.6233367919922,121.26667022705078,-0.17293745402148186,6,2572,2578,True,0.5175763182238667,2162
TSLA,b_20_80|none|death_cross,2020-09-29,2020-09-30,2020-10-07,2020-10-08,140.44000244140625,146.14666748046875,0.04063418498901994,6,2582,2588,True,0.5175763182238667,2162
TSLA,b_20_80|none|death_cross,2020-10-12,2020-10-13,2020-10-16,2020-10-19,147.78334045410156,148.74667358398438,0.006518550243368004,4,2591,2595,True,0.5244916820702403,2164
TSLA,b_20_80|none|death_cross,2020-11-02,2020-11-03,2020-11-11,2020-11-12,136.57666015625,138.35000610351562,0.012984253277513513,7,2606,2613,True,0.5266080518278575,2161
TSLA,b_20_80|none|death_cross,2020-11-17,2020-11-18,2020-12-02,2020-12-03,149.4499969482422,196.67333984375,0.3159808889916691,10,2617,2627,True,0.5301204819277109,2158
TSLA,b_20_80|none|death_cross,2020-12-30,2020-12-31,2021-01-11,2021-01-12,233.3300018310547,277.0,0.1871598072525842,7,2646,2653,True,0.5266080518278575,2161
TSLA,b_20_80|none|death_cross,2021-01-26,2021-01-27,2021-01-27,2021-01-28,290.1166687011719,273.3333435058594,-0.05785026165662954,1,2663,2664,True,0.5080756806645131,2167
TSLA,b_20_80|none|death_cross,2021-02-02,2021-02-03,2021-02-10,2021-02-11,292.3399963378906,270.8133239746094,-0.0736357413728651,6,2668,2674,True,0.5175763182238667,2162
TSLA,b_20_80|none|death_cross,2021-02-24,2021-02-25,2021-03-03,2021-03-04,242.0500030517578,218.60000610351562,-0.09688079592061749,5,2683,2688,True,0.521497919556172,2163
TSLA,b_20_80|none|death_cross,2021-03-09,2021-03-10,2021-03-19,2021-03-22,233.43333435058594,228.19667053222656,-0.022433230596340614,8,2692,2700,True,0.5328703703703703,2160
TSLA,b_20_80|none|death_cross,2021-03-31,2021-04-01,2021-04-15,2021-04-16,229.4566650390625,242.88333129882812,0.05851504142396502,10,2708,2718,True,0.5301204819277109,2158
TSLA,b_20_80|none|death_cross,2021-05-20,2021-05-21,2021-06-03,2021-06-04,198.70333862304688,193.23666381835938,-0.027511741083818153,9,2743,2752,True,0.5303381194997684,2159
TSLA,b_20_80|none|death_cross,2021-06-10,2021-06-11,2021-07-01,2021-07-02,203.41000366210938,226.32666015625,0.11266238671431417,15,2757,2772,True,0.5234556432884347,2153
TSLA,b_20_80|none|death_cross,2021-07-12,2021-07-13,2021-07-14,2021-07-15,228.77333068847656,219.4633331298828,-0.04069529228156099,2,2778,2780,True,0.5267774699907664,2166
TSLA,b_20_80|none|death_cross,2021-07-26,2021-07-27,2021-08-11,2021-08-12,221.13333129882812,235.44667053222656,0.06472719037572916,12,2788,2800,True,0.5301484230055659,2156
TSLA,b_20_80|none|death_cross,2021-08-12,2021-08-13,2021-08-13,2021-08-16,241.23666381835938,235.02333068847656,-0.025756172513483166,1,2801,2802,True,0.5080756806645131,2167
TSLA,b_20_80|none|death_cross,2021-08-23,2021-08-24,2021-09-10,2021-09-13,236.89332580566406,246.73666381835938,0.041551774323816515,13,2808,2821,True,0.531322505800464,2155
TSLA,b_20_80|none|death_cross,2021-09-16,2021-09-17,2021-09-20,2021-09-21,252.38333129882812,244.92999267578125,-0.02953181806694649,2,2825,2827,True,0.5267774699907664,2166
TSLA,b_20_80|none|death_cross,2021-09-23,2021-09-24,2021-09-30,2021-10-01,248.6300048828125,259.4666748046875,0.04358552752706846,5,2830,2835,True,0.521497919556172,2163
TSLA,b_20_80|none|death_cross,2021-10-12,2021-10-13,2021-10-26,2021-10-27,270.15667724609375,346.5533447265625,0.2827865232102953,10,2843,2853,True,0.5301204819277109,2158
TSLA,b_20_80|none|death_cross,2021-11-18,2021-11-19,2021-12-01,2021-12-02,366.2900085449219,366.35333251953125,0.00017287933913601172,8,2870,2878,True,0.5328703703703703,2160
TSLA,b_20_80|none|death_cross,2021-12-08,2021-12-09,2021-12-09,2021-12-10,353.5466613769531,336.25,-0.048923277367655116,1,2883,2884,True,0.5080756806645131,2167
TSLA,b_20_80|none|death_cross,2021-12-22,2021-12-23,2022-01-05,2022-01-06,335.6000061035156,359.0,0.06972584466898568,9,2893,2902,True,0.5303381194997684,2159
TSLA,b_20_80|none|death_cross,2022-01-26,2022-01-27,2022-01-27,2022-01-28,311.1199951171875,277.1866760253906,-0.10906826827062477,1,2916,2917,True,0.5080756806645131,2167
TSLA,b_20_80|none|death_cross,2022-01-31,2022-02-01,2022-02-11,2022-02-14,311.7366638183594,287.19000244140625,-0.07874165674415445,9,2919,2928,True,0.5303381194997684,2159
TSLA,b_20_80|none|death_cross,2022-02-15,2022-02-16,2022-02-17,2022-02-18,304.6833190917969,295.3333435058594,-0.030687520451753048,2,2930,2932,True,0.5267774699907664,2166
TSLA,b_20_80|none|death_cross,2022-02-25,2022-02-28,2022-03-10,2022-03-11,271.6700134277344,280.0666809082031,0.030907597693708322,9,2937,2946,True,0.5303381194997684,2159
TSLA,b_20_80|none|death_cross,2022-03-16,2022-03-17,2022-03-31,2022-04-01,276.9966735839844,360.3833312988281,0.30103848048399473,11,2950,2961,True,0.5317570700046361,2157
TSLA,b_20_80|none|death_cross,2022-04-19,2022-04-20,2022-04-20,2022-04-21,343.3333435058594,358.24334716796875,0.0434271938456654,1,2973,2974,True,0.5080756806645131,2167
TSLA,b_20_80|none|death_cross,2022-04-22,2022-04-25,2022-04-25,2022-04-26,326.3233337402344,331.80999755859375,0.016813581043907178,1,2976,2977,True,0.5080756806645131,2167
TSLA,b_20_80|none|death_cross,2022-05-02,2022-05-03,2022-05-09,2022-05-10,301.05999755859375,273.10333251953125,-0.09286077614353738,5,2982,2987,True,0.521497919556172,2163
TSLA,b_20_80|none|death_cross,2022-05-13,2022-05-16,2022-05-16,2022-05-17,255.72000122070312,249.1199951171875,-0.025809502862544464,1,2991,2992,True,0.5080756806645131,2167
TSLA,b_20_80|none|death_cross,2022-05-17,2022-05-18,2022-05-18,2022-05-19,248.17333984375,235.6666717529297,-0.05039488971174144,1,2993,2994,True,0.5080756806645131,2167
TSLA,b_20_80|none|death_cross,2022-05-23,2022-05-24,2022-05-24,2022-05-25,217.8433380126953,207.9499969482422,-0.04541493513047701,1,2997,2998,True,0.5080756806645131,2167
TSLA,b_20_80|none|death_cross,2022-05-26,2022-05-27,2022-06-07,2022-06-08,241.0833282470703,240.086669921875,-0.004134082321005206,7,3000,3007,True,0.5266080518278575,2161
TSLA,b_20_80|none|death_cross,2022-06-21,2022-06-22,2022-06-29,2022-06-30,234.50332641601562,224.50999450683594,-0.04261488338741615,6,3016,3022,True,0.5175763182238667,2162
TSLA,b_20_80|none|death_cross,2022-07-07,2022-07-08,2022-07-12,2022-07-13,242.3333282470703,225.5,-0.0694635293000554,3,3027,3030,True,0.5224018475750577,2165
TSLA,b_20_80|none|death_cross,2022-07-15,2022-07-18,2022-07-18,2022-07-19,244.93666076660156,245.0,0.0002585943370021493,1,3033,3034,True,0.5080756806645131,2167
TSLA,b_20_80|none|death_cross,2022-07-19,2022-07-20,2022-07-26,2022-07-27,246.78334045410156,263.80999755859375,0.06899435380508967,5,3035,3040,True,0.521497919556172,2163
TSLA,b_20_80|none|death_cross,2022-07-27,2022-07-28,2022-08-05,2022-08-08,280.0666809082031,295.0,0.05332058438144438,7,3041,3048,True,0.5266080518278575,2161
TSLA,b_20_80|none|death_cross,2022-08-15,2022-08-16,2022-08-19,2022-08-22,311.6666564941406,291.913330078125,-0.06337965901843912,4,3054,3058,True,0.5244916820702403,2164
TSLA,b_20_80|none|death_cross,2022-09-07,2022-09-08,2022-09-21,2022-09-22,281.29998779296875,299.8599853515625,0.06597937562746559,10,3070,3080,True,0.5301204819277109,2158
TSLA,b_20_80|none|death_cross,2022-11-15,2022-11-16,2022-11-17,2022-11-18,191.50999450683594,185.0500030517578,-0.033731876353051304,2,3119,3121,True,0.5267774699907664,2166
TSLA,b_20_80|none|death_cross,2022-11-23,2022-11-25,2022-12-06,2022-12-07,185.05999755859375,175.02999877929688,-0.05419863239823708,8,3125,3133,True,0.5328703703703703,2160
TSLA,b_20_80|none|death_cross,2023-03-14,2023-03-15,2023-03-28,2023-03-29,180.8000030517578,193.1300048828125,0.0681969116312735,10,3199,3209,True,0.5301204819277109,2158
TSLA,b_20_80|none|death_cross,2023-03-29,2023-03-30,2023-04-03,2023-04-04,195.5800018310547,197.32000732421875,0.008896643199068466,3,3210,3213,True,0.5224018475750577,2165
TSLA,b_20_80|none|death_cross,2023-04-17,2023-04-18,2023-04-20,2023-04-21,187.14999389648438,164.8000030517578,-0.11942287776449889,3,3222,3225,True,0.5224018475750577,2165
TSLA,b_20_80|none|death_cross,2023-04-28,2023-05-01,2023-05-12,2023-05-15,163.1699981689453,167.66000366210938,0.027517347205674003,10,3231,3241,True,0.5301204819277109,2158
TSLA,b_20_80|none|death_cross,2023-05-18,2023-05-19,2023-05-24,2023-05-25,177.1699981689453,186.5399932861328,0.0528870306148137,4,3245,3249,True,0.5244916820702403,2164
TSLA,b_20_80|none|death_cross,2023-05-26,2023-05-30,2023-06-09,2023-06-12,200.10000610351562,247.94000244140625,0.23908043417620917,9,3251,3260,True,0.5303381194997684,2159
TSLA,b_20_80|none|death_cross,2023-07-03,2023-07-05,2023-07-11,2023-07-12,278.82000732421875,276.3299865722656,-0.008930566984232446,5,3275,3280,True,0.521497919556172,2163
TSLA,b_20_80|none|death_cross,2023-07-13,2023-07-14,2023-07-20,2023-07-21,277.010009765625,268.0,-0.03252593569903217,5,3282,3287,True,0.521497919556172,2163
TSLA,b_20_80|none|death_cross,2023-08-03,2023-08-04,2023-08-04,2023-08-07,260.9700012207031,251.4499969482422,-0.03647930500797236,1,3297,3298,True,0.5080756806645131,2167
TSLA,b_20_80|none|death_cross,2023-08-07,2023-08-08,2023-08-09,2023-08-10,247.4499969482422,245.39999389648438,-0.008284514354577222,2,3299,3301,True,0.5267774699907664,2166
TSLA,b_20_80|none|death_cross,2023-08-21,2023-08-22,2023-09-01,2023-09-05,240.25,245.0,0.019771071800208206,9,3309,3318,True,0.5303381194997684,2159
TSLA,b_20_80|none|death_cross,2023-09-05,2023-09-06,2023-09-06,2023-09-07,255.13999938964844,245.07000732421875,-0.03946849607869929,1,3319,3320,True,0.5080756806645131,2167
TSLA,b_20_80|none|death_cross,2023-09-11,2023-09-12,2023-09-18,2023-09-19,270.760009765625,264.3500061035156,-0.023674115197654166,5,3323,3328,True,0.521497919556172,2163
TSLA,b_20_80|none|death_cross,2023-09-29,2023-10-02,2023-10-13,2023-10-16,244.80999755859375,250.0500030517578,0.021404377049225376,10,3337,3347,True,0.5301204819277109,2158
TSLA,b_20_80|none|death_cross,2023-11-01,2023-11-02,2023-11-17,2023-11-20,212.97000122070312,234.0399932861328,0.09893408435300999,12,3360,3372,True,0.5301484230055659,2156
TSLA,b_20_80|none|death_cross,2023-11-21,2023-11-22,2023-11-22,2023-11-24,242.0399932861328,233.75,-0.03425051031270121,1,3374,3375,True,0.5080756806645131,2167
TSLA,b_20_80|none|death_cross,2023-11-28,2023-11-29,2023-11-29,2023-11-30,249.2100067138672,245.13999938964844,-0.016331636830666185,1,3378,3379,True,0.5080756806645131,2167
TSLA,b_20_80|none|death_cross,2023-12-08,2023-12-11,2023-12-11,2023-12-12,242.74000549316406,238.5500030517578,-0.017261276866553654,1,3386,3387,True,0.5080756806645131,2167
TSLA,b_20_80|none|death_cross,2023-12-13,2023-12-14,2023-12-28,2023-12-29,241.22000122070312,255.10000610351562,0.05754085404432541,10,3389,3399,True,0.5301204819277109,2158
TSLA,b_20_80|none|death_cross,2024-02-22,2024-02-23,2024-02-23,2024-02-26,195.30999755859375,192.2899932861328,-0.015462619989818571,1,3436,3437,True,0.5080756806645131,2167
TSLA,b_20_80|none|death_cross,2024-02-26,2024-02-27,2024-03-04,2024-03-05,204.0399932861328,183.0500030517578,-0.10287194140876077,5,3438,3443,True,0.521497919556172,2163
TSLA,b_20_80|none|death_cross,2024-03-18,2024-03-19,2024-04-01,2024-04-02,172.36000061035156,164.75,-0.04415177873870657,9,3453,3462,True,0.5303381194997684,2159
TSLA,b_20_80|none|death_cross,2024-04-09,2024-04-10,2024-04-15,2024-04-16,173.0399932861328,156.74000549316406,-0.09419780643435227,4,3468,3472,True,0.5244916820702403,2164
TSLA,b_20_80|none|death_cross,2024-04-24,2024-04-25,2024-05-07,2024-05-08,158.9600067138672,171.58999633789062,0.07945388204945036,9,3479,3488,True,0.5303381194997684,2159
TSLA,b_20_80|none|death_cross,2024-05-17,2024-05-20,2024-05-23,2024-05-24,177.55999755859375,174.83999633789062,-0.015318772573228556,4,3496,3500,True,0.5244916820702403,2164
TSLA,b_20_80|none|death_cross,2024-06-06,2024-06-07,2024-06-10,2024-06-11,176.1300048828125,173.9199981689453,-0.012547587875998745,2,3509,3511,True,0.5267774699907664,2166
TSLA,b_20_80|none|death_cross,2024-06-12,2024-06-13,2024-07-11,2024-07-12,188.38999938964844,235.8000030517578,0.2516588131838724,19,3513,3532,True,0.5244299674267101,2149
TSLA,b_20_80|none|death_cross,2024-07-31,2024-08-01,2024-08-01,2024-08-02,227.69000244140625,214.8800048828125,-0.056260694019230284,1,3546,3547,True,0.5080756806645131,2167
TSLA,b_20_80|none|death_cross,2024-08-06,2024-08-07,2024-08-22,2024-08-23,200.77000427246094,214.4600067138672,0.06818748891805493,12,3550,3562,True,0.5301484230055659,2156
TSLA,b_20_80|none|death_cross,2024-08-23,2024-08-26,2024-08-26,2024-08-27,218.75,213.25,-0.025142857142857133,1,3563,3564,True,0.5080756806645131,2167
TSLA,b_20_80|none|death_cross,2024-09-04,2024-09-05,2024-09-09,2024-09-10,223.49000549316406,220.07000732421875,-0.015302689538167824,3,3570,3573,True,0.5224018475750577,2165
TSLA,b_20_80|none|death_cross,2024-09-10,2024-09-11,2024-10-01,2024-10-02,224.5500030517578,247.5500030517578,0.10242707498293191,15,3574,3589,True,0.5234556432884347,2153
TSLA,b_20_80|none|death_cross,2024-10-24,2024-10-25,2024-11-04,2024-11-05,256.010009765625,247.33999633789062,-0.03386591577287035,7,3606,3613,True,0.5266080518278575,2161
TSLA,b_20_80|none|death_cross,2024-11-06,2024-11-07,2024-11-14,2024-11-15,288.8900146484375,310.57000732421875,0.07504583604997417,6,3615,3621,True,0.5175763182238667,2162
TSLA,b_20_80|none|death_cross,2024-11-19,2024-11-20,2024-11-21,2024-11-22,345.0,341.0899963378906,-0.011333343948143115,2,3624,3626,True,0.5267774699907664,2166
TSLA,b_20_80|none|death_cross,2024-11-22,2024-11-25,2024-11-25,2024-11-26,360.1400146484375,341.0,-0.0531460372908622,1,3627,3628,True,0.5080756806645131,2167
TSLA,b_20_80|none|death_cross,2024-12-02,2024-12-03,2024-12-18,2024-12-19,351.79998779296875,451.8800048828125,0.28447987652785245,12,3632,3644,True,0.5301484230055659,2156
TSLA,b_20_80|none|death_cross,2025-01-06,2025-01-07,2025-01-07,2025-01-08,405.8299865722656,392.95001220703125,-0.031737364885285224,1,3655,3656,True,0.5080756806645131,2167
TSLA,b_20_80|none|death_cross,2025-01-13,2025-01-14,2025-01-24,2025-01-27,414.3399963378906,394.79998779296875,-0.04715935878173627,8,3659,3667,True,0.5328703703703703,2160
TSLA,b_20_80|none|death_cross,2025-02-13,2025-02-14,2025-02-24,2025-02-25,360.6199951171875,327.0199890136719,-0.09317288713454985,6,3681,3687,True,0.5175763182238667,2162
TSLA,b_20_80|none|death_cross,2025-04-02,2025-04-03,2025-04-03,2025-04-04,265.2900085449219,255.3800048828125,-0.037355359579745784,1,3714,3715,True,0.5080756806645131,2167
TSLA,b_20_80|none|death_cross,2025-04-09,2025-04-10,2025-04-17,2025-04-21,260.0,230.25999450683594,-0.11438463651216946,6,3719,3725,True,0.5175763182238667,2162
TSLA,b_20_80|none|death_cross,2025-04-23,2025-04-24,2025-05-05,2025-05-06,250.5,273.1099853515625,0.09025942256112773,8,3728,3736,True,0.5328703703703703,2160
TSLA,b_20_80|none|death_cross,2025-05-12,2025-05-13,2025-05-21,2025-05-22,320.0,331.8999938964844,0.03718748092651358,7,3741,3748,True,0.5266080518278575,2161
TSLA,b_20_80|none|death_cross,2025-05-27,2025-05-28,2025-05-28,2025-05-29,364.8399963378906,365.2900085449219,0.0012334508594131766,1,3751,3752,True,0.5080756806645131,2167
TSLA,b_20_80|none|death_cross,2025-06-10,2025-06-11,2025-06-25,2025-06-26,334.3999938964844,324.6099853515625,-0.029276341876825596,10,3761,3771,True,0.5301204819277109,2158
TSLA,b_20_80|none|death_cross,2025-07-10,2025-07-11,2025-07-24,2025-07-25,307.8900146484375,308.739990234375,0.002760646807295819,10,3781,3791,True,0.5301204819277109,2158
TSLA,b_20_80|none|death_cross,2025-08-06,2025-08-07,2025-08-15,2025-08-18,319.7900085449219,329.6199951171875,0.03073887960725563,7,3800,3807,True,0.5266080518278575,2161
TSLA,b_20_80|none|death_cross,2025-08-25,2025-08-26,2025-08-29,2025-09-02,344.92999267578125,328.2300109863281,-0.048415568503926365,4,3813,3817,True,0.5244916820702403,2164
TSLA,b_20_80|none|death_cross,2025-09-05,2025-09-08,2025-09-23,2025-09-24,354.6400146484375,429.8299865722656,0.21201773296328552,12,3821,3833,True,0.5301484230055659,2156
TSLA,b_20_80|none|death_cross,2025-10-15,2025-10-16,2025-10-30,2025-10-31,434.7300109863281,446.75,0.027649319600458577,11,3849,3860,True,0.5317570700046361,2157
TSLA,b_20_80|none|death_cross,2025-11-03,2025-11-04,2025-11-04,2025-11-05,454.4599914550781,452.04998779296875,-0.005303005121293669,1,3862,3863,True,0.5080756806645131,2167
TSLA,b_20_80|none|death_cross,2025-11-24,2025-11-25,2025-12-08,2025-12-09,414.4200134277344,437.5400085449219,0.055788799691304236,9,3877,3886,True,0.5303381194997684,2159
TSLA,b_20_80|none|death_cross,2025-12-12,2025-12-15,2025-12-17,2025-12-18,469.44000244140625,478.1600036621094,0.018575326293782446,3,3890,3893,True,0.5224018475750577,2165
TSLA,b_20_80|none|death_cross,2025-12-22,2025-12-23,2025-12-23,2025-12-24,489.3999938964844,488.4800109863281,-0.0018798179845315177,1,3896,3897,True,0.5080756806645131,2167
TSLA,b_20_80|none|death_cross,2026-01-09,2026-01-12,2026-01-20,2026-01-21,441.2300109863281,421.6600036621094,-0.04435330062991827,6,3908,3914,True,0.5175763182238667,2162
TSLA,b_20_80|none|death_cross,2026-01-22,2026-01-23,2026-01-28,2026-01-29,447.42999267578125,437.79998779296875,-0.021522931051675465,4,3916,3920,True,0.5244916820702403,2164
TSLA,b_20_80|none|death_cross,2026-02-06,2026-02-09,2026-02-18,2026-02-19,409.9100036621094,407.25,-0.006489238218987281,7,3927,3934,True,0.5266080518278575,2161
TSLA,b_20_80|none|death_cross,2026-02-25,2026-02-26,2026-02-27,2026-03-02,414.4200134277344,390.6000061035156,-0.05747793676082302,2,3939,3941,True,0.5267774699907664,2166
TSLA,b_20_80|none|death_cross,2026-03-02,2026-03-03,2026-03-03,2026-03-04,395.0899963378906,397.8500061035156,0.006985774864480598,1,3942,3943,True,0.5080756806645131,2167
TSLA,b_20_80|none|death_cross,2026-03-04,2026-03-05,2026-03-06,2026-03-09,401.57000732421875,390.04998779296875,-0.028687450061351316,2,3944,3946,True,0.5267774699907664,2166
TSLA,b_20_80|none|death_cross,2026-03-09,2026-03-10,2026-03-13,2026-03-16,402.2200012207031,396.2200012207031,-0.014917209442072754,4,3947,3951,True,0.5244916820702403,2164
TSLA,b_20_80|none|death_cross,2026-03-24,2026-03-25,2026-03-26,2026-03-27,389.989990234375,369.69000244140625,-0.05205258673631319,2,3958,3960,True,0.5267774699907664,2166
TSLA,b_20_80|none|death_cross,2026-03-31,2026-04-01,2026-04-06,2026-04-07,378.6300048828125,346.44000244140625,-0.08501704045184999,3,3963,3966,True,0.5224018475750577,2165
TSLA,b_20_80|none|death_cross,2026-04-13,2026-04-14,2026-04-23,2026-04-24,357.6700134277344,373.5,0.04425863499307292,8,3971,3979,True,0.5328703703703703,2160
TSLA,b_20_80|none|death_cross,2026-05-01,2026-05-04,2026-05-15,2026-05-18,390.2300109863281,419.2699890136719,0.07441759272677051,10,3985,3995,True,0.5301204819277109,2158
TSLA,b_20_80|none|death_cross,2026-05-26,2026-05-27,2026-06-01,2026-06-02,442.8900146484375,418.2200012207031,-0.05570234733631829,4,4001,4005,True,0.5244916820702403,2164
TSLA,b_20_80|none|death_cross,2026-06-12,2026-06-15,2026-06-23,2026-06-24,412.3699951171875,380.0799865722656,-0.07830348698320222,6,4014,4020,True,0.5175763182238667,2162
TSLA,b_20_80|none|death_cross,2026-06-29,2026-06-30,2026-07-08,2026-07-09,406.0,393.989990234375,-0.029581304841440836,6,4024,4030,True,0.5175763182238667,2162
TSM,b_20_80|none|death_cross,2018-01-17,2018-01-18,2018-01-25,2018-01-26,36.00580465071134,37.35212162075569,0.037391664569222494,6,5101,5107,True,0.5522664199814986,2162
TSM,b_20_80|none|death_cross,2018-02-12,2018-02-13,2018-02-28,2018-03-01,34.9221805080676,35.58712334527001,0.019040702141975396,11,5119,5130,True,0.5744089012517385,2157
TSM,b_20_80|none|death_cross,2018-03-07,2018-03-08,2018-03-16,2018-03-19,36.3670057951777,36.711809878582706,0.009481233768514619,7,5135,5142,True,0.5566867191115225,2161
TSM,b_20_80|none|death_cross,2018-04-04,2018-04-05,2018-04-06,2018-04-09,36.14536423226377,35.37368436026283,-0.02134934557699475,2,5154,5156,True,0.5226223453370268,2166
TSM,b_20_80|none|death_cross,2018-04-10,2018-04-11,2018-04-13,2018-04-16,35.50504557015433,35.14383117784191,-0.01017360734261552,3,5158,5161,True,0.5288683602771362,2165
TSM,b_20_80|none|death_cross,2018-05-25,2018-05-29,2018-05-29,2018-05-30,31.597431719934733,31.441451163481887,-0.00493649477069491,1,5191,5192,True,0.5260729118597139,2167
TSM,b_20_80|none|death_cross,2018-06-01,2018-06-04,2018-06-08,2018-06-11,32.71389889010495,32.016111585214446,-0.02132999515693823,5,5195,5200,True,0.5515487748497457,2163
TSM,b_20_80|none|death_cross,2018-06-29,2018-07-02,2018-07-24,2018-07-25,30.812900592531697,34.48901034637406,0.11930424215672053,16,5215,5231,True,0.5929368029739777,2152
TSM,b_20_80|none|death_cross,2018-08-09,2018-08-10,2018-08-10,2018-08-13,35.144242876668855,34.62516200317945,-0.01477001155810953,1,5243,5244,True,0.5260729118597139,2167
TSM,b_20_80|none|death_cross,2018-08-21,2018-08-22,2018-09-11,2018-09-12,34.7613057995948,37.373720052472066,0.07515293780786902,14,5251,5265,True,0.5831012070566388,2154
TSM,b_20_80|none|death_cross,2018-09-21,2018-09-24,2018-09-28,2018-10-01,37.30566056620733,37.909824387200324,0.016194963762155234,5,5273,5278,True,0.5515487748497457,2163
TSM,b_20_80|none|death_cross,2018-10-01,2018-10-02,2018-10-02,2018-10-03,37.22908226182344,37.47584199879931,0.006628144503817213,1,5279,5280,True,0.5260729118597139,2167
TSM,b_20_80|none|death_cross,2018-10-30,2018-10-31,2018-11-09,2018-11-12,32.9232527753046,32.21697627155401,-0.02145220912923762,8,5300,5308,True,0.5541666666666667,2160
TSM,b_20_80|none|death_cross,2018-11-26,2018-11-27,2018-12-06,2018-12-07,30.966072983101203,31.18732272606696,0.007144908012278295,7,5318,5325,True,0.5566867191115225,2161
TSM,b_20_80|none|death_cross,2018-12-13,2018-12-14,2018-12-14,2018-12-17,31.314956222662218,31.170302444291483,-0.004619319195025784,1,5330,5331,True,0.5260729118597139,2167
TSM,b_20_80|none|death_cross,2018-12-18,2018-12-19,2018-12-19,2018-12-20,31.161795597675134,30.9830878579313,-0.005734834476520567,1,5333,5334,True,0.5260729118597139,2167
TSM,b_20_80|none|death_cross,2018-12-26,2018-12-27,2019-01-03,2019-01-04,30.804386244394852,29.323734652650607,-0.048066258486603175,5,5338,5343,True,0.5515487748497457,2163
TSM,b_20_80|none|death_cross,2019-01-10,2019-01-11,2019-01-29,2019-01-30,31.017134084018075,31.323481765948465,0.009876724300206696,12,5348,5360,True,0.577922077922078,2156
TSM,b_20_80|none|death_cross,2019-02-04,2019-02-05,2019-02-08,2019-02-11,32.268024493104726,32.268028035704596,1.097866983990059e-07,4,5364,5368,True,0.5328096118299446,2164
TSM,b_20_80|none|death_cross,2019-02-20,2019-02-21,2019-02-28,2019-03-01,33.24662195893584,33.49340868366405,0.007422911266986132,6,5375,5381,True,0.5522664199814986,2162
TSM,b_20_80|none|death_cross,2019-03-12,2019-03-13,2019-03-25,2019-03-26,33.374260677118976,34.1316149152526,0.022692764506776264,9,5389,5398,True,0.5771190365910144,2159
TSM,b_20_80|none|death_cross,2019-03-29,2019-04-01,2019-04-11,2019-04-12,34.957023383239346,36.139858240257134,0.033836829985499195,9,5402,5411,True,0.5771190365910144,2159
TSM,b_20_80|none|death_cross,2019-06-19,2019-06-20,2019-07-02,2019-07-03,34.42093374718997,35.45224654030045,0.02996179013286282,9,5458,5467,True,0.5771190365910144,2159
TSM,b_20_80|none|death_cross,2019-07-11,2019-07-12,2019-07-25,2019-07-26,36.1200000884578,38.42198077921202,0.06373146968761567,10,5473,5483,True,0.571825764596849,2158
TSM,b_20_80|none|death_cross,2019-08-08,2019-08-09,2019-08-23,2019-08-26,36.541742290930095,36.348447632282266,-0.005289694648626719,11,5493,5504,True,0.5744089012517385,2157
TSM,b_20_80|none|death_cross,2019-08-29,2019-08-30,2019-09-03,2019-09-04,37.52578928220246,37.437921774749185,-0.0023415232333287017,2,5508,5510,True,0.5226223453370268,2166
TSM,b_20_80|none|death_cross,2019-09-04,2019-09-05,2019-09-20,2019-09-23,38.448346810564146,39.09686382196846,0.01686722746753122,12,5511,5523,True,0.577922077922078,2156
TSM,b_20_80|none|death_cross,2019-09-26,2019-09-27,2019-10-16,2019-10-17,40.707481777506494,45.25608931466394,0.11173885827717411,14,5527,5541,True,0.5831012070566388,2154
TSM,b_20_80|none|death_cross,2019-10-24,2019-10-25,2019-11-07,2019-11-08,44.955204692902136,47.37110290955853,0.053740122710148386,10,5547,5557,True,0.571825764596849,2158
TSM,b_20_80|none|death_cross,2019-11-19,2019-11-20,2019-11-22,2019-11-25,47.38880529179713,46.981730645962216,-0.008590101466545597,3,5565,5568,True,0.5288683602771362,2165
TSM,b_20_80|none|death_cross,2019-11-25,2019-11-26,2019-11-29,2019-12-02,47.34456236361284,47.38880251864512,0.0009344294851119095,3,5569,5572,True,0.5288683602771362,2165
TSM,b_20_80|none|death_cross,2019-12-05,2019-12-06,2019-12-19,2019-12-20,48.22949903941699,51.48932304372422,0.06758983753165326,10,5576,5586,True,0.571825764596849,2158
TSM,b_20_80|none|death_cross,2020-01-02,2020-01-03,2020-01-03,2020-01-06,52.54977143133671,51.32891671791178,-0.02323235059205042,1,5594,5595,True,0.5260729118597139,2167
TSM,b_20_80|none|death_cross,2020-01-08,2020-01-09,2020-01-16,2020-01-17,53.19137363035434,52.25569017936527,-0.01759088715195567,6,5598,5604,True,0.5522664199814986,2162
TSM,b_20_80|none|death_cross,2020-01-29,2020-01-30,2020-01-30,2020-01-31,49.08328246007971,49.39517904327983,0.00635443612504516,1,5612,5613,True,0.5260729118597139,2167
TSM,b_20_80|none|death_cross,2020-02-04,2020-02-05,2020-02-18,2020-02-19,51.77448549363627,51.01702776906389,-0.014629942091176962,9,5616,5625,True,0.5771190365910144,2159
TSM,b_20_80|none|death_cross,2020-03-02,2020-03-03,2020-03-09,2020-03-10,50.1704587582777,47.86243546012236,-0.04600363152498643,5,5634,5639,True,0.5515487748497457,2163
TSM,b_20_80|none|death_cross,2020-03-24,2020-03-25,2020-04-03,2020-04-06,44.349368245969586,43.746651801021486,-0.013590192347393226,8,5650,5658,True,0.5541666666666667,2160
TSM,b_20_80|none|death_cross,2020-04-06,2020-04-07,2020-04-09,2020-04-13,46.13953849794588,43.84560087984696,-0.04971739407842235,3,5659,5662,True,0.5288683602771362,2165
TSM,b_20_80|none|death_cross,2020-04-14,2020-04-15,2020-04-21,2020-04-22,44.76317455203495,47.210031035862094,0.05466226442413724,5,5664,5669,True,0.5515487748497457,2163
TSM,b_20_80|none|death_cross,2020-04-22,2020-04-23,2020-04-28,2020-04-29,47.50690404032031,48.35250694862377,0.017799579353471984,4,5670,5674,True,0.5328096118299446,2164
TSM,b_20_80|none|death_cross,2020-04-29,2020-04-30,2020-04-30,2020-05-01,48.757321282653976,47.210036085377446,-0.03173441765405183,1,5675,5676,True,0.5260729118597139,2167
TSM,b_20_80|none|death_cross,2020-05-14,2020-05-15,2020-05-15,2020-05-18,45.4828477686586,45.82468567812685,0.007515754317032997,1,5686,5687,True,0.5260729118597139,2167
TSM,b_20_80|none|death_cross,2020-05-18,2020-05-19,2020-05-22,2020-05-26,46.193508367963936,46.14852688705947,-0.0009737619525704844,4,5688,5692,True,0.5328096118299446,2164
TSM,b_20_80|none|death_cross,2020-05-26,2020-05-27,2020-05-29,2020-06-01,45.905640416488346,45.79769844826918,-0.0023513879174724694,3,5693,5696,True,0.5288683602771362,2165
TSM,b_20_80|none|death_cross,2020-06-01,2020-06-02,2020-06-11,2020-06-12,46.28346046356566,50.82637017113822,0.0981540632889526,8,5697,5705,True,0.5541666666666667,2160
TSM,b_20_80|none|death_cross,2020-06-23,2020-06-24,2020-06-29,2020-06-30,51.39666032657514,50.97975840138853,-0.008111459432142198,4,5713,5717,True,0.5328096118299446,2164
TSM,b_20_80|none|death_cross,2020-06-30,2020-07-01,2020-07-17,2020-07-20,51.63229673033258,60.45065945398856,0.17079160297115803,12,5718,5730,True,0.577922077922078,2156
TSM,b_20_80|none|death_cross,2020-08-21,2020-08-24,2020-09-04,2020-09-08,72.25983508550033,70.71005747668491,-0.021447289590152963,10,5755,5765,True,0.571825764596849,2158
TSM,b_20_80|none|death_cross,2020-09-14,2020-09-15,2020-09-18,2020-09-21,73.91838501595227,72.69669367326789,-0.016527570812332137,4,5770,5774,True,0.5328096118299446,2164
TSM,b_20_80|none|death_cross,2020-09-29,2020-09-30,2020-10-14,2020-10-15,73.41637650815086,79.51998757801411,0.08313691522470612,11,5781,5792,True,0.5744089012517385,2157
TSM,b_20_80|none|death_cross,2020-11-02,2020-11-03,2020-11-17,2020-11-18,78.51789732126393,89.7503443953524,0.14305588225484156,11,5805,5816,True,0.5744089012517385,2157
TSM,b_20_80|none|death_cross,2020-12-04,2020-12-07,2020-12-11,2020-12-14,96.58274008607431,94.53301154293307,-0.02122251389134877,5,5828,5833,True,0.5515487748497457,2163
TSM,b_20_80|none|death_cross,2020-12-24,2020-12-28,2020-12-29,2020-12-30,98.43568467782308,98.52716950307646,0.000929386792531739,2,5842,5844,True,0.5226223453370268,2166
TSM,b_20_80|none|death_cross,2020-12-30,2020-12-31,2021-01-08,2021-01-11,100.32024880064539,109.54171316722895,0.09192027010327974,6,5845,5851,True,0.5522664199814986,2162
TSM,b_20_80|none|death_cross,2021-01-19,2021-01-20,2021-01-20,2021-01-21,123.67586094740928,121.90106025890807,-0.0143504211323493,1,5857,5858,True,0.5260729118597139,2167
TSM,b_20_80|none|death_cross,2021-01-21,2021-01-22,2021-01-22,2021-01-25,118.96446983717658,120.60200441915998,0.01376490463265756,1,5859,5860,True,0.5260729118597139,2167
TSM,b_20_80|none|death_cross,2021-02-03,2021-02-04,2021-02-17,2021-02-18,116.64078650696713,123.36483030482064,0.05764744905463992,9,5868,5877,True,0.5771190365910144,2159
TSM,b_20_80|none|death_cross,2021-03-11,2021-03-12,2021-03-19,2021-03-22,108.86474328539133,105.40897242658421,-0.03174371017205946,6,5893,5899,True,0.5522664199814986,2162
TSM,b_20_80|none|death_cross,2021-03-22,2021-03-23,2021-03-23,2021-03-24,106.61192267382744,103.27858070285995,-0.0312661275340248,1,5900,5901,True,0.5260729118597139,2167
TSM,b_20_80|none|death_cross,2021-03-26,2021-03-29,2021-04-12,2021-04-13,107.02516834601441,112.39705490841986,0.05019274106664362,10,5904,5914,True,0.571825764596849,2158
TSM,b_20_80|none|death_cross,2021-04-23,2021-04-26,2021-04-30,2021-05-03,110.19320412542318,107.86995848214399,-0.021083384059100818,5,5923,5928,True,0.5515487748497457,2163
TSM,b_20_80|none|death_cross,2021-05-18,2021-05-19,2021-06-03,2021-06-04,99.63302154631941,108.56785495641103,0.0896774309503181,11,5940,5951,True,0.5744089012517385,2157
TSM,b_20_80|none|death_cross,2021-06-14,2021-06-15,2021-06-16,2021-06-17,110.51459123896208,108.47731744500784,-0.01843443269449474,2,5958,5960,True,0.5226223453370268,2166
TSM,b_20_80|none|death_cross,2021-06-24,2021-06-25,2021-07-07,2021-07-08,108.2653127890139,106.80888256298543,-0.013452417847503395,8,5966,5974,True,0.5541666666666667,2160
TSM,b_20_80|none|death_cross,2021-07-09,2021-07-12,2021-07-15,2021-07-16,111.71285885314192,109.46365879506585,-0.020133761512923787,4,5976,5980,True,0.5328096118299446,2164
TSM,b_20_80|none|death_cross,2021-07-28,2021-07-29,2021-08-10,2021-08-11,106.92871478761874,107.38962188551619,0.004310414642249238,9,5989,5998,True,0.5771190365910144,2159
TSM,b_20_80|none|death_cross,2021-08-24,2021-08-25,2021-09-08,2021-09-09,106.66139900101538,112.63463176060839,0.05600182273566601,10,6008,6018,True,0.571825764596849,2158
TSM,b_20_80|none|death_cross,2021-11-04,2021-11-05,2021-11-11,2021-11-12,109.37642049943453,109.58004101202077,0.0018616490799066021,5,6059,6064,True,0.5515487748497457,2163
TSM,b_20_80|none|death_cross,2021-11-18,2021-11-19,2021-11-23,2021-11-24,112.94917857209013,111.0702521808496,-0.016635148789871934,3,6069,6072,True,0.5288683602771362,2165
TSM,b_20_80|none|death_cross,2021-12-02,2021-12-03,2021-12-03,2021-12-06,111.99582963094906,110.0428346343815,-0.017438104641959495,1,6078,6079,True,0.5260729118597139,2167
TSM,b_20_80|none|death_cross,2021-12-06,2021-12-07,2021-12-13,2021-12-14,111.5700571940202,106.84958345393201,-0.04230950363213748,5,6080,6085,True,0.5515487748497457,2163
TSM,b_20_80|none|death_cross,2021-12-15,2021-12-16,2021-12-16,2021-12-17,111.84569264332073,108.08158525944408,-0.033654468892963973,1,6087,6088,True,0.5260729118597139,2167
TSM,b_20_80|none|death_cross,2021-12-22,2021-12-23,2022-01-05,2022-01-06,112.42193985641056,118.03560778011762,0.049933917977905695,9,6092,6101,True,0.5771190365910144,2159
TSM,b_20_80|none|death_cross,2022-01-12,2022-01-13,2022-01-19,2022-01-20,130.81504188904222,122.60829863224932,-0.06273547092354936,4,6106,6110,True,0.5328096118299446,2164
TSM,b_20_80|none|death_cross,2022-01-31,2022-02-01,2022-02-11,2022-02-14,114.2249968640977,111.48322042272655,-0.02400329627177189,9,6118,6127,True,0.5771190365910144,2159
TSM,b_20_80|none|death_cross,2022-03-02,2022-03-03,2022-03-04,2022-03-07,102.1519159782877,95.99918097031106,-0.06023122473086462,2,6139,6141,True,0.5226223453370268,2166
TSM,b_20_80|none|death_cross,2022-03-09,2022-03-10,2022-03-14,2022-03-15,96.8356632123528,91.11045436999989,-0.059122937277746423,3,6144,6147,True,0.5288683602771362,2165
TSM,b_20_80|none|death_cross,2022-03-15,2022-03-16,2022-03-28,2022-03-29,96.18199694528361,100.78611411878869,0.04786880413934713,9,6148,6157,True,0.5771190365910144,2159
TSM,b_20_80|none|death_cross,2022-04-13,2022-04-14,2022-04-21,2022-04-22,97.1252305068428,90.61597582397064,-0.06701919417749602,5,6169,6174,True,0.5515487748497457,2163
TSM,b_20_80|none|death_cross,2022-04-28,2022-04-29,2022-05-09,2022-05-10,87.0204613900735,84.06935761327412,-0.0339127571798421,7,6179,6186,True,0.5566867191115225,2161
TSM,b_20_80|none|death_cross,2022-05-13,2022-05-16,2022-05-25,2022-05-26,83.92928115478793,83.49970397971069,-0.00511832305920723,8,6190,6198,True,0.5541666666666667,2160
TSM,b_20_80|none|death_cross,2022-05-27,2022-05-31,2022-06-06,2022-06-07,89.22447649786635,86.54419873525988,-0.030039714076333768,5,6200,6205,True,0.5515487748497457,2163
TSM,b_20_80|none|death_cross,2022-06-24,2022-06-27,2022-06-29,2022-06-30,81.60184691542594,76.4759267890037,-0.0628162268402438,3,6218,6221,True,0.5288683602771362,2165
TSM,b_20_80|none|death_cross,2022-07-07,2022-07-08,2022-07-26,2022-07-27,75.03014469402463,80.0903503622253,0.06744230187528433,13,6226,6239,True,0.5874709976798144,2155
TSM,b_20_80|none|death_cross,2022-08-05,2022-08-08,2022-08-08,2022-08-09,83.53581735037028,81.62062155067778,-0.02292664225286367,1,6247,6248,True,0.5260729118597139,2167
TSM,b_20_80|none|death_cross,2022-08-11,2022-08-12,2022-08-18,2022-08-19,84.19298614735325,83.08516320692861,-0.013158138119554796,5,6251,6256,True,0.5515487748497457,2163
TSM,b_20_80|none|death_cross,2022-09-19,2022-09-20,2022-09-21,2022-09-22,73.20746927902138,72.17837248034257,-0.014057265041583777,2,6277,6279,True,0.5226223453370268,2166
TSM,b_20_80|none|death_cross,2022-10-04,2022-10-05,2022-10-10,2022-10-11,68.84559571848145,60.61282961591491,-0.11958304691314436,4,6288,6292,True,0.5328096118299446,2164
TSM,b_20_80|none|death_cross,2022-11-04,2022-11-07,2022-11-25,2022-11-28,59.121118946839445,75.78492916092986,0.2818588435221294,14,6311,6325,True,0.5831012070566388,2154
TSM,b_20_80|none|death_cross,2022-12-01,2022-12-02,2022-12-02,2022-12-05,77.2388816512607,77.36162142473007,0.0015890930946353965,1,6329,6330,True,0.5260729118597139,2167
TSM,b_20_80|none|death_cross,2022-12-29,2022-12-30,2023-01-24,2023-01-25,70.53662428290009,87.99747483064782,0.24754304200492738,16,6348,6364,True,0.5929368029739777,2152
TSM,b_20_80|none|death_cross,2023-02-02,2023-02-03,2023-02-03,2023-02-06,90.23824749810466,87.1619465512173,-0.034090876454044294,1,6371,6372,True,0.5260729118597139,2167
TSM,b_20_80|none|death_cross,2023-02-09,2023-02-10,2023-02-15,2023-02-16,91.10226556127007,86.38337265457982,-0.05179775582547508,4,6376,6380,True,0.5328096118299446,2164
TSM,b_20_80|none|death_cross,2023-03-14,2023-03-15,2023-03-15,2023-03-16,82.79435652453635,82.03231232656809,-0.009204059672139997,1,6398,6399,True,0.5260729118597139,2167
TSM,b_20_80|none|death_cross,2023-03-16,2023-03-17,2023-03-27,2023-03-28,85.00056090286252,86.52765744412427,0.017965723108661624,7,6400,6407,True,0.5566867191115225,2161
TSM,b_20_80|none|death_cross,2023-04-18,2023-04-19,2023-04-21,2023-04-24,82.29957851351263,81.50741181229402,-0.009625404109311897,3,6422,6425,True,0.5288683602771362,2165
TSM,b_20_80|none|death_cross,2023-04-28,2023-05-01,2023-05-12,2023-05-15,80.45755930617193,79.531748238482,-0.011506825159421807,10,6430,6440,True,0.571825764596849,2158
TSM,b_20_80|none|death_cross,2023-05-15,2023-05-16,2023-05-24,2023-05-25,81.78418044717642,92.63592736245153,0.13268760359204346,7,6441,6448,True,0.5566867191115225,2161
TSM,b_20_80|none|death_cross,2023-06-09,2023-06-12,2023-06-16,2023-06-20,99.5841008554914,99.84784648102053,0.002648471224456328,5,6459,6464,True,0.5515487748497457,2163
TSM,b_20_80|none|death_cross,2023-07-03,2023-07-05,2023-07-06,2023-07-07,97.18345882851062,94.9599302123105,-0.022879702400011803,2,6474,6476,True,0.5226223453370268,2166
TSM,b_20_80|none|death_cross,2023-07-11,2023-07-12,2023-07-19,2023-07-20,98.55399269700852,94.45195921043639,-0.04162219484281382,6,6479,6485,True,0.5522664199814986,2162
TSM,b_20_80|none|death_cross,2023-07-28,2023-07-31,2023-08-02,2023-08-03,95.0557746483173,90.89623333523164,-0.04375895445042577,3,6492,6495,True,0.5288683602771362,2165
TSM,b_20_80|none|death_cross,2023-09-14,2023-09-15,2023-09-15,2023-09-18,87.19651779432452,85.29864154088543,-0.021765505107849914,1,6525,6526,True,0.5260729118597139,2167
TSM,b_20_80|none|death_cross,2023-11-02,2023-11-03,2023-11-16,2023-11-17,88.29479045396708,95.31790151959875,0.0795416244777567,10,6560,6570,True,0.571825764596849,2158
TSM,b_20_80|none|death_cross,2023-12-06,2023-12-07,2023-12-18,2023-12-19,94.37377857739104,99.92921533945848,0.058866316955951126,8,6583,6591,True,0.5541666666666667,2160
TSM,b_20_80|none|death_cross,2023-12-26,2023-12-27,2024-01-02,2024-01-03,101.68118032291349,97.1222110179458,-0.044835920378673455,4,6596,6600,True,0.5328096118299446,2164
TSM,b_20_80|none|death_cross,2024-01-12,2024-01-16,2024-01-30,2024-01-31,97.30611266053819,109.86019289751722,0.1290163576955865,11,6608,6619,True,0.5744089012517385,2157
TSM,b_20_80|none|death_cross,2024-02-05,2024-02-06,2024-02-13,2024-02-14,116.26789486662032,125.4729294035016,0.07917090566954066,6,6623,6629,True,0.5522664199814986,2162
TSM,b_20_80|none|death_cross,2024-02-26,2024-02-27,2024-02-28,2024-02-29,126.576375918305,123.92423340877977,-0.020952902864251555,2,6637,6639,True,0.5226223453370268,2166
TSM,b_20_80|none|death_cross,2024-02-29,2024-03-01,2024-03-11,2024-03-12,125.9568973961959,139.88540310524692,0.1105815242911159,7,6640,6647,True,0.5566867191115225,2161
TSM,b_20_80|none|death_cross,2024-03-22,2024-03-25,2024-03-28,2024-04-01,136.21614181982306,133.42691151036695,-0.02047650353469499,4,6656,6660,True,0.5328096118299446,2164
TSM,b_20_80|none|death_cross,2024-04-01,2024-04-02,2024-04-05,2024-04-08,136.4299612825726,141.1532293074745,0.03462046005509811,4,6661,6665,True,0.5328096118299446,2164
TSM,b_20_80|none|death_cross,2024-04-08,2024-04-09,2024-04-12,2024-04-15,142.1445176563152,140.93940678599972,-0.008478067886017682,4,6666,6670,True,0.5328096118299446,2164
TSM,b_20_80|none|death_cross,2024-04-24,2024-04-25,2024-05-13,2024-05-14,126.34202545060518,142.3680357507341,0.12684623539136197,13,6678,6691,True,0.5874709976798144,2155
TSM,b_20_80|none|death_cross,2024-06-05,2024-06-06,2024-06-20,2024-06-21,159.8907019158173,168.37978993494644,0.053093068686374645,10,6707,6717,True,0.571825764596849,2158
TSM,b_20_80|none|death_cross,2024-07-03,2024-07-05,2024-07-15,2024-07-16,179.52320160094303,183.5496643185342,0.02242864811725842,7,6726,6733,True,0.5566867191115225,2161
TSM,b_20_80|none|death_cross,2024-07-29,2024-07-30,2024-07-30,2024-07-31,156.41742751126563,159.66393359979307,0.020755398808061987,1,6743,6744,True,0.5260729118597139,2167
TSM,b_20_80|none|death_cross,2024-07-31,2024-08-01,2024-08-02,2024-08-05,159.3812014121719,130.50384045727716,-0.18118423439547104,2,6745,6747,True,0.5226223453370268,2166
TSM,b_20_80|none|death_cross,2024-08-05,2024-08-06,2024-08-21,2024-08-22,146.66811451967618,167.6875791405279,0.1433131167581203,12,6748,6760,True,0.577922077922078,2156
TSM,b_20_80|none|death_cross,2024-09-11,2024-09-12,2024-09-27,2024-09-30,166.93658512678775,170.52776500281814,0.021512239952092616,12,6774,6786,True,0.577922077922078,2156
TSM,b_20_80|none|death_cross,2024-10-07,2024-10-08,2024-10-16,2024-10-17,180.9882195543381,198.98329455511822,0.09942677509669329,7,6792,6799,True,0.5566867191115225,2161
TSM,b_20_80|none|death_cross,2024-11-05,2024-11-06,2024-11-12,2024-11-13,187.9161626324431,188.30758308537781,0.0020829525648642377,5,6813,6818,True,0.5515487748497457,2163
TSM,b_20_80|none|death_cross,2024-11-21,2024-11-22,2024-11-26,2024-11-27,188.80664138228386,178.09176764803271,-0.0567505128834761,3,6825,6828,True,0.5288683602771362,2165
TSM,b_20_80|none|death_cross,2024-11-29,2024-12-02,2024-12-10,2024-12-11,185.27415401753422,190.4896926827801,0.028150384455417843,7,6830,6837,True,0.5566867191115225,2161
TSM,b_20_80|none|death_cross,2024-12-16,2024-12-17,2024-12-18,2024-12-19,197.30834593239138,194.75607625960419,-0.012935436971641012,2,6841,6843,True,0.5226223453370268,2166
TSM,b_20_80|none|death_cross,2024-12-23,2024-12-24,2024-12-30,2024-12-31,202.1379777016791,197.10218684350485,-0.024912640936807007,4,6846,6850,True,0.5328096118299446,2164
TSM,b_20_80|none|death_cross,2025-01-03,2025-01-06,2025-01-08,2025-01-10,214.75197648598242,203.78713693770834,-0.05105815428427407,3,6853,6856,True,0.5288683602771362,2165
TSM,b_20_80|none|death_cross,2025-01-16,2025-01-17,2025-01-27,2025-01-28,211.2181025934703,192.05660571973516,-0.09071900863826576,6,6861,6867,True,0.5522664199814986,2162
TSM,b_20_80|none|death_cross,2025-02-06,2025-02-07,2025-02-12,2025-02-13,209.09777521487894,198.17217732245865,-0.052251143663258115,4,6875,6879,True,0.5328096118299446,2164
TSM,b_20_80|none|death_cross,2025-03-12,2025-03-13,2025-03-26,2025-03-27,170.69626737255365,168.89769030683823,-0.01053670999020695,10,6898,6908,True,0.571825764596849,2158
TSM,b_20_80|none|death_cross,2025-04-09,2025-04-10,2025-05-06,2025-05-07,153.23875980669712,171.56828783080934,0.11961417625171333,18,6918,6936,True,0.6,2150
TSM,b_20_80|none|death_cross,2025-06-04,2025-06-05,2025-06-13,2025-06-16,201.9006706125036,210.67010784160857,0.043434413578227415,7,6956,6963,True,0.5566867191115225,2161
TSM,b_20_80|none|death_cross,2025-06-25,2025-06-26,2025-07-07,2025-07-08,222.51905273054368,227.26656536489236,0.021335308487483218,7,6970,6977,True,0.5566867191115225,2161
TSM,b_20_80|none|death_cross,2025-07-15,2025-07-16,2025-07-21,2025-07-22,233.81414129393565,235.22850855188508,0.006049109134812269,4,6983,6987,True,0.5328096118299446,2164
TSM,b_20_80|none|death_cross,2025-07-25,2025-07-28,2025-07-29,2025-07-30,240.34196143734712,239.47156266047688,-0.0036215015125319328,2,6991,6993,True,0.5226223453370268,2166
TSM,b_20_80|none|death_cross,2025-07-30,2025-07-31,2025-07-31,2025-08-01,243.28935981329397,233.042664998658,-0.042117315868229976,1,6994,6995,True,0.5260729118597139,2167
TSM,b_20_80|none|death_cross,2025-08-08,2025-08-11,2025-08-19,2025-08-20,239.39245369359006,225.6444971011653,-0.057428529514223614,7,7001,7008,True,0.5566867191115225,2161
TSM,b_20_80|none|death_cross,2025-08-25,2025-08-26,2025-09-02,2025-09-03,233.78444895683245,228.98753058273127,-0.02051855200594166,5,7012,7017,True,0.5515487748497457,2163
TSM,b_20_80|none|death_cross,2025-09-04,2025-09-05,2025-09-19,2025-09-22,237.61214384880353,264.4561216538552,0.11297393041549642,11,7019,7030,True,0.5744089012517385,2157
TSM,b_20_80|none|death_cross,2025-10-01,2025-10-02,2025-10-07,2025-10-08,294.201735453789,292.69366040684827,-0.0051259896363786694,4,7038,7042,True,0.5328096118299446,2164
TSM,b_20_80|none|death_cross,2025-10-15,2025-10-16,2025-10-16,2025-10-17,308.49904950435075,296.067061299752,-0.04029830310522042,1,7048,7049,True,0.5260729118597139,2167
TSM,b_20_80|none|death_cross,2025-10-28,2025-10-29,2025-11-04,2025-11-05,303.4091524445637,290.3322240172327,-0.04309998008290239,5,7057,7062,True,0.5515487748497457,2163
TSM,b_20_80|none|death_cross,2025-11-12,2025-11-13,2025-11-13,2025-11-14,286.90925294088515,273.75288761525394,-0.04585549329892802,1,7068,7069,True,0.5260729118597139,2167
TSM,b_20_80|none|death_cross,2025-11-24,2025-11-25,2025-12-11,2025-12-12,280.51957879068505,302.7161132388162,0.07912650711875457,12,7076,7088,True,0.577922077922078,2156
TSM,b_20_80|none|death_cross,2025-12-23,2025-12-24,2026-01-07,2026-01-08,296.2097021978008,322.7227320712232,0.08950763488401114,9,7096,7105,True,0.5771190365910144,2159
TSM,b_20_80|none|death_cross,2026-01-12,2026-01-13,2026-01-14,2026-01-15,331.1591315955093,341.0480638104695,0.029861571889368665,2,7108,7110,True,0.5226223453370268,2166
TSM,b_20_80|none|death_cross,2026-01-28,2026-01-29,2026-01-30,2026-02-02,338.05352465035566,329.0600043192495,-0.026603835414548693,2,7119,7121,True,0.5226223453370268,2166
TSM,b_20_80|none|death_cross,2026-02-02,2026-02-03,2026-02-04,2026-02-05,343.2964585126223,321.16080290831286,-0.06447970858835861,2,7122,7124,True,0.5226223453370268,2166
TSM,b_20_80|none|death_cross,2026-02-06,2026-02-09,2026-02-18,2026-02-19,346.96749787603636,357.87114996380035,0.03142557200461349,7,7126,7133,True,0.5566867191115225,2161
TSM,b_20_80|none|death_cross,2026-02-20,2026-02-23,2026-02-26,2026-02-27,365.12369699323017,368.2376028761936,0.008528358768839839,4,7135,7139,True,0.5328096118299446,2164
TSM,b_20_80|none|death_cross,2026-03-11,2026-03-12,2026-03-12,2026-03-13,344.15201374736165,342.1523487531383,-0.005810412010813559,1,7148,7149,True,0.5260729118597139,2167
TSM,b_20_80|none|death_cross,2026-03-17,2026-03-18,2026-03-20,2026-03-23,344.97212438439857,330.3264373947262,-0.04245469692894033,3,7152,7155,True,0.5288683602771362,2165
TSM,b_20_80|none|death_cross,2026-03-23,2026-03-24,2026-03-26,2026-03-27,334.785979471341,324.07105189915274,-0.03200530556598635,3,7156,7159,True,0.5288683602771362,2165
TSM,b_20_80|none|death_cross,2026-03-31,2026-04-01,2026-04-16,2026-04-17,343.0965116413069,372.32807283213566,0.08519923752937819,11,7162,7173,True,0.5744089012517385,2157
TSM,b_20_80|none|death_cross,2026-04-22,2026-04-23,2026-04-28,2026-04-29,383.35224217986075,391.9920175913842,0.022537432838255933,4,7177,7181,True,0.5328096118299446,2164
TSM,b_20_80|none|death_cross,2026-05-06,2026-05-07,2026-05-11,2026-05-12,417.1131700589296,396.8207097656788,-0.04864977121289138,3,7187,7190,True,0.5288683602771362,2165
TSM,b_20_80|none|death_cross,2026-05-14,2026-05-15,2026-05-15,2026-05-18,405.55027471857755,405.9293892063572,0.0009348150190324755,1,7193,7194,True,0.5260729118597139,2167
TSM,b_20_80|none|death_cross,2026-05-22,2026-05-26,2026-06-05,2026-06-08,412.1547776294236,422.7799063408481,0.025779462687625765,9,7199,7208,True,0.5771190365910144,2159
TSM,b_20_80|none|death_cross,2026-06-15,2026-06-16,2026-06-24,2026-06-25,436.0199890136719,452.8999938964844,0.03871383264101502,6,7214,7220,True,0.5522664199814986,2162
TSM,b_20_80|none|death_cross,2026-06-30,2026-07-01,2026-07-02,2026-07-06,467.6700134277344,447.7799987792969,-0.04253001919591959,2,7224,7226,True,0.5226223453370268,2166
TSM,b_20_80|none|death_cross,2026-07-30,2026-07-31,2026-08-14,2026-08-17,419.5,429.9700012207031,0.024958286580937017,11,7245,7256,True,0.5744089012517385,2157
