symbol,arm,signal_date,entry_date,exit_signal_date,exit_date,entry_price,exit_price,ret,hold_bars,entry_bar,exit_bar,closed,base_rate,base_n
NVDA,A-NOK30-CLOSE-FILL,1999-11-16,1999-11-16,1999-11-18,1999-11-18,0.0655791237950325,0.06832073628902435,0.041806177565908875,2,207,209,True,0.534006534006534,6734
NVDA,A-NOK30-CLOSE-FILL,1999-11-19,1999-11-19,1999-11-23,1999-11-23,0.08179465681314468,0.07583332061767578,-0.07288173124911135,2,210,212,True,0.534006534006534,6734
NVDA,A-NOK30-CLOSE-FILL,2000-03-07,2000-03-07,2000-03-15,2000-03-15,0.15893930196762085,0.20150548219680786,0.2678140629927934,6,283,289,True,0.5570579494799406,6730
NVDA,A-NOK30-CLOSE-FILL,2000-05-05,2000-05-05,2000-05-08,2000-05-08,0.17575092613697052,0.16931253671646118,-0.03663360166586893,1,325,326,True,0.5178916109873793,6735
NVDA,A-NOK30-CLOSE-FILL,2000-05-16,2000-05-16,2000-05-26,2000-05-26,0.17932775616645813,0.20132696628570557,0.12267599054117984,8,332,340,True,0.56064209274673,6728
NVDA,A-NOK30-CLOSE-FILL,2000-05-31,2000-05-31,2000-06-07,2000-06-07,0.21772097051143646,0.23274517059326172,0.0690066742148574,5,342,347,True,0.5522210667062843,6731
NVDA,A-NOK30-CLOSE-FILL,2000-06-16,2000-06-16,2000-06-23,2000-06-23,0.28568458557128906,0.2824658751487732,-0.011266657653507428,5,354,359,True,0.5522210667062843,6731
NVDA,A-NOK30-CLOSE-FILL,2000-06-26,2000-06-26,2000-06-27,2000-06-27,0.3165663778781891,0.2718534469604492,-0.141243461221093,1,360,361,True,0.5178916109873793,6735
NVDA,A-NOK30-CLOSE-FILL,2000-08-15,2000-08-15,2000-08-22,2000-08-22,0.27167508006095886,0.27018433809280396,-0.005487223810959785,5,395,400,True,0.5522210667062843,6731
NVDA,A-NOK30-CLOSE-FILL,2000-08-30,2000-08-30,2000-09-06,2000-09-06,0.29951563477516174,0.28282299637794495,-0.05573211031119463,4,406,410,True,0.5460487225193108,6732
NVDA,A-NOK30-CLOSE-FILL,2001-01-18,2001-01-18,2001-01-22,2001-01-22,0.20406948029994965,0.19077415764331818,-0.06515096053113612,2,502,504,True,0.534006534006534,6734
NVDA,A-NOK30-CLOSE-FILL,2001-01-23,2001-01-23,2001-01-25,2001-01-25,0.20979268848896027,0.18791255354881287,-0.10429407763320975,2,505,507,True,0.534006534006534,6734
NVDA,A-NOK30-CLOSE-FILL,2001-03-22,2001-03-22,2001-03-28,2001-03-28,0.258022665977478,0.25987058877944946,0.007161862292100807,4,546,550,True,0.5460487225193108,6732
NVDA,A-NOK30-CLOSE-FILL,2001-05-01,2001-05-01,2001-05-09,2001-05-09,0.3475147783756256,0.31660929322242737,-0.08893286581266702,6,573,579,True,0.5570579494799406,6730
NVDA,A-NOK30-CLOSE-FILL,2001-08-16,2001-08-16,2001-08-17,2001-08-17,0.3417530357837677,0.3196238875389099,-0.06475187029167817,1,648,649,True,0.5178916109873793,6735
NVDA,A-NOK30-CLOSE-FILL,2001-08-27,2001-08-27,2001-08-30,2001-08-30,0.3366405963897705,0.3205396234989166,-0.047828375613414686,3,655,658,True,0.5330461904054656,6733
NVDA,A-NOK30-CLOSE-FILL,2001-10-24,2001-10-24,2001-10-26,2001-10-26,0.3554512858390808,0.34942227602005005,-0.016961564240226767,2,692,694,True,0.534006534006534,6734
NVDA,A-NOK30-CLOSE-FILL,2001-11-02,2001-11-02,2001-11-15,2001-11-15,0.3599529564380646,0.4040603041648865,0.12253642299062828,9,699,708,True,0.5645904563698528,6727
NVDA,A-NOK30-CLOSE-FILL,2002-10-30,2002-10-30,2002-11-05,2002-11-05,0.08577251434326172,0.11461762338876724,0.33629781365703426,4,948,952,True,0.5460487225193108,6732
NVDA,A-NOK30-CLOSE-FILL,2002-11-06,2002-11-06,2002-11-07,2002-11-07,0.12346889823675156,0.11103074997663498,-0.10073912084536818,1,953,954,True,0.5178916109873793,6735
NVDA,A-NOK30-CLOSE-FILL,2003-04-29,2003-04-29,2003-05-08,2003-05-08,0.10981009155511856,0.12255322933197021,0.11604705538794047,7,1071,1078,True,0.5575865656115322,6729
NVDA,A-NOK30-CLOSE-FILL,2003-05-09,2003-05-09,2003-05-19,2003-05-19,0.16307371854782104,0.15307776629924774,-0.061297138113901584,6,1079,1085,True,0.5570579494799406,6730
NVDA,A-NOK30-CLOSE-FILL,2003-05-27,2003-05-27,2003-06-02,2003-06-02,0.17337553203105927,0.188637837767601,0.08803033252585823,4,1090,1094,True,0.5460487225193108,6732
NVDA,A-NOK30-CLOSE-FILL,2003-06-04,2003-06-04,2003-06-06,2003-06-06,0.19710826873779297,0.1965743452310562,-0.002708782894577655,2,1096,1098,True,0.534006534006534,6734
NVDA,A-NOK30-CLOSE-FILL,2003-09-17,2003-09-17,2003-09-19,2003-09-19,0.15147529542446136,0.15139839053153992,-0.0005077058454050487,2,1169,1171,True,0.534006534006534,6734
NVDA,A-NOK30-CLOSE-FILL,2003-11-05,2003-11-05,2003-11-14,2003-11-14,0.13842622935771942,0.15391652286052704,0.111902878339464,7,1204,1211,True,0.5575865656115322,6729
NVDA,A-NOK30-CLOSE-FILL,2003-11-25,2003-11-25,2003-12-04,2003-12-04,0.16261586546897888,0.16109026968479156,-0.009381592501983449,6,1218,1224,True,0.5570579494799406,6730
NVDA,A-NOK30-CLOSE-FILL,2004-01-05,2004-01-05,2004-01-13,2004-01-13,0.18184590339660645,0.18642453849315643,0.025178654074840434,6,1244,1250,True,0.5570579494799406,6730
NVDA,A-NOK30-CLOSE-FILL,2004-02-20,2004-02-20,2004-02-23,2004-02-23,0.1842121034860611,0.17780208587646484,-0.034796940528293185,1,1276,1277,True,0.5178916109873793,6735
NVDA,A-NOK30-CLOSE-FILL,2004-09-16,2004-09-16,2004-09-22,2004-09-22,0.10767281800508499,0.10958117991685867,0.01772371102689596,4,1420,1424,True,0.5460487225193108,6732
NVDA,A-NOK30-CLOSE-FILL,2004-10-01,2004-10-01,2004-10-08,2004-10-08,0.11538038402795792,0.11072579771280289,-0.04034122744839519,5,1431,1436,True,0.5522210667062843,6731
NVDA,A-NOK30-CLOSE-FILL,2004-11-18,2004-11-18,2004-11-19,2004-11-19,0.14392055571079254,0.14468339085578918,0.005300390491331575,1,1465,1466,True,0.5178916109873793,6735
NVDA,A-NOK30-CLOSE-FILL,2004-12-03,2004-12-03,2004-12-09,2004-12-09,0.15819016098976135,0.17452016472816467,0.10323021126111787,4,1475,1479,True,0.5460487225193108,6732
NVDA,A-NOK30-CLOSE-FILL,2004-12-10,2004-12-10,2004-12-13,2004-12-13,0.17787814140319824,0.17299461364746094,-0.027454344402372377,1,1480,1481,True,0.5178916109873793,6735
NVDA,A-NOK30-CLOSE-FILL,2004-12-16,2004-12-16,2004-12-17,2004-12-17,0.18047237396240234,0.17597070336341858,-0.024943821041117364,1,1484,1485,True,0.5178916109873793,6735
NVDA,A-NOK30-CLOSE-FILL,2005-02-11,2005-02-11,2005-02-14,2005-02-14,0.19955042004585266,0.1953527182340622,-0.021035795418651193,1,1523,1524,True,0.5178916109873793,6735
NVDA,A-NOK30-CLOSE-FILL,2005-02-18,2005-02-18,2005-02-23,2005-02-23,0.21572750806808472,0.21137788891792297,-0.020162561506940402,2,1528,1530,True,0.534006534006534,6734
NVDA,A-NOK30-CLOSE-FILL,2005-02-24,2005-02-24,2005-03-02,2005-03-02,0.21694906055927277,0.21420185267925262,-0.012662916690849513,4,1531,1535,True,0.5460487225193108,6732
NVDA,A-NOK30-CLOSE-FILL,2005-05-13,2005-05-13,2005-05-27,2005-05-27,0.19329246878623962,0.2100043147802353,0.08645885739333758,10,1586,1596,True,0.5697294082664288,6726
NVDA,A-NOK30-CLOSE-FILL,2005-06-02,2005-06-02,2005-06-06,2005-06-06,0.21649116277694702,0.21389605104923248,-0.011987148548822324,2,1599,1601,True,0.534006534006534,6734
NVDA,A-NOK30-CLOSE-FILL,2005-08-12,2005-08-12,2005-08-18,2005-08-18,0.22854752838611603,0.22442680597305298,-0.018030045838436592,4,1649,1653,True,0.5460487225193108,6732
NVDA,A-NOK30-CLOSE-FILL,2005-11-17,2005-11-17,2005-11-29,2005-11-29,0.27669963240623474,0.27074748277664185,-0.021511230708302076,7,1717,1724,True,0.5575865656115322,6729
NVDA,A-NOK30-CLOSE-FILL,2006-01-03,2006-01-03,2006-01-13,2006-01-13,0.29165610671043396,0.32439297437667847,0.11224475302602444,8,1747,1755,True,0.56064209274673,6728
NVDA,A-NOK30-CLOSE-FILL,2006-01-26,2006-01-26,2006-01-31,2006-01-31,0.34637024998664856,0.3430890738964081,-0.009473030926781312,3,1763,1766,True,0.5330461904054656,6733
NVDA,A-NOK30-CLOSE-FILL,2006-03-01,2006-03-01,2006-03-08,2006-03-08,0.37330788373947144,0.36613401770591736,-0.019217022586537902,5,1786,1791,True,0.5522210667062843,6731
NVDA,A-NOK30-CLOSE-FILL,2006-08-08,2006-08-08,2006-08-09,2006-08-09,0.371476411819458,0.37132349610328674,-0.00041164313885311277,1,1897,1898,True,0.5178916109873793,6735
NVDA,A-NOK30-CLOSE-FILL,2006-08-15,2006-08-15,2006-08-22,2006-08-22,0.3894849121570587,0.40154221653938293,0.03095705123864234,5,1902,1907,True,0.5522210667062843,6731
NVDA,A-NOK30-CLOSE-FILL,2006-08-29,2006-08-29,2006-09-01,2006-09-01,0.4369502663612366,0.425655722618103,-0.025848579604242805,3,1912,1915,True,0.5330461904054656,6733
NVDA,A-NOK30-CLOSE-FILL,2007-05-04,2007-05-04,2007-05-07,2007-05-07,0.514480471611023,0.5042552947998047,-0.019874761775115712,1,2082,2083,True,0.5178916109873793,6735
NVDA,A-NOK30-CLOSE-FILL,2007-05-11,2007-05-11,2007-05-23,2007-05-23,0.5363054871559143,0.5247061848640442,-0.021628162623102076,8,2087,2095,True,0.56064209274673,6728
NVDA,A-NOK30-CLOSE-FILL,2007-07-03,2007-07-03,2007-07-17,2007-07-17,0.6577900052070618,0.7096812129020691,0.0788871939133109,9,2123,2132,True,0.5645904563698528,6727
NVDA,A-NOK30-CLOSE-FILL,2007-10-08,2007-10-08,2007-10-09,2007-10-09,0.859171986579895,0.8440625667572021,-0.017586024752551443,1,2190,2191,True,0.5178916109873793,6735
NVDA,A-NOK30-CLOSE-FILL,2007-10-17,2007-10-17,2007-10-25,2007-10-25,0.9051868915557861,0.7943848967552185,-0.12240786497706257,6,2197,2203,True,0.5570579494799406,6730
NVDA,A-NOK30-CLOSE-FILL,2007-12-14,2007-12-14,2007-12-17,2007-12-17,0.802855372428894,0.7618770599365234,-0.051040715301434836,1,2238,2239,True,0.5178916109873793,6735
NVDA,A-NOK30-CLOSE-FILL,2007-12-21,2007-12-21,2007-12-28,2007-12-28,0.8049156069755554,0.796445369720459,-0.01052313706144059,4,2243,2247,True,0.5460487225193108,6732
NVDA,A-NOK30-CLOSE-FILL,2008-05-15,2008-05-15,2008-05-20,2008-05-20,0.5443941950798035,0.5329477190971375,-0.021026080156839377,3,2342,2345,True,0.5330461904054656,6733
NVDA,A-NOK30-CLOSE-FILL,2008-05-30,2008-05-30,2008-06-06,2008-06-06,0.5654555559158325,0.5508042573928833,-0.025910610249853194,5,2352,2357,True,0.5522210667062843,6731
NVDA,A-NOK30-CLOSE-FILL,2009-03-25,2009-03-25,2009-03-31,2009-03-31,0.22755582630634308,0.22572436928749084,-0.008048385526225443,4,2558,2562,True,0.5460487225193108,6732
NVDA,A-NOK30-CLOSE-FILL,2009-04-02,2009-04-02,2009-04-15,2009-04-15,0.24220728874206543,0.26075056195259094,0.07655951770416314,8,2564,2572,True,0.56064209274673,6728
NVDA,A-NOK30-CLOSE-FILL,2009-06-04,2009-06-04,2009-06-05,2009-06-05,0.2493041306734085,0.24793057143688202,-0.005509572716730804,1,2607,2608,True,0.5178916109873793,6735
NVDA,A-NOK30-CLOSE-FILL,2009-06-09,2009-06-09,2009-06-11,2009-06-11,0.26006385684013367,0.26487138867378235,0.018485966839305812,2,2610,2612,True,0.534006534006534,6734
NVDA,A-NOK30-CLOSE-FILL,2009-08-03,2009-08-03,2009-08-04,2009-08-04,0.30401816964149475,0.30607858300209045,0.00677727046059573,1,2648,2649,True,0.5178916109873793,6735
NVDA,A-NOK30-CLOSE-FILL,2009-09-04,2009-09-04,2009-09-16,2009-09-16,0.34591227769851685,0.3649134337902069,0.054930562795029614,7,2672,2679,True,0.5575865656115322,6729
NVDA,A-NOK30-CLOSE-FILL,2009-12-16,2009-12-16,2009-12-18,2009-12-18,0.3871195614337921,0.3850591480731964,-0.005322421199704941,2,2743,2745,True,0.534006534006534,6734
NVDA,A-NOK30-CLOSE-FILL,2009-12-21,2009-12-21,2010-01-04,2010-01-04,0.39879491925239563,0.42329031229019165,0.0614235333883304,8,2746,2754,True,0.56064209274673,6728
NVDA,A-NOK30-CLOSE-FILL,2010-01-06,2010-01-06,2010-01-07,2010-01-07,0.4322187900543213,0.4237481951713562,-0.019597932986440747,1,2756,2757,True,0.5178916109873793,6735
NVDA,A-NOK30-CLOSE-FILL,2010-03-16,2010-03-16,2010-03-18,2010-03-18,0.4065786600112915,0.39971059560775757,-0.016892338627273684,2,2803,2805,True,0.534006534006534,6734
NVDA,A-NOK30-CLOSE-FILL,2010-11-05,2010-11-05,2010-11-09,2010-11-09,0.28867995738983154,0.288222074508667,-0.0015861263293254213,2,2967,2969,True,0.534006534006534,6734
NVDA,A-NOK30-CLOSE-FILL,2010-11-10,2010-11-10,2010-11-11,2010-11-11,0.29165610671043396,0.28867995738983154,-0.010204309980580084,1,2970,2971,True,0.5178916109873793,6735
NVDA,A-NOK30-CLOSE-FILL,2010-11-19,2010-11-19,2010-12-06,2010-12-06,0.3147779405117035,0.33217653632164,0.055272601954423406,10,2977,2987,True,0.5697294082664288,6726
NVDA,A-NOK30-CLOSE-FILL,2011-05-10,2011-05-10,2011-05-13,2011-05-13,0.4528222978115082,0.41802507638931274,-0.07684520305287645,3,3094,3097,True,0.5330461904054656,6733
NVDA,A-NOK30-CLOSE-FILL,2011-10-27,2011-10-27,2011-11-01,2011-11-01,0.349117249250412,0.321874737739563,-0.07803255659621877,3,3213,3216,True,0.5330461904054656,6733
NVDA,A-NOK30-CLOSE-FILL,2012-02-01,2012-02-01,2012-02-10,2012-02-10,0.341791570186615,0.3639976680278778,0.06496970603791796,7,3278,3285,True,0.5575865656115322,6729
NVDA,A-NOK30-CLOSE-FILL,2012-06-28,2012-06-28,2012-07-09,2012-07-09,0.3031025528907776,0.3026447594165802,-0.0015103583583552238,6,3381,3387,True,0.5570579494799406,6730
NVDA,A-NOK30-CLOSE-FILL,2013-01-02,2013-01-02,2013-01-09,2013-01-09,0.29307690262794495,0.28132620453834534,-0.040094248247590114,5,3508,3513,True,0.5522210667062843,6731
NVDA,A-NOK30-CLOSE-FILL,2013-02-08,2013-02-08,2013-02-20,2013-02-20,0.2850126028060913,0.2852431535720825,0.0008089142856186893,7,3534,3541,True,0.5575865656115322,6729
NVDA,A-NOK30-CLOSE-FILL,2013-02-27,2013-02-27,2013-03-11,2013-03-11,0.29209306836128235,0.2944112718105316,0.007936523322018552,8,3546,3554,True,0.56064209274673,6728
NVDA,A-NOK30-CLOSE-FILL,2013-04-24,2013-04-24,2013-05-07,2013-05-07,0.3097113072872162,0.31643417477607727,0.021706884219847122,9,3585,3594,True,0.5645904563698528,6727
NVDA,A-NOK30-CLOSE-FILL,2013-05-10,2013-05-10,2013-05-13,2013-05-13,0.33706599473953247,0.330111563205719,-0.020632254936269967,1,3597,3598,True,0.5178916109873793,6735
NVDA,A-NOK30-CLOSE-FILL,2013-05-15,2013-05-15,2013-05-22,2013-05-22,0.34077513217926025,0.3355162739753723,-0.015432048020222244,5,3600,3605,True,0.5522210667062843,6731
NVDA,A-NOK30-CLOSE-FILL,2013-11-29,2013-11-29,2013-12-06,2013-12-06,0.3672870993614197,0.3642263412475586,-0.008333421236908833,5,3738,3743,True,0.5522210667062843,6731
NVDA,A-NOK30-CLOSE-FILL,2014-01-07,2014-01-07,2014-01-09,2014-01-09,0.38000091910362244,0.37081870436668396,-0.024163664547439123,2,3763,3765,True,0.534006534006534,6734
NVDA,A-NOK30-CLOSE-FILL,2014-01-16,2014-01-16,2014-01-24,2014-01-24,0.3781173825263977,0.36634528636932373,-0.031133443478367773,5,3770,3775,True,0.5522210667062843,6731
NVDA,A-NOK30-CLOSE-FILL,2014-06-10,2014-06-10,2014-06-16,2014-06-16,0.4549902081489563,0.4628308117389679,0.017232466654413692,4,3869,3873,True,0.5460487225193108,6732
NVDA,A-NOK30-CLOSE-FILL,2014-06-17,2014-06-17,2014-06-19,2014-06-19,0.46591949462890625,0.4547526240348816,-0.023967382182449315,2,3874,3876,True,0.534006534006534,6734
NVDA,A-NOK30-CLOSE-FILL,2014-08-26,2014-08-26,2014-08-27,2014-08-27,0.4641622006893158,0.45891207456588745,-0.011310973008210268,1,3923,3924,True,0.5178916109873793,6735
NVDA,A-NOK30-CLOSE-FILL,2014-08-28,2014-08-28,2014-09-08,2014-09-08,0.4627303183078766,0.4722760021686554,0.02062904349057071,6,3925,3931,True,0.5570579494799406,6730
NVDA,A-NOK30-CLOSE-FILL,2014-11-20,2014-11-20,2014-12-02,2014-12-02,0.487455815076828,0.49392640590667725,0.01327420994829942,7,3984,3991,True,0.5575865656115322,6729
NVDA,A-NOK30-CLOSE-FILL,2014-12-03,2014-12-03,2014-12-04,2014-12-04,0.5066280961036682,0.5020747184753418,-0.008987613721673005,1,3992,3993,True,0.5178916109873793,6735
NVDA,A-NOK30-CLOSE-FILL,2014-12-05,2014-12-05,2014-12-08,2014-12-08,0.5049505829811096,0.4984798729419708,-0.01281454117933134,1,3994,3995,True,0.5178916109873793,6735
NVDA,A-NOK30-CLOSE-FILL,2015-02-24,2015-02-24,2015-02-25,2015-02-25,0.5367260575294495,0.5326366424560547,-0.007619184900800935,1,4047,4048,True,0.5178916109873793,6735
NVDA,A-NOK30-CLOSE-FILL,2015-03-05,2015-03-05,2015-03-12,2015-03-12,0.5499578714370728,0.5453870892524719,-0.00831114967525981,5,4054,4059,True,0.5522210667062843,6731
NVDA,A-NOK30-CLOSE-FILL,2015-06-04,2015-06-04,2015-06-08,2015-06-08,0.5338934659957886,0.525675892829895,-0.015391784483757665,2,4117,4119,True,0.534006534006534,6734
NVDA,A-NOK30-CLOSE-FILL,2015-09-30,2015-09-30,2015-10-15,2015-10-15,0.5982727408409119,0.6657454967498779,0.11277925819272427,11,4199,4210,True,0.5723420074349442,6725
NVDA,A-NOK30-CLOSE-FILL,2015-10-22,2015-10-22,2015-10-27,2015-10-27,0.6892879009246826,0.690258800983429,0.0014085552023237469,3,4215,4218,True,0.5330461904054656,6733
NVDA,A-NOK30-CLOSE-FILL,2015-10-28,2015-10-28,2015-10-29,2015-10-29,0.6958413124084473,0.6718131303787231,-0.034531123118513474,1,4219,4220,True,0.5178916109873793,6735
NVDA,A-NOK30-CLOSE-FILL,2015-11-09,2015-11-09,2015-11-13,2015-11-13,0.7623428106307983,0.7232668995857239,-0.051257663219439586,4,4227,4231,True,0.5460487225193108,6732
NVDA,A-NOK30-CLOSE-FILL,2015-12-04,2015-12-04,2015-12-09,2015-12-09,0.8222465515136719,0.7969092726707458,-0.03081469760655453,3,4245,4248,True,0.5330461904054656,6733
NVDA,A-NOK30-CLOSE-FILL,2016-03-16,2016-03-16,2016-03-31,2016-03-31,0.8093487620353699,0.8712115287780762,0.07643523984287359,10,4314,4324,True,0.5697294082664288,6726
NVDA,A-NOK30-CLOSE-FILL,2016-04-01,2016-04-01,2016-04-04,2016-04-04,0.8839263916015625,0.875368058681488,-0.009682178291529286,1,4325,4326,True,0.5178916109873793,6735
NVDA,A-NOK30-CLOSE-FILL,2016-07-22,2016-07-22,2016-07-27,2016-07-27,1.3402419090270996,1.3743177652359009,0.025425153458704663,3,4403,4406,True,0.5330461904054656,6733
NVDA,A-NOK30-CLOSE-FILL,2016-07-29,2016-07-29,2016-08-01,2016-08-01,1.3998135328292847,1.3907427787780762,-0.006479973109614678,1,4408,4409,True,0.5178916109873793,6735
NVDA,A-NOK30-CLOSE-FILL,2016-08-11,2016-08-11,2016-08-17,2016-08-17,1.463552474975586,1.4990991353988647,0.024287930245802558,4,4417,4421,True,0.5460487225193108,6732
NVDA,A-NOK30-CLOSE-FILL,2016-08-23,2016-08-23,2016-08-24,2016-08-24,1.545088291168213,1.5212647914886475,-0.015418859760792603,1,4425,4426,True,0.5178916109873793,6735
NVDA,A-NOK30-CLOSE-FILL,2016-11-11,2016-11-11,2016-11-29,2016-11-29,2.160569190979004,2.2936763763427734,0.06160746247772586,11,4482,4493,True,0.5723420074349442,6725
NVDA,A-NOK30-CLOSE-FILL,2017-03-30,2017-03-30,2017-04-04,2017-04-04,2.69431471824646,2.482020378112793,-0.07879344558227197,3,4576,4579,True,0.5330461904054656,6733
NVDA,A-NOK30-CLOSE-FILL,2017-05-10,2017-05-10,2017-05-25,2017-05-25,2.9871439933776855,3.408668041229248,0.14111273135344504,11,4604,4615,True,0.5723420074349442,6725
NVDA,A-NOK30-CLOSE-FILL,2017-05-30,2017-05-30,2017-06-01,2017-06-01,3.5716323852539062,3.5590577125549316,-0.0035207074364347335,2,4617,4619,True,0.534006534006534,6734
NVDA,A-NOK30-CLOSE-FILL,2017-06-05,2017-06-05,2017-06-09,2017-06-09,3.649044990539551,3.6882455348968506,0.010742685951784736,4,4621,4625,True,0.5460487225193108,6732
NVDA,A-NOK30-CLOSE-FILL,2017-09-12,2017-09-12,2017-09-21,2017-09-21,4.1852545738220215,4.460389137268066,0.0657390270037479,7,4690,4697,True,0.5575865656115322,6729
NVDA,A-NOK30-CLOSE-FILL,2018-01-03,2018-01-03,2018-01-16,2018-01-16,5.246500015258789,5.435153484344482,0.03595796598437406,8,4768,4776,True,0.56064209274673,6728
NVDA,A-NOK30-CLOSE-FILL,2018-01-19,2018-01-19,2018-01-24,2018-01-24,5.682081699371338,5.8225860595703125,0.024727620550496487,3,4779,4782,True,0.5330461904054656,6733
NVDA,A-NOK30-CLOSE-FILL,2018-01-26,2018-01-26,2018-01-30,2018-01-30,6.008521556854248,5.993460178375244,-0.002506669625212954,2,4784,4786,True,0.534006534006534,6734
NVDA,A-NOK30-CLOSE-FILL,2018-07-26,2018-07-26,2018-07-30,2018-07-30,6.300541877746582,6.0357537269592285,-0.04202625042817054,2,4909,4911,True,0.534006534006534,6734
NVDA,A-NOK30-CLOSE-FILL,2018-08-22,2018-08-22,2018-09-05,2018-09-05,6.497837543487549,6.887288570404053,0.059935482275458085,9,4928,4937,True,0.5645904563698528,6727
NVDA,A-NOK30-CLOSE-FILL,2019-01-25,2019-01-25,2019-01-28,2019-01-28,3.965602159500122,3.4173755645751953,-0.13824548526926173,1,5034,5035,True,0.5178916109873793,6735
NVDA,A-NOK30-CLOSE-FILL,2019-02-20,2019-02-20,2019-02-21,2019-02-21,3.925983190536499,3.8571455478668213,-0.017533860775463705,1,5051,5052,True,0.5178916109873793,6735
NVDA,A-NOK30-CLOSE-FILL,2019-02-22,2019-02-22,2019-02-25,2019-02-25,3.94183087348938,3.929450273513794,-0.0031408247519829624,1,5053,5054,True,0.5178916109873793,6735
NVDA,A-NOK30-CLOSE-FILL,2019-04-01,2019-04-01,2019-04-12,2019-04-12,4.518232345581055,4.7098388671875,0.04240740779828234,9,5079,5088,True,0.5645904563698528,6727
NVDA,A-NOK30-CLOSE-FILL,2019-07-12,2019-07-12,2019-07-25,2019-07-25,4.159343719482422,4.302530765533447,0.0344253939342245,9,5150,5159,True,0.5645904563698528,6727
NVDA,A-NOK30-CLOSE-FILL,2019-09-04,2019-09-04,2019-09-16,2019-09-16,4.1920270919799805,4.476449489593506,0.06784841590305346,8,5187,5195,True,0.56064209274673,6728
NVDA,A-NOK30-CLOSE-FILL,2019-10-21,2019-10-21,2019-10-22,2019-10-22,4.868924140930176,4.858986854553223,-0.0020409614299422563,1,5220,5221,True,0.5178916109873793,6735
NVDA,A-NOK30-CLOSE-FILL,2019-10-25,2019-10-25,2019-10-30,2019-10-30,5.080809593200684,5.0425543785095215,-0.0075293541293806054,3,5224,5227,True,0.5330461904054656,6733
NVDA,A-NOK30-CLOSE-FILL,2019-11-04,2019-11-04,2019-11-08,2019-11-08,5.228855133056641,5.161292552947998,-0.01292110383428191,4,5230,5234,True,0.5460487225193108,6732
NVDA,A-NOK30-CLOSE-FILL,2020-01-16,2020-01-16,2020-01-21,2020-01-21,6.188027381896973,6.163417339324951,-0.00397704164076873,2,5280,5282,True,0.534006534006534,6734
NVDA,A-NOK30-CLOSE-FILL,2020-04-13,2020-04-13,2020-04-21,2020-04-21,6.712080001831055,6.703622341156006,-0.0012600655344903178,6,5339,5345,True,0.5570579494799406,6730
NVDA,A-NOK30-CLOSE-FILL,2020-04-27,2020-04-27,2020-04-28,2020-04-28,7.389382839202881,7.247104644775391,-0.01925440832117431,1,5349,5350,True,0.5178916109873793,6735
NVDA,A-NOK30-CLOSE-FILL,2020-04-29,2020-04-29,2020-05-01,2020-05-01,7.423707008361816,7.033691883087158,-0.052536438309776834,2,5351,5353,True,0.534006534006534,6734
NVDA,A-NOK30-CLOSE-FILL,2020-05-07,2020-05-07,2020-05-13,2020-05-13,7.5831451416015625,7.740594863891602,0.020763116009248073,4,5357,5361,True,0.5460487225193108,6732
NVDA,A-NOK30-CLOSE-FILL,2020-05-14,2020-05-14,2020-05-21,2020-05-21,7.9898247718811035,8.730804443359375,0.09274041579560421,5,5362,5367,True,0.5522210667062843,6731
NVDA,A-NOK30-CLOSE-FILL,2020-05-22,2020-05-22,2020-05-26,2020-05-26,8.980531692504883,8.673593521118164,-0.03417817362004172,1,5368,5369,True,0.5178916109873793,6735
NVDA,A-NOK30-CLOSE-FILL,2020-08-17,2020-08-17,2020-08-20,2020-08-20,12.280113220214844,12.085018157958984,-0.015887073576382416,3,5427,5430,True,0.5330461904054656,6733
NVDA,A-NOK30-CLOSE-FILL,2020-08-21,2020-08-21,2020-08-27,2020-08-27,12.625016212463379,12.57002067565918,-0.004356076529225206,4,5431,5435,True,0.5460487225193108,6732
NVDA,A-NOK30-CLOSE-FILL,2020-08-28,2020-08-28,2020-09-02,2020-09-02,13.087126731872559,14.28462028503418,0.0915016395650261,3,5436,5439,True,0.5330461904054656,6733
NVDA,A-NOK30-CLOSE-FILL,2020-10-12,2020-10-12,2020-10-15,2020-10-15,14.164640426635742,13.909744262695312,-0.0179952442323289,3,5466,5469,True,0.5330461904054656,6733
NVDA,A-NOK30-CLOSE-FILL,2021-01-21,2021-01-21,2021-01-27,2021-01-27,13.811765670776367,12.86583423614502,-0.06848736484378659,4,5535,5539,True,0.5460487225193108,6732
NVDA,A-NOK30-CLOSE-FILL,2021-04-15,2021-04-15,2021-04-19,2021-04-19,16.077939987182617,15.305289268493652,-0.048056574368664395,2,5593,5595,True,0.534006534006534,6734
NVDA,A-NOK30-CLOSE-FILL,2021-06-11,2021-06-11,2021-06-15,2021-06-15,17.76380729675293,17.727184295654297,-0.0020616639488837407,2,5633,5635,True,0.534006534006534,6734
NVDA,A-NOK30-CLOSE-FILL,2021-06-24,2021-06-24,2021-07-07,2021-07-07,19.13930320739746,20.301530838012695,0.06072465742462474,8,5642,5650,True,0.56064209274673,6728
NVDA,A-NOK30-CLOSE-FILL,2021-10-29,2021-10-29,2021-11-04,2021-11-04,25.48336410522461,29.703514099121094,0.16560411633530236,4,5731,5735,True,0.5460487225193108,6732
NVDA,A-NOK30-CLOSE-FILL,2021-11-19,2021-11-19,2021-11-23,2021-11-23,32.877098083496094,31.642154693603516,-0.03756242070867277,2,5746,5748,True,0.534006534006534,6734
NVDA,A-NOK30-CLOSE-FILL,2021-11-29,2021-11-29,2021-12-01,2021-12-01,33.26681900024414,31.336000442504883,-0.05804037223171499,2,5751,5753,True,0.534006534006534,6734
NVDA,A-NOK30-CLOSE-FILL,2022-07-28,2022-07-28,2022-08-08,2022-08-08,17.9342098236084,17.743738174438477,-0.010620576598763032,7,5917,5924,True,0.5575865656115322,6729
NVDA,A-NOK30-CLOSE-FILL,2022-08-15,2022-08-15,2022-08-19,2022-08-19,18.979310989379883,17.799585342407227,-0.06215850763143016,4,5929,5933,True,0.5460487225193108,6732
NVDA,A-NOK30-CLOSE-FILL,2022-11-04,2022-11-04,2022-11-09,2022-11-09,14.121002197265625,13.741943359375,-0.02684362147921948,3,5987,5990,True,0.5330461904054656,6733
NVDA,A-NOK30-CLOSE-FILL,2022-11-10,2022-11-10,2022-11-16,2022-11-16,15.711061477661133,15.87066650390625,0.010158767851048855,4,5991,5995,True,0.5460487225193108,6732
NVDA,A-NOK30-CLOSE-FILL,2022-11-30,2022-11-30,2022-12-06,2022-12-06,16.885478973388672,15.951554298400879,-0.05530933866073018,4,6004,6008,True,0.5460487225193108,6732
NVDA,A-NOK30-CLOSE-FILL,2023-02-02,2023-02-02,2023-02-03,2023-02-03,21.660869598388672,21.053220748901367,-0.028052837247702467,1,6047,6048,True,0.5178916109873793,6735
NVDA,A-NOK30-CLOSE-FILL,2023-02-07,2023-02-07,2023-02-09,2023-02-09,22.12384033203125,22.2874755859375,0.007396331353437535,2,6050,6052,True,0.534006534006534,6734
NVDA,A-NOK30-CLOSE-FILL,2023-02-14,2023-02-14,2023-02-16,2023-02-16,22.920072555541992,21.953218460083008,-0.042183727521630465,2,6055,6057,True,0.534006534006534,6734
NVDA,A-NOK30-CLOSE-FILL,2023-03-30,2023-03-30,2023-04-05,2023-04-05,27.326929092407227,26.825960159301758,-0.018332427014079,4,6086,6090,True,0.5460487225193108,6732
NVDA,A-NOK30-CLOSE-FILL,2023-05-05,2023-05-05,2023-05-12,2023-05-12,28.621274948120117,28.281970977783203,-0.011854956529782412,5,6111,6116,True,0.5522210667062843,6731
NVDA,A-NOK30-CLOSE-FILL,2023-05-15,2023-05-15,2023-05-23,2023-05-23,28.893714904785156,30.62516212463379,0.05992470077158152,6,6117,6123,True,0.5570579494799406,6730
NVDA,A-NOK30-CLOSE-FILL,2023-05-26,2023-05-26,2023-05-31,2023-05-31,38.866249084472656,37.75653076171875,-0.028552236166191958,2,6126,6128,True,0.534006534006534,6734
NVDA,A-NOK30-CLOSE-FILL,2023-06-13,2023-06-13,2023-06-23,2023-06-23,40.94224166870117,42.126930236816406,0.02893560586402577,7,6137,6144,True,0.5575865656115322,6729
NVDA,A-NOK30-CLOSE-FILL,2023-08-29,2023-08-29,2023-09-05,2023-09-05,48.68914794921875,48.45361328125,-0.0048375187878498815,4,6190,6194,True,0.5460487225193108,6732
NVDA,A-NOK30-CLOSE-FILL,2023-11-20,2023-11-20,2023-11-21,2023-11-21,50.31513214111328,49.85099792480469,-0.009224545311873333,1,6248,6249,True,0.5178916109873793,6735
NVDA,A-NOK30-CLOSE-FILL,2024-01-08,2024-01-08,2024-01-24,2024-01-24,52.16028594970703,61.25312042236328,0.17432485859881153,11,6280,6291,True,0.5723420074349442,6725
NVDA,A-NOK30-CLOSE-FILL,2024-01-30,2024-01-30,2024-01-31,2024-01-31,62.66261291503906,61.41782760620117,-0.01986488036376055,1,6295,6296,True,0.5178916109873793,6735
NVDA,A-NOK30-CLOSE-FILL,2024-02-02,2024-02-02,2024-02-12,2024-02-12,66.04261016845703,72.11981201171875,0.09201940728509062,6,6298,6304,True,0.5570579494799406,6730
NVDA,A-NOK30-CLOSE-FILL,2024-02-23,2024-02-23,2024-03-08,2024-03-08,78.67715454101562,87.37680053710938,0.11057397851823025,10,6312,6322,True,0.5697294082664288,6726
NVDA,A-NOK30-CLOSE-FILL,2024-05-13,2024-05-13,2024-05-17,2024-05-17,90.24284362792969,92.3192367553711,0.023008950560139185,4,6367,6371,True,0.5460487225193108,6732
NVDA,A-NOK30-CLOSE-FILL,2024-05-21,2024-05-21,2024-05-30,2024-05-30,95.22122955322266,110.30911254882812,0.1584508314626656,6,6373,6379,True,0.5570579494799406,6730
NVDA,A-NOK30-CLOSE-FILL,2024-06-03,2024-06-03,2024-06-06,2024-06-06,114.80134582519531,120.78897857666016,0.05215646827504994,3,6381,6384,True,0.5330461904054656,6733
NVDA,A-NOK30-CLOSE-FILL,2024-06-13,2024-06-13,2024-06-20,2024-06-20,129.39669799804688,130.56480407714844,0.00902732524997818,4,6389,6393,True,0.5460487225193108,6732
NVDA,A-NOK30-CLOSE-FILL,2024-08-23,2024-08-23,2024-08-26,2024-08-26,129.1571044921875,126.25189971923828,-0.022493573112928877,1,6438,6439,True,0.5178916109873793,6735
NVDA,A-NOK30-CLOSE-FILL,2024-10-04,2024-10-04,2024-10-15,2024-10-15,124.72511291503906,131.3946990966797,0.05347428457478198,7,6467,6474,True,0.5575865656115322,6729
NVDA,A-NOK30-CLOSE-FILL,2024-10-21,2024-10-21,2024-10-23,2024-10-23,143.4857940673828,139.34226989746094,-0.028877591658837076,2,6478,6480,True,0.534006534006534,6734
NVDA,A-NOK30-CLOSE-FILL,2025-06-03,2025-06-03,2025-06-13,2025-06-13,141.02235412597656,141.78115844726562,0.005380737869481456,8,6631,6639,True,0.56064209274673,6728
NVDA,A-NOK30-CLOSE-FILL,2025-07-02,2025-07-02,2025-07-07,2025-07-07,157.04083251953125,158.02952575683594,0.006295771752112378,2,6651,6653,True,0.534006534006534,6734
NVDA,A-NOK30-CLOSE-FILL,2025-07-08,2025-07-08,2025-07-11,2025-07-11,159.7871856689453,164.7006378173828,0.03074997615026165,3,6654,6657,True,0.5330461904054656,6733
NVDA,A-NOK30-CLOSE-FILL,2025-07-16,2025-07-16,2025-07-21,2025-07-21,171.14205932617188,171.1520538330078,5.839889314929181e-05,3,6660,6663,True,0.5330461904054656,6733
NVDA,A-NOK30-CLOSE-FILL,2025-09-29,2025-09-29,2025-10-06,2025-10-06,181.61837768554688,185.30364990234375,0.020291295758502637,5,6712,6717,True,0.5522210667062843,6731
NVDA,A-NOK30-CLOSE-FILL,2025-10-08,2025-10-08,2025-10-10,2025-10-10,188.86911010742188,182.92669677734375,-0.031463129818837476,2,6719,6721,True,0.534006534006534,6734
NVDA,A-NOK30-CLOSE-FILL,2026-04-27,2026-04-27,2026-04-28,2026-04-28,216.3578338623047,212.92184448242188,-0.01588104908680843,1,6856,6857,True,0.5178916109873793,6735
NVDA,A-NOK30-CLOSE-FILL,2026-07-22,2026-07-22,2026-07-24,2026-07-24,212.05999755859375,206.83999633789062,-0.02461568084881638,2,6915,6917,True,0.534006534006534,6734
AAPL,A-NOK30-CLOSE-FILL,1981-10-20,1981-10-20,1981-10-23,1981-10-23,0.06697959452867508,0.06484590470790863,-0.03185581871286158,3,215,218,True,0.5259062776304155,11310
AAPL,A-NOK30-CLOSE-FILL,1981-10-28,1981-10-28,1981-11-03,1981-11-03,0.06825940310955048,0.06740618497133255,-0.012499642530547583,4,221,225,True,0.5317888407463083,11309
AAPL,A-NOK30-CLOSE-FILL,1981-12-16,1981-12-16,1981-12-28,1981-12-28,0.0665530264377594,0.07124555110931396,0.07050805835168195,7,255,262,True,0.5430744737307625,11306
AAPL,A-NOK30-CLOSE-FILL,1982-01-04,1982-01-04,1982-01-05,1982-01-05,0.0750848576426506,0.07124555110931396,-0.0511329002128359,1,266,267,True,0.5018564356435643,11312
AAPL,A-NOK30-CLOSE-FILL,1982-02-02,1982-02-02,1982-02-04,1982-02-04,0.0691126212477684,0.06740618497133255,-0.024690660629384742,2,287,289,True,0.5171072407391035,11311
AAPL,A-NOK30-CLOSE-FILL,1982-08-31,1982-08-31,1982-09-01,1982-09-01,0.06143313646316528,0.0597267709672451,-0.027775978798401435,1,433,434,True,0.5018564356435643,11312
AAPL,A-NOK30-CLOSE-FILL,1982-09-02,1982-09-02,1982-09-07,1982-09-07,0.062286362051963806,0.059300199151039124,-0.047942483756450716,2,435,437,True,0.5171072407391035,11311
AAPL,A-NOK30-CLOSE-FILL,1982-09-14,1982-09-14,1982-09-16,1982-09-16,0.06441929936408997,0.061859745532274246,-0.03973271763403441,2,442,444,True,0.5171072407391035,11311
AAPL,A-NOK30-CLOSE-FILL,1982-10-20,1982-10-20,1982-10-22,1982-10-22,0.08660367131233215,0.08830998837947845,0.019702595066582562,2,468,470,True,0.5171072407391035,11311
AAPL,A-NOK30-CLOSE-FILL,1982-11-01,1982-11-01,1982-11-08,1982-11-08,0.09129691869020462,0.09854898601770401,0.07943386733683355,5,476,481,True,0.5405022992571631,11308
AAPL,A-NOK30-CLOSE-FILL,1982-11-10,1982-11-10,1982-11-15,1982-11-15,0.10580179840326309,0.10793480277061462,0.020160379119659178,3,483,486,True,0.5259062776304155,11310
AAPL,A-NOK30-CLOSE-FILL,1983-01-26,1983-01-26,1983-02-07,1983-02-07,0.13011914491653442,0.14419740438461304,0.10819514282167453,8,536,544,True,0.5476337903582486,11305
AAPL,A-NOK30-CLOSE-FILL,1983-02-11,1983-02-11,1983-02-16,1983-02-16,0.15870235860347748,0.15187691152095795,-0.043007849048879665,3,548,551,True,0.5259062776304155,11310
AAPL,A-NOK30-CLOSE-FILL,1983-05-05,1983-05-05,1983-05-12,1983-05-12,0.1872863620519638,0.18046008050441742,-0.0364483642735951,5,605,610,True,0.5405022992571631,11308
AAPL,A-NOK30-CLOSE-FILL,1983-06-03,1983-06-03,1983-06-07,1983-06-07,0.20947065949440002,0.2069104015827179,-0.012222513252509115,2,625,627,True,0.5171072407391035,11311
AAPL,A-NOK30-CLOSE-FILL,1983-12-22,1983-12-22,1983-12-29,1983-12-29,0.08447068184614182,0.08319088816642761,-0.015150744042119468,4,766,770,True,0.5317888407463083,11309
AAPL,A-NOK30-CLOSE-FILL,1984-01-04,1984-01-04,1984-01-06,1984-01-06,0.09513624757528305,0.09470966458320618,-0.004483916519193332,2,773,775,True,0.5171072407391035,11311
AAPL,A-NOK30-CLOSE-FILL,1984-01-12,1984-01-12,1984-01-13,1984-01-13,0.09513624757528305,0.0930032804608345,-0.022420130799889804,1,779,780,True,0.5018564356435643,11312
AAPL,A-NOK30-CLOSE-FILL,1984-01-17,1984-01-17,1984-01-24,1984-01-24,0.09769579768180847,0.0930032804608345,-0.048031924937624426,5,782,787,True,0.5405022992571631,11308
AAPL,A-NOK30-CLOSE-FILL,1984-03-02,1984-03-02,1984-03-05,1984-03-05,0.0930032804608345,0.09129691869020462,-0.0183473288487761,1,814,815,True,0.5018564356435643,11312
AAPL,A-NOK30-CLOSE-FILL,1984-03-12,1984-03-12,1984-03-19,1984-03-19,0.09342984110116959,0.08959059417247772,-0.041092298600128974,5,820,825,True,0.5405022992571631,11308
AAPL,A-NOK30-CLOSE-FILL,1984-04-26,1984-04-26,1984-05-03,1984-05-03,0.10153592377901077,0.10793480277061462,0.06302083788128798,5,852,857,True,0.5405022992571631,11308
AAPL,A-NOK30-CLOSE-FILL,1984-12-05,1984-12-05,1984-12-10,1984-12-10,0.08916318416595459,0.09129691869020462,0.02393066762037832,3,1007,1010,True,0.5259062776304155,11310
AAPL,A-NOK30-CLOSE-FILL,1984-12-18,1984-12-18,1984-12-21,1984-12-21,0.09769579768180847,0.09215009212493896,-0.056765036864038554,3,1016,1019,True,0.5259062776304155,11310
AAPL,A-NOK30-CLOSE-FILL,1984-12-26,1984-12-26,1985-01-02,1985-01-02,0.09428305923938751,0.09513624757528305,0.009049222021203951,4,1021,1025,True,0.5317888407463083,11309
AAPL,A-NOK30-CLOSE-FILL,1985-01-10,1985-01-10,1985-01-17,1985-01-17,0.10238905251026154,0.09598945081233978,-0.06250279244727242,5,1031,1036,True,0.5405022992571631,11308
AAPL,A-NOK30-CLOSE-FILL,1985-07-12,1985-07-12,1985-07-16,1985-07-16,0.061006542295217514,0.0597267709672451,-0.020977607971608303,2,1158,1160,True,0.5171072407391035,11311
AAPL,A-NOK30-CLOSE-FILL,1985-09-18,1985-09-18,1985-09-25,1985-09-25,0.055460844188928604,0.054181069135665894,-0.023075289818941913,5,1205,1210,True,0.5405022992571631,11308
AAPL,A-NOK30-CLOSE-FILL,1985-10-30,1985-10-30,1985-11-05,1985-11-05,0.06484590470790863,0.06356609612703323,-0.019736151213251674,4,1234,1238,True,0.5317888407463083,11309
AAPL,A-NOK30-CLOSE-FILL,1985-11-06,1985-11-06,1985-11-12,1985-11-12,0.06569983065128326,0.06783276796340942,0.03246488295300498,4,1239,1243,True,0.5317888407463083,11309
AAPL,A-NOK30-CLOSE-FILL,1985-12-27,1985-12-27,1985-12-31,1985-12-31,0.07636464387178421,0.0750848576426506,-0.01675888427218175,2,1274,1276,True,0.5171072407391035,11311
AAPL,A-NOK30-CLOSE-FILL,1986-01-07,1986-01-07,1986-01-09,1986-01-09,0.07849840074777603,0.07721783965826035,-0.016313212464420412,2,1280,1282,True,0.5171072407391035,11311
AAPL,A-NOK30-CLOSE-FILL,1986-01-14,1986-01-14,1986-01-21,1986-01-21,0.07935155928134918,0.0819111093878746,0.03225582622075862,5,1285,1290,True,0.5405022992571631,11308
AAPL,A-NOK30-CLOSE-FILL,1986-02-19,1986-02-19,1986-02-27,1986-02-27,0.08532385528087616,0.08745674043893814,0.02499752444425729,6,1310,1316,True,0.5432033253736623,11307
AAPL,A-NOK30-CLOSE-FILL,1986-03-26,1986-03-26,1986-04-01,1986-04-01,0.09641601145267487,0.0930032804608345,-0.03539589473181515,3,1335,1338,True,0.5259062776304155,11310
AAPL,A-NOK30-CLOSE-FILL,1986-04-24,1986-04-24,1986-04-30,1986-04-30,0.1070815920829773,0.10324229300022125,-0.035853959658920465,4,1355,1359,True,0.5317888407463083,11309
AAPL,A-NOK30-CLOSE-FILL,1986-05-05,1986-05-05,1986-05-15,1986-05-15,0.1096411645412445,0.12286627292633057,0.12062174312377971,8,1362,1370,True,0.5476337903582486,11305
AAPL,A-NOK30-CLOSE-FILL,1986-05-22,1986-05-22,1986-06-06,1986-06-06,0.12542659044265747,0.1288394033908844,0.027209644591169813,10,1375,1385,True,0.5541891533221268,11303
AAPL,A-NOK30-CLOSE-FILL,1986-11-24,1986-11-24,1986-12-09,1986-12-09,0.12969255447387695,0.1446240395307541,0.11512985550673749,10,1504,1514,True,0.5541891533221268,11303
AAPL,A-NOK30-CLOSE-FILL,1987-01-19,1987-01-19,1987-01-20,1987-01-20,0.18131327629089355,0.17619413137435913,-0.028233701476561568,1,1541,1542,True,0.5018564356435643,11312
AAPL,A-NOK30-CLOSE-FILL,1987-01-28,1987-01-28,1987-02-05,1987-02-05,0.1889927238225937,0.18387284874916077,-0.027090329034248573,6,1548,1554,True,0.5432033253736623,11307
AAPL,A-NOK30-CLOSE-FILL,1987-02-24,1987-02-24,1987-03-02,1987-03-02,0.2235490381717682,0.2303745150566101,0.030532347357260514,4,1566,1570,True,0.5317888407463083,11309
AAPL,A-NOK30-CLOSE-FILL,1987-04-16,1987-04-16,1987-05-06,1987-05-06,0.24402616918087006,0.2730368375778198,0.11888343161854631,13,1603,1616,True,0.564070796460177,11300
AAPL,A-NOK30-CLOSE-FILL,1987-06-16,1987-06-16,1987-06-25,1987-06-25,0.28370699286460876,0.2768704295158386,-0.024097267676559175,7,1644,1651,True,0.5430744737307625,11306
AAPL,A-NOK30-CLOSE-FILL,1987-08-31,1987-08-31,1987-09-01,1987-09-01,0.36963802576065063,0.3593701720237732,-0.027778131634990766,1,1697,1698,True,0.5018564356435643,11312
AAPL,A-NOK30-CLOSE-FILL,1987-09-30,1987-09-30,1987-10-06,1987-10-06,0.3867504596710205,0.3816168010234833,-0.013273826880268125,4,1718,1722,True,0.5317888407463083,11309
AAPL,A-NOK30-CLOSE-FILL,1988-01-04,1988-01-04,1988-01-05,1988-01-05,0.30698859691619873,0.3061310946941376,-0.0027932705992178564,1,1783,1784,True,0.5018564356435643,11312
AAPL,A-NOK30-CLOSE-FILL,1988-03-01,1988-03-01,1988-03-10,1988-03-10,0.2972835600376129,0.31103062629699707,0.04624226868665349,7,1823,1830,True,0.5430744737307625,11306
AAPL,A-NOK30-CLOSE-FILL,1988-06-22,1988-06-22,1988-06-23,1988-06-23,0.3142286539077759,0.3099241852760315,-0.013698523601249013,1,1902,1903,True,0.5018564356435643,11312
AAPL,A-NOK30-CLOSE-FILL,1988-09-29,1988-09-29,1988-09-30,1988-09-30,0.3036080300807953,0.2984333336353302,-0.017044003889119863,1,1971,1972,True,0.5018564356435643,11312
AAPL,A-NOK30-CLOSE-FILL,1988-12-14,1988-12-14,1988-12-15,1988-12-15,0.2750064730644226,0.27327677607536316,-0.006289659184328555,1,2024,2025,True,0.5018564356435643,11312
AAPL,A-NOK30-CLOSE-FILL,1988-12-16,1988-12-16,1988-12-27,1988-12-27,0.27760058641433716,0.2801949083805084,0.009345520482075154,6,2026,2032,True,0.5432033253736623,11307
AAPL,A-NOK30-CLOSE-FILL,1989-01-04,1989-01-04,1989-01-17,1989-01-17,0.2905725836753845,0.27933013439178467,-0.03869067460321529,9,2037,2046,True,0.5502476999292286,11304
AAPL,A-NOK30-CLOSE-FILL,1989-05-22,1989-05-22,1989-05-23,1989-05-23,0.3198225796222687,0.31634634733200073,-0.010869252240956806,1,2133,2134,True,0.5018564356435643,11312
AAPL,A-NOK30-CLOSE-FILL,1989-05-24,1989-05-24,1989-05-30,1989-05-30,0.3319896459579468,0.33025145530700684,-0.005235677293261465,3,2135,2138,True,0.5259062776304155,11310
AAPL,A-NOK30-CLOSE-FILL,1989-06-02,1989-06-02,1989-06-05,1989-06-05,0.3406807780265808,0.3267756700515747,-0.04081565169468171,1,2141,2142,True,0.5018564356435643,11312
AAPL,A-NOK30-CLOSE-FILL,1989-08-22,1989-08-22,1989-09-06,1989-09-06,0.2988033592700958,0.3118705153465271,0.04373162372856565,10,2197,2207,True,0.5541891533221268,11303
AAPL,A-NOK30-CLOSE-FILL,1989-09-11,1989-09-11,1989-09-12,1989-09-12,0.31883931159973145,0.32058146595954895,0.005464051314991503,1,2210,2211,True,0.5018564356435643,11312
AAPL,A-NOK30-CLOSE-FILL,1989-10-19,1989-10-19,1989-10-23,1989-10-23,0.33974701166152954,0.3258087635040283,-0.041025373819585154,2,2238,2240,True,0.5171072407391035,11311
AAPL,A-NOK30-CLOSE-FILL,1990-03-16,1990-03-16,1990-03-21,1990-03-21,0.282105952501297,0.2917434275150299,0.03416260780136704,3,2340,2343,True,0.5259062776304155,11310
AAPL,A-NOK30-CLOSE-FILL,1990-03-26,1990-03-26,1990-03-27,1990-03-27,0.2961235046386719,0.2943715453147888,-0.005916312945238089,1,2346,2347,True,0.5018564356435643,11312
AAPL,A-NOK30-CLOSE-FILL,1990-06-27,1990-06-27,1990-07-05,1990-07-05,0.29167431592941284,0.3057308495044708,0.04819256549986983,5,2411,2416,True,0.5405022992571631,11308
AAPL,A-NOK30-CLOSE-FILL,1990-07-06,1990-07-06,1990-07-13,1990-07-13,0.3145162761211395,0.3285727798938751,0.04469245263263133,5,2417,2422,True,0.5405022992571631,11308
AAPL,A-NOK30-CLOSE-FILL,1990-11-05,1990-11-05,1990-11-15,1990-11-15,0.2343970239162445,0.25378337502479553,0.08270732616246113,8,2502,2510,True,0.5476337903582486,11305
AAPL,A-NOK30-CLOSE-FILL,1990-11-26,1990-11-26,1990-11-28,1990-11-28,0.25993654131889343,0.25993654131889343,0.0,2,2516,2518,True,0.5171072407391035,11311
AAPL,A-NOK30-CLOSE-FILL,1990-12-03,1990-12-03,1990-12-11,1990-12-11,0.26966211199760437,0.28292417526245117,0.04918029888071418,6,2521,2527,True,0.5432033253736623,11307
AAPL,A-NOK30-CLOSE-FILL,1991-01-23,1991-01-23,1991-01-29,1991-01-29,0.3660331964492798,0.38017937541007996,0.038647256855459444,4,2556,2560,True,0.5317888407463083,11309
AAPL,A-NOK30-CLOSE-FILL,1991-01-30,1991-01-30,1991-02-01,1991-02-01,0.3925572335720062,0.3943255543708801,0.004504619066074467,2,2561,2563,True,0.5171072407391035,11311
AAPL,A-NOK30-CLOSE-FILL,1991-02-08,1991-02-08,1991-02-13,1991-02-13,0.4235016107559204,0.42438575625419617,0.002087702799282498,3,2568,2571,True,0.5259062776304155,11310
AAPL,A-NOK30-CLOSE-FILL,1991-07-22,1991-07-22,1991-08-15,1991-08-15,0.32688143849372864,0.3784005045890808,0.15760780524202378,18,2680,2698,True,0.5769809650287738,11295
AAPL,A-NOK30-CLOSE-FILL,1991-08-22,1991-08-22,1991-08-23,1991-08-23,0.38637733459472656,0.37747445702552795,-0.023041925009749553,1,2703,2704,True,0.5018564356435643,11312
AAPL,A-NOK30-CLOSE-FILL,1991-08-27,1991-08-27,1991-08-28,1991-08-28,0.38459694385528564,0.3792548179626465,-0.01389019329973995,1,2706,2707,True,0.5018564356435643,11312
AAPL,A-NOK30-CLOSE-FILL,1992-09-09,1992-09-09,1992-09-11,1992-09-11,0.3521285951137543,0.3422471284866333,-0.028062096530186098,2,2968,2970,True,0.5171072407391035,11311
AAPL,A-NOK30-CLOSE-FILL,1992-09-14,1992-09-14,1992-09-15,1992-09-15,0.3557214140892029,0.34673914313316345,-0.025250858116140806,1,2971,2972,True,0.5018564356435643,11312
AAPL,A-NOK30-CLOSE-FILL,1992-11-05,1992-11-05,1992-11-12,1992-11-12,0.39524582028388977,0.40872079133987427,0.0340926339114882,5,3009,3014,True,0.5405022992571631,11308
AAPL,A-NOK30-CLOSE-FILL,1993-01-06,1993-01-06,1993-01-15,1993-01-15,0.44469761848449707,0.4338948726654053,-0.02429234016567683,7,3050,3057,True,0.5430744737307625,11306
AAPL,A-NOK30-CLOSE-FILL,1993-05-13,1993-05-13,1993-05-21,1993-05-21,0.40055975317955017,0.41499415040016174,0.03603556549562126,6,3139,3145,True,0.5432033253736623,11307
AAPL,A-NOK30-CLOSE-FILL,1993-11-02,1993-11-02,1993-11-03,1993-11-03,0.23790307343006134,0.2297305315732956,-0.03435240133275663,1,3259,3260,True,0.5018564356435643,11312
AAPL,A-NOK30-CLOSE-FILL,1994-01-21,1994-01-21,1994-02-02,1994-02-02,0.2433140128850937,0.2405802458524704,-0.011235551130852173,8,3315,3323,True,0.5476337903582486,11305
AAPL,A-NOK30-CLOSE-FILL,1994-02-07,1994-02-07,1994-02-18,1994-02-18,0.2670525908470154,0.2652236819267273,-0.006848497198575387,9,3326,3335,True,0.5502476999292286,11304
AAPL,A-NOK30-CLOSE-FILL,1994-07-22,1994-07-22,1994-08-04,1994-08-04,0.22770753502845764,0.24423441290855408,0.07257940708036292,9,3440,3449,True,0.5502476999292286,11304
AAPL,A-NOK30-CLOSE-FILL,1994-08-08,1994-08-08,1994-08-11,1994-08-11,0.2479069083929062,0.2520392835140228,0.01666905996248902,3,3451,3454,True,0.5259062776304155,11310
AAPL,A-NOK30-CLOSE-FILL,1994-08-12,1994-08-12,1994-08-18,1994-08-18,0.25525256991386414,0.2552155554294586,-0.0001450112115150004,4,3455,3459,True,0.5317888407463083,11309
AAPL,A-NOK30-CLOSE-FILL,1994-10-21,1994-10-21,1994-10-28,1994-10-28,0.3141815960407257,0.31049656867980957,-0.011728972693990869,5,3504,3509,True,0.5405022992571631,11308
AAPL,A-NOK30-CLOSE-FILL,1995-01-10,1995-01-10,1995-01-13,1995-01-13,0.3229820430278778,0.33176156878471375,0.027182705498206783,3,3558,3561,True,0.5259062776304155,11310
AAPL,A-NOK30-CLOSE-FILL,1995-04-21,1995-04-21,1995-04-25,1995-04-25,0.29004642367362976,0.27985379099845886,-0.03514138373462583,2,3629,3631,True,0.5171072407391035,11311
AAPL,A-NOK30-CLOSE-FILL,1995-05-01,1995-05-01,1995-05-02,1995-05-02,0.2835601270198822,0.28263357281684875,-0.0032675757793283466,1,3635,3636,True,0.5018564356435643,11312
AAPL,A-NOK30-CLOSE-FILL,1995-05-08,1995-05-08,1995-05-19,1995-05-19,0.30023980140686035,0.3169196844100952,0.05555520262495661,9,3640,3649,True,0.5502476999292286,11304
AAPL,A-NOK30-CLOSE-FILL,1995-05-23,1995-05-23,1995-05-24,1995-05-24,0.32526007294654846,0.3224802017211914,-0.008546610717307113,1,3651,3652,True,0.5018564356435643,11312
AAPL,A-NOK30-CLOSE-FILL,1995-11-28,1995-11-28,1995-11-29,1995-11-29,0.29909634590148926,0.2934877872467041,-0.01875167895442087,1,3782,3783,True,0.5018564356435643,11312
AAPL,A-NOK30-CLOSE-FILL,1996-08-07,1996-08-07,1996-08-15,1996-08-15,0.16730718314647675,0.16637259721755981,-0.005586047839313046,6,3957,3963,True,0.5432033253736623,11307
AAPL,A-NOK30-CLOSE-FILL,1996-08-19,1996-08-19,1996-08-21,1996-08-21,0.17665418982505798,0.17198027670383453,-0.026457980565601447,2,3965,3967,True,0.5171072407391035,11311
AAPL,A-NOK30-CLOSE-FILL,1996-08-23,1996-08-23,1996-08-30,1996-08-30,0.1785234659910202,0.18132728338241577,0.015705595764853753,5,3969,3974,True,0.5405022992571631,11308
AAPL,A-NOK30-CLOSE-FILL,1996-10-01,1996-10-01,1996-10-03,1996-10-03,0.18413114547729492,0.16730718314647675,-0.091369454565701,2,3995,3997,True,0.5171072407391035,11311
AAPL,A-NOK30-CLOSE-FILL,1996-10-10,1996-10-10,1996-10-21,1996-10-21,0.18085992336273193,0.19160889089107513,0.05943255602726927,7,4002,4009,True,0.5430744737307625,11306
AAPL,A-NOK30-CLOSE-FILL,1997-07-30,1997-07-30,1997-08-11,1997-08-11,0.12991999089717865,0.18366383016109467,0.41366874252977737,8,4204,4212,True,0.5476337903582486,11305
AAPL,A-NOK30-CLOSE-FILL,1997-10-10,1997-10-10,1997-10-16,1997-10-16,0.16964374482631683,0.16076406836509705,-0.05234308208835459,4,4255,4259,True,0.5317888407463083,11309
AAPL,A-NOK30-CLOSE-FILL,1998-01-23,1998-01-23,1998-01-26,1998-01-26,0.1458093225955963,0.14534199237823486,-0.0032050777621236426,1,4326,4327,True,0.5018564356435643,11312
AAPL,A-NOK30-CLOSE-FILL,1998-02-23,1998-02-23,1998-03-02,1998-03-02,0.15889482200145721,0.1701110303401947,0.07058888513456174,5,4346,4351,True,0.5405022992571631,11308
AAPL,A-NOK30-CLOSE-FILL,1998-03-04,1998-03-04,1998-03-09,1998-03-09,0.18272916972637177,0.1701110303401947,-0.06905377726540396,3,4353,4356,True,0.5259062776304155,11310
AAPL,A-NOK30-CLOSE-FILL,1998-03-11,1998-03-11,1998-03-17,1998-03-17,0.1953473538160324,0.19698292016983032,0.00837260562709341,4,4358,4362,True,0.5317888407463083,11309
AAPL,A-NOK30-CLOSE-FILL,1998-03-18,1998-03-18,1998-03-20,1998-03-20,0.2014222890138626,0.19721652567386627,-0.02088032739865686,2,4363,4365,True,0.5171072407391035,11311
AAPL,A-NOK30-CLOSE-FILL,1998-03-24,1998-03-24,1998-03-25,1998-03-25,0.20936740934848785,0.20305874943733215,-0.030132005409949314,1,4367,4368,True,0.5018564356435643,11312
AAPL,A-NOK30-CLOSE-FILL,1998-07-13,1998-07-13,1998-07-20,1998-07-20,0.25376424193382263,0.27105626463890076,0.0681420777541526,5,4443,4448,True,0.5405022992571631,11308
AAPL,A-NOK30-CLOSE-FILL,1998-09-23,1998-09-23,1998-10-01,1998-10-01,0.2864782512187958,0.26684966683387756,-0.06851683959047561,6,4494,4500,True,0.5432033253736623,11307
AAPL,A-NOK30-CLOSE-FILL,1998-10-30,1998-10-30,1998-11-09,1998-11-09,0.27759844064712524,0.27386024594306946,-0.013466194894112049,6,4521,4527,True,0.5432033253736623,11307
AAPL,A-NOK30-CLOSE-FILL,1999-01-07,1999-01-07,1999-01-08,1999-01-08,0.33648356795310974,0.33648356795310974,0.0,1,4567,4568,True,0.5018564356435643,11312
AAPL,A-NOK30-CLOSE-FILL,1999-01-12,1999-01-12,1999-01-14,1999-01-14,0.34489506483078003,0.30937790870666504,-0.10297960088684133,2,4570,4572,True,0.5171072407391035,11311
AAPL,A-NOK30-CLOSE-FILL,1999-08-11,1999-08-11,1999-08-19,1999-08-19,0.44630762934684753,0.4392980635166168,-0.01570568229023761,6,4716,4722,True,0.5432033253736623,11307
AAPL,A-NOK30-CLOSE-FILL,1999-08-23,1999-08-23,1999-08-24,1999-08-24,0.454252690076828,0.45144903659820557,-0.006172012934360982,1,4724,4725,True,0.5018564356435643,11312
AAPL,A-NOK30-CLOSE-FILL,1999-08-25,1999-08-25,1999-08-30,1999-08-30,0.45892590284347534,0.46406620740890503,0.011200728774690472,3,4726,4729,True,0.5259062776304155,11310
AAPL,A-NOK30-CLOSE-FILL,1999-08-31,1999-08-31,1999-09-08,1999-09-08,0.4879005551338196,0.5570670366287231,0.14176348185529908,5,4730,4735,True,0.5405022992571631,11308
AAPL,A-NOK30-CLOSE-FILL,1999-09-10,1999-09-10,1999-09-13,1999-09-13,0.5790315270423889,0.5608055591583252,-0.03147664165569597,1,4737,4738,True,0.5018564356435643,11312
AAPL,A-NOK30-CLOSE-FILL,1999-09-14,1999-09-14,1999-09-15,1999-09-15,0.5818353891372681,0.5636096000671387,-0.031324648535308586,1,4739,4740,True,0.5018564356435643,11312
AAPL,A-NOK30-CLOSE-FILL,1999-10-20,1999-10-20,1999-11-01,1999-11-01,0.5617403388023376,0.5804336667060852,0.03327752452957666,8,4765,4773,True,0.5476337903582486,11305
AAPL,A-NOK30-CLOSE-FILL,1999-11-04,1999-11-04,1999-11-09,1999-11-09,0.6252985596656799,0.6701623797416687,0.0717478385044985,3,4776,4779,True,0.5259062776304155,11310
AAPL,A-NOK30-CLOSE-FILL,2000-03-01,2000-03-01,2000-03-08,2000-03-08,0.9743987321853638,0.9122443199157715,-0.06378745190913115,5,4856,4861,True,0.5405022992571631,11308
AAPL,A-NOK30-CLOSE-FILL,2000-06-28,2000-06-28,2000-06-29,2000-06-29,0.8141026496887207,0.7664348483085632,-0.05855256876805848,1,4939,4940,True,0.5018564356435643,11312
AAPL,A-NOK30-CLOSE-FILL,2000-07-07,2000-07-07,2000-07-19,2000-07-19,0.8141026496887207,0.7879316806793213,-0.03214701367131789,8,4945,4953,True,0.5476337903582486,11305
AAPL,A-NOK30-CLOSE-FILL,2001-01-18,2001-01-18,2001-01-26,2001-01-26,0.2794678211212158,0.2925533056259155,0.046822866590511714,6,5079,5085,True,0.5432033253736623,11307
AAPL,A-NOK30-CLOSE-FILL,2001-01-29,2001-01-29,2001-02-01,2001-02-01,0.3243328332901001,0.3159204125404358,-0.025937616812725883,3,5086,5089,True,0.5259062776304155,11310
AAPL,A-NOK30-CLOSE-FILL,2001-04-18,2001-04-18,2001-05-01,2001-05-01,0.34081995487213135,0.387778639793396,0.13778150090678398,9,5141,5150,True,0.5502476999292286,11304
AAPL,A-NOK30-CLOSE-FILL,2001-05-02,2001-05-02,2001-05-03,2001-05-03,0.39764803647994995,0.3732719421386719,-0.06130067825069507,1,5151,5152,True,0.5018564356435643,11312
AAPL,A-NOK30-CLOSE-FILL,2001-07-12,2001-07-12,2001-07-18,2001-07-18,0.36429932713508606,0.3109106719493866,-0.14655161623700275,4,5200,5204,True,0.5317888407463083,11309
AAPL,A-NOK30-CLOSE-FILL,2001-10-19,2001-10-19,2001-10-23,2001-10-23,0.27367326617240906,0.2712806463241577,-0.008742614438430496,2,5266,5268,True,0.5171072407391035,11311
AAPL,A-NOK30-CLOSE-FILL,2001-10-25,2001-10-25,2001-10-26,2001-10-26,0.2869832217693329,0.27920645475387573,-0.02709833337123746,1,5270,5271,True,0.5018564356435643,11312
AAPL,A-NOK30-CLOSE-FILL,2001-11-05,2001-11-05,2001-11-09,2001-11-09,0.28518861532211304,0.2798045575618744,-0.01887893650368022,4,5277,5281,True,0.5317888407463083,11309
AAPL,A-NOK30-CLOSE-FILL,2001-11-14,2001-11-14,2001-11-16,2001-11-16,0.29326435923576355,0.2836928069591522,-0.03263796630983207,2,5284,5286,True,0.5171072407391035,11311
AAPL,A-NOK30-CLOSE-FILL,2001-11-19,2001-11-19,2001-11-28,2001-11-28,0.29909634590148926,0.30702224373817444,0.026499480670003406,6,5287,5293,True,0.5432033253736623,11307
AAPL,A-NOK30-CLOSE-FILL,2001-11-30,2001-11-30,2001-12-06,2001-12-06,0.31853747367858887,0.34067100286483765,0.06948485190970644,4,5295,5299,True,0.5317888407463083,11309
AAPL,A-NOK30-CLOSE-FILL,2002-03-15,2002-03-15,2002-03-19,2002-03-19,0.3731228709220886,0.37162718176841736,-0.0040085700187045825,2,5366,5368,True,0.5171072407391035,11311
AAPL,A-NOK30-CLOSE-FILL,2003-02-27,2003-02-27,2003-03-04,2003-03-04,0.22222843766212463,0.21774214506149292,-0.020187752061924025,3,5606,5609,True,0.5259062776304155,11310
AAPL,A-NOK30-CLOSE-FILL,2003-07-07,2003-07-07,2003-07-10,2003-07-10,0.2971518337726593,0.2928154468536377,-0.014593168966741898,3,5695,5698,True,0.5259062776304155,11310
AAPL,A-NOK30-CLOSE-FILL,2003-07-17,2003-07-17,2003-07-24,2003-07-24,0.3125554919242859,0.3067231774330139,-0.018660092821804586,5,5703,5708,True,0.5405022992571631,11308
AAPL,A-NOK30-CLOSE-FILL,2003-07-25,2003-07-25,2003-07-29,2003-07-29,0.3221268951892853,0.30986377596855164,-0.03806921869571833,2,5709,5711,True,0.5171072407391035,11311
AAPL,A-NOK30-CLOSE-FILL,2003-08-27,2003-08-27,2003-09-05,2003-09-05,0.3212290108203888,0.33648356795310974,0.0474881054290901,6,5732,5738,True,0.5432033253736623,11307
AAPL,A-NOK30-CLOSE-FILL,2004-01-12,2004-01-12,2004-01-13,2004-01-13,0.354877769947052,0.36070993542671204,0.01643429364575355,1,5826,5827,True,0.5018564356435643,11312
AAPL,A-NOK30-CLOSE-FILL,2004-05-24,2004-05-24,2004-06-14,2004-06-14,0.4088643789291382,0.4504389464855194,0.10168302669278684,13,5918,5931,True,0.564070796460177,11300
AAPL,A-NOK30-CLOSE-FILL,2004-06-15,2004-06-15,2004-06-21,2004-06-21,0.4589635133743286,0.48348885774612427,0.0534363705547829,4,5932,5936,True,0.5317888407463083,11309
AAPL,A-NOK30-CLOSE-FILL,2004-06-23,2004-06-23,2004-06-28,2004-06-28,0.5039774775505066,0.48588231205940247,-0.03590471062130096,3,5938,5941,True,0.5259062776304155,11310
AAPL,A-NOK30-CLOSE-FILL,2004-07-27,2004-07-27,2004-08-02,2004-08-02,0.48498451709747314,0.4722735583782196,-0.026208998990990162,4,5961,5965,True,0.5317888407463083,11309
AAPL,A-NOK30-CLOSE-FILL,2004-09-17,2004-09-17,2004-09-22,2004-09-22,0.5554215312004089,0.5521323084831238,-0.005922029544256802,3,5998,6001,True,0.5259062776304155,11310
AAPL,A-NOK30-CLOSE-FILL,2004-09-28,2004-09-28,2004-10-07,2004-10-07,0.5688814520835876,0.5925098061561584,0.041534759106716335,7,6005,6012,True,0.5430744737307625,11306
AAPL,A-NOK30-CLOSE-FILL,2004-10-14,2004-10-14,2004-11-01,2004-11-01,0.672667384147644,0.7843798995018005,0.1660739289384614,12,6017,6029,True,0.5625165914520839,11301
AAPL,A-NOK30-CLOSE-FILL,2004-11-24,2004-11-24,2004-12-02,2004-12-02,0.9578561186790466,0.9752033352851868,0.018110461757099072,5,6046,6051,True,0.5405022992571631,11308
AAPL,A-NOK30-CLOSE-FILL,2005-01-18,2005-01-18,2005-02-09,2005-02-09,1.0565576553344727,1.1775418519973755,0.11450789841147202,16,6082,6098,True,0.5705054439231655,11297
AAPL,A-NOK30-CLOSE-FILL,2005-02-14,2005-02-14,2005-02-18,2005-02-18,1.2656261920928955,1.2982276678085327,0.025759166426325253,4,6101,6105,True,0.5317888407463083,11309
AAPL,A-NOK30-CLOSE-FILL,2005-07-27,2005-07-27,2005-07-28,2005-07-28,1.31572425365448,1.310041904449463,-0.004318799466707546,1,6214,6215,True,0.5018564356435643,11312
AAPL,A-NOK30-CLOSE-FILL,2005-09-16,2005-09-16,2005-09-21,2005-09-21,1.531672716140747,1.5585906505584717,0.017574207684228904,3,6250,6253,True,0.5259062776304155,11310
AAPL,A-NOK30-CLOSE-FILL,2005-09-26,2005-09-26,2005-09-28,2005-09-28,1.610334873199463,1.5277847051620483,-0.05126273386441749,2,6256,6258,True,0.5171072407391035,11311
AAPL,A-NOK30-CLOSE-FILL,2005-11-01,2005-11-01,2005-11-07,2005-11-07,1.7198030948638916,1.8014566898345947,0.047478455652602,4,6282,6286,True,0.5317888407463083,11309
AAPL,A-NOK30-CLOSE-FILL,2005-11-11,2005-11-11,2005-11-18,2005-11-18,1.8406386375427246,1.9309650659561157,0.04907341754706285,5,6290,6295,True,0.5405022992571631,11308
AAPL,A-NOK30-CLOSE-FILL,2005-11-21,2005-11-21,2005-11-29,2005-11-29,1.9429303407669067,2.0368456840515137,0.04833695851779063,5,6296,6301,True,0.5405022992571631,11308
AAPL,A-NOK30-CLOSE-FILL,2005-12-02,2005-12-02,2005-12-14,2005-12-14,2.172337293624878,2.153792381286621,-0.00853684756629658,8,6304,6312,True,0.5476337903582486,11305
AAPL,A-NOK30-CLOSE-FILL,2006-04-26,2006-04-26,2006-05-09,2006-05-09,2.0383427143096924,2.124481439590454,0.04225919649136811,9,6402,6411,True,0.5502476999292286,11304
AAPL,A-NOK30-CLOSE-FILL,2006-09-26,2006-09-26,2006-10-02,2006-10-02,2.32128643989563,2.239035129547119,-0.03543350313639404,4,6508,6512,True,0.5317888407463083,11309
AAPL,A-NOK30-CLOSE-FILL,2007-03-06,2007-03-06,2007-03-28,2007-03-28,2.637730360031128,2.788773775100708,0.0572626441877091,16,6617,6633,True,0.5705054439231655,11297
AAPL,A-NOK30-CLOSE-FILL,2007-05-18,2007-05-18,2007-05-23,2007-05-23,3.2906572818756104,3.3764984607696533,0.026086332164349635,3,6669,6672,True,0.5259062776304155,11310
AAPL,A-NOK30-CLOSE-FILL,2007-05-29,2007-05-29,2007-06-01,2007-06-01,3.420166254043579,3.541300058364868,0.03541751930277526,3,6675,6678,True,0.5259062776304155,11310
AAPL,A-NOK30-CLOSE-FILL,2007-06-05,2007-06-05,2007-06-07,2007-06-07,3.6690139770507812,3.7108864784240723,0.011412467119285452,2,6680,6682,True,0.5171072407391035,11311
AAPL,A-NOK30-CLOSE-FILL,2007-09-18,2007-09-18,2007-10-04,2007-10-04,4.214865684509277,4.673079013824463,0.10871362544226226,12,6753,6765,True,0.5625165914520839,11301
AAPL,A-NOK30-CLOSE-FILL,2007-10-05,2007-10-05,2007-10-09,2007-10-09,4.828909873962402,5.0206298828125,0.03970254443634502,2,6766,6768,True,0.5171072407391035,11311
AAPL,A-NOK30-CLOSE-FILL,2007-10-17,2007-10-17,2007-10-25,2007-10-25,5.166890621185303,5.466882228851318,0.05806037511922324,6,6774,6780,True,0.5432033253736623,11307
AAPL,A-NOK30-CLOSE-FILL,2007-10-31,2007-10-31,2007-11-02,2007-11-02,5.681333065032959,5.619121551513672,-0.01095016131023574,2,6784,6786,True,0.5171072407391035,11311
AAPL,A-NOK30-CLOSE-FILL,2007-12-05,2007-12-05,2007-12-11,2007-12-11,5.548236846923828,5.63916015625,0.01638778441417532,4,6808,6812,True,0.5317888407463083,11309
AAPL,A-NOK30-CLOSE-FILL,2008-05-13,2008-05-13,2008-05-14,2008-05-14,5.6816325187683105,5.570967674255371,-0.019477649099510885,1,6917,6918,True,0.5018564356435643,11312
AAPL,A-NOK30-CLOSE-FILL,2009-03-26,2009-03-26,2009-03-27,2009-03-27,3.2861714363098145,3.195843458175659,-0.027487299395307363,1,7136,7137,True,0.5018564356435643,11312
AAPL,A-NOK30-CLOSE-FILL,2009-04-02,2009-04-02,2009-04-15,2009-04-15,3.3711140155792236,3.518568754196167,0.04374065603699484,8,7141,7149,True,0.5476337903582486,11305
AAPL,A-NOK30-CLOSE-FILL,2009-04-17,2009-04-17,2009-04-20,2009-04-20,3.69144606590271,3.6041102409362793,-0.02365897358575475,1,7151,7152,True,0.5018564356435643,11312
AAPL,A-NOK30-CLOSE-FILL,2009-08-03,2009-08-03,2009-08-05,2009-08-05,4.9778618812561035,4.938379764556885,-0.007931541220114302,2,7225,7227,True,0.5171072407391035,11311
AAPL,A-NOK30-CLOSE-FILL,2009-10-21,2009-10-21,2009-10-27,2009-10-27,6.129081726074219,5.903264045715332,-0.03684363995314621,4,7281,7285,True,0.5317888407463083,11309
AAPL,A-NOK30-CLOSE-FILL,2010-03-23,2010-03-23,2010-03-25,2010-03-25,6.830163478851318,6.779017448425293,-0.007488258602358799,2,7385,7387,True,0.5171072407391035,11311
AAPL,A-NOK30-CLOSE-FILL,2010-03-26,2010-03-26,2010-04-16,2010-04-16,6.90613317489624,7.39963960647583,0.07145915363657962,14,7388,7402,True,0.5671298344986282,11299
AAPL,A-NOK30-CLOSE-FILL,2010-04-22,2010-04-22,2010-04-27,2010-04-27,7.9700212478637695,7.837521553039551,-0.016624760550008943,3,7406,7409,True,0.5259062776304155,11310
AAPL,A-NOK30-CLOSE-FILL,2010-06-15,2010-06-15,2010-06-24,2010-06-24,7.767233371734619,8.045693397521973,0.035850606317647804,7,7443,7450,True,0.5430744737307625,11306
AAPL,A-NOK30-CLOSE-FILL,2010-09-22,2010-09-22,2010-09-23,2010-09-23,8.60649299621582,8.641489028930664,0.004066236123149158,1,7512,7513,True,0.5018564356435643,11312
AAPL,A-NOK30-CLOSE-FILL,2010-09-24,2010-09-24,2010-09-27,2010-09-27,8.743182182312012,8.708490371704102,-0.003967870036849286,1,7514,7515,True,0.5018564356435643,11312
AAPL,A-NOK30-CLOSE-FILL,2011-02-14,2011-02-14,2011-02-17,2011-02-17,10.742944717407227,10.716620445251465,-0.0024503776988731296,3,7612,7615,True,0.5259062776304155,11310
AAPL,A-NOK30-CLOSE-FILL,2011-07-15,2011-07-15,2011-07-20,2011-07-20,10.91462230682373,11.572035789489746,0.060232362072208945,3,7717,7720,True,0.5259062776304155,11310
AAPL,A-NOK30-CLOSE-FILL,2011-07-25,2011-07-25,2011-07-27,2011-07-27,11.918988227844238,11.742220878601074,-0.014830734443567417,2,7723,7725,True,0.5171072407391035,11311
AAPL,A-NOK30-CLOSE-FILL,2011-09-14,2011-09-14,2011-09-22,2011-09-22,11.643816947937012,12.018287658691406,0.03216047730986893,6,7759,7765,True,0.5432033253736623,11307
AAPL,A-NOK30-CLOSE-FILL,2012-01-18,2012-01-18,2012-01-19,2012-01-19,12.834524154663086,12.793841361999512,-0.0031697936108362468,1,7845,7846,True,0.5018564356435643,11312
AAPL,A-NOK30-CLOSE-FILL,2012-01-26,2012-01-26,2012-02-15,2012-02-15,13.298718452453613,14.885126113891602,0.11929026598388481,14,7851,7865,True,0.5671298344986282,11299
AAPL,A-NOK30-CLOSE-FILL,2012-02-24,2012-02-24,2012-03-05,2012-03-05,15.625089645385742,15.946622848510742,0.020578006937704396,6,7871,7877,True,0.5432033253736623,11307
AAPL,A-NOK30-CLOSE-FILL,2012-03-27,2012-03-27,2012-03-29,2012-03-29,18.37886619567871,18.24068260192871,-0.007518613622775616,2,7893,7895,True,0.5171072407391035,11311
AAPL,A-NOK30-CLOSE-FILL,2012-06-18,2012-06-18,2012-06-21,2012-06-21,17.52046012878418,17.277894973754883,-0.01384467949165269,3,7950,7953,True,0.5259062776304155,11310
AAPL,A-NOK30-CLOSE-FILL,2012-07-19,2012-07-19,2012-07-20,2012-07-20,18.374094009399414,18.07439613342285,-0.016310892707049884,1,7972,7973,True,0.5018564356435643,11312
AAPL,A-NOK30-CLOSE-FILL,2012-08-17,2012-08-17,2012-08-21,2012-08-21,19.46796226501465,19.706754684448242,0.012265917520434044,2,7993,7995,True,0.5171072407391035,11311
AAPL,A-NOK30-CLOSE-FILL,2012-08-28,2012-08-28,2012-08-29,2012-08-29,20.269678115844727,20.229724884033203,-0.0019710836838742196,1,8000,8001,True,0.5018564356435643,11312
AAPL,A-NOK30-CLOSE-FILL,2013-07-26,2013-07-26,2013-08-07,2013-08-07,13.473125457763672,14.206069946289062,0.05440047974191797,8,8227,8235,True,0.5476337903582486,11305
AAPL,A-NOK30-CLOSE-FILL,2013-08-13,2013-08-13,2013-08-20,2013-08-20,15.056098937988281,15.409773826599121,0.023490473200762363,5,8239,8244,True,0.5405022992571631,11308
AAPL,A-NOK30-CLOSE-FILL,2013-10-07,2013-10-07,2013-10-08,2013-10-08,15.000129699707031,14.790700912475586,-0.013961798426018635,1,8277,8278,True,0.5018564356435643,11312
AAPL,A-NOK30-CLOSE-FILL,2013-10-10,2013-10-10,2013-10-25,2013-10-25,15.058259010314941,16.175233840942383,0.07417689055967958,11,8280,8291,True,0.5576889046186516,11302
AAPL,A-NOK30-CLOSE-FILL,2013-12-09,2013-12-09,2013-12-10,2013-12-10,17.52154541015625,17.49431800842285,-0.0015539383710763133,1,8321,8322,True,0.5018564356435643,11312
AAPL,A-NOK30-CLOSE-FILL,2014-03-21,2014-03-21,2014-03-28,2014-03-28,16.582082748413086,16.706253051757812,0.00748822118600323,5,8391,8396,True,0.5405022992571631,11308
AAPL,A-NOK30-CLOSE-FILL,2014-04-02,2014-04-02,2014-04-03,2014-04-03,16.883312225341797,16.766313552856445,-0.006929841190150832,1,8399,8400,True,0.5018564356435643,11312
AAPL,A-NOK30-CLOSE-FILL,2014-06-04,2014-06-04,2014-06-11,2014-06-11,20.177875518798828,20.55963706970215,0.018919809003066224,5,8442,8447,True,0.5405022992571631,11308
AAPL,A-NOK30-CLOSE-FILL,2014-07-14,2014-07-14,2014-07-15,2014-07-15,21.126968383789062,20.879440307617188,-0.011716213688368393,1,8469,8470,True,0.5018564356435643,11312
AAPL,A-NOK30-CLOSE-FILL,2014-08-28,2014-08-28,2014-09-02,2014-09-02,22.50884437561035,22.73997688293457,0.010268519496925643,2,8502,8504,True,0.5171072407391035,11311
AAPL,A-NOK30-CLOSE-FILL,2014-11-11,2014-11-11,2014-11-17,2014-11-17,24.253562927246094,25.202037811279297,0.03910662061810721,4,8554,8558,True,0.5317888407463083,11309
AAPL,A-NOK30-CLOSE-FILL,2014-11-21,2014-11-21,2014-11-25,2014-11-25,25.750341415405273,26.000167846679688,0.009701868695416671,2,8562,8564,True,0.5171072407391035,11311
AAPL,A-NOK30-CLOSE-FILL,2014-11-26,2014-11-26,2014-12-01,2014-12-01,26.30970001220703,25.440811157226562,-0.03302541855579222,2,8565,8567,True,0.5171072407391035,11311
AAPL,A-NOK30-CLOSE-FILL,2015-04-21,2015-04-21,2015-04-29,2015-04-29,28.16925811767578,28.553241729736328,0.013631300137776803,6,8663,8669,True,0.5432033253736623,11307
AAPL,A-NOK30-CLOSE-FILL,2015-05-27,2015-05-27,2015-05-28,2015-05-28,29.43034553527832,29.372390747070312,-0.001969218748673396,1,8688,8689,True,0.5018564356435643,11312
AAPL,A-NOK30-CLOSE-FILL,2015-10-28,2015-10-28,2015-11-05,2015-11-05,26.70437240600586,27.189695358276367,0.018173913428549904,6,8796,8802,True,0.5432033253736623,11307
AAPL,A-NOK30-CLOSE-FILL,2016-03-15,2016-03-15,2016-03-23,2016-03-23,23.643131256103516,23.993549346923828,0.014821137142308594,6,8890,8896,True,0.5432033253736623,11307
AAPL,A-NOK30-CLOSE-FILL,2016-03-30,2016-03-30,2016-04-05,2016-04-05,24.76899528503418,24.825517654418945,0.0022819807075065146,4,8900,8904,True,0.5317888407463083,11309
AAPL,A-NOK30-CLOSE-FILL,2016-04-06,2016-04-06,2016-04-07,2016-04-07,25.08551025390625,24.538402557373047,-0.021809709708735525,1,8905,8906,True,0.5018564356435643,11312
AAPL,A-NOK30-CLOSE-FILL,2016-07-28,2016-07-28,2016-08-11,2016-08-11,23.732484817504883,24.682039260864258,0.04001074690076245,10,8984,8994,True,0.5541891533221268,11303
AAPL,A-NOK30-CLOSE-FILL,2016-08-15,2016-08-15,2016-08-16,2016-08-16,25.0365047454834,25.013633728027344,-0.0009135068049057615,1,8996,8997,True,0.5018564356435643,11312
AAPL,A-NOK30-CLOSE-FILL,2017-01-25,2017-01-25,2017-01-30,2017-01-30,28.01530647277832,27.957841873168945,-0.002051185828190416,3,9108,9111,True,0.5259062776304155,11310
AAPL,A-NOK30-CLOSE-FILL,2017-02-03,2017-02-03,2017-02-16,2017-02-16,29.67029571533203,31.246408462524414,0.053120897827045654,9,9115,9124,True,0.5502476999292286,11304
AAPL,A-NOK30-CLOSE-FILL,2017-02-21,2017-02-21,2017-02-23,2017-02-23,31.55805206298828,31.51881217956543,-0.0012434190597230277,2,9126,9128,True,0.5171072407391035,11311
AAPL,A-NOK30-CLOSE-FILL,2017-08-03,2017-08-03,2017-08-11,2017-08-11,36.06256103515625,36.64866256713867,0.016252354662527946,6,9240,9246,True,0.5432033253736623,11307
AAPL,A-NOK30-CLOSE-FILL,2017-08-14,2017-08-14,2017-08-17,2017-08-17,37.20022201538086,36.73711395263672,-0.012449067173649242,3,9247,9250,True,0.5259062776304155,11310
AAPL,A-NOK30-CLOSE-FILL,2017-10-27,2017-10-27,2017-11-13,2017-11-13,37.94491195678711,40.63175582885742,0.07080906855523028,11,9300,9311,True,0.5576889046186516,11302
AAPL,A-NOK30-CLOSE-FILL,2018-03-09,2018-03-09,2018-03-14,2018-03-14,42.20680618286133,41.84567642211914,-0.008556197291441303,3,9390,9393,True,0.5259062776304155,11310
AAPL,A-NOK30-CLOSE-FILL,2018-07-19,2018-07-19,2018-07-20,2018-07-20,45.17097854614258,45.067405700683594,-0.002292906835152708,1,9481,9482,True,0.5018564356435643,11312
AAPL,A-NOK30-CLOSE-FILL,2018-07-24,2018-07-24,2018-07-27,2018-07-27,45.43464660644531,44.9591064453125,-0.01046646549827801,3,9484,9487,True,0.5259062776304155,11310
AAPL,A-NOK30-CLOSE-FILL,2018-08-01,2018-08-01,2018-08-20,2018-08-20,47.4356575012207,50.89990234375,0.07303039580383497,13,9490,9503,True,0.564070796460177,11300
AAPL,A-NOK30-CLOSE-FILL,2018-08-27,2018-08-27,2018-09-06,2018-09-06,51.48577117919922,52.70475387573242,0.023676108342447932,7,9508,9515,True,0.5430744737307625,11306
AAPL,A-NOK30-CLOSE-FILL,2019-02-22,2019-02-22,2019-03-06,2019-03-06,41.18057632446289,41.549591064453125,0.008960893045370621,8,9630,9638,True,0.5476337903582486,11305
AAPL,A-NOK30-CLOSE-FILL,2019-04-02,2019-04-02,2019-04-12,2019-04-12,46.192138671875,47.34681701660156,0.024997291269165833,8,9657,9665,True,0.5476337903582486,11305
AAPL,A-NOK30-CLOSE-FILL,2019-07-03,2019-07-03,2019-07-08,2019-07-08,48.85319519042969,47.80400085449219,-0.021476473173305033,2,9721,9723,True,0.5171072407391035,11311
AAPL,A-NOK30-CLOSE-FILL,2019-07-15,2019-07-15,2019-07-17,2019-07-17,49.04438781738281,48.599853515625,-0.009063917841385605,2,9728,9730,True,0.5171072407391035,11311
AAPL,A-NOK30-CLOSE-FILL,2019-07-29,2019-07-29,2019-07-30,2019-07-30,50.112693786621094,49.897605895996094,-0.0042920839885566275,1,9738,9739,True,0.5018564356435643,11312
AAPL,A-NOK30-CLOSE-FILL,2019-10-18,2019-10-18,2019-10-29,2019-10-29,56.715736389160156,58.36628341674805,0.029102099922718283,7,9796,9803,True,0.5430744737307625,11306
AAPL,A-NOK30-CLOSE-FILL,2019-11-01,2019-11-01,2019-11-14,2019-11-14,61.37228775024414,63.19759750366211,0.029741595438744328,9,9806,9815,True,0.5502476999292286,11304
AAPL,A-NOK30-CLOSE-FILL,2019-11-18,2019-11-18,2019-11-19,2019-11-19,64.27078247070312,64.07585144042969,-0.0030329649458102903,1,9817,9818,True,0.5018564356435643,11312
AAPL,A-NOK30-CLOSE-FILL,2019-12-23,2019-12-23,2019-12-27,2019-12-27,68.33734893798828,69.73297119140625,0.020422540164448,3,9841,9844,True,0.5259062776304155,11310
AAPL,A-NOK30-CLOSE-FILL,2019-12-31,2019-12-31,2020-01-03,2020-01-03,70.65934753417969,71.56891632080078,0.012872589662409561,2,9846,9848,True,0.5171072407391035,11311
AAPL,A-NOK30-CLOSE-FILL,2020-01-06,2020-01-06,2020-01-07,2020-01-07,72.13917541503906,71.79991912841797,-0.004702802390923466,1,9849,9850,True,0.5018564356435643,11312
AAPL,A-NOK30-CLOSE-FILL,2020-01-08,2020-01-08,2020-01-14,2020-01-14,72.95492553710938,75.23844146728516,0.03130036681367376,4,9851,9855,True,0.5317888407463083,11309
AAPL,A-NOK30-CLOSE-FILL,2020-01-17,2020-01-17,2020-01-22,2020-01-22,76.69422149658203,76.44636535644531,-0.0032317446516849646,2,9858,9860,True,0.5171072407391035,11311
AAPL,A-NOK30-CLOSE-FILL,2020-01-23,2020-01-23,2020-01-24,2020-01-24,76.81454467773438,76.5931625366211,-0.002882034151762025,1,9861,9862,True,0.5018564356435643,11312
AAPL,A-NOK30-CLOSE-FILL,2020-04-27,2020-04-27,2020-04-28,2020-04-28,68.2993392944336,67.19223022460938,-0.01620966002396529,1,9926,9927,True,0.5018564356435643,11312
AAPL,A-NOK30-CLOSE-FILL,2020-04-29,2020-04-29,2020-05-12,2020-05-12,69.39917755126953,75.31401824951172,0.08522926217493754,9,9928,9937,True,0.5502476999292286,11304
AAPL,A-NOK30-CLOSE-FILL,2020-05-20,2020-05-20,2020-05-26,2020-05-26,77.20525360107422,76.60062408447266,-0.007831455612149596,3,9943,9946,True,0.5259062776304155,11310
AAPL,A-NOK30-CLOSE-FILL,2020-06-16,2020-06-16,2020-06-19,2020-06-19,85.14998626708984,84.5792236328125,-0.0067030267331698035,3,9961,9964,True,0.5259062776304155,11310
AAPL,A-NOK30-CLOSE-FILL,2020-06-22,2020-06-22,2020-06-24,2020-06-24,86.79214477539062,87.07994079589844,0.003315922440361385,2,9965,9967,True,0.5171072407391035,11311
AAPL,A-NOK30-CLOSE-FILL,2020-08-18,2020-08-18,2020-08-19,2020-08-19,111.9959716796875,112.13652038574219,0.00125494429796702,1,10005,10006,True,0.5018564356435643,11312
AAPL,A-NOK30-CLOSE-FILL,2020-08-20,2020-08-20,2020-08-25,2020-08-25,114.62479400634766,120.97265625,0.055379486599564265,3,10007,10010,True,0.5259062776304155,11310
AAPL,A-NOK30-CLOSE-FILL,2020-09-01,2020-09-01,2020-09-02,2020-09-02,130.0389404296875,127.34465789794922,-0.020719044025086397,1,10015,10016,True,0.5018564356435643,11312
AAPL,A-NOK30-CLOSE-FILL,2020-10-09,2020-10-09,2020-10-14,2020-10-14,113.36004638671875,117.4498062133789,0.036077612501218104,3,10042,10045,True,0.5259062776304155,11310
AAPL,A-NOK30-CLOSE-FILL,2020-12-15,2020-12-15,2020-12-30,2020-12-30,124.14715576171875,129.81668090820312,0.045667781204477675,10,10088,10098,True,0.5541891533221268,11303
AAPL,A-NOK30-CLOSE-FILL,2021-06-28,2021-06-28,2021-07-08,2021-07-08,131.263916015625,139.503173828125,0.06276864246164382,7,10221,10228,True,0.5430744737307625,11306
AAPL,A-NOK30-CLOSE-FILL,2021-07-09,2021-07-09,2021-07-12,2021-07-12,141.3243865966797,140.73028564453125,-0.00420381058397179,1,10229,10230,True,0.5018564356435643,11312
AAPL,A-NOK30-CLOSE-FILL,2021-07-14,2021-07-14,2021-07-15,2021-07-15,145.2589874267578,144.6064910888672,-0.004491951578690645,1,10232,10233,True,0.5018564356435643,11312
AAPL,A-NOK30-CLOSE-FILL,2021-10-28,2021-10-28,2021-10-29,2021-10-29,148.8123779296875,146.11061096191406,-0.018155525806126116,1,10307,10308,True,0.5018564356435643,11312
AAPL,A-NOK30-CLOSE-FILL,2021-11-05,2021-11-05,2021-11-08,2021-11-08,147.7694854736328,146.948974609375,-0.005552640733828773,1,10313,10314,True,0.5018564356435643,11312
AAPL,A-NOK30-CLOSE-FILL,2021-11-30,2021-11-30,2021-12-02,2021-12-02,161.46414184570312,159.95985412597656,-0.009316543614767858,2,10329,10331,True,0.5171072407391035,11311
AAPL,A-NOK30-CLOSE-FILL,2021-12-07,2021-12-07,2021-12-14,2021-12-14,167.20770263671875,170.2846221923828,0.018401781180793275,5,10334,10339,True,0.5405022992571631,11308
AAPL,A-NOK30-CLOSE-FILL,2021-12-15,2021-12-15,2021-12-16,2021-12-16,175.13926696777344,168.2626495361328,-0.039263710250117434,1,10340,10341,True,0.5018564356435643,11312
AAPL,A-NOK30-CLOSE-FILL,2022-07-19,2022-07-19,2022-07-25,2022-07-25,147.9009246826172,149.8108673095703,0.012913662514630664,4,10487,10491,True,0.5317888407463083,11309
AAPL,A-NOK30-CLOSE-FILL,2022-07-28,2022-07-28,2022-08-02,2022-08-02,154.12057495117188,156.7259521484375,0.016904798065352722,3,10494,10497,True,0.5259062776304155,11310
AAPL,A-NOK30-CLOSE-FILL,2022-08-03,2022-08-03,2022-08-08,2022-08-08,162.7203826904297,161.71055603027344,-0.006205901457824181,3,10498,10501,True,0.5259062776304155,11310
AAPL,A-NOK30-CLOSE-FILL,2022-08-10,2022-08-10,2022-08-11,2022-08-11,165.996826171875,165.26116943359375,-0.004431751830721975,1,10503,10504,True,0.5018564356435643,11312
AAPL,A-NOK30-CLOSE-FILL,2022-08-12,2022-08-12,2022-08-18,2022-08-18,168.802001953125,170.81271362304688,0.011911657721217273,4,10505,10509,True,0.5317888407463083,11309
AAPL,A-NOK30-CLOSE-FILL,2022-10-28,2022-10-28,2022-11-01,2022-11-01,152.75552368164062,147.76307678222656,-0.03268259490124148,2,10559,10561,True,0.5171072407391035,11311
AAPL,A-NOK30-CLOSE-FILL,2023-02-02,2023-02-02,2023-02-06,2023-02-06,148.17518615722656,149.0692138671875,0.0060335858732263326,2,10624,10626,True,0.5171072407391035,11311
AAPL,A-NOK30-CLOSE-FILL,2023-02-15,2023-02-15,2023-02-16,2023-02-16,152.83908081054688,151.24508666992188,-0.010429231399270544,1,10633,10634,True,0.5018564356435643,11312
AAPL,A-NOK30-CLOSE-FILL,2023-03-30,2023-03-30,2023-04-05,2023-04-05,159.75636291503906,161.1339111328125,0.008622806582708975,4,10663,10667,True,0.5317888407463083,11309
AAPL,A-NOK30-CLOSE-FILL,2023-05-05,2023-05-05,2023-05-16,2023-05-16,170.7865753173828,169.5448455810547,-0.007270651888303004,7,10688,10695,True,0.5430744737307625,11306
AAPL,A-NOK30-CLOSE-FILL,2023-05-18,2023-05-18,2023-05-22,2023-05-22,172.48110961914062,171.6435546875,-0.004855922677503899,2,10697,10699,True,0.5171072407391035,11311
AAPL,A-NOK30-CLOSE-FILL,2023-06-12,2023-06-12,2023-06-21,2023-06-21,181.0928497314453,181.2603759765625,0.0009250848134845224,6,10713,10719,True,0.5432033253736623,11307
AAPL,A-NOK30-CLOSE-FILL,2023-06-22,2023-06-22,2023-06-26,2023-06-26,184.25576782226562,182.55113220214844,-0.009251464093984252,2,10720,10722,True,0.5171072407391035,11311
AAPL,A-NOK30-CLOSE-FILL,2023-06-27,2023-06-27,2023-07-05,2023-07-05,185.30018615722656,188.52218627929688,0.01738800261828377,5,10723,10728,True,0.5405022992571631,11308
AAPL,A-NOK30-CLOSE-FILL,2024-06-11,2024-06-11,2024-06-13,2024-06-13,205.19400024414062,212.21707153320312,0.0342264943453825,2,10964,10966,True,0.5171072407391035,11311
AAPL,A-NOK30-CLOSE-FILL,2024-06-17,2024-06-17,2024-06-20,2024-06-20,214.62411499023438,207.7001190185547,-0.03226103446947115,2,10968,10970,True,0.5171072407391035,11311
AAPL,A-NOK30-CLOSE-FILL,2024-08-27,2024-08-27,2024-08-28,2024-08-28,226.13829040527344,224.61109924316406,-0.006753350612903386,1,11017,11018,True,0.5018564356435643,11312
AAPL,A-NOK30-CLOSE-FILL,2024-12-09,2024-12-09,2024-12-11,2024-12-11,244.9722442626953,244.71409606933594,-0.0010537854773561284,2,11089,11091,True,0.5171072407391035,11311
AAPL,A-NOK30-CLOSE-FILL,2024-12-16,2024-12-16,2024-12-18,2024-12-18,249.23130798339844,246.2628631591797,-0.011910401017582006,2,11094,11096,True,0.5171072407391035,11311
AAPL,A-NOK30-CLOSE-FILL,2024-12-23,2024-12-23,2024-12-27,2024-12-27,253.43084716796875,253.74856567382812,0.001253669430575588,3,11099,11102,True,0.5259062776304155,11310
AAPL,A-NOK30-CLOSE-FILL,2025-07-21,2025-07-21,2025-07-29,2025-07-29,211.4580078125,210.2538299560547,-0.005694642964351848,6,11240,11246,True,0.5432033253736623,11307
AAPL,A-NOK30-CLOSE-FILL,2026-02-24,2026-02-24,2026-03-02,2026-03-02,271.6552429199219,264.2484130859375,-0.027265550829688068,4,11390,11394,True,0.5317888407463083,11309
AAPL,A-NOK30-CLOSE-FILL,2026-04-22,2026-04-22,2026-04-24,2026-04-24,272.68341064453125,270.5771179199219,-0.007724315606992049,2,11430,11432,True,0.5171072407391035,11311
AAPL,A-NOK30-CLOSE-FILL,2026-05-05,2026-05-05,2026-05-18,2026-05-18,283.67376708984375,297.5833435058594,0.04903370713024113,9,11439,11448,True,0.5502476999292286,11304
AAPL,A-NOK30-CLOSE-FILL,2026-05-21,2026-05-21,2026-05-26,2026-05-26,304.7271728515625,308.0643005371094,0.010951198261444306,2,11451,11453,True,0.5171072407391035,11311
AAPL,A-NOK30-CLOSE-FILL,2026-05-28,2026-05-28,2026-06-01,2026-06-01,312.24072265625,306.0460510253906,-0.01983940972900955,2,11455,11457,True,0.5171072407391035,11311
AAPL,A-NOK30-CLOSE-FILL,2026-07-27,2026-07-27,2026-07-30,2026-07-30,336.61968994140625,333.1426696777344,-0.010329224247925262,3,11495,11498,True,0.5259062776304155,11310
MSFT,A-NOK30-CLOSE-FILL,1987-01-19,1987-01-19,1987-01-23,1987-01-23,0.13514377176761627,0.14253464341163635,0.05468895493555492,4,215,219,True,0.5438245016528098,9983
MSFT,A-NOK30-CLOSE-FILL,1987-03-18,1987-03-18,1987-03-26,1987-03-26,0.18899045884609222,0.18846260011196136,-0.0027930443544810224,6,256,262,True,0.5576595531509869,9981
MSFT,A-NOK30-CLOSE-FILL,1987-03-30,1987-03-30,1987-03-31,1987-03-31,0.20429998636245728,0.20429998636245728,0.0,1,264,265,True,0.5083116362908071,9986
MSFT,A-NOK30-CLOSE-FILL,1987-04-03,1987-04-03,1987-04-07,1987-04-07,0.21063445508480072,0.19849272072315216,-0.05764362889613828,2,268,270,True,0.5248873309964948,9985
MSFT,A-NOK30-CLOSE-FILL,1987-05-04,1987-05-04,1987-05-12,1987-05-12,0.22594399750232697,0.2507551610469818,0.10981112053839492,6,288,294,True,0.5576595531509869,9981
MSFT,A-NOK30-CLOSE-FILL,1987-08-20,1987-08-20,1987-09-01,1987-09-01,0.22224818170070648,0.23966927826404572,0.07838577769243393,8,364,372,True,0.5698967832448141,9979
MSFT,A-NOK30-CLOSE-FILL,1987-12-30,1987-12-30,1988-01-08,1988-01-08,0.23544637858867645,0.236502006649971,0.004483517935685688,6,455,461,True,0.5576595531509869,9981
MSFT,A-NOK30-CLOSE-FILL,1988-03-03,1988-03-03,1988-03-10,1988-03-10,0.2576179504394531,0.2650088965892792,0.028689561954896137,5,499,504,True,0.5514926868363054,9982
MSFT,A-NOK30-CLOSE-FILL,1988-03-16,1988-03-16,1988-03-17,1988-03-17,0.27345553040504456,0.26975974440574646,-0.01351512618458972,1,508,509,True,0.5083116362908071,9986
MSFT,A-NOK30-CLOSE-FILL,1988-05-16,1988-05-16,1988-05-18,1988-05-18,0.24600425362586975,0.23966927826404572,-0.02575148709200148,2,550,552,True,0.5248873309964948,9985
MSFT,A-NOK30-CLOSE-FILL,1988-05-31,1988-05-31,1988-06-17,1988-06-17,0.24494849145412445,0.26606467366218567,0.08620662279937319,13,560,573,True,0.5917385201523963,9974
MSFT,A-NOK30-CLOSE-FILL,1988-06-22,1988-06-22,1988-06-23,1988-06-23,0.2829577326774597,0.2787341773509979,-0.01492645310130536,1,576,577,True,0.5083116362908071,9986
MSFT,A-NOK30-CLOSE-FILL,1988-06-30,1988-06-30,1988-07-07,1988-07-07,0.2829577326774597,0.29034850001335144,0.026119686731856717,4,582,586,True,0.5438245016528098,9983
MSFT,A-NOK30-CLOSE-FILL,1988-12-16,1988-12-16,1989-01-05,1989-01-05,0.21010662615299225,0.22541601955890656,0.07286487668773733,12,700,712,True,0.586265664160401,9975
MSFT,A-NOK30-CLOSE-FILL,1989-02-07,1989-02-07,1989-02-10,1989-02-10,0.2623695731163025,0.261313796043396,-0.004024007282424025,3,735,738,True,0.5396634615384616,9984
MSFT,A-NOK30-CLOSE-FILL,1989-04-28,1989-04-28,1989-05-01,1989-05-01,0.23597408831119537,0.2306947261095047,-0.022372635230730964,1,791,792,True,0.5083116362908071,9986
MSFT,A-NOK30-CLOSE-FILL,1989-05-26,1989-05-26,1989-06-02,1989-06-02,0.24864360690116882,0.24600425362586975,-0.010615005582460757,4,811,815,True,0.5438245016528098,9983
MSFT,A-NOK30-CLOSE-FILL,1989-08-22,1989-08-22,1989-09-06,1989-09-06,0.24653227627277374,0.25022727251052856,0.01498788026305542,10,871,881,True,0.5792322341385185,9977
MSFT,A-NOK30-CLOSE-FILL,1989-09-28,1989-09-28,1989-10-03,1989-10-03,0.2871808111667633,0.2914043068885803,0.014706747657190933,3,897,900,True,0.5396634615384616,9984
MSFT,A-NOK30-CLOSE-FILL,1989-10-04,1989-10-04,1989-10-05,1989-10-05,0.31885549426078796,0.3346922993659973,0.04966765632163339,1,901,902,True,0.5083116362908071,9986
MSFT,A-NOK30-CLOSE-FILL,1989-10-09,1989-10-09,1989-10-11,1989-10-11,0.34525033831596375,0.3378601670265198,-0.02140525430182394,2,904,906,True,0.5248873309964948,9985
MSFT,A-NOK30-CLOSE-FILL,1989-10-19,1989-10-19,1989-10-25,1989-10-25,0.3558083474636078,0.3368039131164551,-0.053411996887162694,4,912,916,True,0.5438245016528098,9983
MSFT,A-NOK30-CLOSE-FILL,1989-11-22,1989-11-22,1989-11-24,1989-11-24,0.3727014660835266,0.37006211280822754,-0.007081682031021441,1,936,937,True,0.5083116362908071,9986
MSFT,A-NOK30-CLOSE-FILL,1990-01-08,1990-01-08,1990-01-09,1990-01-09,0.3843154311180115,0.38325950503349304,-0.0027475505770003794,1,966,967,True,0.5083116362908071,9986
MSFT,A-NOK30-CLOSE-FILL,1990-01-18,1990-01-18,1990-01-23,1990-01-23,0.4012085795402527,0.3790366053581238,-0.055262961244587294,3,974,977,True,0.5396634615384616,9984
MSFT,A-NOK30-CLOSE-FILL,1990-02-01,1990-02-01,1990-02-07,1990-02-07,0.395929753780365,0.3938175439834595,-0.00533480946238063,4,984,988,True,0.5438245016528098,9983
MSFT,A-NOK30-CLOSE-FILL,1990-02-08,1990-02-08,1990-02-21,1990-02-21,0.3980412781238556,0.4059599041938782,0.0198939821200117,8,989,997,True,0.5698967832448141,9979
MSFT,A-NOK30-CLOSE-FILL,1990-03-01,1990-03-01,1990-03-13,1990-03-13,0.4223243296146393,0.44871988892555237,0.06250068362151517,8,1003,1011,True,0.5698967832448141,9979
MSFT,A-NOK30-CLOSE-FILL,1990-03-14,1990-03-14,1990-03-20,1990-03-20,0.455582857131958,0.47722703218460083,0.047508756560551646,4,1012,1016,True,0.5438245016528098,9983
MSFT,A-NOK30-CLOSE-FILL,1990-05-18,1990-05-18,1990-05-25,1990-05-25,0.5764735341072083,0.6271522641181946,0.08791163342732311,5,1058,1063,True,0.5514926868363054,9982
MSFT,A-NOK30-CLOSE-FILL,1990-10-08,1990-10-08,1990-10-09,1990-10-09,0.5574690699577332,0.5321293473243713,-0.04545493911488763,1,1156,1157,True,0.5083116362908071,9986
MSFT,A-NOK30-CLOSE-FILL,1990-11-05,1990-11-05,1990-11-06,1990-11-06,0.5543011426925659,0.5426872968673706,-0.02095223143286351,1,1176,1177,True,0.5083116362908071,9986
MSFT,A-NOK30-CLOSE-FILL,1990-11-12,1990-11-12,1990-11-21,1990-11-21,0.581752359867096,0.5806965231895447,-0.0018149246146461628,7,1181,1188,True,0.5613226452905812,9980
MSFT,A-NOK30-CLOSE-FILL,1990-11-26,1990-11-26,1990-11-28,1990-11-28,0.5933661460876465,0.5944223999977112,0.001780104775152891,2,1190,1192,True,0.5248873309964948,9985
MSFT,A-NOK30-CLOSE-FILL,1990-12-03,1990-12-03,1990-12-07,1990-12-07,0.6239849328994751,0.6271522641181946,0.005075973876487394,4,1195,1199,True,0.5438245016528098,9983
MSFT,A-NOK30-CLOSE-FILL,1991-01-30,1991-01-30,1991-02-04,1991-02-04,0.8129756450653076,0.8372588157653809,0.029869493443585915,3,1235,1238,True,0.5396634615384616,9984
MSFT,A-NOK30-CLOSE-FILL,1991-02-05,1991-02-05,1991-02-07,1991-02-07,0.8552077412605286,0.8699894547462463,0.017284354166311022,2,1239,1241,True,0.5248873309964948,9985
MSFT,A-NOK30-CLOSE-FILL,1991-04-16,1991-04-16,1991-04-18,1991-04-18,0.948119580745697,0.929114580154419,-0.020044940508802345,2,1287,1289,True,0.5248873309964948,9985
MSFT,A-NOK30-CLOSE-FILL,1991-06-14,1991-06-14,1991-06-19,1991-06-19,0.9586776494979858,0.8731565475463867,-0.08920735973805427,3,1329,1332,True,0.5396634615384616,9984
MSFT,A-NOK30-CLOSE-FILL,1991-08-22,1991-08-22,1991-08-30,1991-08-30,1.0642586946487427,1.0800961256027222,0.014881185405026587,6,1377,1383,True,0.5576595531509869,9981
MSFT,A-NOK30-CLOSE-FILL,1991-11-05,1991-11-05,1991-11-15,1991-11-15,1.1877883672714233,1.2036256790161133,0.013333445739219796,8,1429,1437,True,0.5698967832448141,9979
MSFT,A-NOK30-CLOSE-FILL,1992-01-14,1992-01-14,1992-01-16,1992-01-16,1.6248948574066162,1.6185591220855713,-0.0038991663320031567,2,1476,1478,True,0.5248873309964948,9985
MSFT,A-NOK30-CLOSE-FILL,1992-03-16,1992-03-16,1992-03-26,1992-03-26,1.574216365814209,1.5837185382843018,0.006036128626561554,8,1519,1527,True,0.5698967832448141,9979
MSFT,A-NOK30-CLOSE-FILL,1992-08-03,1992-08-03,1992-08-05,1992-08-05,1.401590347290039,1.3683327436447144,-0.02372847651928256,2,1616,1618,True,0.5248873309964948,9985
MSFT,A-NOK30-CLOSE-FILL,1992-10-21,1992-10-21,1992-10-23,1992-10-23,1.7104154825210571,1.6842844486236572,-0.01527759434151299,2,1672,1674,True,0.5248873309964948,9985
MSFT,A-NOK30-CLOSE-FILL,1992-10-26,1992-10-26,1992-10-27,1992-10-27,1.7104154825210571,1.6724061965942383,-0.022222253198266984,1,1675,1676,True,0.5083116362908071,9986
MSFT,A-NOK30-CLOSE-FILL,1992-10-29,1992-10-29,1992-10-30,1992-10-30,1.7104154825210571,1.6866600513458252,-0.013888690448602414,1,1678,1679,True,0.5083116362908071,9986
MSFT,A-NOK30-CLOSE-FILL,1992-11-06,1992-11-06,1992-11-16,1992-11-16,1.7626781463623047,1.7626781463623047,0.0,6,1684,1690,True,0.5576595531509869,9981
MSFT,A-NOK30-CLOSE-FILL,1993-03-25,1993-03-25,1993-04-06,1993-04-06,1.660528540611267,1.7056649923324585,0.02718197888039664,8,1779,1787,True,0.5698967832448141,9979
MSFT,A-NOK30-CLOSE-FILL,1993-05-18,1993-05-18,1993-06-02,1993-06-02,1.6819080114364624,1.819692611694336,0.08192160291822148,10,1816,1826,True,0.5792322341385185,9977
MSFT,A-NOK30-CLOSE-FILL,1993-09-22,1993-09-22,1993-10-07,1993-10-07,1.4681072235107422,1.5987634658813477,0.08899638955400135,11,1904,1915,True,0.5852044907778668,9976
MSFT,A-NOK30-CLOSE-FILL,1994-01-21,1994-01-21,1994-01-24,1994-01-24,1.6391487121582031,1.6201436519622803,-0.011594469772605143,1,1989,1990,True,0.5083116362908071,9986
MSFT,A-NOK30-CLOSE-FILL,1994-03-14,1994-03-14,1994-03-28,1994-03-28,1.5940124988555908,1.6415244340896606,0.029806501058291968,10,2024,2034,True,0.5792322341385185,9977
MSFT,A-NOK30-CLOSE-FILL,1994-04-05,1994-04-05,1994-04-12,1994-04-12,1.667655348777771,1.6106408834457397,-0.03418839832452025,5,2039,2044,True,0.5514926868363054,9982
MSFT,A-NOK30-CLOSE-FILL,1994-05-13,1994-05-13,1994-05-17,1994-05-17,1.83394455909729,1.7983112335205078,-0.01942988156322556,2,2066,2068,True,0.5248873309964948,9985
MSFT,A-NOK30-CLOSE-FILL,1994-05-18,1994-05-18,1994-06-02,1994-06-02,1.8446354866027832,1.985982894897461,0.07662620030963052,10,2069,2079,True,0.5792322341385185,9977
MSFT,A-NOK30-CLOSE-FILL,1994-06-06,1994-06-06,1994-06-07,1994-06-07,2.071502923965454,2.0382447242736816,-0.016055106322566348,1,2081,2082,True,0.5083116362908071,9986
MSFT,A-NOK30-CLOSE-FILL,1994-08-09,1994-08-09,1994-08-15,1994-08-15,2.033493757247925,2.069127082824707,0.017523203820899447,4,2126,2130,True,0.5438245016528098,9983
MSFT,A-NOK30-CLOSE-FILL,1994-08-17,1994-08-17,1994-08-19,1994-08-19,2.1237661838531494,2.085757255554199,-0.01789694580690171,2,2132,2134,True,0.5248873309964948,9985
MSFT,A-NOK30-CLOSE-FILL,1994-08-25,1994-08-25,1994-09-01,1994-09-01,2.1356441974639893,2.1332685947418213,-0.001112358849376216,5,2138,2143,True,0.5514926868363054,9982
MSFT,A-NOK30-CLOSE-FILL,1994-11-14,1994-11-14,1994-11-21,1994-11-21,2.4515957832336426,2.413586139678955,-0.01550404182232401,5,2194,2199,True,0.5514926868363054,9982
MSFT,A-NOK30-CLOSE-FILL,1995-03-23,1995-03-23,1995-03-27,1995-03-27,2.765172004699707,2.7746741771698,0.003436376635501448,2,2283,2285,True,0.5248873309964948,9985
MSFT,A-NOK30-CLOSE-FILL,1995-03-28,1995-03-28,1995-03-29,1995-03-29,2.7984302043914795,2.7461678981781006,-0.01867557966297162,1,2286,2287,True,0.5083116362908071,9986
MSFT,A-NOK30-CLOSE-FILL,1995-07-03,1995-07-03,1995-07-18,1995-07-18,3.4564647674560547,3.872189998626709,0.12027469080109454,10,2353,2363,True,0.5792322341385185,9977
MSFT,A-NOK30-CLOSE-FILL,1996-01-31,1996-01-31,1996-02-13,1996-02-13,3.5158557891845703,3.7866694927215576,0.07702639692164315,9,2500,2509,True,0.5704550010022048,9978
MSFT,A-NOK30-CLOSE-FILL,1996-02-22,1996-02-22,1996-02-26,1996-02-26,3.895944595336914,3.824678659439087,-0.01829233813620601,2,2515,2517,True,0.5248873309964948,9985
MSFT,A-NOK30-CLOSE-FILL,1996-04-02,1996-04-02,1996-04-09,1996-04-09,3.9767160415649414,3.862687349319458,-0.028674084609926043,4,2543,2547,True,0.5438245016528098,9983
MSFT,A-NOK30-CLOSE-FILL,1996-06-11,1996-06-11,1996-06-18,1996-06-18,4.641879081726074,4.651379585266113,0.002046693455984183,5,2591,2596,True,0.5514926868363054,9982
MSFT,A-NOK30-CLOSE-FILL,1996-11-14,1996-11-14,1996-11-20,1996-11-20,5.687131404876709,5.824915409088135,0.024227329105368733,4,2701,2705,True,0.5438245016528098,9983
MSFT,A-NOK30-CLOSE-FILL,1996-11-29,1996-11-29,1996-12-03,1996-12-03,5.9626970291137695,5.879554271697998,-0.01394381720382809,2,2711,2713,True,0.5248873309964948,9985
MSFT,A-NOK30-CLOSE-FILL,1996-12-09,1996-12-09,1996-12-13,1996-12-13,6.214509963989258,6.0814738273620605,-0.021407341431277982,4,2717,2721,True,0.5438245016528098,9983
MSFT,A-NOK30-CLOSE-FILL,1997-01-30,1997-01-30,1997-02-05,1997-02-05,7.687368869781494,7.47831916809082,-0.02719392099323259,4,2753,2757,True,0.5438245016528098,9983
MSFT,A-NOK30-CLOSE-FILL,1997-09-12,1997-09-12,1997-09-15,1997-09-15,10.485796928405762,9.934660911560059,-0.05256024130628445,1,2909,2910,True,0.5083116362908071,9986
MSFT,A-NOK30-CLOSE-FILL,1997-10-21,1997-10-21,1997-10-27,1997-10-27,10.528555870056152,9.796882629394531,-0.06949416897169569,4,2936,2940,True,0.5438245016528098,9983
MSFT,A-NOK30-CLOSE-FILL,1997-12-03,1997-12-03,1997-12-04,1997-12-04,10.998918533325195,10.837381362915039,-0.01468664122938279,1,2966,2967,True,0.5083116362908071,9986
MSFT,A-NOK30-CLOSE-FILL,1997-12-08,1997-12-08,1997-12-09,1997-12-09,11.108200073242188,10.970416069030762,-0.012403810095509948,1,2969,2970,True,0.5083116362908071,9986
MSFT,A-NOK30-CLOSE-FILL,1998-02-10,1998-02-10,1998-02-11,1998-02-11,12.105936050415039,12.08218765258789,-0.0019617151229156526,1,3012,3013,True,0.5083116362908071,9986
MSFT,A-NOK30-CLOSE-FILL,1998-07-08,1998-07-08,1998-07-14,1998-07-14,16.70505714416504,17.71230125427246,0.06029575962625455,4,3114,3118,True,0.5438245016528098,9983
MSFT,A-NOK30-CLOSE-FILL,1998-09-25,1998-09-25,1998-09-28,1998-09-28,17.189674377441406,16.923614501953125,-0.015477889205245288,1,3170,3171,True,0.5083116362908071,9986
MSFT,A-NOK30-CLOSE-FILL,1998-09-29,1998-09-29,1998-09-30,1998-09-30,17.161169052124023,16.733570098876953,-0.02491665643222285,1,3172,3173,True,0.5083116362908071,9986
MSFT,A-NOK30-CLOSE-FILL,1998-11-06,1998-11-06,1998-11-12,1998-11-12,16.619535446166992,16.534019470214844,-0.005145509405431126,4,3200,3204,True,0.5438245016528098,9983
MSFT,A-NOK30-CLOSE-FILL,1998-11-17,1998-11-17,1998-11-18,1998-11-18,17.009130477905273,16.68605613708496,-0.01899417146808202,1,3207,3208,True,0.5083116362908071,9986
MSFT,A-NOK30-CLOSE-FILL,1998-11-20,1998-11-20,1998-12-03,1998-12-03,17.275196075439453,18.567514419555664,0.0748077381277037,8,3210,3218,True,0.5698967832448141,9979
MSFT,A-NOK30-CLOSE-FILL,1998-12-07,1998-12-07,1998-12-14,1998-12-14,20.306434631347656,19.451223373413086,-0.0421152838231067,5,3220,3225,True,0.5514926868363054,9982
MSFT,A-NOK30-CLOSE-FILL,1998-12-16,1998-12-16,1998-12-22,1998-12-22,20.334949493408203,21.04762077331543,0.03504662158803229,4,3227,3231,True,0.5438245016528098,9983
MSFT,A-NOK30-CLOSE-FILL,1998-12-23,1998-12-23,1998-12-29,1998-12-29,21.82680320739746,21.361183166503906,-0.02133248907177343,3,3232,3235,True,0.5396634615384616,9984
MSFT,A-NOK30-CLOSE-FILL,1999-01-06,1999-01-06,1999-01-11,1999-01-11,22.995586395263672,22.425443649291992,-0.024793572826179777,3,3240,3243,True,0.5396634615384616,9984
MSFT,A-NOK30-CLOSE-FILL,1999-03-25,1999-03-25,1999-03-31,1999-03-31,27.35715675354004,27.25262451171875,-0.00382101995331674,4,3294,3298,True,0.5438245016528098,9983
MSFT,A-NOK30-CLOSE-FILL,1999-04-05,1999-04-05,1999-04-07,1999-04-07,28.868017196655273,28.373897552490234,-0.01711650789172625,2,3300,3302,True,0.5248873309964948,9985
MSFT,A-NOK30-CLOSE-FILL,1999-06-29,1999-06-29,1999-07-06,1999-07-06,26.758499145507812,27.233625411987305,0.017756088033781037,4,3360,3364,True,0.5438245016528098,9983
MSFT,A-NOK30-CLOSE-FILL,1999-07-07,1999-07-07,1999-07-15,1999-07-15,28.0698184967041,28.696975708007812,0.022342759764454767,6,3365,3371,True,0.5576595531509869,9981
MSFT,A-NOK30-CLOSE-FILL,1999-07-16,1999-07-16,1999-07-19,1999-07-19,30.23634910583496,29.91327667236328,-0.010684902212924063,1,3372,3373,True,0.5083116362908071,9986
MSFT,A-NOK30-CLOSE-FILL,1999-09-03,1999-09-03,1999-09-07,1999-09-07,29.153085708618164,28.658964157104492,-0.016949202443005906,1,3407,3408,True,0.5083116362908071,9986
MSFT,A-NOK30-CLOSE-FILL,1999-09-14,1999-09-14,1999-09-15,1999-09-15,28.906021118164062,28.16485023498535,-0.025640709253926697,1,3413,3414,True,0.5083116362908071,9986
MSFT,A-NOK30-CLOSE-FILL,1999-09-17,1999-09-17,1999-09-23,1999-09-23,29.32413673400879,27.727745056152344,-0.054439511462413215,4,3416,3420,True,0.5438245016528098,9983
MSFT,A-NOK30-CLOSE-FILL,1999-12-13,1999-12-13,1999-12-30,1999-12-30,29.381135940551758,35.766693115234375,0.21733527211482961,12,3476,3488,True,0.586265664160401,9975
MSFT,A-NOK30-CLOSE-FILL,2000-07-07,2000-07-07,2000-07-10,2000-07-10,24.934053421020508,24.154870986938477,-0.031249729874451404,1,3619,3620,True,0.5083116362908071,9986
MSFT,A-NOK30-CLOSE-FILL,2001-02-07,2001-02-07,2001-02-08,2001-02-08,19.66977882385254,18.928600311279297,-0.037681080159094216,1,3767,3768,True,0.5083116362908071,9986
MSFT,A-NOK30-CLOSE-FILL,2001-05-04,2001-05-04,2001-05-10,2001-05-10,21.51323127746582,21.28516960144043,-0.010600995874770147,4,3827,3831,True,0.5438245016528098,9983
MSFT,A-NOK30-CLOSE-FILL,2001-10-22,2001-10-22,2001-10-29,2001-10-29,18.293081283569336,18.134965896606445,-0.008643452926922035,5,3941,3946,True,0.5514926868363054,9982
MSFT,A-NOK30-CLOSE-FILL,2001-11-05,2001-11-05,2001-11-14,2001-11-14,19.238758087158203,20.053674697875977,0.042358067346442985,7,3951,3958,True,0.5613226452905812,9980
MSFT,A-NOK30-CLOSE-FILL,2001-12-17,2001-12-17,2001-12-20,2001-12-20,20.97500991821289,20.29997444152832,-0.03218284421874951,3,3980,3983,True,0.5396634615384616,9984
MSFT,A-NOK30-CLOSE-FILL,2002-06-27,2002-06-27,2002-07-01,2002-07-01,16.69973373413086,16.012537002563477,-0.04115016098507562,2,4112,4114,True,0.5248873309964948,9985
MSFT,A-NOK30-CLOSE-FILL,2002-10-31,2002-10-31,2002-11-01,2002-11-01,16.258832931518555,16.11591148376465,-0.00879038786829811,1,4200,4201,True,0.5083116362908071,9986
MSFT,A-NOK30-CLOSE-FILL,2002-11-04,2002-11-04,2002-11-08,2002-11-08,17.058547973632812,16.754470825195312,-0.017825500089896806,4,4202,4206,True,0.5438245016528098,9983
MSFT,A-NOK30-CLOSE-FILL,2002-11-14,2002-11-14,2002-11-19,2002-11-19,17.329179763793945,16.68149185180664,-0.03737556657704744,3,4210,4213,True,0.5396634615384616,9984
MSFT,A-NOK30-CLOSE-FILL,2003-04-03,2003-04-03,2003-04-09,2003-04-09,15.697955131530762,14.990235328674316,-0.04508356642164979,4,4305,4309,True,0.5438245016528098,9983
MSFT,A-NOK30-CLOSE-FILL,2003-05-02,2003-05-02,2003-05-05,2003-05-05,15.92369270324707,15.777273178100586,-0.009195073521899078,1,4325,4326,True,0.5083116362908071,9986
MSFT,A-NOK30-CLOSE-FILL,2003-05-06,2003-05-06,2003-05-07,2003-05-07,16.088420867919922,15.856581687927246,-0.014410312975772555,1,4327,4328,True,0.5083116362908071,9986
MSFT,A-NOK30-CLOSE-FILL,2003-05-09,2003-05-09,2003-05-13,2003-05-13,16.082313537597656,15.856581687927246,-0.014036030894602813,2,4330,4332,True,0.5248873309964948,9985
MSFT,A-NOK30-CLOSE-FILL,2003-07-02,2003-07-02,2003-07-10,2003-07-10,16.39957046508789,16.41787338256836,0.0011160607846061321,5,4367,4372,True,0.5514926868363054,9982
MSFT,A-NOK30-CLOSE-FILL,2003-07-11,2003-07-11,2003-07-15,2003-07-15,16.661924362182617,16.637514114379883,-0.0014650317257554057,2,4373,4375,True,0.5248873309964948,9985
MSFT,A-NOK30-CLOSE-FILL,2003-09-16,2003-09-16,2003-09-22,2003-09-22,17.631982803344727,17.73570442199707,0.005882583927694585,4,4419,4423,True,0.5438245016528098,9983
MSFT,A-NOK30-CLOSE-FILL,2003-09-23,2003-09-23,2003-09-24,2003-09-24,18.05905532836914,17.363534927368164,-0.038513664660430935,1,4424,4425,True,0.5083116362908071,9986
MSFT,A-NOK30-CLOSE-FILL,2003-12-30,2003-12-30,2004-01-02,2004-01-02,16.884231567382812,16.841289520263672,-0.0025433225638824553,2,4492,4494,True,0.5248873309964948,9985
MSFT,A-NOK30-CLOSE-FILL,2004-01-05,2004-01-05,2004-01-09,2004-01-09,17.264623641967773,16.97012710571289,-0.01705780226445275,4,4495,4499,True,0.5438245016528098,9983
MSFT,A-NOK30-CLOSE-FILL,2004-06-07,2004-06-07,2004-06-22,2004-06-22,16.21549415588379,17.356647491455078,0.07037425591851121,10,4601,4611,True,0.5792322341385185,9977
MSFT,A-NOK30-CLOSE-FILL,2004-06-25,2004-06-25,2004-06-28,2004-06-28,17.5284366607666,17.35051155090332,-0.010150654807768777,1,4614,4615,True,0.5083116362908071,9986
MSFT,A-NOK30-CLOSE-FILL,2004-10-19,2004-10-19,2004-10-22,2004-10-22,17.340164184570312,17.069419860839844,-0.015613711660895535,3,4694,4697,True,0.5396634615384616,9984
MSFT,A-NOK30-CLOSE-FILL,2005-04-29,2005-04-29,2005-05-09,2005-05-09,17.404701232910156,17.27399444580078,-0.007509855260383613,6,4827,4833,True,0.5576595531509869,9981
MSFT,A-NOK30-CLOSE-FILL,2005-05-16,2005-05-16,2005-05-25,2005-05-25,17.591028213500977,17.74285316467285,0.008630817330811391,7,4838,4845,True,0.5613226452905812,9980
MSFT,A-NOK30-CLOSE-FILL,2005-05-27,2005-05-27,2005-05-31,2005-05-31,17.99129295349121,17.804962158203125,-0.010356720652026752,1,4847,4848,True,0.5083116362908071,9986
MSFT,A-NOK30-CLOSE-FILL,2005-08-02,2005-08-02,2005-08-10,2005-08-10,18.501983642578125,18.598596572875977,0.005221760658977059,6,4892,4898,True,0.5576595531509869,9981
MSFT,A-NOK30-CLOSE-FILL,2005-11-17,2005-11-17,2005-11-18,2005-11-18,19.41651725769043,19.485944747924805,0.003575692247633988,1,4968,4969,True,0.5083116362908071,9986
MSFT,A-NOK30-CLOSE-FILL,2006-03-07,2006-03-07,2006-03-09,2006-03-09,18.848461151123047,18.806669235229492,-0.0022172587755825424,2,5041,5043,True,0.5248873309964948,9985
MSFT,A-NOK30-CLOSE-FILL,2006-03-15,2006-03-15,2006-03-22,2006-03-22,19.05742835998535,18.911161422729492,-0.0076750616343900235,5,5047,5052,True,0.5514926868363054,9982
MSFT,A-NOK30-CLOSE-FILL,2006-04-03,2006-04-03,2006-04-07,2006-04-07,19.19672393798828,18.98080062866211,-0.011247924907587081,4,5060,5064,True,0.5438245016528098,9983
MSFT,A-NOK30-CLOSE-FILL,2006-08-02,2006-08-02,2006-08-03,2006-08-03,16.992000579833984,16.929075241088867,-0.003703233086032043,1,5144,5145,True,0.5083116362908071,9986
MSFT,A-NOK30-CLOSE-FILL,2006-08-09,2006-08-09,2006-08-22,2006-08-22,17.089906692504883,17.981000900268555,0.05214154903224122,9,5149,5158,True,0.5704550010022048,9978
MSFT,A-NOK30-CLOSE-FILL,2006-09-26,2006-09-26,2006-10-06,2006-10-06,19.08989143371582,19.560123443603516,0.02463251357507401,8,5182,5190,True,0.5698967832448141,9979
MSFT,A-NOK30-CLOSE-FILL,2006-10-13,2006-10-13,2006-10-19,2006-10-19,19.911041259765625,19.854904174804688,-0.0028193947382537665,4,5195,5199,True,0.5438245016528098,9983
MSFT,A-NOK30-CLOSE-FILL,2006-11-16,2006-11-16,2006-11-17,2006-11-17,20.75377655029297,20.704483032226562,-0.002375158947430678,1,5219,5220,True,0.5083116362908071,9986
MSFT,A-NOK30-CLOSE-FILL,2006-11-20,2006-11-20,2006-11-24,2006-11-24,21.049551010131836,20.957998275756836,-0.004349391316277096,3,5221,5224,True,0.5396634615384616,9984
MSFT,A-NOK30-CLOSE-FILL,2007-01-11,2007-01-11,2007-01-22,2007-01-22,21.619976043701172,21.634069442749023,0.0006518693184194291,6,5255,5261,True,0.5576595531509869,9981
MSFT,A-NOK30-CLOSE-FILL,2007-01-24,2007-01-24,2007-01-25,2007-01-25,21.894628524780273,21.443923950195312,-0.020585166543239386,1,5263,5264,True,0.5083116362908071,9986
MSFT,A-NOK30-CLOSE-FILL,2007-04-12,2007-04-12,2007-04-23,2007-04-23,20.168527603149414,20.338123321533203,0.008408929085993666,7,5317,5324,True,0.5613226452905812,9980
MSFT,A-NOK30-CLOSE-FILL,2007-04-25,2007-04-25,2007-04-27,2007-04-27,20.486534118652344,21.285064697265625,0.03897831492571724,2,5326,5328,True,0.5248873309964948,9985
MSFT,A-NOK30-CLOSE-FILL,2007-05-01,2007-05-01,2007-05-09,2007-05-09,21.48294448852539,21.751480102539062,0.012499944509799521,6,5330,5336,True,0.5576595531509869,9981
MSFT,A-NOK30-CLOSE-FILL,2007-05-14,2007-05-14,2007-05-18,2007-05-18,21.885738372802734,21.857383728027344,-0.0012955763379967067,4,5339,5343,True,0.5438245016528098,9983
MSFT,A-NOK30-CLOSE-FILL,2007-09-25,2007-09-25,2007-10-09,2007-10-09,21.030458450317383,21.414640426635742,0.018267884041898386,10,5432,5442,True,0.5792322341385185,9977
MSFT,A-NOK30-CLOSE-FILL,2007-10-10,2007-10-10,2007-10-11,2007-10-11,21.507122039794922,21.279470443725586,-0.01058493998630361,1,5443,5444,True,0.5083116362908071,9986
MSFT,A-NOK30-CLOSE-FILL,2007-10-17,2007-10-17,2007-10-19,2007-10-19,22.111865997314453,21.464445114135742,-0.02927934183652081,2,5448,5450,True,0.5248873309964948,9985
MSFT,A-NOK30-CLOSE-FILL,2007-10-24,2007-10-24,2007-11-06,2007-11-06,22.232812881469727,25.90389060974121,0.1651198050306626,9,5453,5462,True,0.5704550010022048,9978
MSFT,A-NOK30-CLOSE-FILL,2007-12-20,2007-12-20,2007-12-31,2007-12-31,25.3542423248291,25.411352157592773,0.002252476411324089,6,5493,5499,True,0.5576595531509869,9981
MSFT,A-NOK30-CLOSE-FILL,2008-04-10,2008-04-10,2008-04-11,2008-04-11,20.859521865844727,20.264751434326172,-0.028513138284939732,1,5568,5569,True,0.5083116362908071,9986
MSFT,A-NOK30-CLOSE-FILL,2008-08-28,2008-08-28,2008-09-02,2008-09-02,20.174970626831055,19.56842041015625,-0.030064490694630464,2,5666,5668,True,0.5248873309964948,9985
MSFT,A-NOK30-CLOSE-FILL,2009-03-26,2009-03-26,2009-03-30,2009-03-30,13.782769203186035,12.794631004333496,-0.07169373471218832,2,5810,5812,True,0.5248873309964948,9985
MSFT,A-NOK30-CLOSE-FILL,2009-04-01,2009-04-01,2009-04-03,2009-04-03,14.134111404418945,13.724210739135742,-0.029000809004169126,2,5814,5816,True,0.5248873309964948,9985
MSFT,A-NOK30-CLOSE-FILL,2009-04-09,2009-04-09,2009-04-15,2009-04-15,14.397621154785156,13.782769203186035,-0.04270510697489571,3,5820,5823,True,0.5396634615384616,9984
MSFT,A-NOK30-CLOSE-FILL,2009-04-16,2009-04-16,2009-04-17,2009-04-17,14.463488578796387,14.053598403930664,-0.028339647978609106,1,5824,5825,True,0.5083116362908071,9986
MSFT,A-NOK30-CLOSE-FILL,2009-04-24,2009-04-24,2009-05-05,2009-05-05,15.305243492126465,14.485454559326172,-0.05356261945273988,7,5830,5837,True,0.5613226452905812,9980
MSFT,A-NOK30-CLOSE-FILL,2009-09-09,2009-09-09,2009-09-23,2009-09-23,18.355751037597656,19.04464340209961,0.03753005600756465,10,5925,5935,True,0.5792322341385185,9977
MSFT,A-NOK30-CLOSE-FILL,2009-11-06,2009-11-06,2009-11-20,2009-11-20,21.12615394592285,22.037952423095703,0.04315970050709672,10,5967,5977,True,0.5792322341385185,9977
MSFT,A-NOK30-CLOSE-FILL,2010-03-23,2010-03-23,2010-03-24,2010-03-24,22.335365295410156,22.16343116760254,-0.007697842660444376,1,6059,6060,True,0.5083116362908071,9986
MSFT,A-NOK30-CLOSE-FILL,2010-08-02,2010-08-02,2010-08-03,2010-08-03,19.77053451538086,19.642885208129883,-0.0064565430515634015,1,6150,6151,True,0.5083116362908071,9986
MSFT,A-NOK30-CLOSE-FILL,2010-10-26,2010-10-26,2010-11-05,2010-11-05,19.55140495300293,20.26854705810547,0.03667982463799313,8,6210,6218,True,0.5698967832448141,9979
MSFT,A-NOK30-CLOSE-FILL,2010-12-23,2010-12-23,2010-12-27,2010-12-27,21.49437141418457,21.3196964263916,-0.008126545523340911,1,6251,6252,True,0.5083116362908071,9986
MSFT,A-NOK30-CLOSE-FILL,2011-07-19,2011-07-19,2011-07-20,2011-07-20,21.178695678710938,20.80957794189453,-0.017428728492824397,1,6393,6394,True,0.5083116362908071,9986
MSFT,A-NOK30-CLOSE-FILL,2011-07-22,2011-07-22,2011-07-27,2011-07-27,21.171005249023438,21.01719856262207,-0.007264968507268321,3,6396,6399,True,0.5396634615384616,9984
MSFT,A-NOK30-CLOSE-FILL,2011-09-14,2011-09-14,2011-09-21,2011-09-21,20.507543563842773,20.112882614135742,-0.01924467201439306,5,6433,6438,True,0.5514926868363054,9982
MSFT,A-NOK30-CLOSE-FILL,2011-12-20,2011-12-20,2011-12-21,2011-12-21,20.29551124572754,20.08498764038086,-0.010372914621256335,1,6501,6502,True,0.5083116362908071,9986
MSFT,A-NOK30-CLOSE-FILL,2011-12-23,2011-12-23,2011-12-28,2011-12-28,20.29551124572754,20.131772994995117,-0.00806770762017095,2,6504,6506,True,0.5248873309964948,9985
MSFT,A-NOK30-CLOSE-FILL,2011-12-29,2011-12-29,2012-01-11,2012-01-11,20.2877140045166,21.613201141357422,0.06533447467495512,8,6507,6515,True,0.5698967832448141,9979
MSFT,A-NOK30-CLOSE-FILL,2012-01-12,2012-01-12,2012-01-17,2012-01-17,21.83151626586914,22.034231185913086,0.00928542560100909,2,6516,6518,True,0.5248873309964948,9985
MSFT,A-NOK30-CLOSE-FILL,2012-01-20,2012-01-20,2012-01-24,2012-01-24,23.1647891998291,22.87630844116211,-0.01245341609536943,2,6521,6523,True,0.5248873309964948,9985
MSFT,A-NOK30-CLOSE-FILL,2012-02-01,2012-02-01,2012-02-13,2012-02-13,23.305137634277344,23.84313201904297,0.023084797575893212,8,6529,6537,True,0.5698967832448141,9979
MSFT,A-NOK30-CLOSE-FILL,2012-02-21,2012-02-21,2012-03-02,2012-03-02,24.6750545501709,25.177339553833008,0.020355983515288,8,6542,6550,True,0.5698967832448141,9979
MSFT,A-NOK30-CLOSE-FILL,2012-06-22,2012-06-22,2012-06-25,2012-06-25,24.25237464904785,23.59668731689453,-0.027036005407374053,1,6628,6629,True,0.5083116362908071,9986
MSFT,A-NOK30-CLOSE-FILL,2012-07-02,2012-07-02,2012-07-09,2012-07-09,24.14177894592285,23.699392318725586,-0.018324524807728726,4,6634,6638,True,0.5438245016528098,9983
MSFT,A-NOK30-CLOSE-FILL,2012-09-06,2012-09-06,2012-09-10,2012-09-10,24.929927825927734,24.428939819335938,-0.0200958466502561,2,6680,6682,True,0.5248873309964948,9985
MSFT,A-NOK30-CLOSE-FILL,2013-04-09,2013-04-09,2013-04-11,2013-04-11,23.936290740966797,23.394672393798828,-0.022627497009843456,2,6825,6827,True,0.5248873309964948,9985
MSFT,A-NOK30-CLOSE-FILL,2013-04-19,2013-04-19,2013-05-07,2013-05-07,24.065635681152344,26.92732048034668,0.11891166462872782,12,6833,6845,True,0.586265664160401,9975
MSFT,A-NOK30-CLOSE-FILL,2013-05-15,2013-05-15,2013-05-23,2013-05-23,27.55573081970215,27.799945831298828,0.008862585180359872,6,6851,6857,True,0.5576595531509869,9981
MSFT,A-NOK30-CLOSE-FILL,2013-09-27,2013-09-27,2013-10-08,2013-10-08,27.274425506591797,27.061281204223633,-0.007814804470094194,7,6945,6952,True,0.5613226452905812,9980
MSFT,A-NOK30-CLOSE-FILL,2013-10-11,2013-10-11,2013-10-22,2013-10-22,27.979446411132812,28.348346710205078,0.013184688991040305,7,6955,6962,True,0.5613226452905812,9980
MSFT,A-NOK30-CLOSE-FILL,2013-10-29,2013-10-29,2013-11-12,2013-11-12,29.118955612182617,30.627355575561523,0.05180130714399089,10,6967,6977,True,0.5792322341385185,9977
MSFT,A-NOK30-CLOSE-FILL,2013-11-13,2013-11-13,2013-11-18,2013-11-18,31.283185958862305,30.496198654174805,-0.025156878385801162,3,6978,6981,True,0.5396634615384616,9984
MSFT,A-NOK30-CLOSE-FILL,2014-02-11,2014-02-11,2014-02-24,2014-02-24,30.702693939208984,31.365680694580078,0.02159376492120857,8,7038,7046,True,0.5698967832448141,9979
MSFT,A-NOK30-CLOSE-FILL,2014-02-28,2014-02-28,2014-03-03,2014-03-03,31.881641387939453,31.440582275390625,-0.013834266159071573,1,7050,7051,True,0.5083116362908071,9986
MSFT,A-NOK30-CLOSE-FILL,2014-03-04,2014-03-04,2014-03-07,2014-03-07,31.96485710144043,31.540441513061523,-0.013277568769728076,3,7052,7055,True,0.5396634615384616,9984
MSFT,A-NOK30-CLOSE-FILL,2014-03-18,2014-03-18,2014-03-27,2014-03-27,32.913570404052734,32.75544738769531,-0.004804189105474643,7,7062,7069,True,0.5613226452905812,9980
MSFT,A-NOK30-CLOSE-FILL,2014-03-31,2014-03-31,2014-04-04,2014-04-04,34.111942291259766,33.17987823486328,-0.027323687652793027,4,7071,7075,True,0.5438245016528098,9983
MSFT,A-NOK30-CLOSE-FILL,2014-05-21,2014-05-21,2014-06-03,2014-06-03,33.81622314453125,33.76592254638672,-0.0014874694293784962,8,7107,7115,True,0.5698967832448141,9979
MSFT,A-NOK30-CLOSE-FILL,2014-06-05,2014-06-05,2014-06-11,2014-06-11,34.536949157714844,34.243656158447266,-0.008492151345743992,4,7117,7121,True,0.5438245016528098,9983
MSFT,A-NOK30-CLOSE-FILL,2014-06-16,2014-06-16,2014-06-30,2014-06-30,34.78000259399414,34.9476203918457,0.004819372781775133,10,7124,7134,True,0.5792322341385185,9977
MSFT,A-NOK30-CLOSE-FILL,2014-09-05,2014-09-05,2014-09-15,2014-09-15,38.71622085571289,38.99451446533203,0.007188036524956365,6,7181,7187,True,0.5576595531509869,9981
MSFT,A-NOK30-CLOSE-FILL,2014-09-19,2014-09-19,2014-09-22,2014-09-22,40.07394027709961,39.68601989746094,-0.009680115729981065,1,7191,7192,True,0.5083116362908071,9986
MSFT,A-NOK30-CLOSE-FILL,2014-11-13,2014-11-13,2014-11-14,2014-11-14,41.836448669433594,41.811161041259766,-0.0006044401228612051,1,7230,7231,True,0.5083116362908071,9986
MSFT,A-NOK30-CLOSE-FILL,2015-07-30,2015-07-30,2015-08-06,2015-08-06,40.327091217041016,40.10342025756836,-0.0055464193603464995,5,7407,7412,True,0.5514926868363054,9982
MSFT,A-NOK30-CLOSE-FILL,2015-08-17,2015-08-17,2015-08-20,2015-08-20,40.70558547973633,39.53664016723633,-0.028717074050732205,3,7419,7422,True,0.5396634615384616,9984
MSFT,A-NOK30-CLOSE-FILL,2015-10-16,2015-10-16,2015-10-21,2015-10-21,41.13853454589844,40.8701057434082,-0.006524996708153208,3,7462,7465,True,0.5396634615384616,9984
MSFT,A-NOK30-CLOSE-FILL,2015-10-26,2015-10-26,2015-10-30,2015-10-30,46.97465133666992,45.58055877685547,-0.029677549915653745,4,7468,7472,True,0.5438245016528098,9983
MSFT,A-NOK30-CLOSE-FILL,2015-11-03,2015-11-03,2015-11-05,2015-11-05,46.8880615234375,47.08720779418945,0.004247270291871885,2,7474,7476,True,0.5248873309964948,9985
MSFT,A-NOK30-CLOSE-FILL,2015-11-06,2015-11-06,2015-11-09,2015-11-09,47.55479049682617,46.89671325683594,-0.013838295429650871,1,7477,7478,True,0.5083116362908071,9986
MSFT,A-NOK30-CLOSE-FILL,2016-03-09,2016-03-09,2016-03-18,2016-03-18,46.392852783203125,46.96355438232422,0.012301498288713075,7,7560,7567,True,0.5613226452905812,9980
MSFT,A-NOK30-CLOSE-FILL,2016-03-30,2016-03-30,2016-04-05,2016-04-05,48.33320999145508,47.90298843383789,-0.008901158389712727,4,7574,7578,True,0.5438245016528098,9983
MSFT,A-NOK30-CLOSE-FILL,2016-07-22,2016-07-22,2016-07-27,2016-07-27,50.01514434814453,49.67916488647461,-0.0067175545736956055,3,7654,7657,True,0.5396634615384616,9984
MSFT,A-NOK30-CLOSE-FILL,2016-08-04,2016-08-04,2016-08-12,2016-08-12,50.740116119384766,51.22639465332031,0.009583709520715189,6,7663,7669,True,0.5576595531509869,9981
MSFT,A-NOK30-CLOSE-FILL,2016-09-27,2016-09-27,2016-09-29,2016-09-29,51.554569244384766,51.06528854370117,-0.009490539982290436,2,7700,7702,True,0.5248873309964948,9985
MSFT,A-NOK30-CLOSE-FILL,2016-11-08,2016-11-08,2016-11-10,2016-11-10,53.79646682739258,52.2218017578125,-0.029270789745959203,2,7730,7732,True,0.5248873309964948,9985
MSFT,A-NOK30-CLOSE-FILL,2016-12-19,2016-12-19,2016-12-22,2016-12-22,56.98118591308594,56.9184684753418,-0.0011006692250983274,3,7758,7761,True,0.5396634615384616,9984
MSFT,A-NOK30-CLOSE-FILL,2017-07-25,2017-07-25,2017-07-26,2017-07-26,67.23423767089844,67.10733032226562,-0.0018875405303768744,1,7907,7908,True,0.5083116362908071,9986
MSFT,A-NOK30-CLOSE-FILL,2017-09-07,2017-09-07,2017-09-19,2017-09-19,67.72908020019531,68.73128509521484,0.014797261265872663,8,7938,7946,True,0.5698967832448141,9979
MSFT,A-NOK30-CLOSE-FILL,2017-11-06,2017-11-06,2017-11-08,2017-11-08,76.95825958251953,77.04023742675781,0.0010652247683742289,2,7980,7982,True,0.5248873309964948,9985
MSFT,A-NOK30-CLOSE-FILL,2018-01-18,2018-01-18,2018-01-25,2018-01-25,82.4998550415039,84.54174041748047,0.024750169257259147,5,8029,8034,True,0.5514926868363054,9982
MSFT,A-NOK30-CLOSE-FILL,2018-01-26,2018-01-26,2018-01-30,2018-01-30,86.12579345703125,84.91714477539062,-0.014033527392042333,2,8035,8037,True,0.5248873309964948,9985
MSFT,A-NOK30-CLOSE-FILL,2018-03-08,2018-03-08,2018-03-14,2018-03-14,86.87076568603516,86.33720397949219,-0.006142016849158938,4,8063,8067,True,0.5438245016528098,9983
MSFT,A-NOK30-CLOSE-FILL,2018-05-23,2018-05-23,2018-05-29,2018-05-29,91.15554809570312,90.55499267578125,-0.006588248685547415,3,8116,8119,True,0.5396634615384616,9984
MSFT,A-NOK30-CLOSE-FILL,2018-05-30,2018-05-30,2018-05-31,2018-05-31,91.42350006103516,91.32186126708984,-0.0011117359746395383,1,8120,8121,True,0.5083116362908071,9986
MSFT,A-NOK30-CLOSE-FILL,2018-06-01,2018-06-01,2018-06-07,2018-06-07,93.12353515625,93.2066650390625,0.0008926839243486029,4,8122,8126,True,0.5438245016528098,9983
MSFT,A-NOK30-CLOSE-FILL,2018-07-23,2018-07-23,2018-07-27,2018-07-27,99.75739288330078,99.48945617675781,-0.0026858832092415685,4,8157,8161,True,0.5438245016528098,9983
MSFT,A-NOK30-CLOSE-FILL,2018-10-01,2018-10-01,2018-10-03,2018-10-03,107.22730255126953,106.81922912597656,-0.0038056858242596636,2,8206,8208,True,0.5248873309964948,9985
MSFT,A-NOK30-CLOSE-FILL,2019-01-25,2019-01-25,2019-01-28,2019-01-28,99.82870483398438,97.88187408447266,-0.01950171298675374,1,8285,8286,True,0.5083116362908071,9986
MSFT,A-NOK30-CLOSE-FILL,2019-02-05,2019-02-05,2019-02-28,2019-02-28,99.87529754638672,104.80145263671875,0.04932305796680203,16,8292,8308,True,0.6005415705546083,9971
MSFT,A-NOK30-CLOSE-FILL,2019-03-12,2019-03-12,2019-03-22,2019-03-22,106.28887176513672,109.49756622314453,0.030188432756139916,8,8316,8324,True,0.5698967832448141,9979
MSFT,A-NOK30-CLOSE-FILL,2019-04-30,2019-04-30,2019-05-01,2019-05-01,122.17327880859375,119.62875366210938,-0.02082718227175373,1,8350,8351,True,0.5083116362908071,9986
MSFT,A-NOK30-CLOSE-FILL,2019-09-18,2019-09-18,2019-09-24,2019-09-24,130.49501037597656,129.4210662841797,-0.008229771304685718,4,8448,8452,True,0.5438245016528098,9983
MSFT,A-NOK30-CLOSE-FILL,2019-10-25,2019-10-25,2019-11-07,2019-11-07,132.57699584960938,135.90248107910156,0.025083425734465203,9,8475,8484,True,0.5704550010022048,9978
MSFT,A-NOK30-CLOSE-FILL,2019-11-08,2019-11-08,2019-11-20,2019-11-20,137.50401306152344,141.43153381347656,0.028562953651366074,8,8485,8493,True,0.5698967832448141,9979
MSFT,A-NOK30-CLOSE-FILL,2019-11-25,2019-11-25,2019-11-29,2019-11-29,142.9534454345703,143.09521484375,0.0009917173297133708,3,8496,8499,True,0.5396634615384616,9984
MSFT,A-NOK30-CLOSE-FILL,2019-12-19,2019-12-19,2019-12-30,2019-12-30,147.1882781982422,148.9653778076172,0.012073649010157617,6,8513,8519,True,0.5576595531509869,9981
MSFT,A-NOK30-CLOSE-FILL,2020-01-02,2020-01-02,2020-01-03,2020-01-03,151.82952880859375,149.93905639648438,-0.012451282875893144,1,8521,8522,True,0.5083116362908071,9986
MSFT,A-NOK30-CLOSE-FILL,2020-01-09,2020-01-09,2020-01-22,2020-01-22,153.2190704345703,156.63153076171875,0.022271772811764068,8,8526,8534,True,0.5698967832448141,9979
MSFT,A-NOK30-CLOSE-FILL,2020-04-29,2020-04-29,2020-05-12,2020-05-12,168.1776580810547,172.99276733398438,0.028631087552717593,9,8602,8611,True,0.5704550010022048,9978
MSFT,A-NOK30-CLOSE-FILL,2020-06-17,2020-06-17,2020-06-26,2020-06-26,184.62387084960938,186.6103973388672,0.010759857217358393,7,8636,8643,True,0.5613226452905812,9980
MSFT,A-NOK30-CLOSE-FILL,2020-06-30,2020-06-30,2020-07-13,2020-07-13,193.43490600585938,196.8187255859375,0.017493324498400575,8,8645,8653,True,0.5698967832448141,9979
MSFT,A-NOK30-CLOSE-FILL,2020-10-09,2020-10-09,2020-10-16,2020-10-16,205.62184143066406,209.29010009765625,0.017839829861795664,5,8716,8721,True,0.5514926868363054,9982
MSFT,A-NOK30-CLOSE-FILL,2021-02-11,2021-02-11,2021-02-16,2021-02-16,233.55776977539062,232.8031463623047,-0.00323099254549164,2,8801,8803,True,0.5248873309964948,9985
MSFT,A-NOK30-CLOSE-FILL,2021-03-23,2021-03-23,2021-03-24,2021-03-24,227.47946166992188,225.44960021972656,-0.00892327349156774,1,8828,8829,True,0.5083116362908071,9986
MSFT,A-NOK30-CLOSE-FILL,2021-04-01,2021-04-01,2021-04-19,2021-04-19,232.0467071533203,247.73983764648438,0.06762918847538368,11,8835,8846,True,0.5852044907778668,9976
MSFT,A-NOK30-CLOSE-FILL,2021-04-26,2021-04-26,2021-04-28,2021-04-28,250.4303741455078,243.737548828125,-0.02672529376765642,2,8851,8853,True,0.5248873309964948,9985
MSFT,A-NOK30-CLOSE-FILL,2021-06-07,2021-06-07,2021-06-18,2021-06-18,243.58062744140625,248.97412109375,0.022142539449863108,9,8880,8889,True,0.5704550010022048,9978
MSFT,A-NOK30-CLOSE-FILL,2021-06-21,2021-06-21,2021-06-25,2021-06-25,252.045166015625,254.33877563476562,0.009099994478761086,4,8890,8894,True,0.5438245016528098,9983
MSFT,A-NOK30-CLOSE-FILL,2021-06-28,2021-06-28,2021-07-06,2021-07-06,257.8896484375,266.4694519042969,0.03326928210876301,5,8895,8900,True,0.5514926868363054,9982
MSFT,A-NOK30-CLOSE-FILL,2021-07-07,2021-07-07,2021-07-08,2021-07-08,268.6478576660156,266.2391662597656,-0.008965980325234879,1,8901,8902,True,0.5083116362908071,9986
MSFT,A-NOK30-CLOSE-FILL,2021-08-19,2021-08-19,2021-08-25,2021-08-25,285.3544616699219,290.3929443359375,0.017656926184121735,4,8932,8936,True,0.5438245016528098,9983
MSFT,A-NOK30-CLOSE-FILL,2021-10-28,2021-10-28,2021-11-08,2021-11-08,311.8736267089844,324.02734375,0.03897000579775378,7,8981,8988,True,0.5613226452905812,9980
MSFT,A-NOK30-CLOSE-FILL,2022-08-10,2022-08-10,2022-08-11,2022-08-11,279.7718200683594,277.70135498046875,-0.007400549088127373,1,9177,9178,True,0.5083116362908071,9986
MSFT,A-NOK30-CLOSE-FILL,2022-08-12,2022-08-12,2022-08-17,2022-08-17,282.4326477050781,282.46002197265625,9.69231701808404e-05,3,9179,9182,True,0.5396634615384616,9984
MSFT,A-NOK30-CLOSE-FILL,2022-12-01,2022-12-01,2022-12-06,2022-12-06,247.64002990722656,238.3349151611328,-0.037575164037816244,3,9256,9259,True,0.5396634615384616,9984
MSFT,A-NOK30-CLOSE-FILL,2023-01-31,2023-01-31,2023-02-06,2023-02-06,240.95042419433594,249.66241455078125,0.03615677534320816,4,9296,9300,True,0.5438245016528098,9983
MSFT,A-NOK30-CLOSE-FILL,2023-02-07,2023-02-07,2023-02-08,2023-02-08,260.1537170410156,259.34674072265625,-0.0031019211546846615,1,9301,9302,True,0.5083116362908071,9986
MSFT,A-NOK30-CLOSE-FILL,2023-03-23,2023-03-23,2023-03-27,2023-03-27,270.650390625,269.4027099609375,-0.00460993483579053,2,9332,9334,True,0.5248873309964948,9985
MSFT,A-NOK30-CLOSE-FILL,2023-03-30,2023-03-30,2023-04-05,2023-04-05,276.8791198730469,277.16168212890625,0.0010205256936273166,4,9337,9341,True,0.5438245016528098,9983
MSFT,A-NOK30-CLOSE-FILL,2023-04-06,2023-04-06,2023-04-11,2023-04-11,284.23846435546875,275.6898498535156,-0.03007550199561393,2,9342,9344,True,0.5248873309964948,9985
MSFT,A-NOK30-CLOSE-FILL,2023-05-10,2023-05-10,2023-05-11,2023-05-11,304.4256286621094,302.2810974121094,-0.0070445161250870525,1,9365,9366,True,0.5083116362908071,9986
MSFT,A-NOK30-CLOSE-FILL,2023-05-26,2023-05-26,2023-05-31,2023-05-31,325.1954345703125,320.79949951171875,-0.013517825256071592,2,9377,9379,True,0.5248873309964948,9985
MSFT,A-NOK30-CLOSE-FILL,2023-06-01,2023-06-01,2023-06-07,2023-06-07,324.89263916015625,315.90521240234375,-0.02766275893798298,4,9380,9384,True,0.5438245016528098,9983
MSFT,A-NOK30-CLOSE-FILL,2023-09-14,2023-09-14,2023-09-15,2023-09-15,331.57171630859375,323.2701721191406,-0.02503694911578913,1,9452,9453,True,0.5083116362908071,9986
MSFT,A-NOK30-CLOSE-FILL,2023-10-31,2023-10-31,2023-11-17,2023-11-17,330.9939880371094,362.8009948730469,0.09609542162551743,13,9485,9498,True,0.5917385201523963,9974
MSFT,A-NOK30-CLOSE-FILL,2023-11-28,2023-11-28,2023-11-29,2023-11-29,375.4060363769531,371.6294250488281,-0.01006007086240035,1,9504,9505,True,0.5083116362908071,9986
MSFT,A-NOK30-CLOSE-FILL,2024-01-29,2024-01-29,2024-01-30,2024-01-30,401.91107177734375,400.8025817871094,-0.0027580479067977892,1,9545,9546,True,0.5083116362908071,9986
MSFT,A-NOK30-CLOSE-FILL,2024-02-07,2024-02-07,2024-02-13,2024-02-13,406.1585388183594,398.5758972167969,-0.0186691670292658,4,9552,9556,True,0.5438245016528098,9983
MSFT,A-NOK30-CLOSE-FILL,2024-05-20,2024-05-20,2024-05-23,2024-05-23,418.7588806152344,420.3932189941406,0.0039028148525592776,3,9623,9626,True,0.5396634615384616,9984
MSFT,A-NOK30-CLOSE-FILL,2024-06-21,2024-06-21,2024-06-24,2024-06-24,442.82073974609375,440.743408203125,-0.00469113425933898,1,9645,9646,True,0.5083116362908071,9986
MSFT,A-NOK30-CLOSE-FILL,2024-06-25,2024-06-25,2024-06-27,2024-06-27,443.9726257324219,445.8432312011719,0.004213335148003816,2,9647,9649,True,0.5248873309964948,9985
MSFT,A-NOK30-CLOSE-FILL,2024-07-02,2024-07-02,2024-07-09,2024-07-09,452.1737365722656,452.4297180175781,0.0005661130326872765,4,9652,9656,True,0.5438245016528098,9983
MSFT,A-NOK30-CLOSE-FILL,2024-11-26,2024-11-26,2024-12-13,2024-12-13,422.9722900390625,442.0262451171875,0.045047762056387386,12,9755,9767,True,0.586265664160401,9975
MSFT,A-NOK30-CLOSE-FILL,2024-12-17,2024-12-17,2024-12-18,2024-12-18,449.1319885253906,432.26214599609375,-0.037560990889748624,1,9769,9770,True,0.5083116362908071,9986
MSFT,A-NOK30-CLOSE-FILL,2025-05-19,2025-05-19,2025-05-21,2025-05-21,455.2337646484375,448.98370361328125,-0.013729344175476443,2,9872,9874,True,0.5248873309964948,9985
MSFT,A-NOK30-CLOSE-FILL,2025-09-30,2025-09-30,2025-10-09,2025-10-09,514.6903686523438,519.1123046875,0.008591448965199255,7,9964,9971,True,0.5613226452905812,9980
MSFT,A-NOK30-CLOSE-FILL,2026-07-20,2026-07-20,2026-07-22,2026-07-22,402.2900085449219,390.3399963378906,-0.029704968935853726,2,10164,10166,True,0.5248873309964948,9985
MSFT,A-NOK30-CLOSE-FILL,2026-07-30,2026-07-30,2026-08-12,2026-08-12,451.1000061035156,492.42999267578125,0.09162045225683602,9,10172,10181,True,0.5704550010022048,9978
META,A-NOK30-CLOSE-FILL,2013-07-25,2013-07-25,2013-08-08,2013-08-08,34.060890197753906,38.20450973510742,0.12165329541583025,10,296,306,True,0.5849392232434035,3373
META,A-NOK30-CLOSE-FILL,2013-09-11,2013-09-11,2013-09-12,2013-09-12,44.64792251586914,44.360443115234375,-0.0064388079990191915,1,329,330,True,0.5254287403903016,3382
META,A-NOK30-CLOSE-FILL,2014-01-07,2014-01-07,2014-01-13,2014-01-13,57.41579818725586,55.42329788208008,-0.03470299757355011,4,410,414,True,0.5554897898786624,3379
META,A-NOK30-CLOSE-FILL,2014-02-20,2014-02-20,2014-02-21,2014-02-21,69.02387237548828,67.99290466308594,-0.014936393408847004,1,440,441,True,0.5254287403903016,3382
META,A-NOK30-CLOSE-FILL,2014-06-10,2014-06-10,2014-06-12,2014-06-12,65.19745635986328,63.7303466796875,-0.022502560101086422,2,516,518,True,0.5374149659863946,3381
META,A-NOK30-CLOSE-FILL,2014-06-18,2014-06-18,2014-06-19,2014-06-19,65.02893829345703,63.77991485595703,-0.019207194062795807,1,522,523,True,0.5254287403903016,3382
META,A-NOK30-CLOSE-FILL,2014-06-25,2014-06-25,2014-07-02,2014-07-02,66.8529281616211,65.87154388427734,-0.014679750077232101,5,527,532,True,0.5618709295441089,3378
META,A-NOK30-CLOSE-FILL,2014-12-09,2014-12-09,2014-12-10,2014-12-10,76.17109680175781,75.516845703125,-0.008589230378755919,1,643,644,True,0.5254287403903016,3382
META,A-NOK30-CLOSE-FILL,2014-12-11,2014-12-11,2014-12-16,2014-12-16,77.05335998535156,74.0398178100586,-0.03910980878531278,3,645,648,True,0.5476331360946746,3380
META,A-NOK30-CLOSE-FILL,2014-12-18,2014-12-18,2014-12-30,2014-12-30,77.71751403808594,78.53038024902344,0.010459241021774757,7,650,657,True,0.5699052132701422,3376
META,A-NOK30-CLOSE-FILL,2015-03-04,2015-03-04,2015-03-06,2015-03-06,80.19575500488281,79.31351470947266,-0.011001084725200783,2,700,702,True,0.5374149659863946,3381
META,A-NOK30-CLOSE-FILL,2015-06-10,2015-06-10,2015-06-15,2015-06-15,81.44479370117188,80.00740814208984,-0.01764858738983277,3,768,771,True,0.5476331360946746,3380
META,A-NOK30-CLOSE-FILL,2015-06-18,2015-06-18,2015-06-29,2015-06-29,82.18826293945312,85.05310821533203,0.03485710943896447,7,774,781,True,0.5699052132701422,3376
META,A-NOK30-CLOSE-FILL,2015-10-22,2015-10-22,2015-10-30,2015-10-30,98.80237579345703,101.08234405517578,0.023076046941269412,6,862,868,True,0.5623334320402724,3377
META,A-NOK30-CLOSE-FILL,2015-11-11,2015-11-11,2015-11-13,2015-11-13,108.0610580444336,103.04510498046875,-0.04641776746163573,2,876,878,True,0.5374149659863946,3381
META,A-NOK30-CLOSE-FILL,2016-04-28,2016-04-28,2016-05-13,2016-05-13,115.7138442993164,118.76703643798828,0.026385711728444505,11,991,1002,True,0.5901542111506525,3372
META,A-NOK30-CLOSE-FILL,2016-07-18,2016-07-18,2016-07-21,2016-07-21,118.33087158203125,119.56007385253906,0.010387840924975134,3,1046,1049,True,0.5476331360946746,3380
META,A-NOK30-CLOSE-FILL,2016-07-25,2016-07-25,2016-07-26,2016-07-26,120.57119750976562,120.1647720336914,-0.003370833868024725,1,1051,1052,True,0.5254287403903016,3382
META,A-NOK30-CLOSE-FILL,2016-08-10,2016-08-10,2016-08-15,2016-08-15,123.79288482666016,122.82144165039062,-0.007847326424533896,3,1063,1066,True,0.5476331360946746,3380
META,A-NOK30-CLOSE-FILL,2017-01-24,2017-01-24,2017-01-30,2017-01-30,128.24380493164062,129.8397979736328,0.012444991341631795,4,1177,1181,True,0.5554897898786624,3379
META,A-NOK30-CLOSE-FILL,2017-02-09,2017-02-09,2017-02-17,2017-02-17,132.97230529785156,132.3675994873047,-0.004547607181753843,6,1189,1195,True,0.5623334320402724,3377
META,A-NOK30-CLOSE-FILL,2017-06-08,2017-06-08,2017-06-09,2017-06-09,153.36322021484375,148.29769897460938,-0.0330295701481631,1,1271,1272,True,0.5254287403903016,3382
META,A-NOK30-CLOSE-FILL,2017-10-13,2017-10-13,2017-10-19,2017-10-19,172.2275848388672,173.04043579101562,0.004719632763293458,4,1360,1364,True,0.5554897898786624,3379
META,A-NOK30-CLOSE-FILL,2018-01-02,2018-01-02,2018-01-12,2018-01-12,179.84072875976562,177.80856323242188,-0.011299807009002683,8,1414,1422,True,0.5682962962962963,3375
META,A-NOK30-CLOSE-FILL,2018-02-01,2018-02-01,2018-02-02,2018-02-02,191.40911865234375,188.62359619140625,-0.014552715568357244,1,1435,1436,True,0.5254287403903016,3382
META,A-NOK30-CLOSE-FILL,2018-04-27,2018-04-27,2018-05-15,2018-05-15,172.07887268066406,182.71546936035156,0.061812333576977796,12,1494,1506,True,0.6021951943043607,3371
META,A-NOK30-CLOSE-FILL,2018-07-23,2018-07-23,2018-07-26,2018-07-26,209.07398986816406,174.72560119628906,-0.16428819621959712,3,1553,1556,True,0.5476331360946746,3380
META,A-NOK30-CLOSE-FILL,2019-01-31,2019-01-31,2019-02-11,2019-02-11,165.23898315429688,164.3467559814453,-0.005399616699519494,7,1685,1692,True,0.5699052132701422,3376
META,A-NOK30-CLOSE-FILL,2019-04-22,2019-04-22,2019-04-24,2019-04-24,179.8605499267578,180.99061584472656,0.0062830115799652475,2,1740,1742,True,0.5374149659863946,3381
META,A-NOK30-CLOSE-FILL,2019-05-03,2019-05-03,2019-05-06,2019-05-06,193.76840209960938,192.19223022460938,-0.008134308060143591,1,1749,1750,True,0.5254287403903016,3382
META,A-NOK30-CLOSE-FILL,2019-07-03,2019-07-03,2019-07-17,2019-07-17,195.48333740234375,200.04330444335938,0.023326627740298367,9,1791,1800,True,0.583580320094843,3374
META,A-NOK30-CLOSE-FILL,2019-09-19,2019-09-19,2019-09-23,2019-09-23,188.4848175048828,185.19371032714844,-0.017460860886841068,2,1845,1847,True,0.5374149659863946,3381
META,A-NOK30-CLOSE-FILL,2019-10-28,2019-10-28,2019-10-31,2019-10-31,187.75123596191406,189.98165893554688,0.011879671322564622,3,1872,1875,True,0.5476331360946746,3380
META,A-NOK30-CLOSE-FILL,2019-11-01,2019-11-01,2019-11-06,2019-11-06,191.9344940185547,189.882568359375,-0.010690760249594922,3,1876,1879,True,0.5476331360946746,3380
META,A-NOK30-CLOSE-FILL,2019-11-15,2019-11-15,2019-12-02,2019-12-02,193.4016571044922,197.96157836914062,0.023577467395663465,10,1886,1896,True,0.5849392232434035,3373
META,A-NOK30-CLOSE-FILL,2020-01-02,2020-01-02,2020-01-14,2020-01-14,207.95382690429688,217.1530303955078,0.04423675980459141,8,1917,1925,True,0.5682962962962963,3375
META,A-NOK30-CLOSE-FILL,2020-01-15,2020-01-15,2020-01-22,2020-01-22,219.224853515625,219.3933868408203,0.0007687692453324235,4,1926,1930,True,0.5554897898786624,3379
META,A-NOK30-CLOSE-FILL,2020-04-23,2020-04-23,2020-04-28,2020-04-28,183.5184326171875,181.31776428222656,-0.011991538417023495,3,1994,1997,True,0.5476331360946746,3380
META,A-NOK30-CLOSE-FILL,2020-04-29,2020-04-29,2020-05-12,2020-05-12,192.4995574951172,208.27105712890625,0.08193005656228114,9,1998,2007,True,0.583580320094843,3374
META,A-NOK30-CLOSE-FILL,2020-05-19,2020-05-19,2020-05-27,2020-05-27,214.99205017089844,227.14529418945312,0.05652880657165693,5,2012,2017,True,0.5618709295441089,3378
META,A-NOK30-CLOSE-FILL,2020-08-20,2020-08-20,2020-09-03,2020-09-03,266.668212890625,288.585693359375,0.08219007519182475,10,2077,2087,True,0.5849392232434035,3373
META,A-NOK30-CLOSE-FILL,2020-10-21,2020-10-21,2020-10-28,2020-10-28,276.3036193847656,265.3399963378906,-0.03967962153839055,5,2120,2125,True,0.5618709295441089,3378
META,A-NOK30-CLOSE-FILL,2020-10-29,2020-10-29,2020-10-30,2020-10-30,278.3852844238281,260.81951904296875,-0.06309875688010991,1,2126,2127,True,0.5254287403903016,3382
META,A-NOK30-CLOSE-FILL,2020-11-04,2020-11-04,2020-11-10,2020-11-10,284.87835693359375,270.05841064453125,-0.05202201546155749,4,2130,2134,True,0.5554897898786624,3379
META,A-NOK30-CLOSE-FILL,2020-12-07,2020-12-07,2020-12-08,2020-12-08,283.0939636230469,280.93292236328125,-0.00763365361842594,1,2152,2153,True,0.5254287403903016,3382
META,A-NOK30-CLOSE-FILL,2021-02-10,2021-02-10,2021-02-18,2021-02-18,269.5033264160156,267.0449523925781,-0.009121868943623546,5,2196,2201,True,0.5618709295441089,3378
META,A-NOK30-CLOSE-FILL,2021-03-31,2021-03-31,2021-04-13,2021-04-13,291.966064453125,307.0635070800781,0.05170958020491789,8,2230,2238,True,0.5682962962962963,3375
META,A-NOK30-CLOSE-FILL,2021-06-07,2021-06-07,2021-06-08,2021-06-08,333.6499938964844,330.7752990722656,-0.008615899525868498,1,2276,2277,True,0.5254287403903016,3382
META,A-NOK30-CLOSE-FILL,2021-06-14,2021-06-14,2021-06-16,2021-06-16,333.8384094238281,328.1978454589844,-0.01689609046058782,2,2281,2283,True,0.5374149659863946,3381
META,A-NOK30-CLOSE-FILL,2021-09-07,2021-09-07,2021-09-08,2021-09-08,378.85308837890625,374.28326416015625,-0.012062259379497342,1,2340,2341,True,0.5254287403903016,3382
META,A-NOK30-CLOSE-FILL,2021-11-15,2021-11-15,2021-11-17,2021-11-17,344.534423828125,337.8035583496094,-0.019536118927475865,2,2389,2391,True,0.5374149659863946,3381
META,A-NOK30-CLOSE-FILL,2021-11-19,2021-11-19,2021-11-22,2021-11-22,342.2940979003906,338.0414733886719,-0.01242389085235207,1,2393,2394,True,0.5254287403903016,3382
META,A-NOK30-CLOSE-FILL,2021-12-27,2021-12-27,2021-12-31,2021-12-31,343.1664733886719,333.4220275878906,-0.028395681269669515,4,2417,2421,True,0.5554897898786624,3379
META,A-NOK30-CLOSE-FILL,2022-04-04,2022-04-04,2022-04-05,2022-04-05,231.85397338867188,229.82180786132812,-0.008764850986345163,1,2485,2486,True,0.5254287403903016,3382
META,A-NOK30-CLOSE-FILL,2022-12-14,2022-12-14,2022-12-15,2022-12-15,120.53153991699219,115.13888549804688,-0.04474060833089111,1,2661,2662,True,0.5254287403903016,3382
META,A-NOK30-CLOSE-FILL,2022-12-21,2022-12-21,2022-12-22,2022-12-22,118.71746826171875,116.10045623779297,-0.022044034986969607,1,2666,2667,True,0.5254287403903016,3382
META,A-NOK30-CLOSE-FILL,2022-12-23,2022-12-23,2022-12-27,2022-12-27,117.012451171875,115.86254119873047,-0.009827244550714265,1,2668,2669,True,0.5254287403903016,3382
META,A-NOK30-CLOSE-FILL,2022-12-29,2022-12-29,2023-01-18,2023-01-18,119.21311950683594,131.862060546875,0.10610359910356792,12,2671,2683,True,0.6021951943043607,3371
META,A-NOK30-CLOSE-FILL,2023-01-20,2023-01-20,2023-01-25,2023-01-25,138.15676879882812,140.26824951171875,0.015283223046169914,3,2685,2688,True,0.5476331360946746,3380
META,A-NOK30-CLOSE-FILL,2023-01-26,2023-01-26,2023-01-30,2023-01-30,146.0177459716797,145.7798309326172,-0.0016293570173905314,2,2689,2691,True,0.5374149659863946,3381
META,A-NOK30-CLOSE-FILL,2023-02-01,2023-02-01,2023-02-03,2023-02-03,151.78704833984375,184.90621948242188,0.2181949745041878,2,2693,2695,True,0.5374149659863946,3381
META,A-NOK30-CLOSE-FILL,2023-02-07,2023-02-07,2023-02-08,2023-02-08,189.95191955566406,181.8332061767578,-0.04274088620898153,1,2697,2698,True,0.5254287403903016,3382
META,A-NOK30-CLOSE-FILL,2023-03-30,2023-03-30,2023-04-05,2023-04-05,206.0307159423828,209.6390380859375,0.017513515531168533,4,2733,2737,True,0.5554897898786624,3379
META,A-NOK30-CLOSE-FILL,2023-04-06,2023-04-06,2023-04-11,2023-04-11,214.2188262939453,211.98841857910156,-0.010411819322468152,2,2738,2740,True,0.5374149659863946,3381
META,A-NOK30-CLOSE-FILL,2023-09-11,2023-09-11,2023-09-12,2023-09-12,304.8826599121094,299.0340270996094,-0.019183225488081268,1,2845,2846,True,0.5254287403903016,3382
META,A-NOK30-CLOSE-FILL,2023-09-14,2023-09-14,2023-09-15,2023-09-15,309.0065002441406,297.6957702636719,-0.03660353413773609,1,2848,2849,True,0.5254287403903016,3382
META,A-NOK30-CLOSE-FILL,2023-11-20,2023-11-20,2023-11-21,2023-11-21,337.01055908203125,334.04656982421875,-0.008794944781213898,1,2895,2896,True,0.5254287403903016,3382
META,A-NOK30-CLOSE-FILL,2023-11-22,2023-11-22,2023-11-24,2023-11-24,338.51727294921875,335.28564453125,-0.009546421043198916,1,2897,2898,True,0.5254287403903016,3382
META,A-NOK30-CLOSE-FILL,2024-02-07,2024-02-07,2024-02-13,2024-02-13,465.50213623046875,456.1145935058594,-0.02016648688366407,4,2948,2952,True,0.5554897898786624,3379
META,A-NOK30-CLOSE-FILL,2024-02-15,2024-02-15,2024-02-16,2024-02-16,479.81640625,469.1996765136719,-0.02212665010624182,1,2954,2955,True,0.5254287403903016,3382
META,A-NOK30-CLOSE-FILL,2024-06-26,2024-06-26,2024-06-28,2024-06-28,509.698486328125,500.8578186035156,-0.017344896957214195,2,3044,3046,True,0.5374149659863946,3381
META,A-NOK30-CLOSE-FILL,2024-07-05,2024-07-05,2024-07-11,2024-07-11,536.309814453125,509.2812805175781,-0.05039723907180005,4,3050,3054,True,0.5554897898786624,3379
META,A-NOK30-CLOSE-FILL,2024-08-21,2024-08-21,2024-08-22,2024-08-22,531.591552734375,528.3829345703125,-0.006035871239033375,1,3083,3084,True,0.5254287403903016,3382
META,A-NOK30-CLOSE-FILL,2024-09-30,2024-09-30,2024-10-01,2024-10-01,569.1654052734375,573.1723022460938,0.007039951717956683,1,3110,3111,True,0.5254287403903016,3382
META,A-NOK30-CLOSE-FILL,2024-10-03,2024-10-03,2024-10-07,2024-10-07,579.4362182617188,581.4348754882812,0.003449313597549075,2,3113,3115,True,0.5374149659863946,3381
META,A-NOK30-CLOSE-FILL,2025-01-21,2025-01-21,2025-01-31,2025-01-31,613.4280395507812,685.7903442382812,0.11796380344871671,8,3186,3194,True,0.5682962962962963,3375
META,A-NOK30-CLOSE-FILL,2025-02-03,2025-02-03,2025-02-18,2025-02-18,694.0296020507812,712.8464965820312,0.02711252441631906,10,3195,3205,True,0.5849392232434035,3373
META,A-NOK30-CLOSE-FILL,2025-05-12,2025-05-12,2025-05-15,2025-05-15,636.85107421875,641.2831420898438,0.006959347405562255,3,3263,3266,True,0.5476331360946746,3380
META,A-NOK30-CLOSE-FILL,2025-07-31,2025-07-31,2025-08-14,2025-08-14,770.913330078125,779.574951171875,0.011235531616598404,10,3318,3328,True,0.5849392232434035,3373
META,A-NOK30-CLOSE-FILL,2025-12-23,2025-12-23,2026-01-02,2026-01-02,663.7559814453125,649.2518310546875,-0.021851630412493717,6,3419,3425,True,0.5623334320402724,3377
AMD,A-NOK30-CLOSE-FILL,1981-03-23,1981-03-23,1981-03-27,1981-03-27,4.3333330154418945,4.2916669845581055,-0.009615238601628717,4,256,260,True,0.49186744368096025,11497
AMD,A-NOK30-CLOSE-FILL,1981-10-21,1981-10-21,1981-10-22,1981-10-22,3.2916669845581055,3.125,-0.05063300307715668,1,404,405,True,0.472695652173913,11500
AMD,A-NOK30-CLOSE-FILL,1981-10-29,1981-10-29,1981-11-06,1981-11-06,3.2083330154418945,3.2291669845581055,0.006493705303014297,6,410,416,True,0.4989125706829056,11495
AMD,A-NOK30-CLOSE-FILL,1982-03-15,1982-03-15,1982-03-24,1982-03-24,3.3125,3.6666669845581055,0.1069183349609375,7,503,510,True,0.4998259961719158,11494
AMD,A-NOK30-CLOSE-FILL,1982-04-02,1982-04-02,1982-04-14,1982-04-14,3.9166669845581055,3.9583330154418945,0.010638134681365985,7,517,524,True,0.4998259961719158,11494
AMD,A-NOK30-CLOSE-FILL,1982-04-15,1982-04-15,1982-04-19,1982-04-19,4.0833330154418945,4.0416669845581055,-0.010203926725109391,2,525,527,True,0.4789981737542395,11499
AMD,A-NOK30-CLOSE-FILL,1982-05-14,1982-05-14,1982-05-17,1982-05-17,4.5,4.3333330154418945,-0.03703710767957902,1,546,547,True,0.472695652173913,11500
AMD,A-NOK30-CLOSE-FILL,1982-07-29,1982-07-29,1982-07-30,1982-07-30,4.5416669845581055,4.2083330154418945,-0.07339463026451809,1,598,599,True,0.472695652173913,11500
AMD,A-NOK30-CLOSE-FILL,1982-11-02,1982-11-02,1982-11-09,1982-11-09,6.25,6.625,0.06000000000000005,5,665,670,True,0.49504175365344466,11496
AMD,A-NOK30-CLOSE-FILL,1983-01-28,1983-01-28,1983-02-02,1983-02-02,8.78125,8.75,-0.003558718861209953,3,726,729,True,0.4865193946773352,11498
AMD,A-NOK30-CLOSE-FILL,1983-02-04,1983-02-04,1983-02-07,1983-02-07,9.5,9.21875,-0.02960526315789469,1,731,732,True,0.472695652173913,11500
AMD,A-NOK30-CLOSE-FILL,1983-04-29,1983-04-29,1983-05-02,1983-05-02,9.5,9.375,-0.013157894736842146,1,789,790,True,0.472695652173913,11500
AMD,A-NOK30-CLOSE-FILL,1983-05-03,1983-05-03,1983-05-12,1983-05-12,9.84375,10.96875,0.11428571428571432,7,791,798,True,0.4998259961719158,11494
AMD,A-NOK30-CLOSE-FILL,1983-05-13,1983-05-13,1983-05-16,1983-05-16,11.53125,11.3125,-0.01897018970189701,1,799,800,True,0.472695652173913,11500
AMD,A-NOK30-CLOSE-FILL,1983-05-20,1983-05-20,1983-05-26,1983-05-26,11.75,12.5,0.06382978723404253,4,804,808,True,0.49186744368096025,11497
AMD,A-NOK30-CLOSE-FILL,1983-06-02,1983-06-02,1983-06-08,1983-06-08,13.09375,13.1875,0.007159904534606243,4,812,816,True,0.49186744368096025,11497
AMD,A-NOK30-CLOSE-FILL,1983-06-30,1983-06-30,1983-07-05,1983-07-05,16.125,15.78125,-0.02131782945736438,2,832,834,True,0.4789981737542395,11499
AMD,A-NOK30-CLOSE-FILL,1983-09-19,1983-09-19,1983-09-26,1983-09-26,16.0,15.0,-0.0625,5,887,892,True,0.49504175365344466,11496
AMD,A-NOK30-CLOSE-FILL,1983-10-17,1983-10-17,1983-10-18,1983-10-18,16.4375,15.0625,-0.08365019011406849,1,907,908,True,0.472695652173913,11500
AMD,A-NOK30-CLOSE-FILL,1983-11-29,1983-11-29,1983-11-30,1983-11-30,17.6875,17.0,-0.03886925795053009,1,937,938,True,0.472695652173913,11500
AMD,A-NOK30-CLOSE-FILL,1984-04-26,1984-04-26,1984-05-03,1984-05-03,16.75,17.0,0.014925373134328401,5,1040,1045,True,0.49504175365344466,11496
AMD,A-NOK30-CLOSE-FILL,1984-08-17,1984-08-17,1984-08-22,1984-08-22,19.375,19.75,0.019354838709677358,3,1119,1122,True,0.4865193946773352,11498
AMD,A-NOK30-CLOSE-FILL,1984-08-23,1984-08-23,1984-08-27,1984-08-27,20.5,20.0,-0.024390243902439046,2,1123,1125,True,0.4789981737542395,11499
AMD,A-NOK30-CLOSE-FILL,1985-01-29,1985-01-29,1985-01-31,1985-01-31,17.75,17.5625,-0.010563380281690127,2,1232,1234,True,0.4789981737542395,11499
AMD,A-NOK30-CLOSE-FILL,1985-07-16,1985-07-16,1985-07-29,1985-07-29,13.9375,14.5,0.04035874439461873,9,1348,1357,True,0.5047859380438566,11492
AMD,A-NOK30-CLOSE-FILL,1985-08-01,1985-08-01,1985-08-05,1985-08-05,15.1875,14.875,-0.020576131687242816,2,1360,1362,True,0.4789981737542395,11499
AMD,A-NOK30-CLOSE-FILL,1985-11-27,1985-11-27,1985-12-05,1985-12-05,13.75,14.5,0.05454545454545445,5,1442,1447,True,0.49504175365344466,11496
AMD,A-NOK30-CLOSE-FILL,1985-12-06,1985-12-06,1985-12-12,1985-12-12,14.9375,14.9375,0.0,4,1448,1452,True,0.49186744368096025,11497
AMD,A-NOK30-CLOSE-FILL,1986-01-24,1986-01-24,1986-01-27,1986-01-27,14.5625,14.125,-0.030042918454935674,1,1481,1482,True,0.472695652173913,11500
AMD,A-NOK30-CLOSE-FILL,1986-04-25,1986-04-25,1986-04-28,1986-04-28,15.4375,15.125,-0.020242914979757054,1,1544,1545,True,0.472695652173913,11500
AMD,A-NOK30-CLOSE-FILL,1986-11-24,1986-11-24,1986-12-05,1986-12-05,8.0,7.8125,-0.0234375,8,1692,1700,True,0.5044809884277386,11493
AMD,A-NOK30-CLOSE-FILL,1987-02-02,1987-02-02,1987-02-12,1987-02-12,9.5,10.6875,0.125,8,1739,1747,True,0.5044809884277386,11493
AMD,A-NOK30-CLOSE-FILL,1987-02-17,1987-02-17,1987-02-18,1987-02-18,11.6875,11.5625,-0.010695187165775444,1,1749,1750,True,0.472695652173913,11500
AMD,A-NOK30-CLOSE-FILL,1987-04-24,1987-04-24,1987-04-30,1987-04-30,10.6875,11.0625,0.03508771929824572,4,1796,1800,True,0.49186744368096025,11497
AMD,A-NOK30-CLOSE-FILL,1987-05-01,1987-05-01,1987-05-04,1987-05-04,11.4375,11.25,-0.016393442622950838,1,1801,1802,True,0.472695652173913,11500
AMD,A-NOK30-CLOSE-FILL,1987-05-05,1987-05-05,1987-05-06,1987-05-06,11.5,11.0625,-0.03804347826086951,1,1803,1804,True,0.472695652173913,11500
AMD,A-NOK30-CLOSE-FILL,1987-08-21,1987-08-21,1987-08-28,1987-08-28,10.6875,11.0,0.029239766081871288,5,1879,1884,True,0.49504175365344466,11496
AMD,A-NOK30-CLOSE-FILL,1988-03-03,1988-03-03,1988-03-04,1988-03-04,6.1875,6.0625,-0.02020202020202022,1,2013,2014,True,0.472695652173913,11500
AMD,A-NOK30-CLOSE-FILL,1988-03-09,1988-03-09,1988-03-10,1988-03-10,6.625,6.3125,-0.047169811320754707,1,2017,2018,True,0.472695652173913,11500
AMD,A-NOK30-CLOSE-FILL,1988-04-25,1988-04-25,1988-05-06,1988-05-06,6.75,7.125,0.05555555555555558,9,2049,2058,True,0.5047859380438566,11492
AMD,A-NOK30-CLOSE-FILL,1988-05-13,1988-05-13,1988-05-18,1988-05-18,7.5,7.125,-0.050000000000000044,3,2063,2066,True,0.4865193946773352,11498
AMD,A-NOK30-CLOSE-FILL,1988-12-29,1988-12-29,1988-12-30,1988-12-30,4.375,4.3125,-0.014285714285714235,1,2222,2223,True,0.472695652173913,11500
AMD,A-NOK30-CLOSE-FILL,1989-01-04,1989-01-04,1989-01-10,1989-01-10,4.5,4.5625,0.01388888888888884,4,2225,2229,True,0.49186744368096025,11497
AMD,A-NOK30-CLOSE-FILL,1989-05-25,1989-05-25,1989-06-05,1989-06-05,4.6875,5.0625,0.08000000000000007,6,2324,2330,True,0.4989125706829056,11495
AMD,A-NOK30-CLOSE-FILL,1989-10-10,1989-10-10,1989-10-13,1989-10-13,4.375,4.0625,-0.0714285714285714,3,2419,2422,True,0.4865193946773352,11498
AMD,A-NOK30-CLOSE-FILL,1989-12-26,1989-12-26,1990-01-05,1990-01-05,3.9375,3.8125,-0.031746031746031744,7,2472,2479,True,0.4998259961719158,11494
AMD,A-NOK30-CLOSE-FILL,1990-03-19,1990-03-19,1990-03-20,1990-03-20,4.8125,4.5,-0.06493506493506496,1,2529,2530,True,0.472695652173913,11500
AMD,A-NOK30-CLOSE-FILL,1990-03-22,1990-03-22,1990-03-28,1990-03-28,4.8125,4.75,-0.012987012987012991,4,2532,2536,True,0.49186744368096025,11497
AMD,A-NOK30-CLOSE-FILL,1990-05-23,1990-05-23,1990-05-24,1990-05-24,5.5625,5.4375,-0.022471910112359605,1,2575,2576,True,0.472695652173913,11500
AMD,A-NOK30-CLOSE-FILL,1990-12-19,1990-12-19,1990-12-26,1990-12-26,2.625,2.5625,-0.023809523809523836,4,2721,2725,True,0.49186744368096025,11497
AMD,A-NOK30-CLOSE-FILL,1991-01-22,1991-01-22,1991-01-28,1991-01-28,2.9375,3.4375,0.17021276595744683,4,2743,2747,True,0.49186744368096025,11497
AMD,A-NOK30-CLOSE-FILL,1991-02-01,1991-02-01,1991-02-06,1991-02-06,3.75,3.9375,0.050000000000000044,3,2751,2754,True,0.4865193946773352,11498
AMD,A-NOK30-CLOSE-FILL,1991-02-07,1991-02-07,1991-02-08,1991-02-08,4.0625,3.9375,-0.03076923076923077,1,2755,2756,True,0.472695652173913,11500
AMD,A-NOK30-CLOSE-FILL,1991-02-12,1991-02-12,1991-02-14,1991-02-14,4.0625,3.875,-0.0461538461538461,2,2758,2760,True,0.4789981737542395,11499
AMD,A-NOK30-CLOSE-FILL,1991-03-14,1991-03-14,1991-03-25,1991-03-25,5.125,5.5625,0.08536585365853666,7,2779,2786,True,0.4998259961719158,11494
AMD,A-NOK30-CLOSE-FILL,1991-10-30,1991-10-30,1991-11-15,1991-11-15,5.5625,6.3125,0.1348314606741574,12,2939,2951,True,0.5123161284707111,11489
AMD,A-NOK30-CLOSE-FILL,1991-12-12,1991-12-12,1991-12-16,1991-12-16,7.875,7.875,0.0,2,2969,2971,True,0.4789981737542395,11499
AMD,A-NOK30-CLOSE-FILL,1991-12-23,1991-12-23,1991-12-27,1991-12-27,8.6875,8.375,-0.03597122302158273,3,2976,2979,True,0.4865193946773352,11498
AMD,A-NOK30-CLOSE-FILL,1991-12-31,1991-12-31,1992-01-08,1992-01-08,8.75,9.5,0.08571428571428563,5,2981,2986,True,0.49504175365344466,11496
AMD,A-NOK30-CLOSE-FILL,1992-01-14,1992-01-14,1992-01-15,1992-01-15,10.0625,9.625,-0.04347826086956519,1,2990,2991,True,0.472695652173913,11500
AMD,A-NOK30-CLOSE-FILL,1992-09-10,1992-09-10,1992-09-14,1992-09-14,6.125,6.125,0.0,2,3157,3159,True,0.4789981737542395,11499
AMD,A-NOK30-CLOSE-FILL,1993-01-05,1993-01-05,1993-01-08,1993-01-08,9.5,9.625,0.013157894736842035,3,3237,3240,True,0.4865193946773352,11498
AMD,A-NOK30-CLOSE-FILL,1993-02-11,1993-02-11,1993-02-16,1993-02-16,10.5,9.875,-0.059523809523809534,2,3264,3266,True,0.4789981737542395,11499
AMD,A-NOK30-CLOSE-FILL,1993-02-18,1993-02-18,1993-03-01,1993-03-01,10.5625,10.625,0.00591715976331364,7,3268,3275,True,0.4998259961719158,11494
AMD,A-NOK30-CLOSE-FILL,1993-03-02,1993-03-02,1993-03-10,1993-03-10,11.125,11.8125,0.061797752808988804,6,3276,3282,True,0.4989125706829056,11495
AMD,A-NOK30-CLOSE-FILL,1993-04-19,1993-04-19,1993-04-26,1993-04-26,14.0,14.5,0.03571428571428581,5,3309,3314,True,0.49504175365344466,11496
AMD,A-NOK30-CLOSE-FILL,1993-07-14,1993-07-14,1993-07-15,1993-07-15,12.5,12.1875,-0.025000000000000022,1,3369,3370,True,0.472695652173913,11500
AMD,A-NOK30-CLOSE-FILL,1993-07-21,1993-07-21,1993-07-22,1993-07-22,12.4375,12.1875,-0.02010050251256279,1,3374,3375,True,0.472695652173913,11500
AMD,A-NOK30-CLOSE-FILL,1993-07-26,1993-07-26,1993-07-27,1993-07-27,12.3125,12.1875,-0.010152284263959421,1,3377,3378,True,0.472695652173913,11500
AMD,A-NOK30-CLOSE-FILL,1993-08-03,1993-08-03,1993-08-18,1993-08-18,12.5,15.6875,0.2549999999999999,11,3383,3394,True,0.5090513489991296,11490
AMD,A-NOK30-CLOSE-FILL,1994-01-24,1994-01-24,1994-01-25,1994-01-25,10.25,10.0,-0.024390243902439046,1,3504,3505,True,0.472695652173913,11500
AMD,A-NOK30-CLOSE-FILL,1994-02-03,1994-02-03,1994-02-04,1994-02-04,10.4375,10.1875,-0.0239520958083832,1,3512,3513,True,0.472695652173913,11500
AMD,A-NOK30-CLOSE-FILL,1994-02-08,1994-02-08,1994-02-11,1994-02-11,11.0,10.625,-0.03409090909090906,3,3515,3518,True,0.4865193946773352,11498
AMD,A-NOK30-CLOSE-FILL,1994-02-15,1994-02-15,1994-02-22,1994-02-22,10.9375,10.875,-0.005714285714285672,4,3520,3524,True,0.49186744368096025,11497
AMD,A-NOK30-CLOSE-FILL,1994-03-03,1994-03-03,1994-03-08,1994-03-08,11.75,10.75,-0.08510638297872342,3,3531,3534,True,0.4865193946773352,11498
AMD,A-NOK30-CLOSE-FILL,1994-03-10,1994-03-10,1994-03-23,1994-03-23,14.4375,15.375,0.06493506493506485,9,3536,3545,True,0.5047859380438566,11492
AMD,A-NOK30-CLOSE-FILL,1994-08-08,1994-08-08,1994-08-22,1994-08-22,13.5625,14.375,0.05990783410138256,10,3639,3649,True,0.5072665564354712,11491
AMD,A-NOK30-CLOSE-FILL,1994-09-22,1994-09-22,1994-09-26,1994-09-26,14.875,14.75,-0.008403361344537785,2,3671,3673,True,0.4789981737542395,11499
AMD,A-NOK30-CLOSE-FILL,1994-09-30,1994-09-30,1994-10-03,1994-10-03,14.875,13.25,-0.10924369747899154,1,3677,3678,True,0.472695652173913,11500
AMD,A-NOK30-CLOSE-FILL,1995-06-19,1995-06-19,1995-06-21,1995-06-21,18.5,17.6875,-0.04391891891891897,2,3857,3859,True,0.4789981737542395,11499
AMD,A-NOK30-CLOSE-FILL,1995-06-23,1995-06-23,1995-06-26,1995-06-26,19.4375,18.4375,-0.05144694533762062,1,3861,3862,True,0.472695652173913,11500
AMD,A-NOK30-CLOSE-FILL,1996-02-05,1996-02-05,1996-02-07,1996-02-07,10.3125,10.3125,0.0,2,4017,4019,True,0.4789981737542395,11499
AMD,A-NOK30-CLOSE-FILL,1996-02-09,1996-02-09,1996-02-13,1996-02-13,10.5625,10.25,-0.029585798816568087,2,4021,4023,True,0.4789981737542395,11499
AMD,A-NOK30-CLOSE-FILL,1996-10-07,1996-10-07,1996-10-22,1996-10-22,7.875,8.6875,0.10317460317460325,11,4187,4198,True,0.5090513489991296,11490
AMD,A-NOK30-CLOSE-FILL,1996-10-23,1996-10-23,1996-10-24,1996-10-24,8.8125,8.625,-0.021276595744680882,1,4199,4200,True,0.472695652173913,11500
AMD,A-NOK30-CLOSE-FILL,1997-01-14,1997-01-14,1997-01-23,1997-01-23,16.25,16.25,0.0,7,4255,4262,True,0.4998259961719158,11494
AMD,A-NOK30-CLOSE-FILL,1997-03-04,1997-03-04,1997-03-14,1997-03-14,19.25,22.25,0.1558441558441559,8,4289,4297,True,0.5044809884277386,11493
AMD,A-NOK30-CLOSE-FILL,1997-05-08,1997-05-08,1997-05-09,1997-05-09,22.375,22.5,0.005586592178770999,1,4335,4336,True,0.472695652173913,11500
AMD,A-NOK30-CLOSE-FILL,1998-03-26,1998-03-26,1998-04-08,1998-04-08,11.6875,13.65625,0.16844919786096257,9,4557,4566,True,0.5047859380438566,11492
AMD,A-NOK30-CLOSE-FILL,1998-11-19,1998-11-19,1998-11-20,1998-11-20,14.3125,13.71875,-0.04148471615720528,1,4723,4724,True,0.472695652173913,11500
AMD,A-NOK30-CLOSE-FILL,1999-01-11,1999-01-11,1999-01-13,1999-01-13,15.9375,13.875,-0.12941176470588234,2,4757,4759,True,0.4789981737542395,11499
AMD,A-NOK30-CLOSE-FILL,1999-05-05,1999-05-05,1999-05-14,1999-05-14,8.65625,9.375,0.08303249097472931,7,4836,4843,True,0.4998259961719158,11494
AMD,A-NOK30-CLOSE-FILL,1999-05-18,1999-05-18,1999-05-20,1999-05-20,9.6875,10.1875,0.05161290322580636,2,4845,4847,True,0.4789981737542395,11499
AMD,A-NOK30-CLOSE-FILL,1999-08-25,1999-08-25,1999-09-02,1999-09-02,9.5,9.90625,0.04276315789473695,6,4914,4920,True,0.4989125706829056,11495
AMD,A-NOK30-CLOSE-FILL,1999-09-03,1999-09-03,1999-09-08,1999-09-08,10.5,10.84375,0.032738095238095344,2,4921,4923,True,0.4789981737542395,11499
AMD,A-NOK30-CLOSE-FILL,1999-11-10,1999-11-10,1999-11-12,1999-11-12,11.5,13.28125,0.15489130434782616,2,4968,4970,True,0.4789981737542395,11499
AMD,A-NOK30-CLOSE-FILL,1999-11-26,1999-11-26,1999-11-30,1999-11-30,13.84375,14.125,0.020316027088036037,2,4979,4981,True,0.4789981737542395,11499
AMD,A-NOK30-CLOSE-FILL,1999-12-02,1999-12-02,1999-12-08,1999-12-08,15.25,14.875,-0.024590163934426257,4,4983,4987,True,0.49186744368096025,11497
AMD,A-NOK30-CLOSE-FILL,2000-03-21,2000-03-21,2000-04-11,2000-04-11,27.40625,35.3125,0.2884834663625997,15,5058,5073,True,0.5111440013930002,11486
AMD,A-NOK30-CLOSE-FILL,2000-04-18,2000-04-18,2000-05-02,2000-05-02,39.5,44.75,0.13291139240506333,9,5078,5087,True,0.5047859380438566,11492
AMD,A-NOK30-CLOSE-FILL,2000-05-05,2000-05-05,2000-05-08,2000-05-08,46.0,44.375,-0.03532608695652173,1,5090,5091,True,0.472695652173913,11500
AMD,A-NOK30-CLOSE-FILL,2001-01-17,2001-01-17,2001-01-26,2001-01-26,18.5,21.375,0.15540540540540548,7,5266,5273,True,0.4998259961719158,11494
AMD,A-NOK30-CLOSE-FILL,2001-01-29,2001-01-29,2001-02-02,2001-02-02,23.0,23.889999389648438,0.038695625636888664,4,5274,5278,True,0.49186744368096025,11497
AMD,A-NOK30-CLOSE-FILL,2001-03-22,2001-03-22,2001-03-30,2001-03-30,26.450000762939453,26.540000915527344,0.0034026521736056914,6,5311,5317,True,0.4989125706829056,11495
AMD,A-NOK30-CLOSE-FILL,2001-04-27,2001-04-27,2001-05-04,2001-05-04,30.0,30.989999771118164,0.03299999237060547,5,5336,5341,True,0.49504175365344466,11496
AMD,A-NOK30-CLOSE-FILL,2001-11-14,2001-11-14,2001-11-15,2001-11-15,14.0,13.75,-0.017857142857142905,1,5472,5473,True,0.472695652173913,11500
AMD,A-NOK30-CLOSE-FILL,2001-11-26,2001-11-26,2001-11-28,2001-11-28,14.149999618530273,13.210000038146973,-0.06643106754238459,2,5479,5481,True,0.4789981737542395,11499
AMD,A-NOK30-CLOSE-FILL,2002-08-21,2002-08-21,2002-08-22,2002-08-22,10.699999809265137,10.40999984741211,-0.027102800656306214,1,5664,5665,True,0.472695652173913,11500
AMD,A-NOK30-CLOSE-FILL,2003-04-02,2003-04-02,2003-04-10,2003-04-10,7.0,6.980000019073486,-0.0028571401323590484,6,5818,5824,True,0.4989125706829056,11495
AMD,A-NOK30-CLOSE-FILL,2003-04-11,2003-04-11,2003-04-24,2003-04-24,7.150000095367432,7.800000190734863,0.09090910303463828,8,5825,5833,True,0.5044809884277386,11493
AMD,A-NOK30-CLOSE-FILL,2003-07-29,2003-07-29,2003-08-01,2003-08-01,7.309999942779541,7.190000057220459,-0.016415853146156567,3,5899,5902,True,0.4865193946773352,11498
AMD,A-NOK30-CLOSE-FILL,2003-08-13,2003-08-13,2003-09-03,2003-09-03,7.570000171661377,11.010000228881836,0.45442536053014204,14,5910,5924,True,0.5128406024201271,11487
AMD,A-NOK30-CLOSE-FILL,2003-09-04,2003-09-04,2003-09-05,2003-09-05,11.699999809265137,12.100000381469727,0.03418808365174786,1,5925,5926,True,0.472695652173913,11500
AMD,A-NOK30-CLOSE-FILL,2003-09-08,2003-09-08,2003-09-09,2003-09-09,12.449999809265137,12.279999732971191,-0.013654624811113125,1,5927,5928,True,0.472695652173913,11500
AMD,A-NOK30-CLOSE-FILL,2003-10-28,2003-10-28,2003-11-11,2003-11-11,14.850000381469727,16.6200008392334,0.1191919469559295,10,5963,5973,True,0.5072665564354712,11491
AMD,A-NOK30-CLOSE-FILL,2003-11-12,2003-11-12,2003-11-14,2003-11-14,18.079999923706055,17.860000610351562,-0.01216810366608656,2,5974,5976,True,0.4789981737542395,11499
AMD,A-NOK30-CLOSE-FILL,2004-01-16,2004-01-16,2004-01-21,2004-01-21,16.760000228881836,15.899999618530273,-0.0513126848810872,2,6018,6020,True,0.4789981737542395,11499
AMD,A-NOK30-CLOSE-FILL,2004-03-24,2004-03-24,2004-04-07,2004-04-07,15.539999961853027,16.899999618530273,0.08751606563807712,10,6064,6074,True,0.5072665564354712,11491
AMD,A-NOK30-CLOSE-FILL,2004-04-12,2004-04-12,2004-04-13,2004-04-13,17.3700008392334,17.15999984741211,-0.012089866532819182,1,6076,6077,True,0.472695652173913,11500
AMD,A-NOK30-CLOSE-FILL,2004-06-07,2004-06-07,2004-06-09,2004-06-09,15.800000190734863,15.510000228881836,-0.01835442774381002,2,6115,6117,True,0.4789981737542395,11499
AMD,A-NOK30-CLOSE-FILL,2004-09-30,2004-09-30,2004-10-12,2004-10-12,13.0,13.699999809265137,0.0538461391742413,8,6195,6203,True,0.5044809884277386,11493
AMD,A-NOK30-CLOSE-FILL,2004-10-18,2004-10-18,2004-11-03,2004-11-03,14.1899995803833,17.100000381469727,0.20507405829026948,12,6207,6219,True,0.5123161284707111,11489
AMD,A-NOK30-CLOSE-FILL,2004-11-11,2004-11-11,2004-11-19,2004-11-19,18.59000015258789,20.809999465942383,0.1194190045794834,6,6225,6231,True,0.4989125706829056,11495
AMD,A-NOK30-CLOSE-FILL,2005-06-01,2005-06-01,2005-06-06,2005-06-06,16.719999313354492,17.010000228881836,0.01734455307636984,3,6363,6366,True,0.4865193946773352,11498
AMD,A-NOK30-CLOSE-FILL,2005-06-09,2005-06-09,2005-06-10,2005-06-10,18.209999084472656,17.56999969482422,-0.03514549268671596,1,6369,6370,True,0.472695652173913,11500
AMD,A-NOK30-CLOSE-FILL,2005-11-18,2005-11-18,2005-11-23,2005-11-23,26.739999771118164,26.219999313354492,-0.019446539349836645,3,6483,6486,True,0.4865193946773352,11498
AMD,A-NOK30-CLOSE-FILL,2005-12-01,2005-12-01,2005-12-06,2005-12-06,27.40999984741211,26.950000762939453,-0.01678216297093804,3,6491,6494,True,0.4865193946773352,11498
AMD,A-NOK30-CLOSE-FILL,2006-01-04,2006-01-04,2006-01-09,2006-01-09,32.560001373291016,33.25,0.02119160312060031,3,6513,6516,True,0.4865193946773352,11498
AMD,A-NOK30-CLOSE-FILL,2006-01-10,2006-01-10,2006-01-12,2006-01-12,34.93000030517578,35.349998474121094,0.012023995570451751,2,6517,6519,True,0.4789981737542395,11499
AMD,A-NOK30-CLOSE-FILL,2006-01-24,2006-01-24,2006-02-03,2006-02-03,36.77000045776367,39.540000915527344,0.0753331635376362,8,6526,6534,True,0.5044809884277386,11493
AMD,A-NOK30-CLOSE-FILL,2006-09-05,2006-09-05,2006-09-06,2006-09-06,26.219999313354492,24.530000686645508,-0.06445456411008477,1,6681,6682,True,0.472695652173913,11500
AMD,A-NOK30-CLOSE-FILL,2006-09-11,2006-09-11,2006-09-21,2006-09-21,25.65999984741211,26.979999542236328,0.05144192138244863,8,6685,6693,True,0.5044809884277386,11493
AMD,A-NOK30-CLOSE-FILL,2007-04-24,2007-04-24,2007-04-30,2007-04-30,14.569999694824219,13.819999694824219,-0.05147563594434579,4,6839,6843,True,0.49186744368096025,11497
AMD,A-NOK30-CLOSE-FILL,2007-07-11,2007-07-11,2007-07-20,2007-07-20,14.649999618530273,15.5,0.058020505365378394,7,6893,6900,True,0.4998259961719158,11494
AMD,A-NOK30-CLOSE-FILL,2007-10-05,2007-10-05,2007-10-17,2007-10-17,13.630000114440918,14.109999656677246,0.03521640045532881,8,6954,6962,True,0.5044809884277386,11493
AMD,A-NOK30-CLOSE-FILL,2007-10-18,2007-10-18,2007-10-19,2007-10-19,14.550000190734863,13.800000190734863,-0.05154639107685954,1,6963,6964,True,0.472695652173913,11500
AMD,A-NOK30-CLOSE-FILL,2008-06-16,2008-06-16,2008-06-18,2008-06-18,7.710000038146973,7.289999961853027,-0.05447471779713353,2,7128,7130,True,0.4789981737542395,11499
AMD,A-NOK30-CLOSE-FILL,2008-08-27,2008-08-27,2008-09-03,2008-09-03,6.070000171661377,6.150000095367432,0.01317955872218013,4,7179,7183,True,0.49186744368096025,11497
AMD,A-NOK30-CLOSE-FILL,2009-03-24,2009-03-24,2009-03-25,2009-03-25,3.140000104904175,3.1700000762939453,0.009554130696656893,1,7322,7323,True,0.472695652173913,11500
AMD,A-NOK30-CLOSE-FILL,2009-03-26,2009-03-26,2009-03-27,2009-03-27,3.559999942779541,3.369999885559082,-0.053370803447854165,1,7324,7325,True,0.472695652173913,11500
AMD,A-NOK30-CLOSE-FILL,2009-04-06,2009-04-06,2009-04-15,2009-04-15,3.5299999713897705,3.440000057220459,-0.025495726600212487,6,7331,7337,True,0.4989125706829056,11495
AMD,A-NOK30-CLOSE-FILL,2009-05-12,2009-05-12,2009-05-14,2009-05-14,4.349999904632568,4.239999771118164,-0.025287387569194797,2,7356,7358,True,0.4789981737542395,11499
AMD,A-NOK30-CLOSE-FILL,2009-05-20,2009-05-20,2009-05-21,2009-05-21,4.5,4.340000152587891,-0.03555552164713538,1,7362,7363,True,0.472695652173913,11500
AMD,A-NOK30-CLOSE-FILL,2009-12-03,2009-12-03,2009-12-17,2009-12-17,8.029999732971191,9.119999885559082,0.13574099487355507,10,7499,7509,True,0.5072665564354712,11491
AMD,A-NOK30-CLOSE-FILL,2009-12-21,2009-12-21,2009-12-22,2009-12-22,9.529999732971191,9.430000305175781,-0.010493119684929164,1,7511,7512,True,0.472695652173913,11500
AMD,A-NOK30-CLOSE-FILL,2009-12-23,2009-12-23,2009-12-29,2009-12-29,9.670000076293945,9.75,0.008273001352107068,3,7513,7516,True,0.4865193946773352,11498
AMD,A-NOK30-CLOSE-FILL,2010-03-16,2010-03-16,2010-03-18,2010-03-18,9.399999618530273,9.390000343322754,-0.0010637527248200662,2,7568,7570,True,0.4789981737542395,11499
AMD,A-NOK30-CLOSE-FILL,2010-04-14,2010-04-14,2010-04-19,2010-04-19,9.890000343322754,9.579999923706055,-0.03134483406019262,3,7588,7591,True,0.4865193946773352,11498
AMD,A-NOK30-CLOSE-FILL,2010-10-12,2010-10-12,2010-10-15,2010-10-15,7.300000190734863,7.119999885559082,-0.024657575407222243,3,7714,7717,True,0.4865193946773352,11498
AMD,A-NOK30-CLOSE-FILL,2011-02-14,2011-02-14,2011-02-22,2011-02-22,8.630000114440918,8.850000381469727,0.02549249873828785,5,7800,7805,True,0.49504175365344466,11496
AMD,A-NOK30-CLOSE-FILL,2011-02-25,2011-02-25,2011-03-01,2011-03-01,9.289999961853027,9.029999732971191,-0.027987107637186148,2,7808,7810,True,0.4789981737542395,11499
AMD,A-NOK30-CLOSE-FILL,2011-03-03,2011-03-03,2011-03-07,2011-03-07,9.279999732971191,8.84000015258789,-0.047413749250445836,2,7812,7814,True,0.4789981737542395,11499
AMD,A-NOK30-CLOSE-FILL,2011-09-08,2011-09-08,2011-09-09,2011-09-09,6.809999942779541,6.519999980926514,-0.04258442941112006,1,7943,7944,True,0.472695652173913,11500
AMD,A-NOK30-CLOSE-FILL,2011-09-13,2011-09-13,2011-09-19,2011-09-19,6.960000038146973,6.920000076293945,-0.0057471209243954435,4,7946,7950,True,0.49186744368096025,11497
AMD,A-NOK30-CLOSE-FILL,2011-11-11,2011-11-11,2011-11-16,2011-11-16,5.949999809265137,5.679999828338623,-0.045378149509530896,3,7989,7992,True,0.4865193946773352,11498
AMD,A-NOK30-CLOSE-FILL,2012-01-09,2012-01-09,2012-01-13,2012-01-13,5.590000152587891,5.659999847412109,0.0125223064245914,4,8027,8031,True,0.49186744368096025,11497
AMD,A-NOK30-CLOSE-FILL,2012-01-18,2012-01-18,2012-01-24,2012-01-24,5.96999979019165,6.53000020980835,0.09380241864275196,4,8033,8037,True,0.49186744368096025,11497
AMD,A-NOK30-CLOSE-FILL,2012-01-25,2012-01-25,2012-01-30,2012-01-30,6.730000019073486,6.739999771118164,0.0014858472535419498,3,8038,8041,True,0.4865193946773352,11498
AMD,A-NOK30-CLOSE-FILL,2012-02-01,2012-02-01,2012-02-06,2012-02-06,6.900000095367432,6.920000076293945,0.002898547920302308,3,8043,8046,True,0.4865193946773352,11498
AMD,A-NOK30-CLOSE-FILL,2012-02-07,2012-02-07,2012-02-08,2012-02-08,7.130000114440918,7.25,0.01683027820939831,1,8047,8048,True,0.472695652173913,11500
AMD,A-NOK30-CLOSE-FILL,2012-02-16,2012-02-16,2012-02-17,2012-02-17,7.590000152587891,7.420000076293945,-0.022397901564729428,1,8054,8055,True,0.472695652173913,11500
AMD,A-NOK30-CLOSE-FILL,2012-12-17,2012-12-17,2012-12-20,2012-12-20,2.4600000381469727,2.4000000953674316,-0.024390220263873164,3,8263,8266,True,0.4865193946773352,11498
AMD,A-NOK30-CLOSE-FILL,2012-12-21,2012-12-21,2012-12-24,2012-12-24,2.5899999141693115,2.4800000190734863,-0.042471003374957794,1,8267,8268,True,0.472695652173913,11500
AMD,A-NOK30-CLOSE-FILL,2013-01-02,2013-01-02,2013-01-14,2013-01-14,2.5299999713897705,2.640000104904175,0.043478314133726714,8,8273,8281,True,0.5044809884277386,11493
AMD,A-NOK30-CLOSE-FILL,2013-01-16,2013-01-16,2013-01-18,2013-01-18,2.7200000286102295,2.4600000381469727,-0.09558823078252043,2,8283,8285,True,0.4789981737542395,11499
AMD,A-NOK30-CLOSE-FILL,2013-05-08,2013-05-08,2013-05-16,2013-05-16,3.8299999237060547,3.8299999237060547,0.0,6,8360,8366,True,0.4989125706829056,11495
AMD,A-NOK30-CLOSE-FILL,2013-07-11,2013-07-11,2013-07-19,2013-07-19,4.449999809265137,4.03000020980835,-0.09438193650757587,6,8404,8410,True,0.4989125706829056,11495
AMD,A-NOK30-CLOSE-FILL,2013-10-02,2013-10-02,2013-10-08,2013-10-08,3.9000000953674316,3.7200000286102295,-0.046153862142468416,4,8462,8466,True,0.49186744368096025,11497
AMD,A-NOK30-CLOSE-FILL,2013-12-23,2013-12-23,2014-01-08,2014-01-08,3.75,4.179999828338623,0.11466662089029955,10,8519,8529,True,0.5072665564354712,11491
AMD,A-NOK30-CLOSE-FILL,2014-01-14,2014-01-14,2014-01-16,2014-01-16,4.300000190734863,4.380000114440918,0.018604632594767967,2,8533,8535,True,0.4789981737542395,11499
AMD,A-NOK30-CLOSE-FILL,2014-03-06,2014-03-06,2014-03-10,2014-03-10,3.7300000190734863,3.809999942779541,0.02144770061581025,2,8568,8570,True,0.4789981737542395,11499
AMD,A-NOK30-CLOSE-FILL,2014-03-19,2014-03-19,2014-03-27,2014-03-27,3.9800000190734863,3.9100000858306885,-0.01758792284103894,6,8577,8583,True,0.4989125706829056,11495
AMD,A-NOK30-CLOSE-FILL,2014-04-01,2014-04-01,2014-04-03,2014-04-03,4.070000171661377,4.0,-0.017199058650850807,2,8586,8588,True,0.4789981737542395,11499
AMD,A-NOK30-CLOSE-FILL,2014-05-01,2014-05-01,2014-05-02,2014-05-02,4.199999809265137,4.119999885559082,-0.01904760174740394,1,8607,8608,True,0.472695652173913,11500
AMD,A-NOK30-CLOSE-FILL,2014-08-18,2014-08-18,2014-08-22,2014-08-22,4.210000038146973,4.25,0.009501178501326812,4,8682,8686,True,0.49186744368096025,11497
AMD,A-NOK30-CLOSE-FILL,2015-10-20,2015-10-20,2015-10-29,2015-10-29,2.0199999809265137,2.130000114440918,0.05445551215498057,7,8978,8985,True,0.4998259961719158,11494
AMD,A-NOK30-CLOSE-FILL,2015-11-03,2015-11-03,2015-11-04,2015-11-04,2.2799999713897705,2.200000047683716,-0.03508768627628134,1,8988,8989,True,0.472695652173913,11500
AMD,A-NOK30-CLOSE-FILL,2015-12-08,2015-12-08,2015-12-11,2015-12-11,2.390000104904175,2.359999895095825,-0.012552388490189026,3,9012,9015,True,0.4865193946773352,11498
AMD,A-NOK30-CLOSE-FILL,2015-12-16,2015-12-16,2015-12-18,2015-12-18,2.5399999618530273,2.450000047683716,-0.03543303760668293,2,9018,9020,True,0.4789981737542395,11499
AMD,A-NOK30-CLOSE-FILL,2015-12-21,2015-12-21,2015-12-31,2015-12-31,2.5299999713897705,2.869999885559082,0.13438731937318726,7,9021,9028,True,0.4998259961719158,11494
AMD,A-NOK30-CLOSE-FILL,2016-03-07,2016-03-07,2016-03-08,2016-03-08,2.4700000286102295,2.299999952316284,-0.06882594102219408,1,9072,9073,True,0.472695652173913,11500
AMD,A-NOK30-CLOSE-FILL,2016-03-14,2016-03-14,2016-03-15,2016-03-15,2.7200000286102295,2.490000009536743,-0.08455882965229367,1,9077,9078,True,0.472695652173913,11500
AMD,A-NOK30-CLOSE-FILL,2016-03-16,2016-03-16,2016-03-23,2016-03-23,2.630000114440918,2.680000066757202,0.01901138788616108,5,9079,9084,True,0.49504175365344466,11496
AMD,A-NOK30-CLOSE-FILL,2016-04-22,2016-04-22,2016-05-04,2016-05-04,3.990000009536743,3.5999999046325684,-0.09774438696040388,8,9105,9113,True,0.5044809884277386,11493
AMD,A-NOK30-CLOSE-FILL,2016-07-22,2016-07-22,2016-08-01,2016-08-01,5.840000152587891,6.639999866485596,0.13698624880055865,6,9168,9174,True,0.4989125706829056,11495
AMD,A-NOK30-CLOSE-FILL,2016-10-24,2016-10-24,2016-11-01,2016-11-01,7.010000228881836,7.090000152587891,0.011412256932096465,6,9233,9239,True,0.4989125706829056,11495
AMD,A-NOK30-CLOSE-FILL,2016-12-06,2016-12-06,2016-12-28,2016-12-28,9.449999809265137,11.550000190734863,0.22222226707463077,15,9263,9278,True,0.5111440013930002,11486
AMD,A-NOK30-CLOSE-FILL,2017-02-21,2017-02-21,2017-03-02,2017-03-02,14.0,13.899999618530273,-0.00714288439069477,7,9314,9321,True,0.4998259961719158,11494
AMD,A-NOK30-CLOSE-FILL,2017-06-20,2017-06-20,2017-06-28,2017-06-28,12.640000343322754,13.229999542236328,0.046677150544956136,6,9397,9403,True,0.4989125706829056,11495
AMD,A-NOK30-CLOSE-FILL,2017-10-03,2017-10-03,2017-10-18,2017-10-18,13.420000076293945,14.069999694824219,0.0484351426851688,11,9470,9481,True,0.5090513489991296,11490
AMD,A-NOK30-CLOSE-FILL,2018-01-18,2018-01-18,2018-01-25,2018-01-25,12.470000267028809,12.40999984741211,-0.0048115812615772136,5,9543,9548,True,0.49504175365344466,11496
AMD,A-NOK30-CLOSE-FILL,2018-01-26,2018-01-26,2018-01-30,2018-01-30,12.949999809265137,12.869999885559082,-0.006177600377168968,2,9549,9551,True,0.4789981737542395,11499
AMD,A-NOK30-CLOSE-FILL,2018-01-31,2018-01-31,2018-02-01,2018-02-01,13.739999771118164,13.25,-0.03566228379043768,1,9552,9553,True,0.472695652173913,11500
AMD,A-NOK30-CLOSE-FILL,2018-05-24,2018-05-24,2018-05-29,2018-05-29,13.40999984741211,13.359999656677246,-0.0037285750412974217,2,9631,9633,True,0.4789981737542395,11499
AMD,A-NOK30-CLOSE-FILL,2018-06-01,2018-06-01,2018-06-07,2018-06-07,14.399999618530273,14.890000343322754,0.03402782901201862,4,9636,9640,True,0.49186744368096025,11497
AMD,A-NOK30-CLOSE-FILL,2018-06-12,2018-06-12,2018-06-14,2018-06-14,15.850000381469727,16.25,0.025236568385065494,2,9643,9645,True,0.4789981737542395,11499
AMD,A-NOK30-CLOSE-FILL,2018-06-18,2018-06-18,2018-06-19,2018-06-19,17.110000610351562,16.690000534057617,-0.024547052093022437,1,9647,9648,True,0.472695652173913,11500
AMD,A-NOK30-CLOSE-FILL,2018-07-26,2018-07-26,2018-08-01,2018-08-01,18.350000381469727,18.479999542236328,0.007084422782785316,4,9674,9678,True,0.49186744368096025,11497
AMD,A-NOK30-CLOSE-FILL,2018-08-02,2018-08-02,2018-08-03,2018-08-03,18.790000915527344,18.489999771118164,-0.015965999456725388,1,9679,9680,True,0.472695652173913,11500
AMD,A-NOK30-CLOSE-FILL,2018-08-06,2018-08-06,2018-08-09,2018-08-09,19.43000030517578,19.100000381469727,-0.016984041097423352,3,9681,9684,True,0.4865193946773352,11498
AMD,A-NOK30-CLOSE-FILL,2018-08-13,2018-08-13,2018-08-16,2018-08-16,19.729999542236328,19.329999923706055,-0.02027367601676766,3,9686,9689,True,0.4865193946773352,11498
AMD,A-NOK30-CLOSE-FILL,2018-09-04,2018-09-04,2018-09-06,2018-09-06,28.059999465942383,27.84000015258789,-0.007840317802625618,2,9701,9703,True,0.4789981737542395,11499
AMD,A-NOK30-CLOSE-FILL,2018-09-10,2018-09-10,2018-09-13,2018-09-13,29.889999389648438,30.479999542236328,0.019739048666298054,3,9705,9708,True,0.4865193946773352,11498
AMD,A-NOK30-CLOSE-FILL,2019-01-24,2019-01-24,2019-01-28,2019-01-28,20.850000381469727,20.18000030517578,-0.03213429563720305,2,9798,9800,True,0.4789981737542395,11499
AMD,A-NOK30-CLOSE-FILL,2019-01-30,2019-01-30,2019-02-07,2019-02-07,23.09000015258789,22.670000076293945,-0.018189695691572916,6,9802,9808,True,0.4989125706829056,11495
AMD,A-NOK30-CLOSE-FILL,2019-04-03,2019-04-03,2019-04-09,2019-04-09,29.020000457763672,27.239999771118164,-0.06133703165291671,4,9846,9850,True,0.49186744368096025,11497
AMD,A-NOK30-CLOSE-FILL,2019-05-28,2019-05-28,2019-05-31,2019-05-31,29.049999237060547,27.40999984741211,-0.05645436945678839,3,9883,9886,True,0.4865193946773352,11498
AMD,A-NOK30-CLOSE-FILL,2019-06-04,2019-06-04,2019-06-12,2019-06-12,29.56999969482422,32.18000030517578,0.0882651551331739,6,9888,9894,True,0.4989125706829056,11495
AMD,A-NOK30-CLOSE-FILL,2019-10-25,2019-10-25,2019-10-29,2019-10-29,32.709999084472656,33.029998779296875,0.009782931940714112,2,9989,9991,True,0.4789981737542395,11499
AMD,A-NOK30-CLOSE-FILL,2019-10-31,2019-10-31,2019-11-06,2019-11-06,33.93000030517578,35.93000030517578,0.058944886000926955,4,9993,9997,True,0.49186744368096025,11497
AMD,A-NOK30-CLOSE-FILL,2019-11-12,2019-11-12,2019-11-15,2019-11-15,36.709999084472656,38.560001373291016,0.05039505134721889,3,10001,10004,True,0.4865193946773352,11498
AMD,A-NOK30-CLOSE-FILL,2019-11-18,2019-11-18,2019-11-21,2019-11-21,39.880001068115234,39.52000045776367,-0.009027096306659543,3,10005,10008,True,0.4865193946773352,11498
AMD,A-NOK30-CLOSE-FILL,2020-01-02,2020-01-02,2020-01-06,2020-01-06,49.099998474121094,48.38999938964844,-0.014460266935585997,2,10035,10037,True,0.4789981737542395,11499
AMD,A-NOK30-CLOSE-FILL,2020-07-20,2020-07-20,2020-08-10,2020-08-10,57.459999084472656,82.23999786376953,0.43125651190609116,15,10172,10187,True,0.5111440013930002,11486
AMD,A-NOK30-CLOSE-FILL,2020-11-19,2020-11-19,2020-12-03,2020-12-03,85.54000091552734,92.30999755859375,0.07914421990422849,9,10259,10268,True,0.5047859380438566,11492
AMD,A-NOK30-CLOSE-FILL,2020-12-15,2020-12-15,2020-12-21,2020-12-21,97.12000274658203,93.2300033569336,-0.04005353459264949,4,10276,10280,True,0.49186744368096025,11497
AMD,A-NOK30-CLOSE-FILL,2021-06-17,2021-06-17,2021-07-07,2021-07-07,84.55999755859375,90.54000091552734,0.07071905782388299,13,10402,10415,True,0.5126218662952646,11488
AMD,A-NOK30-CLOSE-FILL,2021-11-02,2021-11-02,2021-11-10,2021-11-10,127.62999725341797,139.8699951171875,0.09590220267313954,6,10498,10504,True,0.4989125706829056,11495
AMD,A-NOK30-CLOSE-FILL,2021-11-16,2021-11-16,2021-11-22,2021-11-22,152.4499969482422,152.52000427246094,0.00045921499258883003,4,10508,10512,True,0.49186744368096025,11497
AMD,A-NOK30-CLOSE-FILL,2021-11-29,2021-11-29,2021-12-01,2021-12-01,161.91000366210938,149.11000061035156,-0.07905628288706723,2,10516,10518,True,0.4789981737542395,11499
AMD,A-NOK30-CLOSE-FILL,2022-05-27,2022-05-27,2022-06-08,2022-06-08,102.26000213623047,101.9000015258789,-0.0035204439940453858,7,10641,10648,True,0.4998259961719158,11494
AMD,A-NOK30-CLOSE-FILL,2022-07-28,2022-07-28,2022-08-08,2022-08-08,91.66999816894531,100.06999969482422,0.09163305000178945,7,10682,10689,True,0.4998259961719158,11494
AMD,A-NOK30-CLOSE-FILL,2022-11-30,2022-11-30,2022-12-02,2022-12-02,77.62999725341797,74.9800033569336,-0.03413621010230938,2,10769,10771,True,0.4789981737542395,11499
AMD,A-NOK30-CLOSE-FILL,2023-01-23,2023-01-23,2023-01-30,2023-01-30,76.52999877929688,72.44999694824219,-0.05331245127575279,5,10804,10809,True,0.49504175365344466,11496
AMD,A-NOK30-CLOSE-FILL,2023-02-01,2023-02-01,2023-02-06,2023-02-06,84.63999938964844,83.68000030517578,-0.011342144274519739,3,10811,10814,True,0.4865193946773352,11498
AMD,A-NOK30-CLOSE-FILL,2023-03-14,2023-03-14,2023-03-24,2023-03-24,87.44999694824219,97.94999694824219,0.12006861482470366,8,10839,10847,True,0.5044809884277386,11493
AMD,A-NOK30-CLOSE-FILL,2023-05-25,2023-05-25,2023-05-30,2023-05-30,120.3499984741211,125.2699966430664,0.04088074974095868,2,10890,10892,True,0.4789981737542395,11499
AMD,A-NOK30-CLOSE-FILL,2023-06-12,2023-06-12,2023-06-15,2023-06-15,129.19000244140625,124.23999786376953,-0.038315693816027174,3,10901,10904,True,0.4865193946773352,11498
AMD,A-NOK30-CLOSE-FILL,2023-11-20,2023-11-20,2023-11-21,2023-11-21,121.52999877929688,119.16000366210938,-0.019501317707502852,1,11013,11014,True,0.472695652173913,11500
AMD,A-NOK30-CLOSE-FILL,2023-12-26,2023-12-26,2024-01-02,2024-01-02,143.41000366210938,138.5800018310547,-0.033679671624824215,4,11037,11041,True,0.49186744368096025,11497
AMD,A-NOK30-CLOSE-FILL,2024-05-28,2024-05-28,2024-05-29,2024-05-29,171.61000061035156,165.13999938964844,-0.037701772610522655,1,11142,11143,True,0.472695652173913,11500
AMD,A-NOK30-CLOSE-FILL,2024-06-07,2024-06-07,2024-06-10,2024-06-10,167.8699951171875,160.33999633789062,-0.04485613271174693,1,11150,11151,True,0.472695652173913,11500
AMD,A-NOK30-CLOSE-FILL,2024-10-04,2024-10-04,2024-10-10,2024-10-10,170.89999389648438,164.17999267578125,-0.03932124903862477,4,11232,11236,True,0.49186744368096025,11497
AMD,A-NOK30-CLOSE-FILL,2025-05-12,2025-05-12,2025-05-15,2025-05-15,108.12000274658203,114.98999786376953,0.06354046376866829,3,11381,11384,True,0.4865193946773352,11498
AMD,A-NOK30-CLOSE-FILL,2025-06-17,2025-06-17,2025-06-30,2025-06-30,127.0999984741211,141.89999389648438,0.11644371046453417,8,11406,11414,True,0.5044809884277386,11493
AMD,A-NOK30-CLOSE-FILL,2025-07-24,2025-07-24,2025-07-31,2025-07-31,162.1199951171875,176.30999755859375,0.08752777491233621,5,11431,11436,True,0.49504175365344466,11496
AMD,A-NOK30-CLOSE-FILL,2025-10-08,2025-10-08,2025-10-10,2025-10-10,235.55999755859375,214.89999389648438,-0.08770590879705864,2,11484,11486,True,0.4789981737542395,11499
AMD,A-NOK30-CLOSE-FILL,2025-10-15,2025-10-15,2025-10-17,2025-10-17,238.60000610351562,233.0800018310547,-0.023134971212306232,2,11489,11491,True,0.4789981737542395,11499
AMD,A-NOK30-CLOSE-FILL,2025-10-20,2025-10-20,2025-10-22,2025-10-22,240.55999755859375,230.22999572753906,-0.042941477950998785,2,11492,11494,True,0.4789981737542395,11499
AMD,A-NOK30-CLOSE-FILL,2025-10-24,2025-10-24,2025-10-30,2025-10-30,252.9199981689453,254.83999633789062,0.007591326043197233,4,11496,11500,True,0.49186744368096025,11497
AMD,A-NOK30-CLOSE-FILL,2026-04-02,2026-04-02,2026-04-20,2026-04-20,217.5,274.95001220703125,0.26413798715876435,11,11605,11616,True,0.5090513489991296,11490
AMD,A-NOK30-CLOSE-FILL,2026-04-22,2026-04-22,2026-04-27,2026-04-27,303.4599914550781,334.6300048828125,0.10271539677528962,3,11618,11621,True,0.4865193946773352,11498
AMD,A-NOK30-CLOSE-FILL,2026-04-30,2026-04-30,2026-05-04,2026-05-04,354.489990234375,341.5400085449219,-0.03653130425739548,2,11624,11626,True,0.4789981737542395,11499
AMD,A-NOK30-CLOSE-FILL,2026-05-06,2026-05-06,2026-05-07,2026-05-07,421.3900146484375,408.4599914550781,-0.030684218286820997,1,11628,11629,True,0.472695652173913,11500
AMD,A-NOK30-CLOSE-FILL,2026-05-08,2026-05-08,2026-05-13,2026-05-13,455.19000244140625,445.5,-0.021287819129229613,3,11630,11633,True,0.4865193946773352,11498
