symbol,arm,signal_date,entry_date,exit_signal_date,exit_date,entry_price,exit_price,ret,hold_bars,entry_bar,exit_bar,closed,base_rate,base_n
NVDA,A-NOK30,1999-11-16,1999-11-17,1999-11-18,1999-11-19,0.06677135923021915,0.0765485122384231,0.14642734730760187,2,208,210,True,0.5328976682013961,6733
NVDA,A-NOK30,1999-11-19,1999-11-22,1999-11-23,1999-11-24,0.08388155665106713,0.07547528162879355,-0.10021601121736734,2,211,213,True,0.5328976682013961,6733
NVDA,A-NOK30,2000-03-07,2000-03-08,2000-03-15,2000-03-16,0.15884954888631642,0.2079438999790167,0.3090619484719819,6,284,290,True,0.5556546292168227,6729
NVDA,A-NOK30,2000-05-05,2000-05-08,2000-05-08,2000-05-09,0.17121996615503665,0.17217415917171253,0.005572907401534488,1,326,327,True,0.5246510246510246,6734
NVDA,A-NOK30,2000-05-16,2000-05-17,2000-05-26,2000-05-30,0.18886673284284422,0.20675163511554093,0.09469588425389186,8,333,341,True,0.5666716218225063,6727
NVDA,A-NOK30,2000-05-31,2000-06-01,2000-06-07,2000-06-08,0.22416031997556948,0.23870650028616053,0.06489186093317678,5,343,348,True,0.5530460624071323,6730
NVDA,A-NOK30,2000-06-16,2000-06-19,2000-06-23,2000-06-26,0.28496946069500856,0.2880692394875026,0.010877582408072906,5,355,360,True,0.5530460624071323,6730
NVDA,A-NOK30,2000-06-26,2000-06-27,2000-06-27,2000-06-28,0.3138234907532215,0.27757682766979236,-0.11550015901114341,1,361,362,True,0.5246510246510246,6734
NVDA,A-NOK30,2000-08-15,2000-08-16,2000-08-22,2000-08-23,0.28639989067515637,0.2658923433045972,-0.0716045921743017,5,396,401,True,0.5530460624071323,6730
NVDA,A-NOK30,2000-08-30,2000-08-31,2000-09-06,2000-09-07,0.30404653718598046,0.2871159931459214,-0.05568405480540928,4,407,411,True,0.5449413162977269,6731
NVDA,A-NOK30,2001-01-18,2001-01-19,2001-01-22,2001-01-23,0.2098522075424294,0.18838961856229663,-0.10227478296025694,2,503,505,True,0.5328976682013961,6733
NVDA,A-NOK30,2001-01-23,2001-01-24,2001-01-25,2001-01-26,0.20961324255606223,0.1774202938587295,-0.15358260911746802,2,506,508,True,0.5328976682013961,6733
NVDA,A-NOK30,2001-03-22,2001-03-23,2001-03-28,2001-03-29,0.2627918552867217,0.25760513126826795,-0.019737004454703277,4,547,551,True,0.5449413162977269,6731
NVDA,A-NOK30,2001-05-01,2001-05-02,2001-05-09,2001-05-10,0.35655743519535904,0.32576648651058443,-0.08635620981484837,6,574,580,True,0.5556546292168227,6729
NVDA,A-NOK30,2001-08-16,2001-08-17,2001-08-17,2001-08-20,0.33309227273208986,0.31760101890641207,-0.04650739477867616,1,649,650,True,0.5246510246510246,6734
NVDA,A-NOK30,2001-08-27,2001-08-28,2001-08-30,2001-08-31,0.33572482886733856,0.318402269455681,-0.05159749271479275,3,656,659,True,0.5372846108140226,6732
NVDA,A-NOK30,2001-10-24,2001-10-25,2001-10-26,2001-10-29,0.34720991581011285,0.3506438742904426,0.009890150954697141,2,693,695,True,0.5328976682013961,6733
NVDA,A-NOK30,2001-11-02,2001-11-05,2001-11-15,2001-11-16,0.36621103908173236,0.4044422455721034,0.10439665223155226,9,700,709,True,0.5721082366934285,6726
NVDA,A-NOK30,2002-10-30,2002-10-31,2002-11-05,2002-11-06,0.08638236138198953,0.11850938187749777,0.3719164419856509,4,949,953,True,0.5449413162977269,6731
NVDA,A-NOK30,2002-11-06,2002-11-07,2002-11-07,2002-11-08,0.12026392029446781,0.09386103972200613,-0.21954116004046664,1,954,955,True,0.5246510246510246,6734
NVDA,A-NOK30,2003-04-29,2003-04-30,2003-05-08,2003-05-09,0.10919931610731357,0.1436916452811641,0.31586579846300356,7,1072,1079,True,0.5610879904875149,6728
NVDA,A-NOK30,2003-05-09,2003-05-12,2003-05-19,2003-05-20,0.16345557511362394,0.15330666209016278,-0.062089733044628614,6,1080,1086,True,0.5556546292168227,6729
NVDA,A-NOK30,2003-05-27,2003-05-28,2003-06-02,2003-06-03,0.17284168978257136,0.18650140207849636,0.07903019412219603,4,1091,1095,True,0.5449413162977269,6731
NVDA,A-NOK30,2003-06-04,2003-06-05,2003-06-06,2003-06-09,0.1945140029030795,0.19535274615469203,0.004311994196276148,2,1097,1099,True,0.5328976682013961,6733
NVDA,A-NOK30,2003-09-17,2003-09-18,2003-09-19,2003-09-22,0.15063558123439547,0.14842223591800735,-0.014693376546568104,2,1170,1172,True,0.5328976682013961,6733
NVDA,A-NOK30,2003-11-05,2003-11-06,2003-11-14,2003-11-17,0.140486639338507,0.15101736844985017,0.07495893674251142,7,1205,1212,True,0.5610879904875149,6728
NVDA,A-NOK30,2003-11-25,2003-11-26,2003-12-04,2003-12-05,0.16528701415303457,0.15727455793543635,-0.04847601766330967,6,1219,1225,True,0.5556546292168227,6729
NVDA,A-NOK30,2004-01-05,2004-01-06,2004-01-13,2004-01-14,0.18131209025172196,0.1873402712409261,0.03324754008866693,6,1245,1251,True,0.5556546292168227,6729
NVDA,A-NOK30,2004-02-20,2004-02-23,2004-02-23,2004-02-24,0.18390624809055042,0.17474914593774515,-0.04979222972509645,1,1277,1278,True,0.5246510246510246,6734
NVDA,A-NOK30,2004-09-16,2004-09-17,2004-09-22,2004-09-23,0.10851254201672003,0.11087785729284852,0.021797621105991816,4,1421,1425,True,0.5449413162977269,6731
NVDA,A-NOK30,2004-10-01,2004-10-04,2004-10-08,2004-10-11,0.11637214166748766,0.11087781935930252,-0.04721338139401243,5,1432,1437,True,0.5530460624071323,6730
NVDA,A-NOK30,2004-11-18,2004-11-19,2004-11-19,2004-11-22,0.15490920019778806,0.14521726749620487,-0.06256524912147587,1,1466,1467,True,0.5246510246510246,6734
NVDA,A-NOK30,2004-12-03,2004-12-06,2004-12-09,2004-12-10,0.15895304278357567,0.17856492074296781,0.12338158248467712,4,1476,1480,True,0.5449413162977269,6731
NVDA,A-NOK30,2004-12-10,2004-12-13,2004-12-13,2004-12-14,0.17520698709925647,0.17314659085628656,-0.011759783539926238,1,1481,1482,True,0.5246510246510246,6734
NVDA,A-NOK30,2004-12-16,2004-12-17,2004-12-17,2004-12-20,0.1838303023543865,0.17803110965445823,-0.03154644596486944,1,1485,1486,True,0.5246510246510246,6734
NVDA,A-NOK30,2005-02-11,2005-02-14,2005-02-14,2005-02-15,0.19947344768287814,0.19665041570476266,-0.014152419837869967,1,1524,1525,True,0.5246510246510246,6734
NVDA,A-NOK30,2005-02-18,2005-02-22,2005-02-23,2005-02-24,0.21427792143520905,0.20847867303011539,-0.027064143455615808,2,1529,1531,True,0.5328976682013961,6733
NVDA,A-NOK30,2005-02-24,2005-02-25,2005-03-02,2005-03-03,0.21725397994982382,0.21366717308740232,-0.016509740642035142,4,1532,1536,True,0.5449413162977269,6731
NVDA,A-NOK30,2005-05-13,2005-05-16,2005-05-27,2005-05-31,0.19100310425196654,0.20908853059639906,0.0946865571387503,10,1587,1597,True,0.5745724907063197,6725
NVDA,A-NOK30,2005-06-02,2005-06-03,2005-06-06,2005-06-07,0.2157274634965843,0.21244648410797498,-0.015208909127424453,2,1600,1602,True,0.5328976682013961,6733
NVDA,A-NOK30,2005-08-12,2005-08-15,2005-08-18,2005-08-19,0.2293112083306353,0.22480863649493837,-0.019635201735123453,4,1650,1654,True,0.5449413162977269,6731
NVDA,A-NOK30,2005-11-17,2005-11-18,2005-11-29,2005-11-30,0.2776152603539911,0.2688389948935972,-0.031613051275362736,7,1718,1725,True,0.5610879904875149,6728
NVDA,A-NOK30,2006-01-03,2006-01-04,2006-01-13,2006-01-17,0.2938692076233928,0.3199671804609656,0.08880812334383337,8,1748,1756,True,0.5666716218225063,6727
NVDA,A-NOK30,2006-01-26,2006-01-27,2006-01-31,2006-02-01,0.3508726114857488,0.336907994296633,-0.03979967866395573,3,1764,1767,True,0.5372846108140226,6732
NVDA,A-NOK30,2006-03-01,2006-03-02,2006-03-08,2006-03-09,0.3729259995932701,0.3705605835529618,-0.006342856338491187,5,1787,1792,True,0.5530460624071323,6730
NVDA,A-NOK30,2006-08-08,2006-08-09,2006-08-09,2006-08-10,0.3788021607673046,0.367202531299805,-0.030621867214282283,1,1898,1899,True,0.5246510246510246,6734
NVDA,A-NOK30,2006-08-15,2006-08-16,2006-08-22,2006-08-23,0.39162220816730026,0.40459422518436916,0.03312380336594001,5,1903,1908,True,0.5530460624071323,6730
NVDA,A-NOK30,2006-08-29,2006-08-30,2006-09-01,2006-09-05,0.4393914522930119,0.42702933174010227,-0.02813464050881409,3,1913,1916,True,0.5372846108140226,6732
NVDA,A-NOK30,2007-05-04,2007-05-07,2007-05-07,2007-05-08,0.5219588621562247,0.5012025328909924,-0.03976621678476233,1,2083,2084,True,0.5246510246510246,6734
NVDA,A-NOK30,2007-05-11,2007-05-14,2007-05-23,2007-05-24,0.5341682941739011,0.5271482470529775,-0.013142013851234369,8,2088,2096,True,0.5666716218225063,6727
NVDA,A-NOK30,2007-07-03,2007-07-05,2007-07-17,2007-07-18,0.6579430804059693,0.6994553198358581,0.06309396764880426,9,2124,2133,True,0.5721082366934285,6726
NVDA,A-NOK30,2007-10-08,2007-10-09,2007-10-09,2007-10-10,0.8591719011697452,0.8497857685649808,-0.010924627064718195,1,2191,2192,True,0.5246510246510246,6734
NVDA,A-NOK30,2007-10-17,2007-10-18,2007-10-25,2007-10-26,0.9022106564755147,0.8195672150474916,-0.0916010477540462,6,2198,2204,True,0.5556546292168227,6729
NVDA,A-NOK30,2007-12-14,2007-12-17,2007-12-17,2007-12-18,0.7943850256103134,0.7735523152190709,-0.0262249535421909,1,2239,2240,True,0.5246510246510246,6734
NVDA,A-NOK30,2007-12-21,2007-12-24,2007-12-28,2007-12-31,0.8108680960919755,0.7900353791067772,-0.025691869103745435,4,2244,2248,True,0.5449413162977269,6731
NVDA,A-NOK30,2008-05-15,2008-05-16,2008-05-20,2008-05-21,0.5535513536886603,0.534321327865453,-0.034739370963625116,3,2343,2346,True,0.5372846108140226,6732
NVDA,A-NOK30,2008-05-30,2008-06-02,2008-06-06,2008-06-09,0.5654555001944241,0.5475992791373278,-0.031578472666649704,5,2353,2358,True,0.5530460624071323,6730
NVDA,A-NOK30,2009-03-25,2009-03-26,2009-03-31,2009-04-01,0.23121868280056548,0.22297720662601517,-0.03564364295621769,4,2559,2563,True,0.5449413162977269,6731
NVDA,A-NOK30,2009-04-02,2009-04-03,2009-04-15,2009-04-16,0.24243622636359338,0.26555803779168735,0.09537275750785312,8,2565,2573,True,0.5666716218225063,6727
NVDA,A-NOK30,2009-06-04,2009-06-05,2009-06-05,2009-06-08,0.2538827421305777,0.2460990551001223,-0.03065859051755504,1,2608,2609,True,0.5246510246510246,6734
NVDA,A-NOK30,2009-06-09,2009-06-10,2009-06-11,2009-06-12,0.2614373109548194,0.26097959671221205,-0.0017507609795086587,2,2611,2613,True,0.5328976682013961,6733
NVDA,A-NOK30,2009-08-03,2009-08-04,2009-08-04,2009-08-05,0.2987528280175017,0.30424714582129264,0.018390847846531777,1,2649,2650,True,0.5246510246510246,6734
NVDA,A-NOK30,2009-09-04,2009-09-08,2009-09-16,2009-09-17,0.34843049682423766,0.36399776437132936,0.04467825775579137,7,2673,2680,True,0.5610879904875149,6728
NVDA,A-NOK30,2009-12-16,2009-12-17,2009-12-18,2009-12-21,0.38826417368883065,0.387348462804536,-0.0023584738081668943,2,2744,2746,True,0.5328976682013961,6733
NVDA,A-NOK30,2009-12-21,2009-12-22,2010-01-04,2010-01-05,0.39879496677652426,0.4216878855269426,0.05740523491422844,8,2747,2755,True,0.5666716218225063,6727
NVDA,A-NOK30,2010-01-06,2010-01-07,2010-01-07,2010-01-08,0.42992930325933937,0.4203143204284472,-0.022364102093065052,1,2757,2758,True,0.5246510246510246,6734
NVDA,A-NOK30,2010-03-16,2010-03-17,2010-03-18,2010-03-19,0.40886790282589025,0.40566278681436263,-0.007839001274923874,2,2804,2806,True,0.5328976682013961,6733
NVDA,A-NOK30,2010-11-05,2010-11-08,2010-11-09,2010-11-10,0.288450959767905,0.2902825205159032,0.006349643452293829,2,2968,2970,True,0.5328976682013961,6733
NVDA,A-NOK30,2010-11-10,2010-11-11,2010-11-11,2010-11-12,0.2847881397995615,0.2996686444101663,0.052251138762582805,1,2971,2972,True,0.5246510246510246,6734
NVDA,A-NOK30,2010-11-19,2010-11-22,2010-12-06,2010-12-07,0.3127175900130384,0.3399601036756602,0.08711538631864602,10,2978,2988,True,0.5745724907063197,6725
NVDA,A-NOK30,2011-05-10,2011-05-11,2011-05-13,2011-05-16,0.4551116214506453,0.41688037924688576,-0.08400410009724513,3,3095,3098,True,0.5372846108140226,6732
NVDA,A-NOK30,2011-10-27,2011-10-28,2011-11-01,2011-11-02,0.34614120725159114,0.3250796335412409,-0.06084676793491883,3,3214,3217,True,0.5372846108140226,6732
NVDA,A-NOK30,2012-02-01,2012-02-02,2012-02-10,2012-02-13,0.34362297161493244,0.37315481294853253,0.08594257012215634,7,3279,3286,True,0.5610879904875149,6728
NVDA,A-NOK30,2012-06-28,2012-06-29,2012-07-09,2012-07-10,0.3101992415218948,0.299439598270193,-0.034686233270310396,6,3382,3388,True,0.5556546292168227,6729
NVDA,A-NOK30,2013-01-02,2013-01-03,2013-01-09,2013-01-10,0.293076946807226,0.2838605323713089,-0.03144708083088932,5,3509,3514,True,0.5530460624071323,6730
NVDA,A-NOK30,2013-02-08,2013-02-11,2013-02-20,2013-02-21,0.2873166461873241,0.2847822261383142,-0.008820999697168652,7,3535,3542,True,0.5610879904875149,6728
NVDA,A-NOK30,2013-02-27,2013-02-28,2013-03-11,2013-03-12,0.29116580555123267,0.29394758258625164,0.00955392763155194,8,3547,3555,True,0.5666716218225063,6727
NVDA,A-NOK30,2013-04-24,2013-04-25,2013-05-07,2013-05-08,0.31133410524146393,0.3168978248315322,0.017870575360682706,9,3586,3595,True,0.5721082366934285,6726
NVDA,A-NOK30,2013-05-10,2013-05-13,2013-05-13,2013-05-14,0.3347479570630042,0.3340523880979635,-0.0020778886035435207,1,3598,3599,True,0.5246510246510246,6734
NVDA,A-NOK30,2013-05-15,2013-05-16,2013-05-22,2013-05-23,0.34031158338233436,0.331555380496721,-0.025729958406311093,5,3601,3606,True,0.5530460624071323,6730
NVDA,A-NOK30,2013-11-29,2013-12-02,2013-12-06,2013-12-09,0.36587444861334567,0.36422643185649217,-0.004504323171785951,5,3739,3744,True,0.5530460624071323,6730
NVDA,A-NOK30,2014-01-07,2014-01-08,2014-01-09,2014-01-10,0.3814134195852274,0.37199578207701267,-0.02469141625498139,2,3764,3766,True,0.5328976682013961,6733
NVDA,A-NOK30,2014-01-16,2014-01-17,2014-01-24,2014-01-27,0.37811733037254236,0.36634533493248833,-0.03113318140815069,5,3771,3776,True,0.5530460624071323,6730
NVDA,A-NOK30,2014-06-10,2014-06-11,2014-06-16,2014-06-17,0.4533270057269911,0.46330599319198823,0.022012779602649246,4,3870,3874,True,0.5449413162977269,6731
NVDA,A-NOK30,2014-06-17,2014-06-18,2014-06-19,2014-06-20,0.46473160247832357,0.4559405669457302,-0.018916371268302923,2,3875,3877,True,0.5328976682013961,6733
NVDA,A-NOK30,2014-08-26,2014-08-27,2014-08-27,2014-08-28,0.46129851056249566,0.45795744698750124,-0.007242736532837246,1,3924,3925,True,0.5246510246510246,6734
NVDA,A-NOK30,2014-08-28,2014-08-29,2014-09-08,2014-09-09,0.46440082719113873,0.4701283631731398,0.01233317351444696,6,3926,3932,True,0.5556546292168227,6729
NVDA,A-NOK30,2014-11-20,2014-11-21,2014-12-02,2014-12-03,0.49176948877668175,0.4963229879719622,0.00925941787606166,7,3985,3992,True,0.5610879904875149,6728
NVDA,A-NOK30,2014-12-03,2014-12-04,2014-12-04,2014-12-05,0.5059091870508245,0.5023143537017049,-0.00710568900730113,1,3993,3994,True,0.5246510246510246,6734
NVDA,A-NOK30,2014-12-05,2014-12-08,2014-12-08,2014-12-09,0.5042316042196733,0.4953643376893621,-0.01758570160240902,1,3995,3996,True,0.5246510246510246,6734
NVDA,A-NOK30,2015-02-24,2015-02-25,2015-02-25,2015-02-26,0.5345612306699032,0.5331176750806804,-0.002700449464720367,1,4048,4049,True,0.5246510246510246,6734
NVDA,A-NOK30,2015-03-05,2015-03-06,2015-03-12,2015-03-13,0.5468304289535931,0.542740725161683,-0.007478925047635143,5,4055,4060,True,0.5530460624071323,6730
NVDA,A-NOK30,2015-06-04,2015-06-05,2015-06-08,2015-06-09,0.5322017077876284,0.5261592726488885,-0.011353656048678329,2,4118,4120,True,0.5328976682013961,6733
NVDA,A-NOK30,2015-09-30,2015-10-01,2015-10-15,2015-10-16,0.5982726144077047,0.6679297735822172,0.11643046580608352,11,4200,4211,True,0.5748066627007733,6724
NVDA,A-NOK30,2015-10-22,2015-10-23,2015-10-27,2015-10-28,0.6953554662614331,0.6946277490775203,-0.0010465398191593644,3,4216,4219,True,0.5372846108140226,6732
NVDA,A-NOK30,2015-10-28,2015-10-29,2015-10-29,2015-10-30,0.6846766562425369,0.6790941878163952,-0.008153437648623751,1,4220,4221,True,0.5246510246510246,6734
NVDA,A-NOK30,2015-11-09,2015-11-10,2015-11-13,2015-11-16,0.7523918312804256,0.7327327391827625,-0.02612879523719336,4,4228,4232,True,0.5449413162977269,6731
NVDA,A-NOK30,2015-12-04,2015-12-07,2015-12-09,2015-12-10,0.8220030487638313,0.7993455655498454,-0.027563745959409025,3,4246,4249,True,0.5372846108140226,6732
NVDA,A-NOK30,2016-03-16,2016-03-17,2016-03-31,2016-04-01,0.8064147217673399,0.8658321567409344,0.07368098990476657,10,4315,4325,True,0.5745724907063197,6725
NVDA,A-NOK30,2016-04-01,2016-04-04,2016-04-04,2016-04-05,0.8912616271496003,0.8675436410799002,-0.026611698907709203,1,4326,4327,True,0.5246510246510246,6734
NVDA,A-NOK30,2016-07-22,2016-07-25,2016-07-27,2016-07-28,1.3483314381453637,1.3775045070830583,0.02163642270169297,3,4404,4407,True,0.5372846108140226,6732
NVDA,A-NOK30,2016-07-29,2016-08-01,2016-08-01,2016-08-02,1.4056970876790233,1.3973620265637579,-0.005929485938558576,1,4409,4410,True,0.5246510246510246,6734
NVDA,A-NOK30,2016-08-11,2016-08-12,2016-08-17,2016-08-18,1.5174853794986878,1.4968930710718065,-0.013570020973568853,4,4418,4422,True,0.5449413162977269,6731
NVDA,A-NOK30,2016-08-23,2016-08-24,2016-08-24,2016-08-25,1.5504916527332242,1.521755805690406,-0.01853337745621686,1,4426,4427,True,0.5246510246510246,6734
NVDA,A-NOK30,2016-11-11,2016-11-14,2016-11-29,2016-11-30,2.1635167957236963,2.3022861541671227,0.06414064301128208,11,4483,4494,True,0.5748066627007733,6724
NVDA,A-NOK30,2017-03-30,2017-03-31,2017-04-04,2017-04-05,2.684709836777996,2.463303948480456,-0.08246920589498641,3,4577,4580,True,0.5372846108140226,6732
NVDA,A-NOK30,2017-05-10,2017-05-11,2017-05-25,2017-05-26,2.95660467620869,3.400532615005211,0.15014788496031817,11,4605,4616,True,0.5748066627007733,6724
NVDA,A-NOK30,2017-05-30,2017-05-31,2017-06-01,2017-06-02,3.6165019482286525,3.556100224950482,-0.01670169797855492,2,4618,4620,True,0.5328976682013961,6733
NVDA,A-NOK30,2017-06-05,2017-06-06,2017-06-09,2017-06-12,3.6443618592187907,3.5965329768704746,-0.013124076092314474,4,4622,4626,True,0.5449413162977269,6731
NVDA,A-NOK30,2017-09-12,2017-09-13,2017-09-21,2017-09-22,4.160084444846371,4.4490385055449515,0.06945870078588068,7,4691,4698,True,0.5610879904875149,6728
NVDA,A-NOK30,2018-01-03,2018-01-04,2018-01-16,2018-01-17,5.327739439924537,5.449723250238655,0.02289597899627127,8,4769,4777,True,0.5666716218225063,6727
NVDA,A-NOK30,2018-01-19,2018-01-22,2018-01-24,2018-01-25,5.689985059738738,5.876910378141895,0.03285163606593722,3,4780,4783,True,0.5372846108140226,6732
NVDA,A-NOK30,2018-01-26,2018-01-29,2018-01-30,2018-01-31,5.993952772771819,6.068773900387158,0.0124827689592788,2,4785,4787,True,0.5328976682013961,6733
NVDA,A-NOK30,2018-07-26,2018-07-27,2018-07-30,2018-07-31,6.337132824054152,6.025369068604396,-0.049196342274281935,2,4910,4912,True,0.5328976682013961,6733
NVDA,A-NOK30,2018-08-22,2018-08-23,2018-09-05,2018-09-06,6.459269652306198,6.870962963208796,0.06373682057933716,9,4929,4938,True,0.5721082366934285,6726
NVDA,A-NOK30,2019-01-25,2019-01-28,2019-01-28,2019-01-29,3.3812233631027357,3.371319346140535,-0.0029291223615326434,1,5035,5036,True,0.5246510246510246,6734
NVDA,A-NOK30,2019-02-20,2019-02-21,2019-02-21,2019-02-22,3.9386119879459383,3.908897822960406,-0.007544324009694736,1,5052,5053,True,0.5246510246510246,6734
NVDA,A-NOK30,2019-02-22,2019-02-25,2019-02-25,2019-02-26,4.025278463314607,3.924745387991044,-0.02497543368484867,1,5054,5055,True,0.5246510246510246,6734
NVDA,A-NOK30,2019-04-01,2019-04-02,2019-04-12,2019-04-15,4.542275182545903,4.702153118054769,0.035197765235186695,9,5080,5089,True,0.5721082366934285,6726
NVDA,A-NOK30,2019-07-12,2019-07-15,2019-07-25,2019-07-26,4.180437480835474,4.329580786563699,0.03567648276333446,9,5151,5160,True,0.5721082366934285,6726
NVDA,A-NOK30,2019-09-04,2019-09-05,2019-09-16,2019-09-17,4.294121570349542,4.483153706848775,0.044021142252813616,8,5188,5196,True,0.5666716218225063,6727
NVDA,A-NOK30,2019-10-21,2019-10-22,2019-10-22,2019-10-23,4.92580670192421,4.777015568452307,-0.030206449922969836,1,5221,5222,True,0.5246510246510246,6734
NVDA,A-NOK30,2019-10-25,2019-10-28,2019-10-30,2019-10-31,5.124528046514247,5.021689363981352,-0.020067932422156876,3,5225,5228,True,0.5372846108140226,6732
NVDA,A-NOK30,2019-11-04,2019-11-05,2019-11-08,2019-11-11,5.228608631295536,5.160545888806701,-0.013017371788251575,4,5231,5235,True,0.5449413162977269,6731
NVDA,A-NOK30,2020-01-16,2020-01-17,2020-01-21,2020-01-22,6.207168756490065,6.208659581685237,0.000240177970610711,2,5281,5283,True,0.5328976682013961,6733
NVDA,A-NOK30,2020-04-13,2020-04-14,2020-04-21,2020-04-22,6.840176949824809,6.895645491403493,0.008109226118792945,6,5340,5346,True,0.5556546292168227,6729
NVDA,A-NOK30,2020-04-27,2020-04-28,2020-04-28,2020-04-29,7.536630547178379,7.381670852745031,-0.020560871793213087,1,5350,5351,True,0.5246510246510246,6734
NVDA,A-NOK30,2020-04-29,2020-04-30,2020-05-01,2020-05-04,7.369730999567452,6.98643138554648,-0.05200998707326887,2,5352,5354,True,0.5328976682013961,6733
NVDA,A-NOK30,2020-05-07,2020-05-08,2020-05-13,2020-05-14,7.6547801034035805,7.802030552114325,0.019236404798260942,4,5358,5362,True,0.5449413162977269,6731
NVDA,A-NOK30,2020-05-14,2020-05-15,2020-05-21,2020-05-22,7.849786375477367,8.780549550249997,0.1185717840271836,5,5363,5368,True,0.5530460624071323,6730
NVDA,A-NOK30,2020-05-22,2020-05-26,2020-05-26,2020-05-27,9.110370081279614,8.581313337076326,-0.05807192676951911,1,5369,5370,True,0.5246510246510246,6734
NVDA,A-NOK30,2020-08-17,2020-08-18,2020-08-20,2020-08-21,12.392591435062732,12.145487093065004,-0.019939682776807133,3,5428,5431,True,0.5372846108140226,6732
NVDA,A-NOK30,2020-08-21,2020-08-24,2020-08-27,2020-08-28,12.824340291035602,12.616556830940121,-0.01620227281716191,4,5432,5436,True,0.5449413162977269,6731
NVDA,A-NOK30,2020-08-28,2020-08-31,2020-09-02,2020-09-03,13.12196361348135,13.76910292266537,0.04931726136773884,3,5437,5440,True,0.5372846108140226,6732
NVDA,A-NOK30,2020-10-12,2020-10-13,2020-10-15,2020-10-16,14.23483636602296,13.976207032310032,-0.018168760571793396,3,5467,5470,True,0.5372846108140226,6732
NVDA,A-NOK30,2021-01-21,2021-01-22,2021-01-27,2021-01-28,13.684778315815404,12.944018103883906,-0.054130231037459065,4,5536,5540,True,0.5449413162977269,6731
NVDA,A-NOK30,2021-04-15,2021-04-16,2021-04-19,2021-04-20,15.99400192125757,15.266929811493934,-0.04545904854477267,2,5594,5596,True,0.5328976682013961,6733
NVDA,A-NOK30,2021-06-11,2021-06-14,2021-06-15,2021-06-16,17.844281675128062,17.7294277906978,-0.006436453230299954,2,5634,5636,True,0.5328976682013961,6733
NVDA,A-NOK30,2021-06-24,2021-06-25,2021-07-07,2021-07-08,19.214042880819722,19.78805843161137,0.029874792845635545,8,5643,5651,True,0.5666716218225063,6727
NVDA,A-NOK30,2021-10-29,2021-11-01,2021-11-04,2021-11-05,25.565096437115333,30.088251003295557,0.1769269510602558,4,5732,5736,True,0.5449413162977269,6731
NVDA,A-NOK30,2021-11-19,2021-11-22,2021-11-23,2021-11-24,33.40735581710539,31.358084433513884,-0.06134192106704317,2,5747,5749,True,0.5328976682013961,6733
NVDA,A-NOK30,2021-11-29,2021-11-30,2021-12-01,2021-12-02,33.06049048348585,31.1157068428457,-0.0588250087097647,2,5752,5754,True,0.5328976682013961,6733
NVDA,A-NOK30,2022-07-28,2022-07-29,2022-08-08,2022-08-09,17.763681512135797,17.20423514221183,-0.03149383023681018,7,5918,5925,True,0.5610879904875149,6728
NVDA,A-NOK30,2022-08-15,2022-08-16,2022-08-19,2022-08-22,18.867621402461417,17.441578126782925,-0.07558150787848938,4,5930,5934,True,0.5449413162977269,6731
NVDA,A-NOK30,2022-11-04,2022-11-07,2022-11-09,2022-11-10,14.19282459299917,14.76341034070044,0.040202409602294376,3,5988,5991,True,0.5372846108140226,6732
NVDA,A-NOK30,2022-11-10,2022-11-11,2022-11-16,2022-11-17,15.767918688568072,15.676147926956387,-0.00582009353448909,4,5992,5996,True,0.5449413162977269,6731
NVDA,A-NOK30,2022-11-30,2022-12-01,2022-12-06,2022-12-07,16.96130961638063,15.737033837548465,-0.07218049823521888,4,6005,6009,True,0.5449413162977269,6731
NVDA,A-NOK30,2023-02-02,2023-02-03,2023-02-03,2023-02-06,20.95344207269312,20.7598742206852,-0.009237997811356258,1,6048,6049,True,0.5246510246510246,6734
NVDA,A-NOK30,2023-02-07,2023-02-08,2023-02-09,2023-02-10,22.33736312232844,21.641914381705053,-0.031133878104359414,2,6051,6053,True,0.5328976682013961,6733
NVDA,A-NOK30,2023-02-14,2023-02-15,2023-02-16,2023-02-17,22.49900989243005,21.58304317749563,-0.04071142327212385,2,6056,6058,True,0.5328976682013961,6733
NVDA,A-NOK30,2023-03-30,2023-03-31,2023-04-05,2023-04-06,27.08442473492415,26.52956827718351,-0.02048618212020481,4,6087,6091,True,0.5449413162977269,6731
NVDA,A-NOK30,2023-05-05,2023-05-08,2023-05-12,2023-05-15,28.46359684267218,28.449626392092515,-0.0004908181723092264,5,6112,6117,True,0.5530460624071323,6730
NVDA,A-NOK30,2023-05-15,2023-05-16,2023-05-23,2023-05-24,28.781944947212995,30.148138304684203,0.04746702698434202,6,6118,6124,True,0.5556546292168227,6729
NVDA,A-NOK30,2023-05-26,2023-05-30,2023-05-31,2023-06-01,40.51188361880298,38.41018164381114,-0.051878653551827636,2,6127,6129,True,0.5328976682013961,6733
NVDA,A-NOK30,2023-06-13,2023-06-14,2023-06-23,2023-06-26,40.74463443107391,42.37844394803587,0.04009876489935893,7,6138,6145,True,0.5610879904875149,6728
NVDA,A-NOK30,2023-08-29,2023-08-30,2023-09-05,2023-09-06,48.94865462257738,48.35080492427495,-0.012213812676001079,4,6191,6195,True,0.5449413162977269,6731
NVDA,A-NOK30,2023-11-20,2023-11-21,2023-11-21,2023-11-22,50.03265822480747,49.759164546453185,-0.005466303171928644,1,6249,6250,True,0.5246510246510246,6734
NVDA,A-NOK30,2024-01-08,2024-01-09,2024-01-24,2024-01-25,52.30802433098523,62.23936480631996,0.18986265687445947,11,6281,6292,True,0.5748066627007733,6724
NVDA,A-NOK30,2024-01-30,2024-01-31,2024-01-31,2024-02-01,61.33098018068535,61.98981163068563,0.01074222926258983,1,6296,6297,True,0.5246510246510246,6734
NVDA,A-NOK30,2024-02-02,2024-02-05,2024-02-12,2024-02-13,68.10394628020288,70.27509946360114,0.03187999083732085,6,6299,6305,True,0.5556546292168227,6729
NVDA,A-NOK30,2024-02-23,2024-02-26,2024-03-08,2024-03-11,79.55858308487059,86.27968352904108,0.08447989121425947,10,6313,6323,True,0.5745724907063197,6725
NVDA,A-NOK30,2024-05-13,2024-05-14,2024-05-17,2024-05-20,89.44422015487879,93.58805245494568,0.04632867604962687,4,6368,6372,True,0.5449413162977269,6731
NVDA,A-NOK30,2024-05-21,2024-05-22,2024-05-30,2024-05-31,95.29409598809328,112.32561724375552,0.17872588095898712,6,6374,6380,True,0.5556546292168227,6729
NVDA,A-NOK30,2024-06-03,2024-06-04,2024-06-06,2024-06-07,115.51610755402032,119.56310374577737,0.03503404224267603,3,6382,6385,True,0.5372846108140226,6732
NVDA,A-NOK30,2024-06-13,2024-06-14,2024-06-20,2024-06-21,129.7461556011969,126.91083818337023,-0.021852804845652885,4,6390,6394,True,0.5449413162977269,6731
NVDA,A-NOK30,2024-08-23,2024-08-26,2024-08-26,2024-08-27,129.3567902083498,124.84423039602758,-0.03488459944819289,1,6439,6440,True,0.5246510246510246,6734
NVDA,A-NOK30,2024-10-04,2024-10-07,2024-10-15,2024-10-16,124.79500006476454,133.7709642153392,0.07192567126821126,7,6468,6475,True,0.5610879904875149,6728
NVDA,A-NOK30,2024-10-21,2024-10-22,2024-10-23,2024-10-24,142.68705023422552,140.6003124972593,-0.014624576887256269,2,6479,6481,True,0.5328976682013961,6733
NVDA,A-NOK30,2025-06-03,2025-06-04,2025-06-13,2025-06-16,141.99101618842522,143.159329390418,0.008228078320408727,8,6632,6640,True,0.5666716218225063,6727
NVDA,A-NOK30,2025-07-02,2025-07-03,2025-07-07,2025-07-08,158.15934077500395,159.11807865757584,0.006061847993763303,2,6652,6654,True,0.5328976682013961,6733
NVDA,A-NOK30,2025-07-08,2025-07-09,2025-07-11,2025-07-14,161.0055497766517,165.15003478890583,0.025741255615122638,3,6655,6658,True,0.5372846108140226,6732
NVDA,A-NOK30,2025-07-16,2025-07-17,2025-07-21,2025-07-22,171.79120519874627,171.11211125862738,-0.003953019244106515,3,6661,6664,True,0.5372846108140226,6732
NVDA,A-NOK30,2025-09-29,2025-09-30,2025-10-06,2025-10-07,181.848063160254,185.99277739696944,0.022792182466430333,5,6713,6718,True,0.5530460624071323,6730
NVDA,A-NOK30,2025-10-08,2025-10-09,2025-10-10,2025-10-13,191.9851285494953,187.73056363822363,-0.022160908729838447,2,6720,6722,True,0.5328976682013961,6733
NVDA,A-NOK30,2026-04-27,2026-04-28,2026-04-28,2026-04-29,209.24613572912838,212.4523894424142,0.015322881362245688,1,6857,6858,True,0.5246510246510246,6734
NVDA,A-NOK30,2026-07-22,2026-07-23,2026-07-24,2026-07-27,209.4600067138672,208.1999969482422,-0.006015514777225395,2,6916,6918,True,0.5328976682013961,6733
AAPL,A-NOK30,1981-10-20,1981-10-21,1981-10-23,1981-10-26,0.06697959452867508,0.06484590470790863,-0.03185581871286158,3,216,219,True,0.5332920682642144,11309
AAPL,A-NOK30,1981-10-28,1981-10-29,1981-11-03,1981-11-04,0.06783278025855027,0.06612642603873393,-0.025155304165809356,4,222,226,True,0.5386452069331447,11308
AAPL,A-NOK30,1981-12-16,1981-12-17,1981-12-28,1981-12-29,0.07209870219230652,0.07252533733844757,0.0059173762240976036,7,256,263,True,0.5473684210526316,11305
AAPL,A-NOK30,1982-01-04,1982-01-05,1982-01-05,1982-01-06,0.07209873066704087,0.0708189825165329,-0.017749940098362726,1,267,268,True,0.5194058880735567,11311
AAPL,A-NOK30,1982-02-02,1982-02-03,1982-02-04,1982-02-05,0.0691126212477684,0.06740618497133255,-0.024690660629384742,2,288,290,True,0.5263483642793988,11310
AAPL,A-NOK30,1982-08-31,1982-09-01,1982-09-01,1982-09-02,0.06015336065249919,0.062286362051963806,0.035459388741167386,1,434,435,True,0.5194058880735567,11311
AAPL,A-NOK30,1982-09-02,1982-09-03,1982-09-07,1982-09-08,0.06271293014287949,0.06143313646316528,-0.02040717403569625,2,436,438,True,0.5263483642793988,11310
AAPL,A-NOK30,1982-09-14,1982-09-15,1982-09-16,1982-09-17,0.06441930619107353,0.06100655276293997,-0.052977183858687105,2,443,445,True,0.5263483642793988,11310
AAPL,A-NOK30,1982-10-20,1982-10-21,1982-10-22,1982-10-25,0.0866036571995918,0.08830999277696726,0.01970281201223334,2,469,471,True,0.5263483642793988,11310
AAPL,A-NOK30,1982-11-01,1982-11-02,1982-11-08,1982-11-09,0.09215009197992102,0.09854900961315852,0.06944016544912168,5,477,482,True,0.5444414964181481,11307
AAPL,A-NOK30,1982-11-10,1982-11-11,1982-11-15,1982-11-16,0.10580179614100989,0.10793475694551971,0.020159967810632118,3,484,487,True,0.5332920682642144,11309
AAPL,A-NOK30,1983-01-26,1983-01-27,1983-02-07,1983-02-08,0.13011919415956671,0.14419739257783737,0.10819463269197938,8,537,545,True,0.5504246284501062,11304
AAPL,A-NOK30,1983-02-11,1983-02-14,1983-02-16,1983-02-17,0.1587023386453412,0.15187690544500868,-0.04300776698436437,3,549,552,True,0.5332920682642144,11309
AAPL,A-NOK30,1983-05-05,1983-05-06,1983-05-12,1983-05-13,0.18728636691438544,0.1804600855384077,-0.03644836241122795,5,606,611,True,0.5444414964181481,11307
AAPL,A-NOK30,1983-06-03,1983-06-06,1983-06-07,1983-06-08,0.2094706691603467,0.20691037904233966,-0.01222266643950598,2,626,628,True,0.5263483642793988,11310
AAPL,A-NOK30,1983-12-22,1983-12-23,1983-12-29,1983-12-30,0.08447067192144671,0.08319088816642761,-0.015150628329430482,4,767,771,True,0.5386452069331447,11308
AAPL,A-NOK30,1984-01-04,1984-01-05,1984-01-06,1984-01-09,0.0951362424163638,0.09470970777640446,-0.004483408521566479,2,774,776,True,0.5263483642793988,11310
AAPL,A-NOK30,1984-01-12,1984-01-13,1984-01-13,1984-01-16,0.09513624602352524,0.09300328197780174,-0.022420098909474273,1,780,781,True,0.5194058880735567,11311
AAPL,A-NOK30,1984-01-17,1984-01-18,1984-01-24,1984-01-25,0.09769584120409144,0.09300327718072672,-0.048032382602261725,5,783,788,True,0.5444414964181481,11307
AAPL,A-NOK30,1984-03-02,1984-03-05,1984-03-05,1984-03-06,0.09300328901898157,0.0912969476429536,-0.018347107871418578,1,815,816,True,0.5194058880735567,11311
AAPL,A-NOK30,1984-03-12,1984-03-13,1984-03-19,1984-03-20,0.09342987255661495,0.08959057217961502,-0.04109285683412922,5,821,826,True,0.5444414964181481,11307
AAPL,A-NOK30,1984-04-26,1984-04-27,1984-05-03,1984-05-04,0.10153592743445758,0.1079348144419694,0.06302091455896108,5,853,858,True,0.5444414964181481,11307
AAPL,A-NOK30,1984-12-05,1984-12-06,1984-12-10,1984-12-11,0.09342984110116959,0.09129691475507812,-0.022829176641559812,3,1008,1011,True,0.5332920682642144,11309
AAPL,A-NOK30,1984-12-18,1984-12-19,1984-12-21,1984-12-24,0.09769584344091187,0.09385650604963303,-0.0392988816724934,3,1017,1020,True,0.5332920682642144,11309
AAPL,A-NOK30,1984-12-26,1984-12-27,1985-01-02,1985-01-03,0.09470966458320618,0.09684262424707413,0.022521034925575778,4,1022,1026,True,0.5386452069331447,11308
AAPL,A-NOK30,1985-01-10,1985-01-11,1985-01-17,1985-01-18,0.10238910336637222,0.09598942757291828,-0.06250348506866399,5,1032,1037,True,0.5444414964181481,11307
AAPL,A-NOK30,1985-07-12,1985-07-15,1985-07-16,1985-07-17,0.06100655276293997,0.06015338376164436,-0.01398487478240018,2,1159,1161,True,0.5263483642793988,11310
AAPL,A-NOK30,1985-09-18,1985-09-19,1985-09-25,1985-09-26,0.05802042409777641,0.054181069135665894,-0.06617247325942344,5,1206,1211,True,0.5444414964181481,11307
AAPL,A-NOK30,1985-10-30,1985-10-31,1985-11-05,1985-11-06,0.06484587647830634,0.06569983065128326,0.013168981889891018,4,1235,1239,True,0.5386452069331447,11308
AAPL,A-NOK30,1985-11-06,1985-11-07,1985-11-12,1985-11-13,0.06697959452867508,0.06783282933836865,0.012738727603498479,4,1240,1244,True,0.5386452069331447,11308
AAPL,A-NOK30,1985-12-27,1985-12-30,1985-12-31,1986-01-02,0.07636462814600384,0.07508485359590113,-0.016758734785637497,2,1275,1277,True,0.5263483642793988,11310
AAPL,A-NOK30,1986-01-07,1986-01-08,1986-01-09,1986-01-10,0.07849837768607794,0.07721782397286332,-0.016313123289447673,2,1281,1283,True,0.5263483642793988,11310
AAPL,A-NOK30,1986-01-14,1986-01-15,1986-01-21,1986-01-22,0.07935156795754575,0.08191109425127896,0.03225552260167808,5,1286,1291,True,0.5444414964181481,11307
AAPL,A-NOK30,1986-02-19,1986-02-20,1986-02-27,1986-02-28,0.08532385600568905,0.0874568152439583,0.024998392455763296,6,1311,1317,True,0.5477622501326729,11306
AAPL,A-NOK30,1986-03-26,1986-03-27,1986-04-01,1986-04-02,0.09641601145267487,0.0930032804608345,-0.03539589473181515,3,1336,1339,True,0.5332920682642144,11309
AAPL,A-NOK30,1986-04-24,1986-04-25,1986-04-30,1986-05-01,0.10708160236944131,0.10324229300022125,-0.035854052276637516,4,1356,1360,True,0.5386452069331447,11308
AAPL,A-NOK30,1986-05-05,1986-05-06,1986-05-15,1986-05-16,0.11006777695927537,0.12286627292633057,0.11627831796576205,8,1363,1371,True,0.5504246284501062,11304
AAPL,A-NOK30,1986-05-22,1986-05-23,1986-06-06,1986-06-09,0.12542657725427606,0.12883933689943325,0.02720922247793256,10,1376,1386,True,0.5561847460626438,11302
AAPL,A-NOK30,1986-11-24,1986-11-25,1986-12-09,1986-12-10,0.12969250885866335,0.14462407611702302,0.11513052981827832,10,1505,1515,True,0.5561847460626438,11302
AAPL,A-NOK30,1987-01-19,1987-01-20,1987-01-20,1987-01-21,0.18771288779103976,0.17363459010298196,-0.0749991002414796,1,1542,1543,True,0.5194058880735567,11311
AAPL,A-NOK30,1987-01-28,1987-01-29,1987-02-05,1987-02-06,0.1906990368716479,0.18429948389530182,-0.033558391701020374,6,1549,1555,True,0.5477622501326729,11306
AAPL,A-NOK30,1987-02-24,1987-02-25,1987-03-02,1987-03-03,0.2235489831327214,0.23037448648447012,0.03053247326871711,4,1567,1571,True,0.5386452069331447,11308
AAPL,A-NOK30,1987-04-16,1987-04-20,1987-05-06,1987-05-07,0.24402617255049752,0.27218365933101657,0.11538715903390351,13,1604,1617,True,0.5693424196831578,11299
AAPL,A-NOK30,1987-06-16,1987-06-17,1987-06-25,1987-06-26,0.283707078415443,0.2785794091915715,-0.018073814909767227,7,1645,1652,True,0.5473684210526316,11305
AAPL,A-NOK30,1987-08-31,1987-09-01,1987-09-01,1987-09-02,0.37477153213545006,0.35594770312309265,-0.050227478338867204,1,1698,1699,True,0.5194058880735567,11311
AAPL,A-NOK30,1987-09-30,1987-10-01,1987-10-06,1987-10-07,0.3884616284169731,0.37990570068359375,-0.02202515540143768,4,1719,1723,True,0.5386452069331447,11308
AAPL,A-NOK30,1988-01-04,1988-01-05,1988-01-05,1988-01-06,0.3155630850293406,0.3087035633751225,-0.021737402058863542,1,1784,1785,True,0.5194058880735567,11311
AAPL,A-NOK30,1988-03-01,1988-03-02,1988-03-10,1988-03-11,0.300720175618984,0.31274888271017715,0.03999966768586116,7,1824,1831,True,0.5473684210526316,11305
AAPL,A-NOK30,1988-06-22,1988-06-23,1988-06-23,1988-06-24,0.31508924315321024,0.3099241852760315,-0.016392364986789643,1,1903,1904,True,0.5194058880735567,11311
AAPL,A-NOK30,1988-09-29,1988-09-30,1988-09-30,1988-10-03,0.30360813213879584,0.2967083089856842,-0.022726081493618766,1,1972,1973,True,0.5194058880735567,11311
AAPL,A-NOK30,1988-12-14,1988-12-15,1988-12-15,1988-12-16,0.27673575040023746,0.2732768841182878,-0.01249880536557757,1,2025,2026,True,0.5194058880735567,11311
AAPL,A-NOK30,1988-12-16,1988-12-19,1988-12-27,1988-12-28,0.2784653611452793,0.2801948968286628,0.006210954483782727,6,2027,2033,True,0.5477622501326729,11306
AAPL,A-NOK30,1989-01-04,1989-01-05,1989-01-17,1989-01-18,0.2905724768235883,0.2819244272829413,-0.029762108356523154,9,2038,2047,True,0.5541891533221268,11303
AAPL,A-NOK30,1989-05-22,1989-05-23,1989-05-23,1989-05-24,0.31982245869473813,0.31460832226213475,-0.016303221649546895,1,2134,2135,True,0.5194058880735567,11311
AAPL,A-NOK30,1989-05-24,1989-05-25,1989-05-30,1989-05-31,0.32851355116197534,0.33025157856805276,0.005290580555748381,3,2136,2139,True,0.5332920682642144,11309
AAPL,A-NOK30,1989-06-02,1989-06-05,1989-06-05,1989-06-06,0.33894284468827895,0.3250374495983124,-0.041025781508251535,1,2142,2143,True,0.5194058880735567,11311
AAPL,A-NOK30,1989-08-22,1989-08-23,1989-09-06,1989-09-07,0.2996745629688121,0.3118705153465271,0.0406973226452465,10,2198,2208,True,0.5561847460626438,11302
AAPL,A-NOK30,1989-09-11,1989-09-12,1989-09-12,1989-09-13,0.31709710503926525,0.3223235276790099,0.016482088788219773,1,2211,2212,True,0.5194058880735567,11311
AAPL,A-NOK30,1989-10-19,1989-10-20,1989-10-23,1989-10-24,0.3327775747432801,0.32232354374449657,-0.03141446958031435,2,2239,2241,True,0.5263483642793988,11310
AAPL,A-NOK30,1990-03-16,1990-03-19,1990-03-21,1990-03-22,0.28385801360750434,0.2926192691494524,0.030864922327197064,3,2341,2344,True,0.5332920682642144,11309
AAPL,A-NOK30,1990-03-26,1990-03-27,1990-03-27,1990-03-28,0.2943715453147888,0.2943715371260226,-2.781779129268358e-08,1,2347,2348,True,0.5194058880735567,11311
AAPL,A-NOK30,1990-06-27,1990-06-28,1990-07-05,1990-07-06,0.3004589989764214,0.30573069047512724,0.01754546050098349,5,2412,2417,True,0.5444414964181481,11307
AAPL,A-NOK30,1990-07-06,1990-07-09,1990-07-13,1990-07-16,0.3162733615804496,0.3285727580025077,0.03888849936838423,5,2418,2423,True,0.5444414964181481,11307
AAPL,A-NOK30,1990-11-05,1990-11-06,1990-11-15,1990-11-16,0.23615922033786776,0.25286314445323516,0.07073161950428797,8,2503,2511,True,0.5504246284501062,11304
AAPL,A-NOK30,1990-11-26,1990-11-27,1990-11-28,1990-11-29,0.26170455412370236,0.26170469231959714,5.280607180413455e-07,2,2517,2519,True,0.5263483642793988,11310
AAPL,A-NOK30,1990-12-03,1990-12-04,1990-12-11,1990-12-12,0.2652408893765865,0.28115600465962376,0.06000249554449777,6,2522,2528,True,0.5477622501326729,11306
AAPL,A-NOK30,1991-01-23,1991-01-24,1991-01-29,1991-01-30,0.36426432952568305,0.376642183556397,0.03398041759079584,4,2557,2561,True,0.5386452069331447,11308
AAPL,A-NOK30,1991-01-30,1991-01-31,1991-02-01,1991-02-04,0.3925572335720062,0.39432550552180123,0.004504494627967759,2,2562,2564,True,0.5263483642793988,11310
AAPL,A-NOK30,1991-02-08,1991-02-11,1991-02-13,1991-02-14,0.4243856124120233,0.424385668052144,1.311074622201147e-07,3,2569,2572,True,0.5332920682642144,11309
AAPL,A-NOK30,1991-07-22,1991-07-23,1991-08-15,1991-08-16,0.32865768129451317,0.3748476719259809,0.14054133909037247,18,2681,2699,True,0.5807508411545954,11294
AAPL,A-NOK30,1991-08-22,1991-08-23,1991-08-23,1991-08-26,0.384596974080933,0.37747445702552795,-0.018519430820862937,1,2704,2705,True,0.5194058880735567,11311
AAPL,A-NOK30,1991-08-27,1991-08-28,1991-08-28,1991-08-29,0.3845969189434126,0.3792548723342996,-0.013889988052397717,1,2707,2708,True,0.5194058880735567,11311
AAPL,A-NOK30,1992-09-09,1992-09-10,1992-09-11,1992-09-14,0.3449417439055185,0.3521284957616904,0.020834682908486668,2,2969,2971,True,0.5263483642793988,11310
AAPL,A-NOK30,1992-09-14,1992-09-15,1992-09-15,1992-09-16,0.35392495606804164,0.34314522165170885,-0.030457683843747918,1,2972,2973,True,0.5194058880735567,11311
AAPL,A-NOK30,1992-11-05,1992-11-06,1992-11-12,1992-11-13,0.3934493962136699,0.4096191354614719,0.04109737974796812,5,3010,3015,True,0.5444414964181481,11307
AAPL,A-NOK30,1993-01-06,1993-01-07,1993-01-15,1993-01-18,0.44469737220892835,0.428494393825531,-0.036435966110869744,7,3051,3058,True,0.5473684210526316,11305
AAPL,A-NOK30,1993-05-13,1993-05-14,1993-05-21,1993-05-24,0.39875555834011495,0.409580559780439,0.027146960622655314,6,3140,3146,True,0.5477622501326729,11306
AAPL,A-NOK30,1993-11-02,1993-11-03,1993-11-03,1993-11-04,0.2397189979336801,0.22882246602467182,-0.045455437420203415,1,3260,3261,True,0.5194058880735567,11311
AAPL,A-NOK30,1994-01-21,1994-01-24,1994-02-02,1994-02-03,0.24240279644727705,0.2405804097696784,-0.007518010123266139,8,3316,3324,True,0.5504246284501062,11304
AAPL,A-NOK30,1994-02-07,1994-02-08,1994-02-18,1994-02-22,0.26339470384229224,0.26522375111813584,0.006944130801273651,9,3327,3336,True,0.5541891533221268,11303
AAPL,A-NOK30,1994-07-22,1994-07-25,1994-08-04,1994-08-05,0.2286256389619947,0.2414800715876984,0.05622480787397843,9,3441,3450,True,0.5541891533221268,11303
AAPL,A-NOK30,1994-08-08,1994-08-09,1994-08-11,1994-08-12,0.2460706067913239,0.2524982047916612,0.026120949934455684,3,3452,3455,True,0.5332920682642144,11309
AAPL,A-NOK30,1994-08-12,1994-08-15,1994-08-18,1994-08-19,0.2561368578450715,0.25613680638339975,-2.0091474606243054e-07,4,3456,3460,True,0.5386452069331447,11308
AAPL,A-NOK30,1994-10-21,1994-10-24,1994-10-28,1994-10-31,0.3151030020895286,0.30957517723973604,-0.017542913946030914,5,3505,3510,True,0.5444414964181481,11307
AAPL,A-NOK30,1995-01-10,1995-01-11,1995-01-13,1995-01-16,0.3234441686874094,0.3317615863207083,0.025715157169326597,3,3559,3562,True,0.5332920682642144,11309
AAPL,A-NOK30,1995-04-21,1995-04-24,1995-04-25,1995-04-26,0.2891198396682739,0.27892708361433094,-0.03525443312931342,2,3630,3632,True,0.5263483642793988,11310
AAPL,A-NOK30,1995-05-01,1995-05-02,1995-05-02,1995-05-03,0.2835601866417242,0.2835601866417242,0.0,1,3636,3637,True,0.5194058880735567,11311
AAPL,A-NOK30,1995-05-08,1995-05-09,1995-05-19,1995-05-22,0.30116669882971214,0.3150664891939708,0.04615314514609725,9,3641,3650,True,0.5541891533221268,11303
AAPL,A-NOK30,1995-05-23,1995-05-24,1995-05-24,1995-05-25,0.32433340466887406,0.3206270037836651,-0.011427749445028557,1,3652,3653,True,0.5194058880735567,11311
AAPL,A-NOK30,1995-11-28,1995-11-29,1995-11-29,1995-11-30,0.300030941180025,0.290684034857484,-0.031153141358619574,1,3783,3784,True,0.5194058880735567,11311
AAPL,A-NOK30,1996-08-07,1996-08-08,1996-08-15,1996-08-16,0.16730722938974454,0.16917640640803738,0.01117212343489693,6,3958,3964,True,0.5477622501326729,11306
AAPL,A-NOK30,1996-08-19,1996-08-20,1996-08-21,1996-08-22,0.17852340069390782,0.17198026075095404,-0.0366514413097726,2,3966,3968,True,0.5263483642793988,11310
AAPL,A-NOK30,1996-08-23,1996-08-26,1996-08-30,1996-09-03,0.17852347918828637,0.18039271235466003,0.010470517238811983,5,3970,3975,True,0.5444414964181481,11307
AAPL,A-NOK30,1996-10-01,1996-10-02,1996-10-03,1996-10-04,0.17665418982505798,0.17104564444239762,-0.03174872550837626,2,3996,3998,True,0.5263483642793988,11310
AAPL,A-NOK30,1996-10-10,1996-10-11,1996-10-21,1996-10-22,0.1822619060025931,0.19160892435311158,0.05128344455250833,7,4003,4010,True,0.5473684210526316,11305
AAPL,A-NOK30,1997-07-30,1997-07-31,1997-08-11,1997-08-12,0.12991996723916657,0.17992531583520127,0.3848934821849288,8,4205,4213,True,0.5504246284501062,11304
AAPL,A-NOK30,1997-10-10,1997-10-13,1997-10-16,1997-10-17,0.1701110561513681,0.15796016788008518,-0.07142915073357026,4,4256,4260,True,0.5386452069331447,11308
AAPL,A-NOK30,1998-01-23,1998-01-26,1998-01-26,1998-01-27,0.14534199237823486,0.14347277412066414,-0.01286082725979365,1,4327,4328,True,0.5194058880735567,11311
AAPL,A-NOK30,1998-02-23,1998-02-24,1998-03-02,1998-03-03,0.15936210751533508,0.16356865659779118,0.02639616875078854,5,4347,4352,True,0.5444414964181481,11307
AAPL,A-NOK30,1998-03-04,1998-03-05,1998-03-09,1998-03-10,0.17384950695445528,0.17198027429306975,-0.010752015890819977,3,4354,4357,True,0.5332920682642144,11309
AAPL,A-NOK30,1998-03-11,1998-03-12,1998-03-17,1998-03-18,0.1953472983536661,0.19441267204771784,-0.004784434255426295,4,4359,4363,True,0.5386452069331447,11308
AAPL,A-NOK30,1998-03-18,1998-03-19,1998-03-20,1998-03-23,0.20095501260318785,0.19394542001225706,-0.03488140206172485,2,4364,4366,True,0.5263483642793988,11310
AAPL,A-NOK30,1998-03-24,1998-03-25,1998-03-25,1998-03-26,0.20656356487827904,0.20002040769842921,-0.03167624059792673,1,4368,4369,True,0.5194058880735567,11311
AAPL,A-NOK30,1998-07-13,1998-07-14,1998-07-20,1998-07-21,0.2537641539998473,0.27012165514483893,0.06445946319511098,5,4444,4449,True,0.5444414964181481,11307
AAPL,A-NOK30,1998-09-23,1998-09-24,1998-10-01,1998-10-02,0.2832071243740043,0.2654477697136899,-0.06270800813916444,6,4495,4501,True,0.5477622501326729,11306
AAPL,A-NOK30,1998-10-30,1998-11-02,1998-11-09,1998-11-10,0.28040247539138763,0.27058898111547613,-0.03499788745521504,6,4522,4528,True,0.5477622501326729,11306
AAPL,A-NOK30,1999-01-07,1999-01-08,1999-01-08,1999-01-11,0.3481671095820981,0.3420913893771345,-0.017450586335556628,1,4568,4569,True,0.5194058880735567,11311
AAPL,A-NOK30,1999-01-12,1999-01-13,1999-01-14,1999-01-15,0.3205942721787257,0.31264931299663673,-0.024781974824739872,2,4571,4573,True,0.5263483642793988,11310
AAPL,A-NOK30,1999-08-11,1999-08-12,1999-08-19,1999-08-20,0.4416346436084144,0.4430366788173024,0.00317464951896107,6,4717,4723,True,0.5477622501326729,11306
AAPL,A-NOK30,1999-08-23,1999-08-24,1999-08-24,1999-08-25,0.45144903659820557,0.4537855406628301,0.005175565512844482,1,4725,4726,True,0.5194058880735567,11311
AAPL,A-NOK30,1999-08-25,1999-08-26,1999-08-30,1999-08-31,0.4570566431836076,0.46803914867686663,0.02402876242375762,3,4727,4730,True,0.5332920682642144,11309
AAPL,A-NOK30,1999-08-31,1999-09-01,1999-09-08,1999-09-09,0.5009859990406142,0.5645441679108247,0.1268661579204291,5,4731,4736,True,0.5444414964181481,11307
AAPL,A-NOK30,1999-09-10,1999-09-13,1999-09-13,1999-09-14,0.576227587866466,0.5587028156132291,-0.03041293513579235,1,4738,4739,True,0.5194058880735567,11311
AAPL,A-NOK30,1999-09-14,1999-09-15,1999-09-15,1999-09-16,0.5897805304124649,0.5687501068841634,-0.03565804980641496,1,4740,4741,True,0.5194058880735567,11311
AAPL,A-NOK30,1999-10-20,1999-10-21,1999-11-01,1999-11-02,0.5425789343370712,0.5832381688727646,0.07493699434787549,8,4766,4774,True,0.5504246284501062,11304
AAPL,A-NOK30,1999-11-04,1999-11-05,1999-11-09,1999-11-10,0.6327753861100577,0.6598811051983554,0.042836241237081296,3,4777,4780,True,0.5332920682642144,11309
AAPL,A-NOK30,2000-03-01,2000-03-02,2000-03-08,2000-03-09,0.9496315303220806,0.9038314260335072,-0.048229342461954317,5,4857,4862,True,0.5444414964181481,11307
AAPL,A-NOK30,2000-06-28,2000-06-29,2000-06-29,2000-06-30,0.7935403794373912,0.7898011300785495,-0.004712109749843818,1,4940,4941,True,0.5194058880735567,11311
AAPL,A-NOK30,2000-07-07,2000-07-10,2000-07-19,2000-07-20,0.8089622438022482,0.822514967503305,0.016753221556245812,8,4946,4954,True,0.5504246284501062,11304
AAPL,A-NOK30,2001-01-18,2001-01-19,2001-01-26,2001-01-29,0.2906840227632642,0.29255336407689186,0.0064308361218397,6,5080,5086,True,0.5477622501326729,11306
AAPL,A-NOK30,2001-01-29,2001-01-30,2001-02-01,2001-02-02,0.3224635661007635,0.31592042334863907,-0.020291107089226323,3,5087,5090,True,0.5332920682642144,11309
AAPL,A-NOK30,2001-04-18,2001-04-19,2001-05-01,2001-05-02,0.3820956085173561,0.3939095729024686,0.030918869837196494,9,5142,5151,True,0.5541891533221268,11303
AAPL,A-NOK30,2001-05-02,2001-05-03,2001-05-03,2001-05-04,0.38837655123160636,0.3625045490554017,-0.06661576785251389,1,5152,5153,True,0.5194058880735567,11311
AAPL,A-NOK30,2001-07-12,2001-07-13,2001-07-18,2001-07-19,0.36085984191337106,0.31749054480601085,-0.12018321816416344,4,5201,5205,True,0.5386452069331447,11308
AAPL,A-NOK30,2001-10-19,2001-10-22,2001-10-23,2001-10-24,0.27232757175387473,0.2700838596755402,-0.0082390191484627,2,5267,5269,True,0.5263483642793988,11310
AAPL,A-NOK30,2001-10-25,2001-10-26,2001-10-26,2001-10-29,0.2820479838715725,0.27771084463627865,-0.015377309831325348,1,5271,5272,True,0.5194058880735567,11311
AAPL,A-NOK30,2001-11-05,2001-11-06,2001-11-09,2001-11-12,0.28354290683449773,0.2790565731312722,-0.015822415567758097,4,5278,5282,True,0.5386452069331447,11308
AAPL,A-NOK30,2001-11-14,2001-11-15,2001-11-16,2001-11-19,0.2908707857131958,0.28414164216774007,-0.023134477149213573,2,5285,5287,True,0.5263483642793988,11310
AAPL,A-NOK30,2001-11-19,2001-11-20,2001-11-28,2001-11-29,0.29640470711692907,0.3080691726170601,0.03935317226770474,6,5288,5294,True,0.5477622501326729,11306
AAPL,A-NOK30,2001-11-30,2001-12-03,2001-12-06,2001-12-07,0.3149480583158391,0.3358849035317317,0.06647713698522484,4,5296,5300,True,0.5386452069331447,11308
AAPL,A-NOK30,2002-03-15,2002-03-18,2002-03-19,2002-03-20,0.3731229000614466,0.36878571091555495,-0.011624022929649702,2,5367,5369,True,0.5263483642793988,11310
AAPL,A-NOK30,2003-02-27,2003-02-28,2003-03-04,2003-03-05,0.22222841807110674,0.21848996858461867,-0.01682255365419505,3,5607,5610,True,0.5332920682642144,11309
AAPL,A-NOK30,2003-07-07,2003-07-08,2003-07-10,2003-07-11,0.29191769549156776,0.29401132685235215,0.007171991945396972,3,5696,5699,True,0.5332920682642144,11309
AAPL,A-NOK30,2003-07-17,2003-07-18,2003-07-24,2003-07-25,0.31255546515713023,0.30522761369122087,-0.02344496347944336,5,5704,5709,True,0.5444414964181481,11307
AAPL,A-NOK30,2003-07-25,2003-07-28,2003-07-29,2003-07-30,0.3215288951401021,0.31061166381036925,-0.03395412199259973,2,5710,5712,True,0.5263483642793988,11310
AAPL,A-NOK30,2003-08-27,2003-08-28,2003-09-05,2003-09-08,0.31898633308693525,0.33618470099343717,0.05391568892644294,6,5733,5739,True,0.5477622501326729,11306
AAPL,A-NOK30,2004-01-12,2004-01-13,2004-01-13,2004-01-14,0.3693836028550509,0.36489725486737434,-0.01214549848179658,1,5827,5828,True,0.5194058880735567,11311
AAPL,A-NOK30,2004-05-24,2004-05-25,2004-06-14,2004-06-15,0.4112570089242495,0.45671994018516066,0.11054627708311004,13,5919,5932,True,0.5693424196831578,11299
AAPL,A-NOK30,2004-06-15,2004-06-16,2004-06-21,2004-06-22,0.45851467429660714,0.48304082099133605,0.05349042913916269,4,5933,5937,True,0.5386452069331447,11308
AAPL,A-NOK30,2004-06-23,2004-06-24,2004-06-28,2004-06-29,0.5011359018892938,0.4796014116508202,-0.04297135798350915,3,5939,5942,True,0.5332920682642144,11309
AAPL,A-NOK30,2004-07-27,2004-07-28,2004-08-02,2004-08-03,0.4831899434771017,0.4703286240082968,-0.026617523072299698,4,5962,5966,True,0.5386452069331447,11308
AAPL,A-NOK30,2004-09-17,2004-09-20,2004-09-22,2004-09-23,0.5515333241957283,0.5539268834853791,0.004339827141254249,3,5999,6002,True,0.5332920682642144,11309
AAPL,A-NOK30,2004-09-28,2004-09-29,2004-10-07,2004-10-08,0.5672358900591561,0.5916126526188094,0.04297464773801796,7,6006,6013,True,0.5473684210526316,11305
AAPL,A-NOK30,2004-10-14,2004-10-15,2004-11-01,2004-11-02,0.6711724724002491,0.7836321395069549,0.167557031510138,12,6018,6030,True,0.5653097345132744,11300
AAPL,A-NOK30,2004-11-24,2004-11-26,2004-12-02,2004-12-03,0.9772969074075678,0.9650336340494085,-0.012548155289562546,5,6047,6052,True,0.5444414964181481,11307
AAPL,A-NOK30,2005-01-18,2005-01-19,2005-02-09,2005-02-10,1.0541649422648933,1.1772428798629178,0.11675396578223252,16,6083,6099,True,0.5717953257790368,11296
AAPL,A-NOK30,2005-02-14,2005-02-15,2005-02-18,2005-02-22,1.2959844271825602,1.2906000527856438,-0.004154659796817062,4,6102,6106,True,0.5386452069331447,11308
AAPL,A-NOK30,2005-07-27,2005-07-28,2005-07-28,2005-07-29,1.3115368210324845,1.3028631605834873,-0.006613356415086424,1,6215,6216,True,0.5194058880735567,11311
AAPL,A-NOK30,2005-09-16,2005-09-19,2005-09-21,2005-09-22,1.5268865946949983,1.5517113872950519,0.01625843902638513,3,6251,6254,True,0.5332920682642144,11309
AAPL,A-NOK30,2005-09-26,2005-09-27,2005-09-28,2005-09-29,1.612727185623952,1.532270351752723,-0.049888682096036585,2,6257,6259,True,0.5263483642793988,11310
AAPL,A-NOK30,2005-11-01,2005-11-02,2005-11-07,2005-11-08,1.7263843095133637,1.7930821503696788,0.03863441094127884,4,6283,6287,True,0.5386452069331447,11308
AAPL,A-NOK30,2005-11-11,2005-11-14,2005-11-18,2005-11-21,1.840637943211876,1.9387430946016464,0.05329953766930329,5,6291,6296,True,0.5444414964181481,11307
AAPL,A-NOK30,2005-11-21,2005-11-22,2005-11-29,2005-11-30,1.9393393530701506,2.0467168049892734,0.05536805703918435,5,6297,6302,True,0.5444414964181481,11307
AAPL,A-NOK30,2005-12-02,2005-12-05,2005-12-14,2005-12-15,2.151997537648346,2.1738309330051195,0.01014564142142671,8,6305,6313,True,0.5504246284501062,11304
AAPL,A-NOK30,2006-04-26,2006-04-27,2006-05-09,2006-05-10,2.0257793856579775,2.1322571058207234,0.052561360292528336,9,6403,6412,True,0.5541891533221268,11303
AAPL,A-NOK30,2006-09-26,2006-09-27,2006-10-02,2006-10-03,2.308125544922652,2.2267726115054667,-0.035246320806137654,4,6509,6513,True,0.5386452069331447,11308
AAPL,A-NOK30,2007-03-06,2007-03-07,2007-03-28,2007-03-29,2.6335436063216022,2.8171884953988355,0.0697329972575389,16,6618,6634,True,0.5717953257790368,11296
AAPL,A-NOK30,2007-05-18,2007-05-21,2007-05-23,2007-05-24,3.2993311332819544,3.374105625918526,0.022663530763034068,3,6670,6673,True,0.5332920682642144,11309
AAPL,A-NOK30,2007-05-29,2007-05-30,2007-06-01,2007-06-04,3.4186713504443804,3.5481803425933003,0.03788284361761929,3,6676,6679,True,0.5332920682642144,11309
AAPL,A-NOK30,2007-06-05,2007-06-06,2007-06-07,2007-06-08,3.6579477931783555,3.763229469478942,0.028781623536816126,2,6681,6683,True,0.5263483642793988,11310
AAPL,A-NOK30,2007-09-18,2007-09-19,2007-10-04,2007-10-05,4.277674771308797,4.736788489618025,0.10732786919393544,12,6754,6766,True,0.5653097345132744,11300
AAPL,A-NOK30,2007-10-05,2007-10-08,2007-10-09,2007-10-10,4.889923947917012,5.011358872955632,0.02483370423181075,2,6767,6769,True,0.5263483642793988,11310
AAPL,A-NOK30,2007-10-17,2007-10-18,2007-10-25,2007-10-26,5.12950302323543,5.541955446039198,0.08040787205611477,6,6775,6781,True,0.5477622501326729,11306
AAPL,A-NOK30,2007-10-31,2007-11-01,2007-11-02,2007-11-05,5.640956500515416,5.541954650555432,-0.017550543059663304,2,6785,6787,True,0.5263483642793988,11310
AAPL,A-NOK30,2007-12-05,2007-12-06,2007-12-11,2007-12-12,5.568872706044164,5.785717208924995,0.03893867113275529,4,6809,6813,True,0.5386452069331447,11308
AAPL,A-NOK30,2008-05-13,2008-05-14,2008-05-14,2008-05-15,5.719618340191996,5.5874184149556765,-0.023113417255019475,1,6918,6919,True,0.5194058880735567,11311
AAPL,A-NOK30,2009-03-26,2009-03-27,2009-03-27,2009-03-30,3.2371188913399203,3.1258557371535183,-0.034371043486866704,1,7137,7138,True,0.5194058880735567,11311
AAPL,A-NOK30,2009-04-02,2009-04-03,2009-04-15,2009-04-16,3.415380645954237,3.5649292475700136,0.043786803615265324,8,7142,7150,True,0.5504246284501062,11304
AAPL,A-NOK30,2009-04-17,2009-04-20,2009-04-20,2009-04-21,3.640899129163029,3.555955038663452,-0.023330525643841082,1,7152,7153,True,0.5194058880735567,11311
AAPL,A-NOK30,2009-08-03,2009-08-04,2009-08-05,2009-08-06,4.9329974196431445,4.952435019141572,0.003940322251341,2,7226,7228,True,0.5263483642793988,11310
AAPL,A-NOK30,2009-10-21,2009-10-22,2009-10-27,2009-10-28,6.122502608455845,5.913432784289497,-0.0341477721671527,4,7282,7286,True,0.5386452069331447,11308
AAPL,A-NOK30,2010-03-23,2010-03-24,2010-03-25,2010-03-26,6.808629838870558,6.847809268959068,0.005754378048992148,2,7386,7388,True,0.5263483642793988,11310
AAPL,A-NOK30,2010-03-26,2010-03-29,2010-04-16,2010-04-19,6.968943588071143,7.388574572312423,0.06021443263790638,14,7389,7403,True,0.5691272791644539,11298
AAPL,A-NOK30,2010-04-22,2010-04-23,2010-04-27,2010-04-28,8.015478239874056,7.873708318791611,-0.017687019643717883,3,7407,7410,True,0.5332920682642144,11309
AAPL,A-NOK30,2010-06-15,2010-06-16,2010-06-24,2010-06-25,7.8094079615775716,8.077394289719429,0.034315831553474396,7,7444,7451,True,0.5473684210526316,11305
AAPL,A-NOK30,2010-09-22,2010-09-23,2010-09-23,2010-09-24,8.564023319713414,8.736602712160522,0.020151672409608024,1,7513,7514,True,0.5194058880735567,11311
AAPL,A-NOK30,2010-09-24,2010-09-27,2010-09-27,2010-09-28,8.792835889046719,8.72673295939904,-0.007517816831998814,1,7515,7516,True,0.5194058880735567,11311
AAPL,A-NOK30,2011-02-14,2011-02-15,2011-02-17,2011-02-18,10.743238945861098,10.728884834472993,-0.0013361065001383787,3,7613,7616,True,0.5332920682642144,11309
AAPL,A-NOK30,2011-07-15,2011-07-18,2011-07-20,2011-07-21,10.92987551676725,11.573531626630157,0.05888961030484663,3,7718,7721,True,0.5332920682642144,11309
AAPL,A-NOK30,2011-07-25,2011-07-26,2011-07-27,2011-07-28,11.96385141018414,11.71320838036264,-0.020950028651153252,2,7724,7726,True,0.5263483642793988,11310
AAPL,A-NOK30,2011-09-14,2011-09-15,2011-09-22,2011-09-23,11.707524785026603,11.972228316622997,0.02260969218147113,6,7760,7766,True,0.5477622501326729,11306
AAPL,A-NOK30,2012-01-18,2012-01-19,2012-01-19,2012-01-20,12.865624502892137,12.786066100771757,-0.006183796371679873,1,7846,7847,True,0.5194058880735567,11311
AAPL,A-NOK30,2012-01-26,2012-01-27,2012-02-15,2012-02-16,13.290043605841491,14.700578487791901,0.10613470683650905,14,7852,7866,True,0.5691272791644539,11298
AAPL,A-NOK30,2012-02-24,2012-02-27,2012-03-05,2012-03-06,15.592188535537552,15.662468681552891,0.004507394574863932,6,7872,7878,True,0.5477622501326729,11306
AAPL,A-NOK30,2012-03-27,2012-03-28,2012-03-29,2012-03-30,18.49551810108389,18.208085563529494,-0.0155406588765713,2,7894,7896,True,0.5263483642793988,11310
AAPL,A-NOK30,2012-06-18,2012-06-19,2012-06-21,2012-06-22,17.449271732091745,17.318873404092386,-0.007472995435078067,3,7951,7954,True,0.5332920682642144,11309
AAPL,A-NOK30,2012-07-19,2012-07-20,2012-07-20,2012-07-23,18.335506476893556,17.778277444769223,-0.030390708477377126,1,7973,7974,True,0.5194058880735567,11311
AAPL,A-NOK30,2012-08-17,2012-08-20,2012-08-21,2012-08-22,19.52503276359998,19.657497353751197,0.006784346625946069,2,7994,7996,True,0.5263483642793988,11310
AAPL,A-NOK30,2012-08-28,2012-08-29,2012-08-29,2012-08-30,20.283193033502158,20.144713342837036,-0.006827312171036937,1,8001,8002,True,0.5194058880735567,11311
AAPL,A-NOK30,2013-07-26,2013-07-29,2013-08-07,2013-08-08,13.467327295166092,14.265425371989473,0.05926180149418703,8,8228,8236,True,0.5504246284501062,11304
AAPL,A-NOK30,2013-08-13,2013-08-14,2013-08-20,2013-08-21,15.31166923058412,15.487269581843103,0.011468400251765543,5,8240,8245,True,0.5444414964181481,11307
AAPL,A-NOK30,2013-10-07,2013-10-08,2013-10-08,2013-10-09,15.067482623992811,14.904488545958262,-0.010817605176793421,1,8278,8279,True,0.5194058880735567,11311
AAPL,A-NOK30,2013-10-10,2013-10-11,2013-10-25,2013-10-28,14.976759750663671,16.26995789353945,0.08634699123209688,11,8281,8292,True,0.560746836563136,11301
AAPL,A-NOK30,2013-12-09,2013-12-10,2013-12-10,2013-12-11,17.43338010969137,17.539168507952215,0.006068151878477979,1,8322,8323,True,0.5194058880735567,11311
AAPL,A-NOK30,2014-03-21,2014-03-24,2014-03-28,2014-03-31,16.75479575661425,16.779995438328,0.0015040279857665428,5,8392,8397,True,0.5444414964181481,11307
AAPL,A-NOK30,2014-04-02,2014-04-03,2014-04-03,2014-04-04,16.847221730215953,16.79804541754637,-0.0029189568141899658,1,8400,8401,True,0.5194058880735567,11311
AAPL,A-NOK30,2014-06-04,2014-06-05,2014-06-11,2014-06-12,20.22105245761543,20.599060695465116,0.01869379641054869,5,8443,8448,True,0.5444414964181481,11307
AAPL,A-NOK30,2014-07-14,2014-07-15,2014-07-15,2014-07-16,21.20362874493467,21.240872667495392,0.001756488146851698,1,8470,8471,True,0.5194058880735567,11311
AAPL,A-NOK30,2014-08-28,2014-08-29,2014-09-02,2014-09-03,22.643122151080608,22.69594960196388,0.0023330462350021897,2,8503,8505,True,0.5263483642793988,11310
AAPL,A-NOK30,2014-11-11,2014-11-12,2014-11-17,2014-11-18,24.182813703239464,25.190976292210625,0.041689217861199834,4,8555,8559,True,0.5386452069331447,11308
AAPL,A-NOK30,2014-11-21,2014-11-24,2014-11-25,2014-11-26,25.83435596196846,26.075345240944227,0.00932824798615206,2,8563,8565,True,0.5263483642793988,11310
AAPL,A-NOK30,2014-11-26,2014-11-28,2014-12-01,2014-12-02,26.3693878088039,25.0937034914248,-0.04837747188629038,2,8566,8568,True,0.5263483642793988,11310
AAPL,A-NOK30,2015-04-21,2015-04-22,2015-04-29,2015-04-30,28.187005220449002,28.5532413195879,0.012993083027962316,6,8664,8670,True,0.5477622501326729,11306
AAPL,A-NOK30,2015-05-27,2015-05-28,2015-05-28,2015-05-29,29.39022232290873,29.24980561330809,-0.004777667486073778,1,8689,8690,True,0.5194058880735567,11311
AAPL,A-NOK30,2015-10-28,2015-10-29,2015-11-05,2015-11-06,26.576751762325298,27.232419678827696,0.024670731862419082,6,8797,8803,True,0.5477622501326729,11306
AAPL,A-NOK30,2016-03-15,2016-03-16,2016-03-23,2016-03-24,23.64991919833335,23.844340269617827,0.008220792200346327,6,8891,8897,True,0.5477622501326729,11306
AAPL,A-NOK30,2016-03-30,2016-03-31,2016-04-05,2016-04-06,24.805169880727707,24.92047496677951,0.0046484296058535435,4,8901,8905,True,0.5386452069331447,11308
AAPL,A-NOK30,2016-04-06,2016-04-07,2016-04-07,2016-04-08,24.857170292431228,24.62205385765068,-0.009458696706605374,1,8906,8907,True,0.5194058880735567,11311
AAPL,A-NOK30,2016-07-28,2016-07-29,2016-08-11,2016-08-12,23.69838214371256,24.647733632697385,0.04005975949023588,10,8985,8995,True,0.5561847460626438,11302
AAPL,A-NOK30,2016-08-15,2016-08-16,2016-08-16,2016-08-17,25.070805135862713,24.949602155202015,-0.004834427135621655,1,8997,8998,True,0.5194058880735567,11311
AAPL,A-NOK30,2017-01-25,2017-01-26,2017-01-30,2017-01-31,27.967039202349472,27.847509052397502,-0.004273965116118883,3,9109,9112,True,0.5332920682642144,11309
AAPL,A-NOK30,2017-02-03,2017-02-06,2017-02-16,2017-02-17,29.6817925388683,31.188693542675402,0.050768530971767145,9,9116,9125,True,0.5541891533221268,11303
AAPL,A-NOK30,2017-02-21,2017-02-22,2017-02-23,2017-02-24,31.495733424214876,31.375687767675753,-0.0038114894777090402,2,9127,9129,True,0.5263483642793988,11310
AAPL,A-NOK30,2017-08-03,2017-08-04,2017-08-11,2017-08-14,36.17846647449858,37.07688093621345,0.024832850843695686,6,9241,9247,True,0.5477622501326729,11306
AAPL,A-NOK30,2017-08-14,2017-08-15,2017-08-17,2017-08-18,37.388718367124,36.73711094264762,-0.017427915503232194,3,9248,9251,True,0.5332920682642144,11309
AAPL,A-NOK30,2017-10-27,2017-10-30,2017-11-13,2017-11-14,38.14039559962046,40.41455419847325,0.05962598350383708,11,9301,9312,True,0.560746836563136,11301
AAPL,A-NOK30,2018-03-09,2018-03-12,2018-03-14,2018-03-15,42.27951928008762,41.8597493351985,-0.009928446492219689,3,9391,9394,True,0.5332920682642144,11309
AAPL,A-NOK30,2018-07-19,2018-07-20,2018-07-20,2018-07-23,45.14744515273674,44.888471039115075,-0.0057361853532473805,1,9482,9483,True,0.5194058880735567,11311
AAPL,A-NOK30,2018-07-24,2018-07-25,2018-07-27,2018-07-30,45.44876576568423,45.17568705463297,-0.006008495642305212,3,9485,9488,True,0.5332920682642144,11309
AAPL,A-NOK30,2018-08-01,2018-08-02,2018-08-20,2018-08-21,47.21906796740019,51.216456087953674,0.08465622666066297,13,9491,9504,True,0.5693424196831578,11299
AAPL,A-NOK30,2018-08-27,2018-08-28,2018-09-06,2018-09-07,51.7385414974785,52.4094536918725,0.012967358085010927,7,9509,9516,True,0.5473684210526316,11305
AAPL,A-NOK30,2019-02-22,2019-02-25,2019-03-06,2019-03-07,41.46389282566573,41.394843447524245,-0.0016652893261084323,8,9631,9639,True,0.5504246284501062,11304
AAPL,A-NOK30,2019-04-02,2019-04-03,2019-04-12,2019-04-15,46.00881734488018,47.27778318747662,0.027580927218457507,8,9658,9666,True,0.5504246284501062,11304
AAPL,A-NOK30,2019-07-03,2019-07-05,2019-07-08,2019-07-09,48.599855145843684,47.608026922078025,-0.0204080489702958,2,9722,9724,True,0.5263483642793988,11310
AAPL,A-NOK30,2019-07-15,2019-07-16,2019-07-17,2019-07-18,48.89620741100897,48.75519741827764,-0.002883863600013803,2,9729,9731,True,0.5263483642793988,11310
AAPL,A-NOK30,2019-07-29,2019-07-30,2019-07-30,2019-07-31,49.89282495285342,51.723533663924655,0.03669282532711238,1,9739,9740,True,0.5194058880735567,11311
AAPL,A-NOK30,2019-10-18,2019-10-21,2019-10-29,2019-10-30,56.98203358379018,58.71894132571627,0.030481673479975546,7,9797,9804,True,0.5473684210526316,11305
AAPL,A-NOK30,2019-11-01,2019-11-04,2019-11-14,2019-11-15,61.7345350313778,63.44782337796159,0.027752510741564373,9,9807,9816,True,0.5541891533221268,11303
AAPL,A-NOK30,2019-11-18,2019-11-19,2019-11-19,2019-11-20,64.46325306609221,63.89539424856064,-0.008809031355419772,1,9818,9819,True,0.5194058880735567,11311
AAPL,A-NOK30,2019-12-23,2019-12-24,2019-12-27,2019-12-30,68.50337109692963,69.65114955957583,0.016755065397031865,3,9842,9845,True,0.5332920682642144,11309
AAPL,A-NOK30,2019-12-31,2020-01-02,2020-01-03,2020-01-06,71.28257523373918,70.69302810060023,-0.00827056445710328,2,9847,9849,True,0.5263483642793988,11310
AAPL,A-NOK30,2020-01-06,2020-01-07,2020-01-07,2020-01-08,72.148820106767,71.50396043802937,-0.008937910111119773,1,9850,9851,True,0.5194058880735567,11311
AAPL,A-NOK30,2020-01-08,2020-01-09,2020-01-14,2020-01-15,73.9294436077337,75.03870587717718,0.015004336774522065,4,9852,9856,True,0.5386452069331447,11308
AAPL,A-NOK30,2020-01-17,2020-01-21,2020-01-22,2020-01-23,76.32365494902595,76.49932724037184,0.002301675561308114,2,9859,9861,True,0.5263483642793988,11310
AAPL,A-NOK30,2020-01-23,2020-01-24,2020-01-24,2020-01-27,77.05997452322455,74.60800142643146,-0.03181902293588368,1,9862,9863,True,0.5194058880735567,11311
AAPL,A-NOK30,2020-04-27,2020-04-28,2020-04-28,2020-04-29,68.76000076632654,68.67559111709774,-0.0012275981426419502,1,9927,9928,True,0.5194058880735567,11311
AAPL,A-NOK30,2020-04-29,2020-04-30,2020-05-12,2020-05-13,69.93704563014794,75.49296546688427,0.07944172915335912,9,9929,9938,True,0.5541891533221268,11303
AAPL,A-NOK30,2020-05-20,2020-05-21,2020-05-26,2020-05-27,77.06742188839526,76.45795296780663,-0.007908256246993983,3,9944,9947,True,0.5332920682642144,11309
AAPL,A-NOK30,2020-06-16,2020-06-17,2020-06-19,2020-06-22,85.89245860360263,84.97102639518768,-0.010727742847220223,3,9962,9965,True,0.5332920682642144,11309
AAPL,A-NOK30,2020-06-22,2020-06-23,2020-06-24,2020-06-25,88.0328001728494,87.2347210034187,-0.009065702418458832,2,9966,9968,True,0.5263483642793988,11310
AAPL,A-NOK30,2020-08-18,2020-08-19,2020-08-19,2020-08-20,112.4030347872071,112.17771917197317,-0.0020045332019770212,1,10006,10007,True,0.5194058880735567,11311
AAPL,A-NOK30,2020-08-20,2020-08-21,2020-08-25,2020-08-26,115.58179273436723,122.28582351932762,0.05800248141476527,3,10008,10011,True,0.5332920682642144,11309
AAPL,A-NOK30,2020-09-01,2020-09-02,2020-09-02,2020-09-03,133.34362121532453,122.99328312594758,-0.07762154646050246,1,10016,10017,True,0.5194058880735567,11311
AAPL,A-NOK30,2020-10-09,2020-10-12,2020-10-14,2020-10-15,116.35468329215739,115.05604455535725,-0.011161035379550377,3,10043,10046,True,0.5332920682642144,11309
AAPL,A-NOK30,2020-12-15,2020-12-16,2020-12-30,2020-12-31,123.69086753088224,130.1661668388547,0.05235066611814121,10,10089,10099,True,0.5561847460626438,11302
AAPL,A-NOK30,2021-06-28,2021-06-29,2021-07-08,2021-07-09,131.28333809814853,139.02595342720224,0.058976374620100414,7,10222,10229,True,0.5473684210526316,11305
AAPL,A-NOK30,2021-07-09,2021-07-12,2021-07-12,2021-07-13,142.39568172270836,140.27253162136344,-0.014910214099605912,1,10230,10231,True,0.5194058880735567,11311
AAPL,A-NOK30,2021-07-14,2021-07-15,2021-07-15,2021-07-16,145.34667393209662,144.58697348148013,-0.005226816892771935,1,10233,10234,True,0.5194058880735567,11311
AAPL,A-NOK30,2021-10-28,2021-10-29,2021-10-29,2021-11-01,143.59415144162946,145.3205502265068,0.01202276532536306,1,10308,10309,True,0.5194058880735567,11311
AAPL,A-NOK30,2021-11-05,2021-11-08,2021-11-08,2021-11-09,147.8964665160418,146.71456416967115,-0.007991417065007833,1,10314,10315,True,0.5194058880735567,11311
AAPL,A-NOK30,2021-11-30,2021-12-01,2021-12-02,2021-12-03,163.59354652559932,160.21386222018816,-0.020659031955654217,2,10330,10332,True,0.5263483642793988,11310
AAPL,A-NOK30,2021-12-07,2021-12-08,2021-12-14,2021-12-15,168.13568563195315,171.04649539113694,0.017312266270204546,5,10335,10340,True,0.5444414964181481,11307
AAPL,A-NOK30,2021-12-15,2021-12-16,2021-12-16,2021-12-17,175.11975249855263,165.98668171971096,-0.05215328738496905,1,10341,10342,True,0.5194058880735567,11311
AAPL,A-NOK30,2022-07-19,2022-07-20,2022-07-25,2022-07-26,148.01842499581136,149.1350139839463,0.00754358106544184,4,10488,10492,True,0.5386452069331447,11308
AAPL,A-NOK30,2022-07-28,2022-07-29,2022-08-02,2022-08-03,157.93074338059327,157.53894532472003,-0.0024808219570591206,3,10495,10498,True,0.5332920682642144,11309
AAPL,A-NOK30,2022-08-03,2022-08-04,2022-08-08,2022-08-09,162.6028441618955,160.87685067478762,-0.010614780424070491,3,10499,10502,True,0.5332920682642144,11309
AAPL,A-NOK30,2022-08-10,2022-08-11,2022-08-11,2022-08-12,166.80107516257124,166.56569547580565,-0.0014111401052790962,1,10504,10505,True,0.5194058880735567,11311
AAPL,A-NOK30,2022-08-12,2022-08-15,2022-08-18,2022-08-19,168.2331135298216,169.71416649279175,0.008803575775868877,4,10506,10510,True,0.5386452069331447,11308
AAPL,A-NOK30,2022-10-28,2022-10-31,2022-11-01,2022-11-02,150.22493060269468,146.09561013902547,-0.027487584431576062,2,10560,10562,True,0.5263483642793988,11310
AAPL,A-NOK30,2023-02-02,2023-02-03,2023-02-06,2023-02-07,145.4341223704264,147.9983592694092,0.017631604311205695,2,10625,10627,True,0.5263483642793988,11310
AAPL,A-NOK30,2023-02-15,2023-02-16,2023-02-16,2023-02-17,151.0482818929642,149.90687847207133,-0.007556546864278202,1,10634,10635,True,0.5194058880735567,11311
AAPL,A-NOK30,2023-03-30,2023-03-31,2023-04-05,2023-04-06,159.8350878653574,159.8252353547828,-6.164172526934575e-05,4,10664,10668,True,0.5386452069331447,11308
AAPL,A-NOK30,2023-05-05,2023-05-08,2023-05-16,2023-05-17,169.7140651629481,169.19013234108013,-0.0030871502686882213,7,10689,10696,True,0.5473684210526316,11305
AAPL,A-NOK30,2023-05-18,2023-05-19,2023-05-22,2023-05-23,173.80146880445517,170.58927970470205,-0.01848194449591889,2,10698,10700,True,0.5263483642793988,11310
AAPL,A-NOK30,2023-06-12,2023-06-13,2023-06-21,2023-06-22,180.1173628493618,181.04361385994784,0.005142485965446308,6,10714,10720,True,0.5477622501326729,11306
AAPL,A-NOK30,2023-06-22,2023-06-23,2023-06-26,2023-06-27,182.8270228675936,183.1620330683905,0.0018323888643065889,2,10721,10723,True,0.5263483642793988,11310
AAPL,A-NOK30,2023-06-27,2023-06-28,2023-07-05,2023-07-06,185.17209649255778,187.05405664400223,0.010163303149295366,5,10724,10729,True,0.5444414964181481,11307
AAPL,A-NOK30,2024-06-11,2024-06-12,2024-06-13,2024-06-14,205.41194501546696,211.83075578674166,0.031248478615941266,2,10965,10967,True,0.5263483642793988,11310
AAPL,A-NOK30,2024-06-17,2024-06-18,2024-06-20,2024-06-21,215.5354294813442,208.40343403997312,-0.03308966631858734,2,10969,10971,True,0.5263483642793988,11310
AAPL,A-NOK30,2024-08-27,2024-08-28,2024-08-28,2024-08-29,226.02922904592305,228.1911690762387,0.009564869284566901,1,11018,11019,True,0.5194058880735567,11311
AAPL,A-NOK30,2024-12-09,2024-12-10,2024-12-11,2024-12-12,245.11124429862218,245.11122473397327,-7.981946714696875e-08,2,11090,11092,True,0.5263483642793988,11310
AAPL,A-NOK30,2024-12-16,2024-12-17,2024-12-18,2024-12-19,248.27824960945253,245.71683140567848,-0.010316724110159603,2,11095,11097,True,0.5263483642793988,11310
AAPL,A-NOK30,2024-12-23,2024-12-24,2024-12-27,2024-12-30,253.64927033575188,250.41276299480816,-0.012759773906148464,3,11100,11103,True,0.5332920682642144,11309
AAPL,A-NOK30,2025-07-21,2025-07-22,2025-07-29,2025-07-30,212.1148250502387,210.88079278566187,-0.005817755851268536,6,11241,11247,True,0.5477622501326729,11306
AAPL,A-NOK30,2026-02-24,2026-02-25,2026-03-02,2026-03-03,271.29586819299504,263.0106738027697,-0.030539331267409486,4,11391,11395,True,0.5386452069331447,11308
AAPL,A-NOK30,2026-04-22,2026-04-23,2026-04-24,2026-04-27,274.56001085217736,265.6159889280984,-0.032575836139860925,2,11431,11433,True,0.5263483642793988,11310
AAPL,A-NOK30,2026-05-05,2026-05-06,2026-05-18,2026-05-19,281.4177950537395,296.7140952726279,0.05435441712549638,9,11440,11449,True,0.5541891533221268,11303
AAPL,A-NOK30,2026-05-21,2026-05-22,2026-05-26,2026-05-27,305.85620846339293,308.0643052358437,0.007219394968453141,2,11452,11454,True,0.5263483642793988,11310
AAPL,A-NOK30,2026-05-28,2026-05-29,2026-06-01,2026-06-02,311.5113496628706,307.1950545511415,-0.013855980260110479,2,11456,11458,True,0.5263483642793988,11310
AAPL,A-NOK30,2026-07-27,2026-07-28,2026-07-30,2026-07-31,339.73698155301014,304.54735603914753,-0.10357902561270582,3,11496,11499,True,0.5332920682642144,11309
MSFT,A-NOK30,1987-01-19,1987-01-20,1987-01-23,1987-01-26,0.13514377760026428,0.14359038419472644,0.06250089160187611,4,216,220,True,0.5463834902825085,9982
MSFT,A-NOK30,1987-03-18,1987-03-19,1987-03-26,1987-03-27,0.1889903932098205,0.18951831314547438,0.0027933691585464437,6,257,263,True,0.5567134268537074,9980
MSFT,A-NOK30,1987-03-30,1987-03-31,1987-03-31,1987-04-01,0.20166001259923524,0.20430000079640223,0.013091282516249247,1,265,266,True,0.5200801201802704,9985
MSFT,A-NOK30,1987-04-03,1987-04-06,1987-04-07,1987-04-08,0.21063438685562702,0.19849278717635443,-0.05764300815514367,2,269,271,True,0.5297475961538461,9984
MSFT,A-NOK30,1987-05-04,1987-05-05,1987-05-12,1987-05-13,0.226471794972353,0.25233927676925455,0.11421944088030633,6,289,295,True,0.5567134268537074,9980
MSFT,A-NOK30,1987-08-20,1987-08-21,1987-09-01,1987-09-02,0.2217204013605062,0.23755785728327813,0.07142985411171532,8,365,373,True,0.5703547805171377,9978
MSFT,A-NOK30,1987-12-30,1987-12-31,1988-01-08,1988-01-11,0.23333469916692345,0.2354462361979151,0.009049391447266464,6,456,462,True,0.5567134268537074,9980
MSFT,A-NOK30,1988-03-03,1988-03-04,1988-03-10,1988-03-11,0.2576180578799444,0.2639530599117279,0.024590675373912463,5,500,505,True,0.5502454663861337,9981
MSFT,A-NOK30,1988-03-16,1988-03-17,1988-03-17,1988-03-18,0.2745112066933997,0.269231827867851,-0.019231924587491234,1,509,510,True,0.5200801201802704,9985
MSFT,A-NOK30,1988-05-16,1988-05-17,1988-05-18,1988-05-19,0.24917146913111327,0.236502019817464,-0.05084630819824176,2,551,553,True,0.5297475961538461,9984
MSFT,A-NOK30,1988-05-31,1988-06-01,1988-06-17,1988-06-20,0.24600431180977395,0.2650088965892792,0.07725305560579265,13,561,574,True,0.594003810287777,9973
MSFT,A-NOK30,1988-06-22,1988-06-23,1988-06-23,1988-06-24,0.28295777204004885,0.2787342204204684,-0.014926437924393299,1,577,578,True,0.5200801201802704,9985
MSFT,A-NOK30,1988-06-30,1988-07-01,1988-07-07,1988-07-08,0.2829578318090234,0.28718072723916993,0.014924115735367671,4,583,587,True,0.5463834902825085,9982
MSFT,A-NOK30,1988-12-16,1988-12-19,1989-01-05,1989-01-06,0.21380216491080148,0.22594397783534637,0.05678994377634328,12,701,713,True,0.5919390415079205,9974
MSFT,A-NOK30,1989-02-07,1989-02-08,1989-02-10,1989-02-13,0.26184157143649855,0.25972958236716226,-0.008065904347234198,3,736,739,True,0.543223479915857,9983
MSFT,A-NOK30,1989-04-28,1989-05-01,1989-05-01,1989-05-02,0.2338625665718618,0.23122265755129828,-0.01128829234734463,1,792,793,True,0.5200801201802704,9985
MSFT,A-NOK30,1989-05-26,1989-05-30,1989-06-02,1989-06-05,0.2491714358329773,0.2470600999391169,-0.008473426686338326,4,812,816,True,0.5463834902825085,9982
MSFT,A-NOK30,1989-08-22,1989-08-23,1989-09-06,1989-09-07,0.2475879152759755,0.24917147793339123,0.006395961029239228,10,872,882,True,0.5839013632718525,9976
MSFT,A-NOK30,1989-09-28,1989-09-29,1989-10-03,1989-10-04,0.28718072723916993,0.2914043238251257,0.014707103177011849,3,898,901,True,0.543223479915857,9983
MSFT,A-NOK30,1989-10-04,1989-10-05,1989-10-05,1989-10-06,0.31885553997346144,0.33627602701158665,0.05463441858207996,1,902,903,True,0.5200801201802704,9985
MSFT,A-NOK30,1989-10-09,1989-10-10,1989-10-11,1989-10-12,0.3484182344582052,0.33786015349999127,-0.03030289437816558,2,905,907,True,0.5297475961538461,9984
MSFT,A-NOK30,1989-10-19,1989-10-20,1989-10-25,1989-10-26,0.3547526326351869,0.3325807638861521,-0.06249951856406788,4,913,917,True,0.5463834902825085,9982
MSFT,A-NOK30,1989-11-22,1989-11-24,1989-11-24,1989-11-27,0.3753414424674749,0.3695343148706999,-0.015471586506939583,1,937,938,True,0.5200801201802704,9985
MSFT,A-NOK30,1990-01-08,1990-01-09,1990-01-09,1990-01-10,0.38431524035025244,0.3800923027979552,-0.01098821256333371,1,967,968,True,0.5200801201802704,9985
MSFT,A-NOK30,1990-01-18,1990-01-19,1990-01-23,1990-01-24,0.40226419417843057,0.3716456915806815,-0.07611540634453717,3,975,978,True,0.543223479915857,9983
MSFT,A-NOK30,1990-02-01,1990-02-02,1990-02-07,1990-02-08,0.3927619306467605,0.39540192079624,0.006721603962818401,4,985,989,True,0.5463834902825085,9982
MSFT,A-NOK30,1990-02-08,1990-02-09,1990-02-21,1990-02-22,0.3980411707884795,0.40859924299577216,0.026525075751280047,8,990,998,True,0.5703547805171377,9978
MSFT,A-NOK30,1990-03-01,1990-03-02,1990-03-13,1990-03-14,0.42338097413906367,0.4529435005564564,0.0698248816624496,8,1004,1012,True,0.5703547805171377,9978
MSFT,A-NOK30,1990-03-14,1990-03-15,1990-03-20,1990-03-21,0.4555830469285685,0.4766991873684188,0.04634970634269697,4,1013,1017,True,0.5463834902825085,9982
MSFT,A-NOK30,1990-05-18,1990-05-21,1990-05-25,1990-05-29,0.5806965938765978,0.6271525964608559,0.0800004736968205,5,1059,1064,True,0.5502454663861337,9981
MSFT,A-NOK30,1990-10-08,1990-10-09,1990-10-09,1990-10-10,0.5511339668716704,0.5236826624290439,-0.049808768997571806,1,1157,1158,True,0.5200801201802704,9985
MSFT,A-NOK30,1990-11-05,1990-11-06,1990-11-06,1990-11-07,0.5553568476682968,0.538464367389679,-0.030417344000604474,1,1177,1178,True,0.5200801201802704,9985
MSFT,A-NOK30,1990-11-12,1990-11-13,1990-11-21,1990-11-23,0.5806963620894808,0.5849201175613353,0.007273604154598878,7,1182,1189,True,0.5661889968934763,9979
MSFT,A-NOK30,1990-11-26,1990-11-27,1990-11-28,1990-11-29,0.5954781483448156,0.5933659116686602,-0.0035471270978231217,2,1191,1193,True,0.5297475961538461,9984
MSFT,A-NOK30,1990-12-03,1990-12-04,1990-12-07,1990-12-10,0.6208173405333193,0.6187060591417936,-0.0034008093100492687,4,1196,1200,True,0.5463834902825085,9982
MSFT,A-NOK30,1991-01-30,1991-01-31,1991-02-04,1991-02-05,0.8150867576023414,0.838314595791644,0.028497381380148568,3,1236,1239,True,0.543223479915857,9983
MSFT,A-NOK30,1991-02-05,1991-02-06,1991-02-07,1991-02-08,0.8530963777864483,0.8699892524584139,0.019801836125242778,2,1240,1242,True,0.5297475961538461,9984
MSFT,A-NOK30,1991-04-16,1991-04-17,1991-04-18,1991-04-19,0.962900837112824,0.8974395675470226,-0.06798339667258102,2,1288,1290,True,0.5297475961538461,9984
MSFT,A-NOK30,1991-06-14,1991-06-17,1991-06-19,1991-06-20,0.9607891936358127,0.8530962230649605,-0.11208803271748002,3,1330,1333,True,0.543223479915857,9983
MSFT,A-NOK30,1991-08-22,1991-08-23,1991-08-30,1991-09-03,1.0642587485199873,1.0769283126464875,0.011904590067142173,6,1378,1384,True,0.5567134268537074,9980
MSFT,A-NOK30,1991-11-05,1991-11-06,1991-11-15,1991-11-18,1.1909556971203148,1.2067935782783406,0.013298463743295574,8,1430,1438,True,0.5703547805171377,9978
MSFT,A-NOK30,1992-01-14,1992-01-15,1992-01-16,1992-01-17,1.631229299605482,1.6185595569175817,-0.007766990631522197,2,1477,1479,True,0.5297475961538461,9984
MSFT,A-NOK30,1992-03-16,1992-03-17,1992-03-26,1992-03-27,1.5884690977497005,1.577382831568568,-0.006979214261604305,8,1520,1528,True,0.5703547805171377,9978
MSFT,A-NOK30,1992-08-03,1992-08-04,1992-08-05,1992-08-06,1.4063417399097073,1.358830213546753,-0.033783770341627495,2,1617,1619,True,0.5297475961538461,9984
MSFT,A-NOK30,1992-10-21,1992-10-22,1992-10-23,1992-10-26,1.7104158575046964,1.681908557812373,-0.01666688224810564,2,1673,1675,True,0.5297475961538461,9984
MSFT,A-NOK30,1992-10-26,1992-10-27,1992-10-27,1992-10-28,1.7104154283350166,1.677157148849123,-0.019444562376444652,1,1676,1677,True,0.5200801201802704,9985
MSFT,A-NOK30,1992-10-29,1992-10-30,1992-10-30,1992-11-02,1.708040100510168,1.6914111703347494,-0.009735679022086052,1,1679,1680,True,0.5200801201802704,9985
MSFT,A-NOK30,1992-11-06,1992-11-09,1992-11-16,1992-11-17,1.7626779879782233,1.7650538998730856,0.001347898998606878,6,1685,1691,True,0.5567134268537074,9980
MSFT,A-NOK30,1993-03-25,1993-03-26,1993-04-06,1993-04-07,1.6724069039839402,1.7104156011581462,0.022726943475097627,8,1780,1788,True,0.5703547805171377,9978
MSFT,A-NOK30,1993-05-18,1993-05-19,1993-06-02,1993-06-03,1.7246700892767655,1.819691856621268,0.05509561969869248,10,1817,1827,True,0.5839013632718525,9976
MSFT,A-NOK30,1993-09-22,1993-09-23,1993-10-07,1993-10-08,1.468107168862005,1.601139528234993,0.09061488302390552,11,1905,1916,True,0.5885714285714285,9975
MSFT,A-NOK30,1994-01-21,1994-01-24,1994-01-24,1994-01-25,1.6343968226374164,1.6201439422146793,-0.008720575214859583,1,1990,1991,True,0.5200801201802704,9985
MSFT,A-NOK30,1994-03-14,1994-03-15,1994-03-28,1994-03-29,1.5963873067291388,1.6438992102940877,0.02976214065639038,10,2025,2035,True,0.5839013632718525,9976
MSFT,A-NOK30,1994-04-05,1994-04-06,1994-04-12,1994-04-13,1.6629040910956565,1.610641054812282,-0.03142877365160568,5,2040,2045,True,0.5502454663861337,9981
MSFT,A-NOK30,1994-05-13,1994-05-16,1994-05-17,1994-05-18,1.8291951823814376,1.810190053382851,-0.01038988577142641,2,2067,2069,True,0.5297475961538461,9984
MSFT,A-NOK30,1994-05-18,1994-05-19,1994-06-02,1994-06-03,1.8481997377492936,1.995484219745,0.0796907817848016,10,2070,2080,True,0.5839013632718525,9976
MSFT,A-NOK30,1994-06-06,1994-06-07,1994-06-07,1994-06-08,2.052497891868767,2.0382460349907467,-0.006943664563301533,1,2082,2083,True,0.5200801201802704,9985
MSFT,A-NOK30,1994-08-09,1994-08-10,1994-08-15,1994-08-16,2.0334930196512033,2.085757255554199,0.025701704111067203,4,2127,2131,True,0.5463834902825085,9982
MSFT,A-NOK30,1994-08-17,1994-08-18,1994-08-19,1994-08-22,2.1237663208016495,2.0905072982742974,-0.01566039643890671,2,2133,2135,True,0.5297475961538461,9984
MSFT,A-NOK30,1994-08-25,1994-08-26,1994-09-01,1994-09-02,2.1427712072986473,2.1475220088447844,0.0022171296356583436,5,2139,2144,True,0.5502454663861337,9981
MSFT,A-NOK30,1994-11-14,1994-11-15,1994-11-21,1994-11-22,2.4515963365164577,2.4040834432648075,-0.019380390051962015,5,2195,2200,True,0.5502454663861337,9981
MSFT,A-NOK30,1995-03-23,1995-03-24,1995-03-27,1995-03-28,2.784176552659083,2.7699232782685184,-0.00511938597318895,2,2284,2286,True,0.5297475961538461,9984
MSFT,A-NOK30,1995-03-28,1995-03-29,1995-03-29,1995-03-30,2.798430899030602,2.755669148604088,-0.015280616877596409,1,2287,2288,True,0.5200801201802704,9985
MSFT,A-NOK30,1995-07-03,1995-07-05,1995-07-18,1995-07-19,3.4825955281424528,3.6868957792009627,0.058663215239203925,10,2354,2364,True,0.5839013632718525,9976
MSFT,A-NOK30,1996-01-31,1996-02-01,1996-02-13,1996-02-14,3.506352647643869,3.805675480599221,0.08536586676656288,9,2501,2510,True,0.5753232434599579,9977
MSFT,A-NOK30,1996-02-22,1996-02-23,1996-02-26,1996-02-27,3.900697880059812,3.8294271534797844,-0.018271275748978244,2,2516,2518,True,0.5297475961538461,9984
MSFT,A-NOK30,1996-04-02,1996-04-03,1996-04-09,1996-04-10,3.9577126140295724,3.8579359067376124,-0.02521070047841889,4,2544,2548,True,0.5463834902825085,9982
MSFT,A-NOK30,1996-06-11,1996-06-12,1996-06-18,1996-06-19,4.670384150098631,4.656131438895662,-0.0030517213884145855,5,2592,2597,True,0.5502454663861337,9981
MSFT,A-NOK30,1996-11-14,1996-11-15,1996-11-20,1996-11-21,5.729889119231461,5.872427603712317,0.024876307641355178,4,2702,2706,True,0.5463834902825085,9982
MSFT,A-NOK30,1996-11-29,1996-12-02,1996-12-03,1996-12-04,5.986453160619963,5.896183306466248,-0.015079021205332,2,2712,2714,True,0.5297475961538461,9984
MSFT,A-NOK30,1996-12-09,1996-12-10,1996-12-13,1996-12-16,6.414057571469372,6.100479983351518,-0.04888911342372271,4,2718,2722,True,0.5463834902825085,9982
MSFT,A-NOK30,1997-01-30,1997-01-31,1997-02-05,1997-02-06,7.744379148763769,7.468812474873075,-0.03558279735499292,4,2754,2758,True,0.5463834902825085,9982
MSFT,A-NOK30,1997-09-12,1997-09-15,1997-09-15,1997-09-16,10.310001998127847,10.015430516873229,-0.02857142814405933,1,2910,2911,True,0.5200801201802704,9985
MSFT,A-NOK30,1997-10-21,1997-10-22,1997-10-27,1997-10-28,10.5190540912897,10.053441972741481,-0.044263687068000546,4,2937,2941,True,0.5463834902825085,9982
MSFT,A-NOK30,1997-12-03,1997-12-04,1997-12-04,1997-12-05,11.003671738935216,10.804122804033703,-0.01813475898189798,1,2967,2968,True,0.5200801201802704,9985
MSFT,A-NOK30,1997-12-08,1997-12-09,1997-12-09,1997-12-10,11.02267877009587,10.813631057739258,-0.018965236737529922,1,2970,2971,True,0.5200801201802704,9985
MSFT,A-NOK30,1998-02-10,1998-02-11,1998-02-11,1998-02-12,12.115445738930052,12.0156694307102,-0.00823546325656388,1,3013,3014,True,0.5200801201802704,9985
MSFT,A-NOK30,1998-07-08,1998-07-09,1998-07-14,1998-07-15,16.72406359835788,17.636274798863486,0.054544829678546236,4,3115,3119,True,0.5463834902825085,9982
MSFT,A-NOK30,1998-09-25,1998-09-28,1998-09-28,1998-09-29,17.180176877895143,16.99962980855475,-0.010509034372788828,1,3171,3172,True,0.5200801201802704,9985
MSFT,A-NOK30,1998-09-29,1998-09-30,1998-09-30,1998-10-01,17.075653303624012,16.429498089397992,-0.03784073163917456,1,3173,3174,True,0.5200801201802704,9985
MSFT,A-NOK30,1998-11-06,1998-11-09,1998-11-12,1998-11-13,16.60053872442865,16.48649862679568,-0.006869662456505221,4,3201,3205,True,0.5463834902825085,9982
MSFT,A-NOK30,1998-11-17,1998-11-18,1998-11-18,1998-11-19,16.657549207465795,16.581528298806823,-0.004563751108410341,1,3208,3209,True,0.5200801201802704,9985
MSFT,A-NOK30,1998-11-20,1998-11-23,1998-12-03,1998-12-04,17.104154165715027,18.99512105647902,0.11055600133413224,8,3211,3219,True,0.5703547805171377,9978
MSFT,A-NOK30,1998-12-07,1998-12-08,1998-12-14,1998-12-15,20.20190338272887,19.660278656584392,-0.02681057897779704,5,3221,3226,True,0.5502454663861337,9981
MSFT,A-NOK30,1998-12-16,1998-12-17,1998-12-22,1998-12-23,20.40145332957423,21.342185460955463,0.04611103513971404,4,3228,3232,True,0.5463834902825085,9982
MSFT,A-NOK30,1998-12-23,1998-12-24,1998-12-29,1998-12-30,21.836300582482068,21.41820217379563,-0.019146943279478856,3,3233,3236,True,0.543223479915857,9983
MSFT,A-NOK30,1999-01-06,1999-01-07,1999-01-11,1999-01-12,22.76753546312402,22.520477353609525,-0.010851333027004473,3,3241,3244,True,0.543223479915857,9983
MSFT,A-NOK30,1999-03-25,1999-03-26,1999-03-31,1999-04-01,27.20510155460291,27.74674122991067,0.019909489189762652,4,3295,3299,True,0.5463834902825085,9982
MSFT,A-NOK30,1999-04-05,1999-04-06,1999-04-07,1999-04-08,28.944028950688057,28.3548969135171,-0.020354182141493316,2,3301,3303,True,0.5297475961538461,9984
MSFT,A-NOK30,1999-06-29,1999-06-30,1999-07-06,1999-07-07,26.682478414999473,27.38565230450278,0.02635339485960264,4,3361,3365,True,0.5463834902825085,9982
MSFT,A-NOK30,1999-07-07,1999-07-08,1999-07-15,1999-07-16,27.917774812181925,29.03905809787292,0.040163777136053236,6,3366,3372,True,0.5567134268537074,9980
MSFT,A-NOK30,1999-07-16,1999-07-19,1999-07-19,1999-07-20,30.40739687152557,29.32412854888977,-0.035625158155192294,1,3373,3374,True,0.5200801201802704,9985
MSFT,A-NOK30,1999-09-03,1999-09-07,1999-09-07,1999-09-08,28.849010338517655,28.487910164727104,-0.012516899871203857,1,3408,3409,True,0.5200801201802704,9985
MSFT,A-NOK30,1999-09-14,1999-09-15,1999-09-15,1999-09-16,29.039062860362765,28.240863637721283,-0.027487086152872875,1,3414,3415,True,0.5200801201802704,9985
MSFT,A-NOK30,1999-09-17,1999-09-20,1999-09-23,1999-09-24,29.1910834401025,27.423658949075286,-0.06054672464123545,4,3417,3421,True,0.5463834902825085,9982
MSFT,A-NOK30,1999-12-13,1999-12-14,1999-12-30,1999-12-31,29.248121411382133,35.72867334271907,0.22157156147522628,12,3477,3489,True,0.5919390415079205,9974
MSFT,A-NOK30,2000-07-07,2000-07-10,2000-07-10,2000-07-11,24.53496337068259,23.964818086669343,-0.02323807357685026,1,3620,3621,True,0.5200801201802704,9985
MSFT,A-NOK30,2001-02-07,2001-02-08,2001-02-08,2001-02-09,19.384711162153497,18.643526438174742,-0.03823553096967658,1,3768,3769,True,0.5200801201802704,9985
MSFT,A-NOK30,2001-05-04,2001-05-07,2001-05-10,2001-05-11,21.53755467866391,21.273020058125354,-0.012282481669129042,4,3828,3832,True,0.5463834902825085,9982
MSFT,A-NOK30,2001-10-22,2001-10-23,2001-10-29,2001-10-30,18.387353972471622,17.916037427967616,-0.025632646503114698,5,3942,3947,True,0.5502454663861337,9981
MSFT,A-NOK30,2001-11-05,2001-11-06,2001-11-14,2001-11-15,19.065429705196593,20.099281069666826,0.05422649163729254,7,3952,3959,True,0.5661889968934763,9979
MSFT,A-NOK30,2001-12-17,2001-12-18,2001-12-20,2001-12-21,20.95676509744405,20.680066439825932,-0.013203309591510504,3,3981,3984,True,0.543223479915857,9983
MSFT,A-NOK30,2002-06-27,2002-06-28,2002-07-01,2002-07-02,16.587223858876072,15.927387841455731,-0.03977977406190569,2,4113,4115,True,0.5297475961538461,9984
MSFT,A-NOK30,2002-10-31,2002-11-01,2002-11-01,2002-11-04,15.942589509659742,17.256196503289274,0.08239608708695711,1,4201,4202,True,0.5200801201802704,9985
MSFT,A-NOK30,2002-11-04,2002-11-05,2002-11-08,2002-11-11,16.961236447482488,16.745353466105435,-0.012728021453241145,4,4203,4207,True,0.5463834902825085,9982
MSFT,A-NOK30,2002-11-14,2002-11-15,2002-11-19,2002-11-20,17.210578864667053,16.727102358036024,-0.02809182134039634,3,4211,4214,True,0.543223479915857,9983
MSFT,A-NOK30,2003-04-03,2003-04-04,2003-04-09,2003-04-10,15.716261523487228,15.075649322967251,-0.04076110591329951,4,4306,4310,True,0.5463834902825085,9982
MSFT,A-NOK30,2003-05-02,2003-05-05,2003-05-05,2003-05-06,16.01521311485808,15.77726811616199,-0.01485743567629072,1,4326,4327,True,0.5200801201802704,9985
MSFT,A-NOK30,2003-05-06,2003-05-07,2003-05-07,2003-05-08,15.929794582374393,15.710155049512888,-0.01378797019168887,1,4328,4329,True,0.5200801201802704,9985
MSFT,A-NOK30,2003-05-09,2003-05-12,2003-05-13,2003-05-14,15.954196256272196,15.911490052028201,-0.0026768007336757105,2,4331,4333,True,0.5297475961538461,9984
MSFT,A-NOK30,2003-07-02,2003-07-03,2003-07-10,2003-07-11,16.283655996284203,16.442287918491033,0.009741787854215866,5,4368,4373,True,0.5502454663861337,9981
MSFT,A-NOK30,2003-07-11,2003-07-14,2003-07-15,2003-07-16,16.857156618913578,16.8144425835251,-0.002533881386648118,2,4374,4376,True,0.5297475961538461,9984
MSFT,A-NOK30,2003-09-16,2003-09-17,2003-09-22,2003-09-23,17.54657218307719,17.766206065560876,0.012517195962383765,4,4420,4424,True,0.5463834902825085,9982
MSFT,A-NOK30,2003-09-23,2003-09-24,2003-09-24,2003-09-25,18.06515447422259,17.369640188365942,-0.03850032319674257,1,4425,4426,True,0.5200801201802704,9985
MSFT,A-NOK30,2003-12-30,2003-12-31,2004-01-02,2004-01-05,16.822883550877343,17.01307804095976,0.011305700922627837,2,4493,4495,True,0.5297475961538461,9984
MSFT,A-NOK30,2004-01-05,2004-01-06,2004-01-09,2004-01-12,17.295291967952963,16.97626218860104,-0.018446047626317186,4,4496,4500,True,0.5463834902825085,9982
MSFT,A-NOK30,2004-06-07,2004-06-08,2004-06-22,2004-06-23,16.123458008331024,17.301424172450627,0.07305915167273325,10,4602,4612,True,0.5839013632718525,9976
MSFT,A-NOK30,2004-06-25,2004-06-28,2004-06-28,2004-06-29,17.546839636706903,17.28916455437368,-0.014684985311781196,1,4615,4616,True,0.5200801201802704,9985
MSFT,A-NOK30,2004-10-19,2004-10-20,2004-10-22,2004-10-25,17.364773237676456,17.02634587404646,-0.019489305100495513,3,4695,4698,True,0.543223479915857,9983
MSFT,A-NOK30,2005-04-29,2005-05-02,2005-05-09,2005-05-10,17.35654640197754,17.225831866539046,-0.007531137382469133,6,4828,4834,True,0.5567134268537074,9980
MSFT,A-NOK30,2005-05-16,2005-05-17,2005-05-25,2005-05-26,17.46680887304525,17.77046447032891,0.017384720900694317,7,4839,4846,True,0.5661889968934763,9979
MSFT,A-NOK30,2005-05-27,2005-05-31,2005-05-31,2005-06-01,17.93608434498501,17.756653813197396,-0.010003885370765575,1,4848,4849,True,0.5200801201802704,9985
MSFT,A-NOK30,2005-08-02,2005-08-03,2005-08-10,2005-08-11,18.467473610461564,18.619291715737905,0.008220837808065928,6,4893,4899,True,0.5567134268537074,9980
MSFT,A-NOK30,2005-11-17,2005-11-18,2005-11-18,2005-11-21,19.520655098757832,19.485942651678773,-0.0017782419136778138,1,4969,4970,True,0.5200801201802704,9985
MSFT,A-NOK30,2006-03-07,2006-03-08,2006-03-09,2006-03-10,18.799699252228617,18.84846106597252,0.002593754989890007,2,5042,5044,True,0.5297475961538461,9984
MSFT,A-NOK30,2006-03-15,2006-03-16,2006-03-22,2006-03-23,19.04349162295423,18.86239121360241,-0.009509832174554034,5,5048,5053,True,0.5502454663861337,9981
MSFT,A-NOK30,2006-04-03,2006-04-04,2006-04-07,2006-04-10,19.224599432659833,18.966877244606025,-0.013405854772504444,4,5061,5065,True,0.5463834902825085,9982
MSFT,A-NOK30,2006-08-02,2006-08-03,2006-08-03,2006-08-04,16.9150910619277,17.061922020225207,0.00868047105155667,1,5145,5146,True,0.5200801201802704,9985
MSFT,A-NOK30,2006-08-09,2006-08-10,2006-08-22,2006-08-23,17.04095162630788,18.002045759335658,0.056399088155619115,9,5150,5159,True,0.5753232434599579,9977
MSFT,A-NOK30,2006-09-26,2006-09-27,2006-10-06,2006-10-09,19.075863688061098,19.51099785492491,0.022810719031093996,8,5183,5191,True,0.5703547805171377,9978
MSFT,A-NOK30,2006-10-13,2006-10-16,2006-10-19,2006-10-20,19.988249692770935,19.98824288653856,-3.4051167452364695e-07,4,5196,5200,True,0.5463834902825085,9982
MSFT,A-NOK30,2006-11-16,2006-11-17,2006-11-17,2006-11-20,20.641101853439768,20.788985217243265,0.00716450918432221,1,5220,5221,True,0.5200801201802704,9985
MSFT,A-NOK30,2006-11-20,2006-11-21,2006-11-24,2006-11-27,21.063638117338886,20.908708323366067,-0.007355319774758451,3,5222,5225,True,0.543223479915857,9983
MSFT,A-NOK30,2007-01-11,2007-01-12,2007-01-22,2007-01-23,21.5847687209343,21.570679532034177,-0.0006527375429534743,6,5256,5262,True,0.5567134268537074,9980
MSFT,A-NOK30,2007-01-24,2007-01-25,2007-01-25,2007-01-26,21.887590740135376,21.986177088227958,0.00450421196480999,1,5264,5265,True,0.5200801201802704,9985
MSFT,A-NOK30,2007-04-12,2007-04-13,2007-04-23,2007-04-24,20.09078714662239,20.345195770263672,0.012662949529284706,7,5318,5325,True,0.5661889968934763,9979
MSFT,A-NOK30,2007-04-25,2007-04-26,2007-04-27,2007-04-30,20.55719356495586,21.292132903116386,0.03575095675576012,2,5327,5329,True,0.5297475961538461,9984
MSFT,A-NOK30,2007-05-01,2007-05-02,2007-05-09,2007-05-10,21.475876216875278,21.680813417307192,0.00954267003415099,6,5331,5337,True,0.5567134268537074,9980
MSFT,A-NOK30,2007-05-14,2007-05-15,2007-05-18,2007-05-21,21.90700912475586,21.78649618676417,-0.005501113242131428,4,5340,5344,True,0.5463834902825085,9982
MSFT,A-NOK30,2007-09-25,2007-09-26,2007-10-09,2007-10-10,21.11583126766678,21.371947586804463,0.01212911373893455,10,5433,5443,True,0.5839013632718525,9976
MSFT,A-NOK30,2007-10-10,2007-10-11,2007-10-11,2007-10-12,21.556935523211802,21.364842555053134,-0.00891095897892491,1,5444,5445,True,0.5200801201802704,9985
MSFT,A-NOK30,2007-10-17,2007-10-18,2007-10-19,2007-10-22,22.21146407734336,21.4288625288507,-0.03523412710515317,2,5449,5451,True,0.5297475961538461,9984
MSFT,A-NOK30,2007-10-24,2007-10-25,2007-11-06,2007-11-07,22.46046651211017,25.64065472371831,0.14159047898196842,9,5454,5463,True,0.5753232434599579,9977
MSFT,A-NOK30,2007-12-20,2007-12-21,2007-12-31,2008-01-02,25.625490210888362,25.54696729071849,-0.0030642504601338105,6,5494,5500,True,0.5567134268537074,9980
MSFT,A-NOK30,2008-04-10,2008-04-11,2008-04-11,2008-04-14,20.687531001090967,20.23608904525558,-0.021821934952584776,1,5569,5570,True,0.5200801201802704,9985
MSFT,A-NOK30,2008-08-28,2008-08-29,2008-09-02,2008-09-03,19.987235240092463,19.496219727132857,-0.024566454892904654,2,5667,5669,True,0.5297475961538461,9984
MSFT,A-NOK30,2009-03-26,2009-03-27,2009-03-30,2009-03-31,13.570502209209655,13.050816336576,-0.03829525721464966,2,5811,5813,True,0.5297475961538461,9984
MSFT,A-NOK30,2009-04-01,2009-04-02,2009-04-03,2009-04-06,14.273183035454732,13.570505611187519,-0.04923060417019487,2,5815,5817,True,0.5297475961538461,9984
MSFT,A-NOK30,2009-04-09,2009-04-13,2009-04-15,2009-04-16,14.412259755853324,14.024313550246706,-0.026917791670321378,3,5821,5824,True,0.543223479915857,9983
MSFT,A-NOK30,2009-04-16,2009-04-17,2009-04-17,2009-04-20,14.412257764747189,13.82668964651455,-0.04062986714440786,1,5825,5826,True,0.5200801201802704,9985
MSFT,A-NOK30,2009-04-24,2009-04-27,2009-05-05,2009-05-06,15.041733478618196,14.683082227450853,-0.023843744584170823,7,5831,5838,True,0.5661889968934763,9979
MSFT,A-NOK30,2009-09-09,2009-09-10,2009-09-23,2009-09-24,18.37056272831076,19.200200103117457,0.04516123904730196,10,5926,5936,True,0.5839013632718525,9976
MSFT,A-NOK30,2009-11-06,2009-11-09,2009-11-20,2009-11-23,21.200222328078002,22.201642275692624,0.04723629460660517,10,5968,5978,True,0.5839013632718525,9976
MSFT,A-NOK30,2010-03-23,2010-03-24,2010-03-24,2010-03-25,22.21575607276106,22.297990271231736,0.0037016160152885114,1,6060,6061,True,0.5200801201802704,9985
MSFT,A-NOK30,2010-08-02,2010-08-03,2010-08-03,2010-08-04,19.672920888424485,19.635374782226336,-0.0019085171140114099,1,6151,6152,True,0.5200801201802704,9985
MSFT,A-NOK30,2010-10-26,2010-10-27,2010-11-05,2010-11-08,19.46837083566668,20.14021416502953,0.03450947873522181,8,6211,6219,True,0.5703547805171377,9978
MSFT,A-NOK30,2010-12-23,2010-12-27,2010-12-27,2010-12-28,21.357673242614098,21.243735076244445,-0.005334764937892089,1,6252,6253,True,0.5200801201802704,9985
MSFT,A-NOK30,2011-07-19,2011-07-20,2011-07-20,2011-07-21,20.97876244447723,20.79419148607156,-0.008797990772532849,1,6394,6395,True,0.5200801201802704,9985
MSFT,A-NOK30,2011-07-22,2011-07-25,2011-07-27,2011-07-28,20.963370173358076,20.986445880888436,0.0011007632522601618,3,6397,6400,True,0.543223479915857,9983
MSFT,A-NOK30,2011-09-14,2011-09-15,2011-09-21,2011-09-22,20.685531574477295,19.578903684199226,-0.053497677170814106,5,6434,6439,True,0.5502454663861337,9981
MSFT,A-NOK30,2011-12-20,2011-12-21,2011-12-21,2011-12-22,20.279911819941443,20.131772900925384,-0.007304712186686713,1,6502,6503,True,0.5200801201802704,9985
MSFT,A-NOK30,2011-12-23,2011-12-27,2011-12-28,2011-12-29,20.240933207232324,20.23313545862832,-0.0003852464965014013,2,6505,6507,True,0.5297475961538461,9984
MSFT,A-NOK30,2011-12-29,2011-12-30,2012-01-11,2012-01-12,20.272121056982705,21.730156308982522,0.07192317211906141,8,6508,6516,True,0.5703547805171377,9978
MSFT,A-NOK30,2012-01-12,2012-01-13,2012-01-17,2012-01-18,21.776931214069563,22.073211318892483,0.013605227564455813,2,6517,6519,True,0.5297475961538461,9984
MSFT,A-NOK30,2012-01-20,2012-01-23,2012-01-24,2012-01-25,23.040039927155433,22.665790688766787,-0.016243428378244662,2,6522,6524,True,0.5297475961538461,9984
MSFT,A-NOK30,2012-02-01,2012-02-02,2012-02-13,2012-02-14,23.312939155364592,23.80389428196147,0.021059340623033496,8,6530,6538,True,0.5703547805171377,9978
MSFT,A-NOK30,2012-02-21,2012-02-22,2012-03-02,2012-03-05,24.682901322228258,25.12240174289218,0.017805865482601435,8,6543,6551,True,0.5703547805171377,9978
MSFT,A-NOK30,2012-06-22,2012-06-25,2012-06-25,2012-06-26,23.936377221655622,23.699392837950466,-0.009900595295212589,1,6629,6630,True,0.5200801201802704,9985
MSFT,A-NOK30,2012-07-02,2012-07-03,2012-07-09,2012-07-10,23.881086288244013,23.762583092658755,-0.004962219647587585,4,6635,6639,True,0.5463834902825085,9982
MSFT,A-NOK30,2012-09-06,2012-09-07,2012-09-10,2012-09-11,24.683414313809042,24.405086097410575,-0.011275920456545463,2,6681,6683,True,0.5297475961538461,9984
MSFT,A-NOK30,2013-04-09,2013-04-10,2013-04-11,2013-04-12,23.90395840994489,23.321923034323536,-0.02434891182621901,2,6826,6828,True,0.5297475961538461,9984
MSFT,A-NOK30,2013-04-19,2013-04-22,2013-05-07,2013-05-08,24.494082401729262,26.733307463949025,0.0914190221741753,12,6834,6846,True,0.5919390415079205,9974
MSFT,A-NOK30,2013-05-15,2013-05-16,2013-05-23,2013-05-24,27.38477425244322,27.612717482448286,0.008323721346168433,6,6852,6858,True,0.5567134268537074,9980
MSFT,A-NOK30,2013-09-27,2013-09-30,2013-10-08,2013-10-09,27.05307541638431,27.110464096069336,0.0021213366244590137,7,6946,6953,True,0.5661889968934763,9979
MSFT,A-NOK30,2013-10-11,2013-10-14,2013-10-22,2013-10-23,27.790897118969333,28.159801069578588,0.013274272832216383,7,6956,6963,True,0.5661889968934763,9979
MSFT,A-NOK30,2013-10-29,2013-10-30,2013-11-12,2013-11-13,29.12714389863017,30.315833518455218,0.04081037344279226,10,6968,6978,True,0.5839013632718525,9976
MSFT,A-NOK30,2013-11-13,2013-11-14,2013-11-18,2013-11-19,31.045462421453706,30.43838475726258,-0.01955447324152637,3,6979,6982,True,0.543223479915857,9983
MSFT,A-NOK30,2014-02-11,2014-02-12,2014-02-24,2014-02-25,30.851375423291966,31.29909093332998,0.014512011341315967,8,7039,7047,True,0.5703547805171377,9978
MSFT,A-NOK30,2014-02-28,2014-03-03,2014-03-03,2014-03-04,31.5570900168138,31.79009556139179,0.007383619479928161,1,7051,7052,True,0.5200801201802704,9985
MSFT,A-NOK30,2014-03-04,2014-03-05,2014-03-07,2014-03-10,31.831702385952465,31.615347185213675,-0.006796846681824564,3,7053,7056,True,0.543223479915857,9983
MSFT,A-NOK30,2014-03-18,2014-03-19,2014-03-27,2014-03-28,32.84699053783888,33.11329459308319,0.008107411086490046,7,7063,7070,True,0.5661889968934763,9979
MSFT,A-NOK30,2014-03-31,2014-04-01,2014-04-04,2014-04-07,34.24509217697042,33.25477229571372,-0.028918592951625355,4,7072,7076,True,0.5463834902825085,9982
MSFT,A-NOK30,2014-05-21,2014-05-22,2014-06-03,2014-06-04,33.76594052702272,33.69889579936166,-0.0019855726396073026,8,7108,7116,True,0.5703547805171377,9978
MSFT,A-NOK30,2014-06-05,2014-06-06,2014-06-11,2014-06-12,34.763248443603516,34.20173606725906,-0.016152471402532953,4,7118,7122,True,0.5463834902825085,9982
MSFT,A-NOK30,2014-06-16,2014-06-17,2014-06-30,2014-07-01,34.604007101798885,35.08171238770943,0.013804912376339074,10,7125,7135,True,0.5839013632718525,9976
MSFT,A-NOK30,2014-09-05,2014-09-08,2014-09-15,2014-09-16,38.808983998680716,39.12100652297881,0.008039956014017191,6,7182,7188,True,0.5567134268537074,9980
MSFT,A-NOK30,2014-09-19,2014-09-22,2014-09-22,2014-09-23,39.88841173169304,39.50894571014482,-0.009513189547397216,1,7192,7193,True,0.5200801201802704,9985
MSFT,A-NOK30,2014-11-13,2014-11-14,2014-11-14,2014-11-17,41.94609002753775,41.667792422589,-0.006634649493338807,1,7231,7232,True,0.5200801201802704,9985
MSFT,A-NOK30,2015-07-30,2015-07-31,2015-08-06,2015-08-07,40.67978230832806,39.905586213986034,-0.019031470927599603,5,7408,7413,True,0.5502454663861337,9981
MSFT,A-NOK30,2015-08-17,2015-08-18,2015-08-20,2015-08-21,40.55839874369433,39.22490295339295,-0.03287841314269602,3,7420,7423,True,0.543223479915857,9983
MSFT,A-NOK30,2015-10-16,2015-10-19,2015-10-21,2015-10-22,41.06060083067684,41.15585622693814,0.0023198734147633626,3,7463,7466,True,0.543223479915857,9983
MSFT,A-NOK30,2015-10-26,2015-10-27,2015-10-30,2015-11-02,46.74950102461688,45.76239317002712,-0.021114831879595508,4,7469,7473,True,0.5463834902825085,9982
MSFT,A-NOK30,2015-11-03,2015-11-04,2015-11-05,2015-11-06,46.914033020436705,46.8361018024231,-0.0016611494044789232,2,7475,7477,True,0.5297475961538461,9984
MSFT,A-NOK30,2015-11-06,2015-11-09,2015-11-09,2015-11-10,47.23441062755625,46.818793671158865,-0.008799029158520266,1,7478,7479,True,0.5200801201802704,9985
MSFT,A-NOK30,2016-03-09,2016-03-10,2016-03-18,2016-03-21,46.47188697326235,46.75283347153879,0.006045515182933725,7,7561,7568,True,0.5661889968934763,9979
MSFT,A-NOK30,2016-03-30,2016-03-31,2016-04-05,2016-04-06,48.24541365693749,47.727403335323565,-0.010736985805477328,4,7575,7579,True,0.5463834902825085,9982
MSFT,A-NOK30,2016-07-22,2016-07-25,2016-07-27,2016-07-28,49.92673286206144,49.5111836935907,-0.008323179680489567,3,7655,7658,True,0.543223479915857,9983
MSFT,A-NOK30,2016-08-04,2016-08-05,2016-08-12,2016-08-15,50.970005747558474,51.28828915552569,0.00624452368209627,6,7664,7670,True,0.5567134268537074,9980
MSFT,A-NOK30,2016-09-27,2016-09-28,2016-09-29,2016-09-30,51.49229626342455,51.2165065015122,-0.005355942187962648,2,7701,7703,True,0.5297475961538461,9984
MSFT,A-NOK30,2016-11-08,2016-11-09,2016-11-10,2016-11-11,53.3783307437094,51.80366572039654,-0.02950007992706727,2,7731,7733,True,0.5297475961538461,9984
MSFT,A-NOK30,2016-12-19,2016-12-20,2016-12-22,2016-12-23,57.043879745336696,56.82891641959703,-0.0037683854376550086,3,7759,7762,True,0.543223479915857,9983
MSFT,A-NOK30,2017-07-25,2017-07-26,2017-07-26,2017-07-27,67.37013483869693,66.84454137957957,-0.007801579444300932,1,7908,7909,True,0.5200801201802704,9985
MSFT,A-NOK30,2017-09-07,2017-09-08,2017-09-19,2017-09-20,67.71997392375205,68.64926983162528,0.013722626487121081,8,7939,7947,True,0.5703547805171377,9978
MSFT,A-NOK30,2017-11-06,2017-11-07,2017-11-08,2017-11-09,77.23158282633267,76.63027062159142,-0.007785832980963137,2,7981,7983,True,0.5297475961538461,9984
MSFT,A-NOK30,2018-01-18,2018-01-19,2018-01-25,2018-01-26,82.53645423442747,85.26508963892228,0.03305976043924419,5,8030,8035,True,0.5502454663861337,9981
MSFT,A-NOK30,2018-01-26,2018-01-29,2018-01-30,2018-01-31,87.11472625892641,85.84195628479893,-0.014610273472529745,2,8036,8038,True,0.5297475961538461,9984
MSFT,A-NOK30,2018-03-08,2018-03-09,2018-03-14,2018-03-15,87.66193064675153,86.04281704557039,-0.01846997424350183,4,8064,8068,True,0.5463834902825085,9982
MSFT,A-NOK30,2018-05-23,2018-05-24,2018-05-29,2018-05-30,91.22021949127985,90.83218135418171,-0.004253861032807893,3,8117,8120,True,0.543223479915857,9983
MSFT,A-NOK30,2018-05-30,2018-05-31,2018-05-31,2018-06-01,91.73763683498858,91.72838944991032,-0.00010080252116029254,1,8121,8122,True,0.5200801201802704,9985
MSFT,A-NOK30,2018-06-01,2018-06-04,2018-06-07,2018-06-08,93.55777432557065,93.40070891124078,-0.0016788066567647864,4,8123,8127,True,0.5463834902825085,9982
MSFT,A-NOK30,2018-07-23,2018-07-24,2018-07-27,2018-07-30,100.31174069818819,99.03671171682569,-0.012710665496262541,4,8158,8162,True,0.5463834902825085,9982
MSFT,A-NOK30,2018-10-01,2018-10-02,2018-10-03,2018-10-04,106.93980725295837,106.29982819075417,-0.005984479293948852,2,8207,8209,True,0.5297475961538461,9984
MSFT,A-NOK30,2019-01-25,2019-01-28,2019-01-28,2019-01-29,98.98104271102594,97.69557606301235,-0.012986998447434894,1,8286,8287,True,0.5200801201802704,9985
MSFT,A-NOK30,2019-02-05,2019-02-06,2019-02-28,2019-03-01,99.67035474706215,105.60597540508158,0.05955251863086586,16,8293,8309,True,0.6038114343029087,9970
MSFT,A-NOK30,2019-03-12,2019-03-13,2019-03-22,2019-03-25,106.76596208728289,109.03916145254556,0.02129142397840522,8,8317,8325,True,0.5703547805171377,9978
MSFT,A-NOK30,2019-04-30,2019-05-01,2019-05-01,2019-05-02,122.10776825823385,119.72231854824663,-0.019535609765158113,1,8351,8352,True,0.5200801201802704,9985
MSFT,A-NOK30,2019-09-18,2019-09-19,2019-09-24,2019-09-25,132.17188287622108,129.53408767037075,-0.01995730974280374,4,8449,8453,True,0.5463834902825085,9982
MSFT,A-NOK30,2019-10-25,2019-10-28,2019-11-07,2019-11-08,136.03434317103782,135.6387113076002,-0.0029083233999239733,9,8476,8485,True,0.5753232434599579,9977
MSFT,A-NOK30,2019-11-08,2019-11-11,2019-11-20,2019-11-21,136.9198840061692,141.22360137854915,0.0314323767042195,8,8486,8494,True,0.5703547805171377,9978
MSFT,A-NOK30,2019-11-25,2019-11-26,2019-11-29,2019-12-02,143.07634064349944,143.50169583265574,0.002972924714479186,3,8497,8500,True,0.543223479915857,9983
MSFT,A-NOK30,2019-12-19,2019-12-20,2019-12-30,2019-12-31,148.7385588134757,148.19028573504713,-0.0036861529572578267,6,8514,8520,True,0.5567134268537074,9980
MSFT,A-NOK30,2020-01-02,2020-01-03,2020-01-03,2020-01-06,149.65548630448578,148.4833066063073,-0.007832520725592262,1,8522,8523,True,0.5200801201802704,9985
MSFT,A-NOK30,2020-01-09,2020-01-10,2020-01-22,2020-01-23,153.9091751273673,157.09469505443082,0.02069740107714413,8,8527,8535,True,0.5703547805171377,9978
MSFT,A-NOK30,2020-04-29,2020-04-30,2020-05-12,2020-05-13,170.61365089823016,173.0306868403567,0.014166720713152614,9,8603,8612,True,0.5753232434599579,9977
MSFT,A-NOK30,2020-06-17,2020-06-18,2020-06-26,2020-06-29,184.39572415045265,186.08762003729692,0.00917535314139828,7,8637,8644,True,0.5661889968934763,9979
MSFT,A-NOK30,2020-06-30,2020-07-01,2020-07-13,2020-07-14,193.083257178087,195.92524248850216,0.014718962959040516,8,8646,8654,True,0.5703547805171377,9978
MSFT,A-NOK30,2020-10-09,2020-10-12,2020-10-16,2020-10-19,208.4611818961351,210.01418907016932,0.007449862655043438,5,8717,8722,True,0.5502454663861337,9981
MSFT,A-NOK30,2021-02-11,2021-02-12,2021-02-16,2021-02-17,233.02281589974586,231.06048965921218,-0.008421176411231523,2,8802,8804,True,0.5297475961538461,9984
MSFT,A-NOK30,2021-03-23,2021-03-24,2021-03-24,2021-03-25,227.73799056865073,225.29639873083224,-0.010721056384672356,1,8829,8830,True,0.5200801201802704,9985
MSFT,A-NOK30,2021-04-01,2021-04-05,2021-04-19,2021-04-20,232.4392400726803,246.85899261240542,0.06203665325706753,11,8836,8847,True,0.5885714285714285,9975
MSFT,A-NOK30,2021-04-26,2021-04-27,2021-04-28,2021-04-29,250.45914704245152,244.59932929978729,-0.023396301599921343,2,8852,8854,True,0.5297475961538461,9984
MSFT,A-NOK30,2021-06-07,2021-06-08,2021-06-18,2021-06-21,244.87622075345962,249.34842044965174,0.018263103221830335,9,8881,8890,True,0.5753232434599579,9977
MSFT,A-NOK30,2021-06-21,2021-06-22,2021-06-25,2021-06-28,252.13152001835851,255.46161742835938,0.013207779058161284,4,8891,8895,True,0.5463834902825085,9982
MSFT,A-NOK30,2021-06-28,2021-06-29,2021-07-06,2021-07-07,258.0336989887395,268.1392196481216,0.03916356932829568,5,8896,8901,True,0.5502454663861337,9981
MSFT,A-NOK30,2021-07-07,2021-07-08,2021-07-08,2021-07-09,265.7401050538773,264.6075400651112,-0.004261927225988282,1,8902,8903,True,0.5200801201802704,9985
MSFT,A-NOK30,2021-08-19,2021-08-20,2021-08-25,2021-08-26,288.191023550766,289.4120831267804,0.0042369799064865266,4,8933,8937,True,0.5463834902825085,9982
MSFT,A-NOK30,2021-10-28,2021-10-29,2021-11-08,2021-11-09,311.6620413582326,324.14263606886954,0.040045283205635496,7,8982,8989,True,0.5661889968934763,9979
MSFT,A-NOK30,2022-08-10,2022-08-11,2022-08-11,2022-08-12,281.40702349193015,279.11401558943726,-0.008148367706105386,1,9178,9179,True,0.5200801201802704,9985
MSFT,A-NOK30,2022-08-12,2022-08-15,2022-08-17,2022-08-18,281.55217775836655,281.3644738626118,-0.0006666753468190789,3,9180,9183,True,0.543223479915857,9983
MSFT,A-NOK30,2022-12-01,2022-12-02,2022-12-06,2022-12-07,242.90483392955983,238.0529099537657,-0.0199745879787685,3,9257,9260,True,0.543223479915857,9983
MSFT,A-NOK30,2023-01-31,2023-02-01,2023-02-06,2023-02-07,241.1351911203326,253.31831440266953,0.050524036851416154,4,9297,9301,True,0.5463834902825085,9982
MSFT,A-NOK30,2023-02-07,2023-02-08,2023-02-08,2023-02-09,265.63764785701306,266.2210502148411,0.0021962337136116616,1,9302,9303,True,0.5200801201802704,9985
MSFT,A-NOK30,2023-03-23,2023-03-24,2023-03-27,2023-03-28,270.24101876130743,268.8275985161655,-0.00523022097689152,2,9333,9335,True,0.5297475961538461,9984
MSFT,A-NOK30,2023-03-30,2023-03-31,2023-04-05,2023-04-06,276.56721287359744,276.0602584923825,-0.0018330241533245362,4,9338,9342,True,0.5463834902825085,9982
MSFT,A-NOK30,2023-04-06,2023-04-10,2023-04-11,2023-04-12,281.90881108908263,277.6003898328518,-0.015283031557567606,2,9343,9345,True,0.5297475961538461,9984
MSFT,A-NOK30,2023-05-10,2023-05-11,2023-05-11,2023-05-12,302.27137009537194,302.7100210129512,0.0014511824836100917,1,9366,9367,True,0.5200801201802704,9985
MSFT,A-NOK30,2023-05-26,2023-05-30,2023-05-31,2023-06-01,327.4813284245179,318.3963550941928,-0.02774195821799086,2,9378,9380,True,0.5297475961538461,9984
MSFT,A-NOK30,2023-06-01,2023-06-02,2023-06-07,2023-06-08,326.5239875083562,316.4522947423508,-0.0308451848908885,4,9381,9385,True,0.5463834902825085,9982
MSFT,A-NOK30,2023-09-14,2023-09-15,2023-09-15,2023-09-18,329.82917548465673,320.901090989623,-0.027068813672758485,1,9453,9454,True,0.5200801201802704,9985
MSFT,A-NOK30,2023-10-31,2023-11-01,2023-11-17,2023-11-20,332.6387311841403,364.1447942149405,0.09471555798281117,13,9486,9499,True,0.594003810287777,9973
MSFT,A-NOK30,2023-11-28,2023-11-29,2023-11-29,2023-11-30,376.44584793002184,371.27628513665223,-0.01373255362436776,1,9505,9506,True,0.5200801201802704,9985
MSFT,A-NOK30,2024-01-29,2024-01-30,2024-01-30,2024-01-31,404.40264755037606,399.20363992935813,-0.012856017764745986,1,9546,9547,True,0.5200801201802704,9985
MSFT,A-NOK30,2024-02-07,2024-02-08,2024-02-13,2024-02-14,406.15852265638233,401.03272774217567,-0.012620183076998193,4,9553,9557,True,0.5463834902825085,9982
MSFT,A-NOK30,2024-05-20,2024-05-21,2024-05-23,2024-05-24,420.22581467067795,420.58025544710625,0.0008434531246159782,3,9624,9627,True,0.543223479915857,9983
MSFT,A-NOK30,2024-06-21,2024-06-24,2024-06-24,2024-06-25,442.8404263927747,441.3143898379412,-0.0034460190711677052,1,9646,9647,True,0.5200801201802704,9985
MSFT,A-NOK30,2024-06-25,2024-06-26,2024-06-27,2024-06-28,442.05283004707155,446.05981801420484,0.00906450020172156,2,9648,9650,True,0.5297475961538461,9984
MSFT,A-NOK30,2024-07-02,2024-07-03,2024-07-09,2024-07-10,451.10061852531385,454.0836869882495,0.006612867152981483,4,9653,9657,True,0.5463834902825085,9982
MSFT,A-NOK30,2024-11-26,2024-11-27,2024-12-13,2024-12-16,420.12608556589345,442.02626356510217,0.052127632041009786,12,9756,9768,True,0.5919390415079205,9974
MSFT,A-NOK30,2024-12-17,2024-12-18,2024-12-18,2024-12-19,446.02882636391814,436.44249480171817,-0.02149262782037864,1,9770,9771,True,0.5200801201802704,9985
MSFT,A-NOK30,2025-05-19,2025-05-20,2025-05-21,2025-05-22,451.9797648957129,451.3448676580097,-0.0014047027920589539,2,9873,9875,True,0.5297475961538461,9984
MSFT,A-NOK30,2025-09-30,2025-10-01,2025-10-09,2025-10-10,511.5600762745242,516.3697201998212,0.00940191416094005,7,9965,9972,True,0.5661889968934763,9979
MSFT,A-NOK30,2026-07-20,2026-07-21,2026-07-22,2026-07-23,398.80999755859375,389.9700012207031,-0.022165934635557494,2,10165,10167,True,0.5297475961538461,9984
MSFT,A-NOK30,2026-07-30,2026-07-31,2026-08-12,2026-08-13,450.0,493.2699890136719,0.096155531141493,9,10173,10182,True,0.5753232434599579,9977
META,A-NOK30,2013-07-25,2013-07-26,2013-08-08,2013-08-09,33.4760309958102,38.25406500745441,0.14273000321460505,10,297,307,True,0.5862989323843416,3372
META,A-NOK30,2013-09-11,2013-09-12,2013-09-12,2013-09-13,45.13365186336737,44.64792695804786,-0.010761923426669262,1,330,331,True,0.5255841467021591,3381
META,A-NOK30,2014-01-07,2014-01-08,2014-01-13,2014-01-14,57.0985857129831,55.96850202597371,-0.019791798218785517,4,411,415,True,0.5476613380698638,3378
META,A-NOK30,2014-02-20,2014-02-21,2014-02-21,2014-02-24,69.08333496077402,68.1416138674887,-0.013631668097957905,1,441,442,True,0.5255841467021591,3381
META,A-NOK30,2014-06-10,2014-06-11,2014-06-12,2014-06-13,64.75137984546649,64.13677829767165,-0.009491713524277356,2,517,519,True,0.5325443786982249,3380
META,A-NOK30,2014-06-18,2014-06-19,2014-06-19,2014-06-20,64.89016794705601,63.898869634510284,-0.015276556432317068,1,523,524,True,0.5255841467021591,3381
META,A-NOK30,2014-06-25,2014-06-26,2014-07-02,2014-07-03,67.40805306321964,66.2779818573755,-0.016764632035645488,5,528,533,True,0.5543381699733492,3377
META,A-NOK30,2014-12-09,2014-12-10,2014-12-10,2014-12-11,75.98275551569961,75.85388643740679,-0.0016960305982348656,1,644,645,True,0.5255841467021591,3381
META,A-NOK30,2014-12-11,2014-12-12,2014-12-16,2014-12-17,76.48831533534643,74.35704098835191,-0.027864051360660835,3,646,649,True,0.5377330571174904,3379
META,A-NOK30,2014-12-18,2014-12-19,2014-12-30,2014-12-31,78.06447839075166,78.84759270892103,0.010031634545093482,7,651,658,True,0.5721481481481482,3375
META,A-NOK30,2015-03-04,2015-03-05,2015-03-06,2015-03-09,80.52288188956297,78.98636748920882,-0.019081711487443753,2,701,703,True,0.5325443786982249,3380
META,A-NOK30,2015-06-10,2015-06-11,2015-06-15,2015-06-16,81.59348549597834,80.11645382849782,-0.018102323469847637,3,769,772,True,0.5377330571174904,3379
META,A-NOK30,2015-06-18,2015-06-19,2015-06-29,2015-06-30,82.1089468088554,85.84613779746725,0.045515027702301314,7,775,782,True,0.5721481481481482,3375
META,A-NOK30,2015-10-22,2015-10-23,2015-10-30,2015-11-02,101.0228613218303,100.83451976728152,-0.001864345872651385,6,863,869,True,0.5654620853080569,3376
META,A-NOK30,2015-11-11,2015-11-12,2015-11-13,2015-11-16,107.53566842313103,102.42059715298532,-0.04756627587061568,2,877,879,True,0.5325443786982249,3380
META,A-NOK30,2016-04-28,2016-04-29,2016-05-13,2016-05-16,115.80307126909062,118.34076600554026,0.02191388111419612,11,992,1003,True,0.5891426876297835,3371
META,A-NOK30,2016-07-18,2016-07-19,2016-07-21,2016-07-22,117.95417345420974,118.85624776725669,0.007647667620655607,3,1047,1050,True,0.5377330571174904,3379
META,A-NOK30,2016-07-25,2016-07-26,2016-07-26,2016-07-27,120.93798086521186,121.35432213539455,0.0034426014656778747,1,1052,1053,True,0.5255841467021591,3381
META,A-NOK30,2016-08-10,2016-08-11,2016-08-15,2016-08-16,124.11012809593846,122.42491763286068,-0.01357834762506327,3,1064,1067,True,0.5377330571174904,3379
META,A-NOK30,2017-01-24,2017-01-25,2017-01-30,2017-01-31,128.868337001996,129.0368588191783,0.0013077053766876734,4,1178,1182,True,0.5476613380698638,3378
META,A-NOK30,2017-02-09,2017-02-10,2017-02-17,2017-02-21,132.9326529334247,132.33786789348608,-0.004474333632959904,6,1190,1196,True,0.5654620853080569,3376
META,A-NOK30,2017-06-08,2017-06-09,2017-06-09,2017-06-12,153.42269095908173,146.88015804135935,-0.042643841512774006,1,1272,1273,True,0.5255841467021591,3381
META,A-NOK30,2017-10-13,2017-10-16,2017-10-19,2017-10-20,172.97104056337912,173.97226472159687,0.005788391831122119,4,1361,1365,True,0.5476613380698638,3378
META,A-NOK30,2018-01-02,2018-01-03,2018-01-12,2018-01-16,180.2967176457999,179.920024921805,-0.0020892932989213797,8,1415,1423,True,0.5696502667457024,3374
META,A-NOK30,2018-02-01,2018-02-02,2018-02-02,2018-02-05,190.36826980548153,185.30275408797968,-0.026609033756927025,1,1436,1437,True,0.5255841467021591,3381
META,A-NOK30,2018-04-27,2018-04-30,2018-05-15,2018-05-16,172.27715804510706,182.1008567642753,0.05702264206492269,12,1495,1507,True,0.5979228486646885,3370
META,A-NOK30,2018-07-23,2018-07-24,2018-07-26,2018-07-27,213.2374569875546,178.304197771704,-0.16382327809269193,3,1554,1557,True,0.5377330571174904,3379
META,A-NOK30,2019-01-31,2019-02-01,2019-02-11,2019-02-12,164.39634462521155,165.40743510822756,0.006150322170003664,7,1686,1693,True,0.5721481481481482,3375
META,A-NOK30,2019-04-22,2019-04-23,2019-04-24,2019-04-25,181.14925091158926,195.26527031280025,0.07792480140091995,2,1741,1743,True,0.5325443786982249,3380
META,A-NOK30,2019-05-03,2019-05-06,2019-05-06,2019-05-07,189.5752126998016,190.86388707837614,0.006797694488757777,1,1750,1751,True,0.5255841467021591,3381
META,A-NOK30,2019-07-03,2019-07-05,2019-07-17,2019-07-18,194.47222153436704,198.4076601840089,0.02023650791147258,9,1792,1801,True,0.5822709753928254,3373
META,A-NOK30,2019-09-19,2019-09-20,2019-09-23,2019-09-24,189.00026741214742,186.3436074918448,-0.014056381806642149,2,1846,1848,True,0.5325443786982249,3380
META,A-NOK30,2019-10-28,2019-10-29,2019-10-31,2019-11-01,190.02130430737162,191.17120791450583,0.0060514457119722476,3,1873,1876,True,0.5377330571174904,3379
META,A-NOK30,2019-11-01,2019-11-04,2019-11-06,2019-11-07,192.85641455328835,190.23940973863412,-0.013569705839009627,3,1877,1880,True,0.5377330571174904,3379
META,A-NOK30,2019-11-15,2019-11-18,2019-12-02,2019-12-03,192.8663211407008,195.87989806463978,0.01562521079945567,10,1887,1897,True,0.5862989323843416,3372
META,A-NOK30,2020-01-02,2020-01-03,2020-01-14,2020-01-15,205.40621831494474,218.6895609435289,0.06466864897058322,8,1918,1926,True,0.5696502667457024,3374
META,A-NOK30,2020-01-15,2020-01-16,2020-01-22,2020-01-23,220.63253181010273,218.82834170856364,-0.008177353025581646,4,1927,1931,True,0.5476613380698638,3378
META,A-NOK30,2020-04-23,2020-04-24,2020-04-28,2020-04-29,181.63496693142514,189.26792646662525,0.04202362388780512,3,1995,1998,True,0.5377330571174904,3379
META,A-NOK30,2020-04-29,2020-04-30,2020-05-12,2020-05-13,205.118731697235,207.60689964991752,0.012130378986328516,9,1999,2008,True,0.5822709753928254,3373
META,A-NOK30,2020-05-19,2020-05-20,2020-05-27,2020-05-28,221.554414532137,222.3474544873753,0.0035794364870271878,5,2013,2018,True,0.5543381699733492,3377
META,A-NOK30,2020-08-20,2020-08-21,2020-09-03,2020-09-04,266.3510064576947,284.7494405794508,0.06907589487437638,10,2078,2088,True,0.5862989323843416,3372
META,A-NOK30,2020-10-21,2020-10-22,2020-10-28,2020-10-29,277.4337102381768,274.1425442091837,-0.011862891593698577,5,2121,2126,True,0.5543381699733492,3377
META,A-NOK30,2020-10-29,2020-10-30,2020-10-30,2020-11-02,272.1103795495679,262.29662424575497,-0.036065347158230066,1,2127,2128,True,0.5255841467021591,3381
META,A-NOK30,2020-11-04,2020-11-05,2020-11-10,2020-11-11,289.35897797355784,271.08946485439094,-0.06313788238786355,4,2131,2135,True,0.5476613380698638,3378
META,A-NOK30,2020-12-07,2020-12-08,2020-12-08,2020-12-09,283.5202173573667,281.190725155916,-0.008216317775019188,1,2153,2154,True,0.5255841467021591,3381
META,A-NOK30,2021-02-10,2021-02-11,2021-02-18,2021-02-19,269.5231973013296,267.5108477745137,-0.007466331458535258,5,2197,2202,True,0.5543381699733492,3377
META,A-NOK30,2021-03-31,2021-04-01,2021-04-13,2021-04-14,295.8023427996799,304.62494221154947,0.029825995725275112,8,2231,2239,True,0.5696502667457024,3374
META,A-NOK30,2021-06-07,2021-06-08,2021-06-08,2021-06-09,333.76902924962127,332.817352105482,-0.0028513045272020587,1,2277,2278,True,0.5255841467021591,3381
META,A-NOK30,2021-06-14,2021-06-15,2021-06-16,2021-06-17,334.05644356509714,327.61304327329054,-0.019288358048243914,2,2282,2284,True,0.5325443786982249,3380
META,A-NOK30,2021-09-07,2021-09-08,2021-09-08,2021-09-09,376.8507146056471,374.3526210127369,-0.006628867867543575,1,2341,2342,True,0.5255841467021591,3381
META,A-NOK30,2021-11-15,2021-11-16,2021-11-17,2021-11-18,340.83690901944357,336.76264000698353,-0.011953720106725907,2,2390,2392,True,0.5325443786982249,3380
META,A-NOK30,2021-11-19,2021-11-22,2021-11-22,2021-11-23,346.01146236419726,335.9796078452375,-0.0289928387065993,1,2394,2395,True,0.5255841467021591,3381
META,A-NOK30,2021-12-27,2021-12-28,2021-12-31,2022-01-03,343.6125808087769,335.3550557110125,-0.02403149814342742,4,2418,2422,True,0.5476613380698638,3378
META,A-NOK30,2022-04-04,2022-04-05,2022-04-05,2022-04-06,232.04231390079502,224.9347306089512,-0.03063054824941336,1,2486,2487,True,0.5255841467021591,3381
META,A-NOK30,2022-12-14,2022-12-15,2022-12-15,2022-12-16,117.29990833253575,119.1833816073748,0.016056903211719042,1,2662,2663,True,0.5255841467021591,3381
META,A-NOK30,2022-12-21,2022-12-22,2022-12-22,2022-12-23,116.17975407839512,115.01994630067168,-0.009982873409603132,1,2667,2668,True,0.5255841467021591,3381
META,A-NOK30,2022-12-23,2022-12-27,2022-12-27,2022-12-28,116.9034038330725,115.23803081847723,-0.014245718772853522,1,2669,2670,True,0.5255841467021591,3381
META,A-NOK30,2022-12-29,2022-12-30,2023-01-18,2023-01-19,117.13140390629331,131.33665519565676,0.12127619763464836,12,2672,2684,True,0.5979228486646885,3370
META,A-NOK30,2023-01-20,2023-01-23,2023-01-25,2023-01-26,138.07746248379212,143.14298160387807,0.03668606758094617,3,2686,2689,True,0.5377330571174904,3379
META,A-NOK30,2023-01-26,2023-01-27,2023-01-30,2023-01-31,146.94955074370452,146.66206232671513,-0.001956374929589222,2,2690,2692,True,0.5325443786982249,3380
META,A-NOK30,2023-02-01,2023-02-02,2023-02-03,2023-02-06,181.78366068183163,184.90623267945966,0.017177407396880007,2,2694,2696,True,0.5325443786982249,3380
META,A-NOK30,2023-02-07,2023-02-08,2023-02-08,2023-02-09,188.34602056954392,184.50975494418725,-0.0203681798731723,1,2698,2699,True,0.5255841467021591,3381
META,A-NOK30,2023-03-30,2023-03-31,2023-04-05,2023-04-06,205.43594899488193,207.4284504209406,0.009698893673708131,4,2734,2738,True,0.5476613380698638,3378
META,A-NOK30,2023-04-06,2023-04-10,2023-04-11,2023-04-12,212.84095483124625,212.96976895391873,0.0006052130464018202,2,2739,2741,True,0.5325443786982249,3380
META,A-NOK30,2023-09-11,2023-09-12,2023-09-12,2023-09-13,303.6633574024578,299.7278803744034,-0.012959999723768156,1,2846,2847,True,0.5255841467021591,3381
META,A-NOK30,2023-09-14,2023-09-15,2023-09-15,2023-09-18,308.89739058049656,295.59425860219534,-0.0430665081155307,1,2849,2850,True,0.5255841467021591,3381
META,A-NOK30,2023-11-20,2023-11-21,2023-11-21,2023-11-22,335.3847937518308,336.25712187256374,0.002600976958360368,1,2896,2897,True,0.5255841467021591,3381
META,A-NOK30,2023-11-22,2023-11-24,2023-11-24,2023-11-27,337.16909856399684,333.25353518012435,-0.011613055290502272,1,2898,2899,True,0.5255841467021591,3381
META,A-NOK30,2024-02-07,2024-02-08,2024-02-13,2024-02-14,464.24323169322327,463.8566307551382,-0.0008327551414697432,4,2949,2953,True,0.5476613380698638,3378
META,A-NOK30,2024-02-15,2024-02-16,2024-02-16,2024-02-20,473.94795697120554,465.63101374806274,-0.017548220433932782,1,2955,2956,True,0.5255841467021591,3381
META,A-NOK30,2024-06-26,2024-06-27,2024-06-28,2024-07-01,510.8209300507455,501.58294679281164,-0.01808458251116718,2,3045,3047,True,0.5325443786982249,3380
META,A-NOK30,2024-07-05,2024-07-08,2024-07-11,2024-07-12,538.733549875278,494.44087322434433,-0.08221629534894903,4,3051,3055,True,0.5476613380698638,3378
META,A-NOK30,2024-08-21,2024-08-22,2024-08-22,2024-08-23,533.41913366634,533.3397517008707,-0.00014881724418791542,1,3084,3085,True,0.5255841467021591,3381
META,A-NOK30,2024-09-30,2024-10-01,2024-10-01,2024-10-02,574.6736740742251,571.5714638381036,-0.005398211848000711,1,3111,3112,True,0.5255841467021591,3381
META,A-NOK30,2024-10-03,2024-10-04,2024-10-07,2024-10-08,580.3907699305325,586.3167671153983,0.010210357386584601,2,3114,3116,True,0.5325443786982249,3380
META,A-NOK30,2025-01-21,2025-01-22,2025-01-31,2025-02-03,620.2343211513619,672.5855459885331,0.08440555940211425,8,3187,3195,True,0.5696502667457024,3374
META,A-NOK30,2025-02-03,2025-02-04,2025-02-18,2025-02-19,699.0448111623289,700.6369269472729,0.002277558976937044,10,3196,3206,True,0.5862989323843416,3372
META,A-NOK30,2025-05-12,2025-05-13,2025-05-15,2025-05-16,642.9363519991007,635.3870402976211,-0.011741926985472717,3,3264,3267,True,0.5377330571174904,3379
META,A-NOK30,2025-07-31,2025-08-01,2025-08-14,2025-08-15,758.2448261685668,781.5884278136772,0.030786364561254276,10,3319,3329,True,0.5862989323843416,3372
META,A-NOK30,2025-12-23,2025-12-24,2026-01-02,2026-01-05,661.3503083186049,649.8508280292294,-0.01738788074146569,6,3420,3426,True,0.5654620853080569,3376
AMD,A-NOK30,1981-03-23,1981-03-24,1981-03-27,1981-03-30,4.3333330154418945,4.2916669845581055,-0.009615238601628717,4,257,261,True,0.48956158663883087,11496
AMD,A-NOK30,1981-10-21,1981-10-22,1981-10-22,1981-10-23,3.2708330154418945,3.0833330154418945,-0.057324846335718105,1,405,406,True,0.4729106878859031,11499
AMD,A-NOK30,1981-10-29,1981-10-30,1981-11-06,1981-11-09,3.2083330154418945,3.2291669845581055,0.006493705303014297,6,411,417,True,0.49634591961023145,11494
AMD,A-NOK30,1982-03-15,1982-03-16,1982-03-24,1982-03-25,3.3125,3.6666669845581055,0.1069183349609375,7,504,511,True,0.5026537892630296,11493
AMD,A-NOK30,1982-04-02,1982-04-05,1982-04-14,1982-04-15,3.8958330154418945,3.9583330154418945,0.01604278205771892,7,518,525,True,0.5026537892630296,11493
AMD,A-NOK30,1982-04-15,1982-04-16,1982-04-19,1982-04-20,4.0833330154418945,4.0416669845581055,-0.010203926725109391,2,526,528,True,0.47408244912158637,11498
AMD,A-NOK30,1982-05-14,1982-05-17,1982-05-17,1982-05-18,4.4583330154418945,4.2916669845581055,-0.037383037630101645,1,547,548,True,0.4729106878859031,11499
AMD,A-NOK30,1982-07-29,1982-07-30,1982-07-30,1982-08-02,4.4583330154418945,4.2291669845581055,-0.051401730218458064,1,599,600,True,0.4729106878859031,11499
AMD,A-NOK30,1982-11-02,1982-11-03,1982-11-09,1982-11-10,6.25,6.625,0.06000000000000005,5,666,671,True,0.4955197912135711,11495
AMD,A-NOK30,1983-01-28,1983-01-31,1983-02-02,1983-02-03,8.78125,8.75,-0.003558718861209953,3,727,730,True,0.48377837696790466,11497
AMD,A-NOK30,1983-02-04,1983-02-07,1983-02-07,1983-02-08,9.5,9.21875,-0.02960526315789469,1,732,733,True,0.4729106878859031,11499
AMD,A-NOK30,1983-04-29,1983-05-02,1983-05-02,1983-05-03,9.40625,9.375,-0.0033222591362126463,1,790,791,True,0.4729106878859031,11499
AMD,A-NOK30,1983-05-03,1983-05-04,1983-05-12,1983-05-13,10.21875,10.96875,0.07339449541284404,7,792,799,True,0.5026537892630296,11493
AMD,A-NOK30,1983-05-13,1983-05-16,1983-05-16,1983-05-17,11.40625,11.375,-0.002739726027397249,1,800,801,True,0.4729106878859031,11499
AMD,A-NOK30,1983-05-20,1983-05-23,1983-05-26,1983-05-27,11.96875,12.53125,0.04699738903394257,4,805,809,True,0.48956158663883087,11496
AMD,A-NOK30,1983-06-02,1983-06-03,1983-06-08,1983-06-09,13.125,13.1875,0.004761904761904745,4,813,817,True,0.48956158663883087,11496
AMD,A-NOK30,1983-06-30,1983-07-01,1983-07-05,1983-07-06,16.1875,15.71875,-0.02895752895752901,2,833,835,True,0.47408244912158637,11498
AMD,A-NOK30,1983-09-19,1983-09-20,1983-09-26,1983-09-27,16.0,14.9375,-0.06640625,5,888,893,True,0.4955197912135711,11495
AMD,A-NOK30,1983-10-17,1983-10-18,1983-10-18,1983-10-19,16.3125,14.0,-0.14176245210727967,1,908,909,True,0.4729106878859031,11499
AMD,A-NOK30,1983-11-29,1983-11-30,1983-11-30,1983-12-01,17.6875,16.9375,-0.04240282685512364,1,938,939,True,0.4729106878859031,11499
AMD,A-NOK30,1984-04-26,1984-04-27,1984-05-03,1984-05-04,16.75,16.875,0.00746268656716409,5,1041,1046,True,0.4955197912135711,11495
AMD,A-NOK30,1984-08-17,1984-08-20,1984-08-22,1984-08-23,19.3125,19.75,0.02265372168284796,3,1120,1123,True,0.48377837696790466,11497
AMD,A-NOK30,1984-08-23,1984-08-24,1984-08-27,1984-08-28,20.375,20.0,-0.018404907975460127,2,1124,1126,True,0.47408244912158637,11498
AMD,A-NOK30,1985-01-29,1985-01-30,1985-01-31,1985-02-01,18.0,17.3125,-0.03819444444444442,2,1233,1235,True,0.47408244912158637,11498
AMD,A-NOK30,1985-07-16,1985-07-17,1985-07-29,1985-07-30,14.4375,14.4375,0.0,9,1349,1358,True,0.5044817683404403,11491
AMD,A-NOK30,1985-08-01,1985-08-02,1985-08-05,1985-08-06,15.25,14.875,-0.024590163934426257,2,1361,1363,True,0.47408244912158637,11498
AMD,A-NOK30,1985-11-27,1985-11-29,1985-12-05,1985-12-06,13.8125,14.5,0.04977375565610864,5,1443,1448,True,0.4955197912135711,11495
AMD,A-NOK30,1985-12-06,1985-12-09,1985-12-12,1985-12-13,15.0,14.9375,-0.004166666666666652,4,1449,1453,True,0.48956158663883087,11496
AMD,A-NOK30,1986-01-24,1986-01-27,1986-01-27,1986-01-28,14.5625,14.3125,-0.01716738197424894,1,1482,1483,True,0.4729106878859031,11499
AMD,A-NOK30,1986-04-25,1986-04-28,1986-04-28,1986-04-29,15.5625,15.0625,-0.032128514056224855,1,1545,1546,True,0.4729106878859031,11499
AMD,A-NOK30,1986-11-24,1986-11-25,1986-12-05,1986-12-08,7.9375,7.875,-0.007874015748031482,8,1693,1701,True,0.5043508527671423,11492
AMD,A-NOK30,1987-02-02,1987-02-03,1987-02-12,1987-02-13,9.8125,10.75,0.09554140127388533,8,1740,1748,True,0.5043508527671423,11492
AMD,A-NOK30,1987-02-17,1987-02-18,1987-02-18,1987-02-19,12.0,11.8125,-0.015625,1,1750,1751,True,0.4729106878859031,11499
AMD,A-NOK30,1987-04-24,1987-04-27,1987-04-30,1987-05-01,10.5,11.0625,0.0535714285714286,4,1797,1801,True,0.48956158663883087,11496
AMD,A-NOK30,1987-05-01,1987-05-04,1987-05-04,1987-05-05,11.4375,11.25,-0.016393442622950838,1,1802,1803,True,0.4729106878859031,11499
AMD,A-NOK30,1987-05-05,1987-05-06,1987-05-06,1987-05-07,11.375,11.0,-0.03296703296703296,1,1804,1805,True,0.4729106878859031,11499
AMD,A-NOK30,1987-08-21,1987-08-24,1987-08-28,1987-08-31,10.9375,11.0625,0.011428571428571344,5,1880,1885,True,0.4955197912135711,11495
AMD,A-NOK30,1988-03-03,1988-03-04,1988-03-04,1988-03-07,6.125,6.0625,-0.010204081632653073,1,2014,2015,True,0.4729106878859031,11499
AMD,A-NOK30,1988-03-09,1988-03-10,1988-03-10,1988-03-11,6.75,6.375,-0.05555555555555558,1,2018,2019,True,0.4729106878859031,11499
AMD,A-NOK30,1988-04-25,1988-04-26,1988-05-06,1988-05-09,6.75,7.0625,0.04629629629629628,9,2050,2059,True,0.5044817683404403,11491
AMD,A-NOK30,1988-05-13,1988-05-16,1988-05-18,1988-05-19,7.5,7.0,-0.06666666666666665,3,2064,2067,True,0.48377837696790466,11497
AMD,A-NOK30,1988-12-29,1988-12-30,1988-12-30,1989-01-03,4.375,4.3125,-0.014285714285714235,1,2223,2224,True,0.4729106878859031,11499
AMD,A-NOK30,1989-01-04,1989-01-05,1989-01-10,1989-01-11,4.5,4.4375,-0.01388888888888884,4,2226,2230,True,0.48956158663883087,11496
AMD,A-NOK30,1989-05-25,1989-05-26,1989-06-05,1989-06-06,4.625,5.0,0.08108108108108114,6,2325,2331,True,0.49634591961023145,11494
AMD,A-NOK30,1989-10-10,1989-10-11,1989-10-13,1989-10-16,4.4375,3.9375,-0.11267605633802813,3,2420,2423,True,0.48377837696790466,11497
AMD,A-NOK30,1989-12-26,1989-12-27,1990-01-05,1990-01-08,4.0,3.8125,-0.046875,7,2473,2480,True,0.5026537892630296,11493
AMD,A-NOK30,1990-03-19,1990-03-20,1990-03-20,1990-03-21,4.875,4.625,-0.05128205128205132,1,2530,2531,True,0.4729106878859031,11499
AMD,A-NOK30,1990-03-22,1990-03-23,1990-03-28,1990-03-29,4.9375,4.75,-0.03797468354430378,4,2533,2537,True,0.48956158663883087,11496
AMD,A-NOK30,1990-05-23,1990-05-24,1990-05-24,1990-05-25,5.5,5.375,-0.022727272727272707,1,2576,2577,True,0.4729106878859031,11499
AMD,A-NOK30,1990-12-19,1990-12-20,1990-12-26,1990-12-27,2.5,2.5625,0.02499999999999991,4,2722,2726,True,0.48956158663883087,11496
AMD,A-NOK30,1991-01-22,1991-01-23,1991-01-28,1991-01-29,3.0,3.4375,0.14583333333333326,4,2744,2748,True,0.48956158663883087,11496
AMD,A-NOK30,1991-02-01,1991-02-04,1991-02-06,1991-02-07,3.75,4.0,0.06666666666666665,3,2752,2755,True,0.48377837696790466,11497
AMD,A-NOK30,1991-02-07,1991-02-08,1991-02-08,1991-02-11,4.0,3.9375,-0.015625,1,2756,2757,True,0.4729106878859031,11499
AMD,A-NOK30,1991-02-12,1991-02-13,1991-02-14,1991-02-15,4.0625,3.9375,-0.03076923076923077,2,2759,2761,True,0.47408244912158637,11498
AMD,A-NOK30,1991-03-14,1991-03-15,1991-03-25,1991-03-26,5.0625,5.5625,0.09876543209876543,7,2780,2787,True,0.5026537892630296,11493
AMD,A-NOK30,1991-10-30,1991-10-31,1991-11-15,1991-11-18,6.25,6.3125,0.010000000000000009,12,2940,2952,True,0.5098363509749304,11488
AMD,A-NOK30,1991-12-12,1991-12-13,1991-12-16,1991-12-17,8.0,7.875,-0.015625,2,2970,2972,True,0.47408244912158637,11498
AMD,A-NOK30,1991-12-23,1991-12-24,1991-12-27,1991-12-30,8.6875,8.375,-0.03597122302158273,3,2977,2980,True,0.48377837696790466,11497
AMD,A-NOK30,1991-12-31,1992-01-02,1992-01-08,1992-01-09,8.6875,10.0,0.15107913669064743,5,2982,2987,True,0.4955197912135711,11495
AMD,A-NOK30,1992-01-14,1992-01-15,1992-01-15,1992-01-16,10.0625,9.625,-0.04347826086956519,1,2991,2992,True,0.4729106878859031,11499
AMD,A-NOK30,1992-09-10,1992-09-11,1992-09-14,1992-09-15,6.1875,6.0625,-0.02020202020202022,2,3158,3160,True,0.47408244912158637,11498
AMD,A-NOK30,1993-01-05,1993-01-06,1993-01-08,1993-01-11,9.75,9.875,0.012820512820512775,3,3238,3241,True,0.48377837696790466,11497
AMD,A-NOK30,1993-02-11,1993-02-12,1993-02-16,1993-02-17,10.5,10.0,-0.04761904761904767,2,3265,3267,True,0.47408244912158637,11498
AMD,A-NOK30,1993-02-18,1993-02-19,1993-03-01,1993-03-02,10.6875,10.5,-0.01754385964912286,7,3269,3276,True,0.5026537892630296,11493
AMD,A-NOK30,1993-03-02,1993-03-03,1993-03-10,1993-03-11,11.3125,12.0,0.06077348066298338,6,3277,3283,True,0.49634591961023145,11494
AMD,A-NOK30,1993-04-19,1993-04-20,1993-04-26,1993-04-27,13.9375,14.5,0.04035874439461873,5,3310,3315,True,0.4955197912135711,11495
AMD,A-NOK30,1993-07-14,1993-07-15,1993-07-15,1993-07-16,12.5,12.0625,-0.03500000000000003,1,3370,3371,True,0.4729106878859031,11499
AMD,A-NOK30,1993-07-21,1993-07-22,1993-07-22,1993-07-23,12.4375,12.1875,-0.02010050251256279,1,3375,3376,True,0.4729106878859031,11499
AMD,A-NOK30,1993-07-26,1993-07-27,1993-07-27,1993-07-28,12.375,12.1875,-0.015151515151515138,1,3378,3379,True,0.4729106878859031,11499
AMD,A-NOK30,1993-08-03,1993-08-04,1993-08-18,1993-08-19,12.5625,15.75,0.25373134328358216,11,3384,3395,True,0.5088345373835843,11489
AMD,A-NOK30,1994-01-24,1994-01-25,1994-01-25,1994-01-26,10.5,10.4375,-0.005952380952380931,1,3505,3506,True,0.4729106878859031,11499
AMD,A-NOK30,1994-02-03,1994-02-04,1994-02-04,1994-02-07,10.4375,10.125,-0.029940119760479056,1,3513,3514,True,0.4729106878859031,11499
AMD,A-NOK30,1994-02-08,1994-02-09,1994-02-11,1994-02-14,10.9375,10.75,-0.017142857142857126,3,3516,3519,True,0.48377837696790466,11497
AMD,A-NOK30,1994-02-15,1994-02-16,1994-02-22,1994-02-23,11.0,10.875,-0.011363636363636354,4,3521,3525,True,0.48956158663883087,11496
AMD,A-NOK30,1994-03-03,1994-03-04,1994-03-08,1994-03-09,11.8125,11.0625,-0.06349206349206349,3,3532,3535,True,0.48377837696790466,11497
AMD,A-NOK30,1994-03-10,1994-03-11,1994-03-23,1994-03-24,14.4375,15.125,0.04761904761904767,9,3537,3546,True,0.5044817683404403,11491
AMD,A-NOK30,1994-08-08,1994-08-09,1994-08-22,1994-08-23,13.6875,14.375,0.05022831050228316,10,3640,3650,True,0.5081810269799826,11490
AMD,A-NOK30,1994-09-22,1994-09-23,1994-09-26,1994-09-27,15.0,14.75,-0.01666666666666672,2,3672,3674,True,0.47408244912158637,11498
AMD,A-NOK30,1994-09-30,1994-10-03,1994-10-03,1994-10-04,15.125,13.375,-0.11570247933884292,1,3678,3679,True,0.4729106878859031,11499
AMD,A-NOK30,1995-06-19,1995-06-20,1995-06-21,1995-06-22,18.6875,17.9375,-0.04013377926421402,2,3858,3860,True,0.47408244912158637,11498
AMD,A-NOK30,1995-06-23,1995-06-26,1995-06-26,1995-06-27,19.125,18.5,-0.0326797385620915,1,3862,3863,True,0.4729106878859031,11499
AMD,A-NOK30,1996-02-05,1996-02-06,1996-02-07,1996-02-08,10.375,10.3125,-0.0060240963855421326,2,4018,4020,True,0.47408244912158637,11498
AMD,A-NOK30,1996-02-09,1996-02-12,1996-02-13,1996-02-14,10.4375,10.125,-0.029940119760479056,2,4022,4024,True,0.47408244912158637,11498
AMD,A-NOK30,1996-10-07,1996-10-08,1996-10-22,1996-10-23,8.25,8.625,0.045454545454545414,11,4188,4199,True,0.5088345373835843,11489
AMD,A-NOK30,1996-10-23,1996-10-24,1996-10-24,1996-10-25,8.8125,8.625,-0.021276595744680882,1,4200,4201,True,0.4729106878859031,11499
AMD,A-NOK30,1997-01-14,1997-01-15,1997-01-23,1997-01-24,16.8125,15.9375,-0.052044609665427455,7,4256,4263,True,0.5026537892630296,11493
AMD,A-NOK30,1997-03-04,1997-03-05,1997-03-14,1997-03-17,19.25,21.75,0.1298701298701299,8,4290,4298,True,0.5043508527671423,11492
AMD,A-NOK30,1997-05-08,1997-05-09,1997-05-09,1997-05-12,22.5,22.5,0.0,1,4336,4337,True,0.4729106878859031,11499
AMD,A-NOK30,1998-03-26,1998-03-27,1998-04-08,1998-04-09,11.5,13.8125,0.20108695652173902,9,4558,4567,True,0.5044817683404403,11491
AMD,A-NOK30,1998-11-19,1998-11-20,1998-11-20,1998-11-23,14.46875,13.75,-0.049676025917926525,1,4724,4725,True,0.4729106878859031,11499
AMD,A-NOK30,1999-01-11,1999-01-12,1999-01-13,1999-01-14,16.125,12.625,-0.21705426356589153,2,4758,4760,True,0.47408244912158637,11498
AMD,A-NOK30,1999-05-05,1999-05-06,1999-05-14,1999-05-17,8.71875,9.3125,0.06810035842293916,7,4837,4844,True,0.5026537892630296,11493
AMD,A-NOK30,1999-05-18,1999-05-19,1999-05-20,1999-05-21,9.96875,10.25,0.028213166144200663,2,4846,4848,True,0.47408244912158637,11498
AMD,A-NOK30,1999-08-25,1999-08-26,1999-09-02,1999-09-03,9.5,10.15625,0.06907894736842102,6,4915,4921,True,0.49634591961023145,11494
AMD,A-NOK30,1999-09-03,1999-09-07,1999-09-08,1999-09-09,10.6875,10.90625,0.020467836257309857,2,4922,4924,True,0.47408244912158637,11498
AMD,A-NOK30,1999-11-10,1999-11-11,1999-11-12,1999-11-15,11.5625,13.34375,0.15405405405405403,2,4969,4971,True,0.47408244912158637,11498
AMD,A-NOK30,1999-11-26,1999-11-29,1999-11-30,1999-12-01,14.1875,14.125,-0.004405286343612369,2,4980,4982,True,0.47408244912158637,11498
AMD,A-NOK30,1999-12-02,1999-12-03,1999-12-08,1999-12-09,14.9375,15.34375,0.027196652719665204,4,4984,4988,True,0.48956158663883087,11496
AMD,A-NOK30,2000-03-21,2000-03-22,2000-04-11,2000-04-12,27.75,34.875,0.2567567567567568,15,5059,5074,True,0.5117979973878972,11485
AMD,A-NOK30,2000-04-18,2000-04-19,2000-05-02,2000-05-03,39.34375,44.75,0.13741064336775222,9,5079,5088,True,0.5044817683404403,11491
AMD,A-NOK30,2000-05-05,2000-05-08,2000-05-08,2000-05-09,45.0,44.0,-0.022222222222222254,1,5091,5092,True,0.4729106878859031,11499
AMD,A-NOK30,2001-01-17,2001-01-18,2001-01-26,2001-01-29,18.5625,21.700000762939453,0.16902361012468425,7,5267,5274,True,0.5026537892630296,11493
AMD,A-NOK30,2001-01-29,2001-01-30,2001-02-02,2001-02-05,23.139999389648438,23.639999389648438,0.021607606447201277,4,5275,5279,True,0.48956158663883087,11496
AMD,A-NOK30,2001-03-22,2001-03-23,2001-03-30,2001-04-02,27.079999923706055,26.700000762939453,-0.014032465355878654,6,5312,5318,True,0.49634591961023145,11494
AMD,A-NOK30,2001-04-27,2001-04-30,2001-05-04,2001-05-07,30.75,31.0,0.008130081300812941,5,5337,5342,True,0.4955197912135711,11495
AMD,A-NOK30,2001-11-14,2001-11-15,2001-11-15,2001-11-16,14.0,13.75,-0.017857142857142905,1,5473,5474,True,0.4729106878859031,11499
AMD,A-NOK30,2001-11-26,2001-11-27,2001-11-28,2001-11-29,13.819999694824219,12.979999542236328,-0.060781488504842884,2,5480,5482,True,0.47408244912158637,11498
AMD,A-NOK30,2002-08-21,2002-08-22,2002-08-22,2002-08-23,10.5,10.329999923706055,-0.016190483456566263,1,5665,5666,True,0.4729106878859031,11499
AMD,A-NOK30,2003-04-02,2003-04-03,2003-04-10,2003-04-11,7.190000057220459,7.03000020980835,-0.022253107946978656,6,5819,5825,True,0.49634591961023145,11494
AMD,A-NOK30,2003-04-11,2003-04-14,2003-04-24,2003-04-25,7.159999847412109,7.800000190734863,0.08938552471534944,8,5826,5834,True,0.5043508527671423,11492
AMD,A-NOK30,2003-07-29,2003-07-30,2003-08-01,2003-08-04,7.309999942779541,7.190000057220459,-0.016415853146156567,3,5900,5903,True,0.48377837696790466,11497
AMD,A-NOK30,2003-08-13,2003-08-14,2003-09-03,2003-09-04,7.619999885559082,10.930000305175781,0.43438326369132785,14,5911,5925,True,0.5123628765453596,11486
AMD,A-NOK30,2003-09-04,2003-09-05,2003-09-05,2003-09-08,11.619999885559082,12.210000038146973,0.0507745403096882,1,5926,5927,True,0.4729106878859031,11499
AMD,A-NOK30,2003-09-08,2003-09-09,2003-09-09,2003-09-10,12.369999885559082,12.0,-0.029911066207124692,1,5928,5929,True,0.4729106878859031,11499
AMD,A-NOK30,2003-10-28,2003-10-29,2003-11-11,2003-11-12,14.720000267028809,16.700000762939453,0.1345109008146983,10,5964,5974,True,0.5081810269799826,11490
AMD,A-NOK30,2003-11-12,2003-11-13,2003-11-14,2003-11-17,17.799999237060547,17.549999237060547,-0.014044944422215822,2,5975,5977,True,0.47408244912158637,11498
AMD,A-NOK30,2004-01-16,2004-01-20,2004-01-21,2004-01-22,17.239999771118164,15.930000305175781,-0.07598604891729754,2,6019,6021,True,0.47408244912158637,11498
AMD,A-NOK30,2004-03-24,2004-03-25,2004-04-07,2004-04-08,15.649999618530273,17.239999771118164,0.1015974563159261,10,6065,6075,True,0.5081810269799826,11490
AMD,A-NOK30,2004-04-12,2004-04-13,2004-04-13,2004-04-14,17.5,16.75,-0.042857142857142816,1,6077,6078,True,0.4729106878859031,11499
AMD,A-NOK30,2004-06-07,2004-06-08,2004-06-09,2004-06-10,15.800000190734863,15.65999984741211,-0.00886078111599331,2,6116,6118,True,0.47408244912158637,11498
AMD,A-NOK30,2004-09-30,2004-10-01,2004-10-12,2004-10-13,13.100000381469727,14.140000343322754,0.07938930775331365,8,6196,6204,True,0.5043508527671423,11492
AMD,A-NOK30,2004-10-18,2004-10-19,2004-11-03,2004-11-04,14.449999809265137,17.149999618530273,0.18685120033938918,12,6208,6220,True,0.5098363509749304,11488
AMD,A-NOK30,2004-11-11,2004-11-12,2004-11-19,2004-11-22,19.079999923706055,20.5,0.07442348438008417,6,6226,6232,True,0.49634591961023145,11494
AMD,A-NOK30,2005-06-01,2005-06-02,2005-06-06,2005-06-07,16.719999313354492,17.200000762939453,0.02870822184792665,3,6364,6367,True,0.48377837696790466,11497
AMD,A-NOK30,2005-06-09,2005-06-10,2005-06-10,2005-06-13,18.239999771118164,17.450000762939453,-0.04331134967609063,1,6370,6371,True,0.4729106878859031,11499
AMD,A-NOK30,2005-11-18,2005-11-21,2005-11-23,2005-11-25,27.0,26.5,-0.01851851851851849,3,6484,6487,True,0.48377837696790466,11497
AMD,A-NOK30,2005-12-01,2005-12-02,2005-12-06,2005-12-07,27.459999084472656,26.969999313354492,-0.01784412918626921,3,6492,6495,True,0.48377837696790466,11497
AMD,A-NOK30,2006-01-04,2006-01-05,2006-01-09,2006-01-10,32.5099983215332,33.2400016784668,0.02245473376263063,3,6514,6517,True,0.48377837696790466,11497
AMD,A-NOK30,2006-01-10,2006-01-11,2006-01-12,2006-01-13,35.04999923706055,34.189998626708984,-0.024536394552677532,2,6518,6520,True,0.47408244912158637,11498
AMD,A-NOK30,2006-01-24,2006-01-25,2006-02-03,2006-02-06,37.20000076293945,40.099998474121094,0.07795692612110816,8,6527,6535,True,0.5043508527671423,11492
AMD,A-NOK30,2006-09-05,2006-09-06,2006-09-06,2006-09-07,25.850000381469727,23.889999389648438,-0.07582208753955355,1,6682,6683,True,0.4729106878859031,11499
AMD,A-NOK30,2006-09-11,2006-09-12,2006-09-21,2006-09-22,26.06999969482422,26.799999237060547,0.028001517099413675,8,6686,6694,True,0.5043508527671423,11492
AMD,A-NOK30,2007-04-24,2007-04-25,2007-04-30,2007-05-01,14.59000015258789,13.859999656677246,-0.05003430351446303,4,6840,6844,True,0.48956158663883087,11496
AMD,A-NOK30,2007-07-11,2007-07-12,2007-07-20,2007-07-23,14.850000381469727,15.510000228881836,0.044444433027468255,7,6894,6901,True,0.5026537892630296,11493
AMD,A-NOK30,2007-10-05,2007-10-08,2007-10-17,2007-10-18,13.550000190734863,14.020000457763672,0.03468636608213349,8,6955,6963,True,0.5043508527671423,11492
AMD,A-NOK30,2007-10-18,2007-10-19,2007-10-19,2007-10-22,14.489999771118164,13.600000381469727,-0.06142162896526793,1,6964,6965,True,0.4729106878859031,11499
AMD,A-NOK30,2008-06-16,2008-06-17,2008-06-18,2008-06-19,7.880000114440918,7.329999923706055,-0.069796977505994,2,7129,7131,True,0.47408244912158637,11498
AMD,A-NOK30,2008-08-27,2008-08-28,2008-09-03,2008-09-04,6.139999866485596,6.119999885559082,-0.003257325954627577,4,7180,7184,True,0.48956158663883087,11496
AMD,A-NOK30,2009-03-24,2009-03-25,2009-03-25,2009-03-26,3.2100000381469727,3.299999952316284,0.028037356105847788,1,7323,7324,True,0.4729106878859031,11499
AMD,A-NOK30,2009-03-26,2009-03-27,2009-03-27,2009-03-30,3.430000066757202,3.200000047683716,-0.06705539784170722,1,7325,7326,True,0.4729106878859031,11499
AMD,A-NOK30,2009-04-06,2009-04-07,2009-04-15,2009-04-16,3.4100000858306885,3.5199999809265137,0.03225803294049734,6,7332,7338,True,0.49634591961023145,11494
AMD,A-NOK30,2009-05-12,2009-05-13,2009-05-14,2009-05-15,4.360000133514404,4.260000228881836,-0.022935757240897803,2,7357,7359,True,0.47408244912158637,11498
AMD,A-NOK30,2009-05-20,2009-05-21,2009-05-21,2009-05-22,4.449999809265137,4.429999828338623,-0.004494377928932147,1,7363,7364,True,0.4729106878859031,11499
AMD,A-NOK30,2009-12-03,2009-12-04,2009-12-17,2009-12-18,8.09000015258789,9.0,0.11248452784280993,10,7500,7510,True,0.5081810269799826,11490
AMD,A-NOK30,2009-12-21,2009-12-22,2009-12-22,2009-12-23,9.550000190734863,9.449999809265137,-0.010471243923821483,1,7512,7513,True,0.4729106878859031,11499
AMD,A-NOK30,2009-12-23,2009-12-24,2009-12-29,2009-12-30,9.789999961853027,9.630000114440918,-0.016343191832027815,3,7514,7517,True,0.48377837696790466,11497
AMD,A-NOK30,2010-03-16,2010-03-17,2010-03-18,2010-03-19,9.470000267028809,9.109999656677246,-0.03801484690607215,2,7569,7571,True,0.47408244912158637,11498
AMD,A-NOK30,2010-04-14,2010-04-15,2010-04-19,2010-04-20,9.970000267028809,9.739999771118164,-0.023069256745284705,3,7589,7592,True,0.48377837696790466,11497
AMD,A-NOK30,2010-10-12,2010-10-13,2010-10-15,2010-10-18,7.449999809265137,7.110000133514404,-0.04563754153763799,3,7715,7718,True,0.48377837696790466,11497
AMD,A-NOK30,2011-02-14,2011-02-15,2011-02-22,2011-02-23,8.600000381469727,8.779999732971191,0.02093015622293537,5,7801,7806,True,0.4955197912135711,11495
AMD,A-NOK30,2011-02-25,2011-02-28,2011-03-01,2011-03-02,9.34000015258789,9.050000190734863,-0.03104924594382108,2,7809,7811,True,0.47408244912158637,11498
AMD,A-NOK30,2011-03-03,2011-03-04,2011-03-07,2011-03-08,9.329999923706055,8.880000114440918,-0.04823149120524195,2,7813,7815,True,0.47408244912158637,11498
AMD,A-NOK30,2011-09-08,2011-09-09,2011-09-09,2011-09-12,6.690000057220459,6.400000095367432,-0.04334827494359028,1,7944,7945,True,0.4729106878859031,11499
AMD,A-NOK30,2011-09-13,2011-09-14,2011-09-19,2011-09-20,7.019999980926514,6.960000038146973,-0.008547000419168338,4,7947,7951,True,0.48956158663883087,11496
AMD,A-NOK30,2011-11-11,2011-11-14,2011-11-16,2011-11-17,5.929999828338623,5.710000038146973,-0.03709945979092655,3,7990,7993,True,0.48377837696790466,11497
AMD,A-NOK30,2012-01-09,2012-01-10,2012-01-13,2012-01-17,5.659999847412109,5.769999980926514,0.01943465308832093,4,8028,8032,True,0.48956158663883087,11496
AMD,A-NOK30,2012-01-18,2012-01-19,2012-01-24,2012-01-25,6.019999980926514,6.28000020980835,0.04318940692784201,4,8034,8038,True,0.48956158663883087,11496
AMD,A-NOK30,2012-01-25,2012-01-26,2012-01-30,2012-01-31,6.730000019073486,6.789999961853027,0.008915296078676915,3,8039,8042,True,0.48377837696790466,11497
AMD,A-NOK30,2012-02-01,2012-02-02,2012-02-06,2012-02-07,6.900000095367432,6.960000038146973,0.008695643760907146,3,8044,8047,True,0.48377837696790466,11497
AMD,A-NOK30,2012-02-07,2012-02-08,2012-02-08,2012-02-09,7.139999866485596,7.300000190734863,0.022409009417533987,1,8048,8049,True,0.4729106878859031,11499
AMD,A-NOK30,2012-02-16,2012-02-17,2012-02-17,2012-02-21,7.659999847412109,7.440000057220459,-0.02872059981384678,1,8055,8056,True,0.4729106878859031,11499
AMD,A-NOK30,2012-12-17,2012-12-18,2012-12-20,2012-12-21,2.5,2.3299999237060547,-0.06800003051757808,3,8264,8267,True,0.48377837696790466,11497
AMD,A-NOK30,2012-12-21,2012-12-24,2012-12-24,2012-12-26,2.5399999618530273,2.490000009536743,-0.0196850208926016,1,8268,8269,True,0.4729106878859031,11499
AMD,A-NOK30,2013-01-02,2013-01-03,2013-01-14,2013-01-15,2.5199999809265137,2.619999885559082,0.03968250213867153,8,8274,8282,True,0.5043508527671423,11492
AMD,A-NOK30,2013-01-16,2013-01-17,2013-01-18,2013-01-22,2.759999990463257,2.5199999809265137,-0.08695652549493671,2,8284,8286,True,0.47408244912158637,11498
AMD,A-NOK30,2013-05-08,2013-05-09,2013-05-16,2013-05-17,3.9100000858306885,3.930000066757202,0.005115084523652724,6,8361,8367,True,0.49634591961023145,11494
AMD,A-NOK30,2013-07-11,2013-07-12,2013-07-19,2013-07-22,4.480000019073486,4.010000228881836,-0.10491066700683893,6,8405,8411,True,0.49634591961023145,11494
AMD,A-NOK30,2013-10-02,2013-10-03,2013-10-08,2013-10-09,3.930000066757202,3.75,-0.04580154292611183,4,8463,8467,True,0.48956158663883087,11496
AMD,A-NOK30,2013-12-23,2013-12-24,2014-01-08,2014-01-09,3.7699999809265137,4.199999809265137,0.11405831048119697,10,8520,8530,True,0.5081810269799826,11490
AMD,A-NOK30,2014-01-14,2014-01-15,2014-01-16,2014-01-17,4.340000152587891,4.150000095367432,-0.043778813488558055,2,8534,8536,True,0.47408244912158637,11498
AMD,A-NOK30,2014-03-06,2014-03-07,2014-03-10,2014-03-11,3.75,3.859999895095825,0.029333305358886674,2,8569,8571,True,0.47408244912158637,11498
AMD,A-NOK30,2014-03-19,2014-03-20,2014-03-27,2014-03-28,3.9600000381469727,3.930000066757202,-0.0075757502779744135,6,8578,8584,True,0.49634591961023145,11494
AMD,A-NOK30,2014-04-01,2014-04-02,2014-04-03,2014-04-04,4.119999885559082,4.03000020980835,-0.02184458209967144,2,8587,8589,True,0.47408244912158637,11498
AMD,A-NOK30,2014-05-01,2014-05-02,2014-05-02,2014-05-05,4.170000076293945,4.099999904632568,-0.01678661160207673,1,8608,8609,True,0.4729106878859031,11499
AMD,A-NOK30,2014-08-18,2014-08-19,2014-08-22,2014-08-25,4.199999809265137,4.269999980926514,0.016666708295309363,4,8683,8687,True,0.48956158663883087,11496
AMD,A-NOK30,2015-10-20,2015-10-21,2015-10-29,2015-10-30,2.0199999809265137,2.140000104904175,0.05940600253006956,7,8979,8986,True,0.5026537892630296,11493
AMD,A-NOK30,2015-11-03,2015-11-04,2015-11-04,2015-11-05,2.2699999809265137,2.2100000381469727,-0.026431693076513496,1,8989,8990,True,0.4729106878859031,11499
AMD,A-NOK30,2015-12-08,2015-12-09,2015-12-11,2015-12-14,2.369999885559082,2.359999895095825,-0.0042194054625018795,3,9013,9016,True,0.48377837696790466,11497
AMD,A-NOK30,2015-12-16,2015-12-17,2015-12-18,2015-12-21,2.5199999809265137,2.4700000286102295,-0.019841251069335764,2,9019,9021,True,0.47408244912158637,11498
AMD,A-NOK30,2015-12-21,2015-12-22,2015-12-31,2016-01-04,2.549999952316284,2.7699999809265137,0.08627452263690949,7,9022,9029,True,0.5026537892630296,11493
AMD,A-NOK30,2016-03-07,2016-03-08,2016-03-08,2016-03-09,2.440000057220459,2.319999933242798,-0.049180377526039876,1,9073,9074,True,0.4729106878859031,11499
AMD,A-NOK30,2016-03-14,2016-03-15,2016-03-15,2016-03-16,2.6700000762939453,2.5,-0.06367043874017841,1,9078,9079,True,0.4729106878859031,11499
AMD,A-NOK30,2016-03-16,2016-03-17,2016-03-23,2016-03-24,2.7699999809265137,2.690000057220459,-0.028880839081918075,5,9080,9085,True,0.4955197912135711,11495
AMD,A-NOK30,2016-04-22,2016-04-25,2016-05-04,2016-05-05,3.809999942779541,3.640000104904175,-0.044619380689897015,8,9106,9114,True,0.5043508527671423,11492
AMD,A-NOK30,2016-07-22,2016-07-25,2016-08-01,2016-08-02,5.929999828338623,6.559999942779541,0.10623948274504791,6,9169,9175,True,0.49634591961023145,11494
AMD,A-NOK30,2016-10-24,2016-10-25,2016-11-01,2016-11-02,6.900000095367432,7.03000020980835,0.01884059603538235,6,9234,9240,True,0.49634591961023145,11494
AMD,A-NOK30,2016-12-06,2016-12-07,2016-12-28,2016-12-29,9.649999618530273,11.239999771118164,0.1647668617037783,15,9264,9279,True,0.5117979973878972,11485
AMD,A-NOK30,2017-02-21,2017-02-22,2017-03-02,2017-03-03,14.300000190734863,13.550000190734863,-0.05244755174800164,7,9315,9322,True,0.5026537892630296,11493
AMD,A-NOK30,2017-06-20,2017-06-21,2017-06-28,2017-06-29,13.359999656677246,13.0600004196167,-0.022455033291157944,6,9398,9404,True,0.49634591961023145,11494
AMD,A-NOK30,2017-10-03,2017-10-04,2017-10-18,2017-10-19,13.3100004196167,13.850000381469727,0.04057099510358819,11,9471,9482,True,0.5088345373835843,11489
AMD,A-NOK30,2018-01-18,2018-01-19,2018-01-25,2018-01-26,12.5600004196167,12.699999809265137,0.011146447848025653,5,9544,9549,True,0.4955197912135711,11495
AMD,A-NOK30,2018-01-26,2018-01-29,2018-01-30,2018-01-31,13.130000114440918,13.239999771118164,0.008377734632025069,2,9550,9552,True,0.47408244912158637,11498
AMD,A-NOK30,2018-01-31,2018-02-01,2018-02-01,2018-02-02,13.619999885559082,13.050000190734863,-0.041850198209514966,1,9553,9554,True,0.4729106878859031,11499
AMD,A-NOK30,2018-05-24,2018-05-25,2018-05-29,2018-05-30,13.399999618530273,13.479999542236328,0.005970143730110733,2,9632,9634,True,0.47408244912158637,11498
AMD,A-NOK30,2018-06-01,2018-06-04,2018-06-07,2018-06-08,14.760000228881836,14.520000457763672,-0.016260146842582146,4,9637,9641,True,0.48956158663883087,11496
AMD,A-NOK30,2018-06-12,2018-06-13,2018-06-14,2018-06-15,15.8100004196167,16.059999465942383,0.015812715982947756,2,9644,9646,True,0.47408244912158637,11498
AMD,A-NOK30,2018-06-18,2018-06-19,2018-06-19,2018-06-20,16.850000381469727,16.829999923706055,-0.0011869707602895074,1,9648,9649,True,0.4729106878859031,11499
AMD,A-NOK30,2018-07-26,2018-07-27,2018-08-01,2018-08-02,19.06999969482422,18.170000076293945,-0.047194527159564736,4,9675,9679,True,0.48956158663883087,11496
AMD,A-NOK30,2018-08-02,2018-08-03,2018-08-03,2018-08-06,18.940000534057617,18.889999389648438,-0.0026399758711341814,1,9680,9681,True,0.4729106878859031,11499
AMD,A-NOK30,2018-08-06,2018-08-07,2018-08-09,2018-08-10,19.530000686645508,19.09000015258789,-0.022529468437678335,3,9682,9685,True,0.48377837696790466,11497
AMD,A-NOK30,2018-08-13,2018-08-14,2018-08-16,2018-08-17,19.969999313354492,19.1200008392334,-0.04256377082360119,3,9687,9690,True,0.48377837696790466,11497
AMD,A-NOK30,2018-09-04,2018-09-05,2018-09-06,2018-09-07,29.40999984741211,26.959999084472656,-0.08330502467360734,2,9702,9704,True,0.47408244912158637,11498
AMD,A-NOK30,2018-09-10,2018-09-11,2018-09-13,2018-09-14,30.020000457763672,31.43000030517578,0.04696868174255675,3,9706,9709,True,0.48377837696790466,11497
AMD,A-NOK30,2019-01-24,2019-01-25,2019-01-28,2019-01-29,20.989999771118164,20.260000228881836,-0.0347784445067405,2,9799,9801,True,0.47408244912158637,11498
AMD,A-NOK30,2019-01-30,2019-01-31,2019-02-07,2019-02-08,23.020000457763672,22.329999923706055,-0.0299739583117562,6,9803,9809,True,0.49634591961023145,11494
AMD,A-NOK30,2019-04-03,2019-04-04,2019-04-09,2019-04-10,28.8799991607666,27.459999084472656,-0.04916897913982665,4,9847,9851,True,0.48956158663883087,11496
AMD,A-NOK30,2019-05-28,2019-05-29,2019-05-31,2019-06-03,29.0,28.75,-0.008620689655172376,3,9884,9887,True,0.48377837696790466,11497
AMD,A-NOK30,2019-06-04,2019-06-05,2019-06-12,2019-06-13,29.93000030517578,32.38999938964844,0.08219174939491225,6,9889,9895,True,0.49634591961023145,11494
AMD,A-NOK30,2019-10-25,2019-10-28,2019-10-29,2019-10-30,33.15999984741211,32.93000030517578,-0.0069360537784887155,2,9990,9992,True,0.47408244912158637,11498
AMD,A-NOK30,2019-10-31,2019-11-01,2019-11-06,2019-11-07,34.369998931884766,36.52000045776367,0.06255459972925315,4,9994,9998,True,0.48956158663883087,11496
AMD,A-NOK30,2019-11-12,2019-11-13,2019-11-15,2019-11-18,36.650001525878906,38.650001525878906,0.05457025693676387,3,10002,10005,True,0.48377837696790466,11497
AMD,A-NOK30,2019-11-18,2019-11-19,2019-11-21,2019-11-22,40.13999938964844,39.36000061035156,-0.019431957926188348,3,10006,10009,True,0.48377837696790466,11497
AMD,A-NOK30,2020-01-02,2020-01-03,2020-01-06,2020-01-07,48.029998779296875,49.349998474121094,0.027482817580107843,2,10036,10038,True,0.47408244912158637,11498
AMD,A-NOK30,2020-07-20,2020-07-21,2020-08-10,2020-08-11,57.810001373291016,80.70999908447266,0.39612518884598646,15,10173,10188,True,0.5117979973878972,11485
AMD,A-NOK30,2020-11-19,2020-11-20,2020-12-03,2020-12-04,85.27999877929688,92.58000183105469,0.08560041224496362,9,10260,10269,True,0.5044817683404403,11491
AMD,A-NOK30,2020-12-15,2020-12-16,2020-12-21,2020-12-22,97.04000091552734,93.36000061035156,-0.037922508970081314,4,10277,10281,True,0.48956158663883087,11496
AMD,A-NOK30,2021-06-17,2021-06-18,2021-07-07,2021-07-08,84.27999877929688,87.86000061035156,0.04247747843980876,13,10403,10416,True,0.5121441629668321,11487
AMD,A-NOK30,2021-11-02,2021-11-03,2021-11-10,2021-11-11,127.75,142.9600067138672,0.11906071791676864,6,10499,10505,True,0.49634591961023145,11494
AMD,A-NOK30,2021-11-16,2021-11-17,2021-11-22,2021-11-23,151.97999572753906,150.41000366210938,-0.01033025470170612,4,10509,10513,True,0.48956158663883087,11496
AMD,A-NOK30,2021-11-29,2021-11-30,2021-12-01,2021-12-02,163.27999877929688,147.67999267578125,-0.09554143936883486,2,10517,10519,True,0.47408244912158637,11498
AMD,A-NOK30,2022-05-27,2022-05-31,2022-06-08,2022-06-09,102.43000030517578,101.56999969482422,-0.008395983674600371,7,10642,10649,True,0.5026537892630296,11493
AMD,A-NOK30,2022-07-28,2022-07-29,2022-08-08,2022-08-09,90.69999694824219,97.94999694824219,0.07993385053956725,7,10683,10690,True,0.5026537892630296,11493
AMD,A-NOK30,2022-11-30,2022-12-01,2022-12-02,2022-12-05,78.30999755859375,74.54000091552734,-0.04814195837824653,2,10770,10772,True,0.47408244912158637,11498
AMD,A-NOK30,2023-01-23,2023-01-24,2023-01-30,2023-01-31,73.75,72.26000213623047,-0.02020336086467156,5,10805,10810,True,0.4955197912135711,11495
AMD,A-NOK30,2023-02-01,2023-02-02,2023-02-06,2023-02-07,84.29000091552734,84.31999969482422,0.0003558996200148101,3,10812,10815,True,0.48377837696790466,11497
AMD,A-NOK30,2023-03-14,2023-03-15,2023-03-24,2023-03-27,86.7699966430664,98.0199966430664,0.12965311092816512,8,10840,10848,True,0.5043508527671423,11492
AMD,A-NOK30,2023-05-25,2023-05-26,2023-05-30,2023-05-31,122.45999908447266,122.41999816894531,-0.0003266447478882384,2,10891,10893,True,0.47408244912158637,11498
AMD,A-NOK30,2023-06-12,2023-06-13,2023-06-15,2023-06-16,132.32000732421875,125.81999969482422,-0.04912339230353735,3,10902,10905,True,0.48377837696790466,11497
AMD,A-NOK30,2023-11-20,2023-11-21,2023-11-21,2023-11-22,120.54000091552734,120.0,-0.004479848277965104,1,11014,11015,True,0.4729106878859031,11499
AMD,A-NOK30,2023-12-26,2023-12-27,2024-01-02,2024-01-03,144.72000122070312,135.7100067138672,-0.06225811519373459,4,11038,11042,True,0.48956158663883087,11496
AMD,A-NOK30,2024-05-28,2024-05-29,2024-05-29,2024-05-30,167.4600067138672,167.89999389648438,0.0026274164873825168,1,11143,11144,True,0.4729106878859031,11499
AMD,A-NOK30,2024-06-07,2024-06-10,2024-06-10,2024-06-11,162.47999572753906,160.5,-0.012186089239313525,1,11151,11152,True,0.4729106878859031,11499
AMD,A-NOK30,2024-10-04,2024-10-07,2024-10-10,2024-10-11,171.0800018310547,164.19000244140625,-0.04027355223232032,4,11233,11237,True,0.48956158663883087,11496
AMD,A-NOK30,2025-05-12,2025-05-13,2025-05-15,2025-05-16,109.5999984741211,118.06999969482422,0.07728103411153864,3,11382,11385,True,0.48377837696790466,11497
AMD,A-NOK30,2025-06-17,2025-06-18,2025-06-30,2025-07-01,128.00999450683594,138.77000427246094,0.08405601302522037,8,11407,11415,True,0.5043508527671423,11492
AMD,A-NOK30,2025-07-24,2025-07-25,2025-07-31,2025-08-01,163.50999450683594,170.16000366210938,0.0406703527532406,5,11432,11437,True,0.4955197912135711,11495
AMD,A-NOK30,2025-10-08,2025-10-09,2025-10-10,2025-10-13,236.3000030517578,220.1999969482422,-0.06813375326105764,2,11485,11487,True,0.47408244912158637,11498
AMD,A-NOK30,2025-10-15,2025-10-16,2025-10-17,2025-10-20,236.2899932861328,236.47000122070312,0.0007618093854373509,2,11490,11492,True,0.47408244912158637,11498
AMD,A-NOK30,2025-10-20,2025-10-21,2025-10-22,2025-10-23,239.38999938964844,230.16000366210938,-0.03855631292481709,2,11493,11495,True,0.47408244912158637,11498
AMD,A-NOK30,2025-10-24,2025-10-27,2025-10-30,2025-10-31,257.8800048828125,259.6000061035156,0.0066697734920733165,4,11497,11501,True,0.48956158663883087,11496
AMD,A-NOK30,2026-04-02,2026-04-06,2026-04-20,2026-04-21,219.27999877929688,277.3299865722656,0.2647299713431479,11,11606,11617,True,0.5088345373835843,11489
AMD,A-NOK30,2026-04-22,2026-04-23,2026-04-27,2026-04-28,302.010009765625,311.8599853515625,0.032614732185802575,3,11619,11622,True,0.48377837696790466,11497
AMD,A-NOK30,2026-04-30,2026-05-01,2026-05-04,2026-05-05,351.8699951171875,351.510009765625,-0.001023063507994193,2,11625,11627,True,0.47408244912158637,11498
AMD,A-NOK30,2026-05-06,2026-05-07,2026-05-07,2026-05-08,417.07000732421875,418.5899963378906,0.0036444457452684542,1,11629,11630,True,0.4729106878859031,11499
AMD,A-NOK30,2026-05-08,2026-05-11,2026-05-13,2026-05-14,460.54998779296875,440.6000061035156,-0.043317733619007814,3,11631,11634,True,0.48377837696790466,11497
