symbol,arm,signal_date,entry_date,exit_signal_date,exit_date,entry_price,exit_price,ret,hold_bars,entry_bar,exit_bar,closed,base_rate,base_n
NVDA,b_20_80|dif_gt_zero|fixed_5,2018-02-12,2018-02-13,2018-02-21,2018-02-21,5.594423436273443,6.214955647828824,0.11091977906640715,5,4796,4801,True,0.5755894590846047,2163
NVDA,b_20_80|dif_gt_zero|fixed_5,2018-03-06,2018-03-07,2018-03-14,2018-03-14,5.8805620802642675,6.1634705457422845,0.048109085767070736,5,4811,4816,True,0.5755894590846047,2163
NVDA,b_20_80|dif_gt_zero|fixed_5,2018-05-25,2018-05-29,2018-06-05,2018-06-05,6.1450315432003935,6.551239579835776,0.06610349089010947,5,4868,4873,True,0.5755894590846047,2163
NVDA,b_20_80|dif_gt_zero|fixed_5,2018-07-26,2018-07-27,2018-08-03,2018-08-03,6.337132824054152,6.2206860091568945,-0.01837531548261928,5,4910,4915,True,0.5755894590846047,2163
NVDA,b_20_80|dif_gt_zero|fixed_5,2018-08-22,2018-08-23,2018-08-30,2018-08-30,6.459269652306198,6.857850955777092,0.06170686856657004,5,4929,4934,True,0.5755894590846047,2163
NVDA,b_20_80|dif_gt_zero|fixed_5,2018-09-17,2018-09-18,2018-09-25,2018-09-25,6.780177131055425,6.63868143865924,-0.020869025935633667,5,4946,4951,True,0.5755894590846047,2163
NVDA,b_20_80|dif_gt_zero|fixed_5,2018-09-27,2018-09-28,2018-10-05,2018-10-05,6.746536001719056,6.884073392637456,0.0203863717444559,5,4954,4959,True,0.5755894590846047,2163
NVDA,b_20_80|dif_gt_zero|fixed_5,2019-02-20,2019-02-21,2019-02-28,2019-02-28,3.9386119879459383,3.8420352690729764,-0.024520495841817702,5,5052,5057,True,0.5755894590846047,2163
NVDA,b_20_80|dif_gt_zero|fixed_5,2019-03-11,2019-03-12,2019-03-19,2019-03-19,4.021990761412275,4.282256503132672,0.06471067616997894,5,5065,5070,True,0.5755894590846047,2163
NVDA,b_20_80|dif_gt_zero|fixed_5,2019-04-01,2019-04-02,2019-04-09,2019-04-09,4.542275182545903,4.720497462602522,0.03923634586065017,5,5080,5085,True,0.5755894590846047,2163
NVDA,b_20_80|dif_gt_zero|fixed_5,2019-04-23,2019-04-24,2019-05-01,2019-05-01,4.736608833155228,4.538807165867905,-0.04176018629673506,5,5095,5100,True,0.5755894590846047,2163
NVDA,b_20_80|dif_gt_zero|fixed_5,2019-05-03,2019-05-06,2019-05-13,2019-05-13,4.35017405728094,4.052726290962937,-0.06837606091189863,5,5103,5108,True,0.5755894590846047,2163
NVDA,b_20_80|dif_gt_zero|fixed_5,2019-07-12,2019-07-15,2019-07-22,2019-07-22,4.180437480835474,4.201283504432008,0.004986565088486383,5,5151,5156,True,0.5755894590846047,2163
NVDA,b_20_80|dif_gt_zero|fixed_5,2019-09-04,2019-09-05,2019-09-12,2019-09-12,4.294121570349542,4.625240853510472,0.07710989960025194,5,5188,5193,True,0.5755894590846047,2163
NVDA,b_20_80|dif_gt_zero|fixed_5,2019-09-26,2019-09-27,2019-10-04,2019-10-04,4.363425165093212,4.50600817250666,0.032676854081076456,5,5204,5209,True,0.5755894590846047,2163
NVDA,b_20_80|dif_gt_zero|fixed_5,2019-10-21,2019-10-22,2019-10-29,2019-10-29,4.92580670192421,5.122789661614695,0.03998998978452306,5,5221,5226,True,0.5755894590846047,2163
NVDA,b_20_80|dif_gt_zero|fixed_5,2019-11-04,2019-11-05,2019-11-12,2019-11-12,5.228608631295536,5.209481779022911,-0.0036581151165421266,5,5231,5236,True,0.5755894590846047,2163
NVDA,b_20_80|dif_gt_zero|fixed_5,2019-11-12,2019-11-13,2019-11-20,2019-11-20,5.17545067895377,5.1436546329629245,-0.006143628441895088,5,5237,5242,True,0.5755894590846047,2163
NVDA,b_20_80|dif_gt_zero|fixed_5,2019-11-22,2019-11-25,2019-12-03,2019-12-03,5.366470300704654,5.018186152052847,-0.06490004213869871,5,5245,5250,True,0.5755894590846047,2163
NVDA,b_20_80|dif_gt_zero|fixed_5,2019-12-10,2019-12-11,2019-12-18,2019-12-18,5.3296639403915655,5.709749502030859,0.07131510839900512,5,5256,5261,True,0.5755894590846047,2163
NVDA,b_20_80|dif_gt_zero|fixed_5,2020-01-07,2020-01-08,2020-01-15,2020-01-15,5.96007489141587,6.15968810642731,0.033491729323558816,5,5274,5279,True,0.5755894590846047,2163
NVDA,b_20_80|dif_gt_zero|fixed_5,2020-01-16,2020-01-17,2020-01-27,2020-01-27,6.207168756490065,5.92229013718489,-0.045895098148783564,5,5281,5286,True,0.5755894590846047,2163
NVDA,b_20_80|dif_gt_zero|fixed_5,2020-02-05,2020-02-06,2020-02-13,2020-02-13,6.26782374742976,6.717015810496624,0.07166635201748695,5,5294,5299,True,0.5755894590846047,2163
NVDA,b_20_80|dif_gt_zero|fixed_5,2020-03-04,2020-03-05,2020-03-12,2020-03-12,6.877488899423139,5.607949780649273,-0.18459340863208828,5,5313,5318,True,0.5755894590846047,2163
NVDA,b_20_80|dif_gt_zero|fixed_5,2020-04-13,2020-04-14,2020-04-21,2020-04-21,6.840176949824809,7.022001664063456,0.026581872891943803,5,5340,5345,True,0.5755894590846047,2163
NVDA,b_20_80|dif_gt_zero|fixed_5,2020-04-27,2020-04-28,2020-05-05,2020-05-05,7.536630547178379,7.349335951665621,-0.024851237478116572,5,5350,5355,True,0.5755894590846047,2163
NVDA,b_20_80|dif_gt_zero|fixed_5,2020-05-07,2020-05-08,2020-05-15,2020-05-15,7.6547801034035805,7.849786375477367,0.02547509783946378,5,5358,5363,True,0.5755894590846047,2163
NVDA,b_20_80|dif_gt_zero|fixed_5,2020-06-05,2020-06-08,2020-06-15,2020-06-15,8.836315791447598,8.774602299815214,-0.006984074934500928,5,5378,5383,True,0.5755894590846047,2163
NVDA,b_20_80|dif_gt_zero|fixed_5,2020-06-18,2020-06-19,2020-06-26,2020-06-26,9.199884081125418,9.456192804930732,0.027859994924409826,5,5387,5392,True,0.5755894590846047,2163
NVDA,b_20_80|dif_gt_zero|fixed_5,2020-07-01,2020-07-02,2020-07-10,2020-07-10,9.594554582855501,10.539925164838058,0.09853199268591784,5,5396,5401,True,0.5755894590846047,2163
NVDA,b_20_80|dif_gt_zero|fixed_5,2020-07-27,2020-07-28,2020-08-04,2020-08-04,10.326413559651314,10.999048630506225,0.06513733611087558,5,5413,5418,True,0.5755894590846047,2163
NVDA,b_20_80|dif_gt_zero|fixed_5,2020-09-17,2020-09-18,2020-09-25,2020-09-25,12.539429199310245,12.39380921782391,-0.011612967318667566,5,5450,5455,True,0.5755894590846047,2163
NVDA,b_20_80|dif_gt_zero|fixed_5,2020-09-25,2020-09-28,2020-10-05,2020-10-05,12.984003310472113,13.17891163738902,0.015011419995534458,5,5456,5461,True,0.5755894590846047,2163
NVDA,b_20_80|dif_gt_zero|fixed_5,2021-01-21,2021-01-22,2021-01-29,2021-01-29,13.684778315815404,13.022448269146302,-0.04839903368428344,5,5536,5541,True,0.5755894590846047,2163
NVDA,b_20_80|dif_gt_zero|fixed_5,2021-02-02,2021-02-03,2021-02-10,2021-02-10,13.58119621183441,14.405123197998494,0.06066674638321845,5,5544,5549,True,0.5755894590846047,2163
NVDA,b_20_80|dif_gt_zero|fixed_5,2021-05-07,2021-05-10,2021-05-17,2021-05-17,14.732902772330645,14.1049716528706,-0.04262100477845687,5,5610,5615,True,0.5755894590846047,2163
NVDA,b_20_80|dif_gt_zero|fixed_5,2021-07-21,2021-07-22,2021-07-29,2021-07-29,19.57429170526757,19.45171630566952,-0.006262060535506486,5,5661,5666,True,0.5755894590846047,2163
NVDA,b_20_80|dif_gt_zero|fixed_5,2021-08-20,2021-08-23,2021-08-30,2021-08-30,20.89871172530121,22.751305343048546,0.08864630710726895,5,5683,5688,True,0.5755894590846047,2163
NVDA,b_20_80|dif_gt_zero|fixed_5,2021-09-22,2021-09-23,2021-09-30,2021-09-30,22.067576479469295,20.700057620484582,-0.06196959871225516,5,5705,5710,True,0.5755894590846047,2163
NVDA,b_20_80|dif_gt_zero|fixed_5,2021-11-19,2021-11-22,2021-11-30,2021-11-30,33.40735581710539,33.06049048348585,-0.010382902960608953,5,5747,5752,True,0.5755894590846047,2163
NVDA,b_20_80|dif_gt_zero|fixed_5,2021-12-07,2021-12-08,2021-12-15,2021-12-15,31.898230293439173,28.3105578612763,-0.11247246004430489,5,5758,5763,True,0.5755894590846047,2163
NVDA,b_20_80|dif_gt_zero|fixed_5,2021-12-15,2021-12-16,2021-12-23,2021-12-23,31.053897441434426,29.66129326312554,-0.044844747134727414,5,5764,5769,True,0.5755894590846047,2163
NVDA,b_20_80|dif_gt_zero|fixed_5,2022-08-15,2022-08-16,2022-08-23,2022-08-23,18.867621402461417,16.94196640912856,-0.10206135433063335,5,5930,5935,True,0.5755894590846047,2163
NVDA,b_20_80|dif_gt_zero|fixed_5,2022-11-04,2022-11-07,2022-11-14,2022-11-14,14.19282459299917,16.177903764636575,0.13986498308564843,5,5988,5993,True,0.5755894590846047,2163
NVDA,b_20_80|dif_gt_zero|fixed_5,2022-11-30,2022-12-01,2022-12-08,2022-12-08,16.96130961638063,16.236922259213415,-0.042708220859763446,5,6005,6010,True,0.5755894590846047,2163
NVDA,b_20_80|dif_gt_zero|fixed_5,2022-12-08,2022-12-09,2022-12-16,2022-12-16,17.121952377755747,16.826615244074834,-0.01724903370626152,5,6011,6016,True,0.5755894590846047,2163
NVDA,b_20_80|dif_gt_zero|fixed_5,2023-02-14,2023-02-15,2023-02-23,2023-02-23,22.49900989243005,23.388035501899783,0.03951398811415485,5,6056,6061,True,0.5755894590846047,2163
NVDA,b_20_80|dif_gt_zero|fixed_5,2023-02-23,2023-02-24,2023-03-03,2023-03-03,23.173513218327404,23.268298244670323,0.004090231181172577,5,6062,6067,True,0.5755894590846047,2163
NVDA,b_20_80|dif_gt_zero|fixed_5,2023-03-08,2023-03-09,2023-03-16,2023-03-16,24.125499097663184,23.977802891862606,-0.006121995868466179,5,6071,6076,True,0.5755894590846047,2163
NVDA,b_20_80|dif_gt_zero|fixed_5,2023-04-18,2023-04-19,2023-04-26,2023-04-26,27.304980955738124,26.94671176186849,-0.013121019730810146,5,6099,6104,True,0.5755894590846047,2163
NVDA,b_20_80|dif_gt_zero|fixed_5,2023-04-28,2023-05-01,2023-05-08,2023-05-08,27.782996461743867,28.46359684267218,0.024497011395638202,5,6107,6112,True,0.5755894590846047,2163
NVDA,b_20_80|dif_gt_zero|fixed_5,2023-05-15,2023-05-16,2023-05-23,2023-05-23,28.781944947212995,30.936523538862662,0.07485868643002513,5,6118,6123,True,0.5755894590846047,2163
NVDA,b_20_80|dif_gt_zero|fixed_5,2023-06-13,2023-06-14,2023-06-22,2023-06-22,40.74463443107391,42.17083560453814,0.03500341071600177,5,6138,6143,True,0.5755894590846047,2163
NVDA,b_20_80|dif_gt_zero|fixed_5,2023-07-03,2023-07-05,2023-07-12,2023-07-12,42.05307299440359,42.94933285605686,0.02131258901751476,5,6151,6156,True,0.5755894590846047,2163
NVDA,b_20_80|dif_gt_zero|fixed_5,2023-07-28,2023-07-31,2023-08-07,2023-08-07,46.66309454574556,45.02329239286848,-0.035141307468786076,5,6169,6174,True,0.5755894590846047,2163
NVDA,b_20_80|dif_gt_zero|fixed_5,2023-08-29,2023-08-30,2023-09-07,2023-09-07,48.94865462257738,45.44023319735737,-0.07167554353172678,5,6191,6196,True,0.5755894590846047,2163
NVDA,b_20_80|dif_gt_zero|fixed_5,2023-12-07,2023-12-08,2023-12-15,2023-12-15,46.51232056625321,48.10848518903452,0.03431702833462569,5,6261,6266,True,0.5755894590846047,2163
NVDA,b_20_80|dif_gt_zero|fixed_5,2024-01-08,2024-01-09,2024-01-17,2024-01-17,52.30802433098523,56.24702168282456,0.07530388314639547,5,6281,6286,True,0.5755894590846047,2163
NVDA,b_20_80|dif_gt_zero|fixed_5,2024-02-23,2024-02-26,2024-03-04,2024-03-04,79.55858308487059,83.98071640863849,0.055583359485556816,5,6313,6318,True,0.5755894590846047,2163
NVDA,b_20_80|dif_gt_zero|fixed_5,2024-03-21,2024-03-22,2024-04-01,2024-04-01,90.9835495525749,90.14300911365386,-0.009238378179951434,5,6332,6337,True,0.5755894590846047,2163
NVDA,b_20_80|dif_gt_zero|fixed_5,2024-04-10,2024-04-11,2024-04-18,2024-04-18,87.2689793680449,84.82322924703969,-0.028025423681083628,5,6345,6350,True,0.5755894590846047,2163
NVDA,b_20_80|dif_gt_zero|fixed_5,2024-07-03,2024-07-05,2024-07-12,2024-07-12,127.17039258704797,128.04896049446677,0.00690858846580511,5,6403,6408,True,0.5755894590846047,2163
NVDA,b_20_80|dif_gt_zero|fixed_5,2024-10-04,2024-10-07,2024-10-14,2024-10-14,124.79500006476454,136.2570891265267,0.0918473420875332,5,6468,6473,True,0.5755894590846047,2163
NVDA,b_20_80|dif_gt_zero|fixed_5,2024-11-06,2024-11-07,2024-11-14,2024-11-14,146.1616297903136,147.40968372724925,0.00853886166106732,5,6491,6496,True,0.5755894590846047,2163
NVDA,b_20_80|dif_gt_zero|fixed_5,2024-12-03,2024-12-04,2024-12-11,2024-12-11,141.77847337465352,137.15514511831444,-0.03260952206843004,5,6509,6514,True,0.5755894590846047,2163
NVDA,b_20_80|dif_gt_zero|fixed_5,2025-06-03,2025-06-04,2025-06-11,2025-06-11,141.99101618842522,144.41764573923192,0.01709002172071572,5,6632,6637,True,0.5755894590846047,2163
NVDA,b_20_80|dif_gt_zero|fixed_5,2025-06-18,2025-06-20,2025-06-27,2025-06-27,145.2565234707711,155.83244416127852,0.07280857642607375,5,6643,6648,True,0.5755894590846047,2163
NVDA,b_20_80|dif_gt_zero|fixed_5,2025-07-24,2025-07-25,2025-08-01,2025-08-01,173.37908037175941,173.85844036702034,0.002764808731440249,5,6667,6672,True,0.5755894590846047,2163
NVDA,b_20_80|dif_gt_zero|fixed_5,2025-08-08,2025-08-11,2025-08-18,2025-08-18,181.80784410502207,180.359785616326,-0.007964774544378717,5,6678,6683,True,0.5755894590846047,2163
NVDA,b_20_80|dif_gt_zero|fixed_5,2025-08-25,2025-08-26,2025-09-03,2025-09-03,179.82049655621498,170.83248363379096,-0.04998325048899088,5,6689,6694,True,0.5755894590846047,2163
NVDA,b_20_80|dif_gt_zero|fixed_5,2025-09-29,2025-09-30,2025-10-07,2025-10-07,181.848063160254,185.99277739696944,0.022792182466430333,5,6713,6718,True,0.5755894590846047,2163
NVDA,b_20_80|dif_gt_zero|fixed_5,2025-10-08,2025-10-09,2025-10-16,2025-10-16,191.9851285494953,181.99787810828644,-0.052020958689173,5,6720,6725,True,0.5755894590846047,2163
NVDA,b_20_80|dif_gt_zero|fixed_5,2025-10-23,2025-10-24,2025-10-31,2025-10-31,183.60580497197222,206.18701808603035,0.12298746827479223,5,6731,6736,True,0.5755894590846047,2163
NVDA,b_20_80|dif_gt_zero|fixed_5,2026-01-15,2026-01-16,2026-01-26,2026-01-26,188.84966224271636,186.93200550896393,-0.010154409126174602,5,6788,6793,True,0.5755894590846047,2163
NVDA,b_20_80|dif_gt_zero|fixed_5,2026-05-07,2026-05-08,2026-05-15,2026-05-15,212.7820061205359,229.49252726355346,0.07853352568520977,5,6865,6870,True,0.5755894590846047,2163
NVDA,b_20_80|dif_gt_zero|fixed_5,2026-06-01,2026-06-02,2026-06-09,2026-06-09,226.91551751623658,210.6199951171875,-0.07181316896004297,5,6881,6886,True,0.5755894590846047,2163
NVDA,b_20_80|dif_gt_zero|fixed_5,2026-07-22,2026-07-23,2026-07-30,2026-07-30,209.4600067138672,193.4499969482422,-0.07643468563187561,5,6916,6921,True,0.5755894590846047,2163
AAPL,b_20_80|dif_gt_zero|fixed_5,2018-01-04,2018-01-05,2018-01-12,2018-01-12,40.507963753798975,41.14791382880961,0.01579812994057539,5,9347,9352,True,0.5788257050392973,2163
AAPL,b_20_80|dif_gt_zero|fixed_5,2018-03-09,2018-03-12,2018-03-19,2018-03-19,42.27951928008762,41.58302568659741,-0.016473545710777193,5,9391,9396,True,0.5788257050392973,2163
AAPL,b_20_80|dif_gt_zero|fixed_5,2018-05-25,2018-05-29,2018-06-05,2018-06-05,44.16341076203586,45.45112883436461,0.029158030371959187,5,9445,9450,True,0.5788257050392973,2163
AAPL,b_20_80|dif_gt_zero|fixed_5,2018-08-01,2018-08-02,2018-08-09,2018-08-09,47.21906796740019,49.32600948331823,0.04462056551757132,5,9491,9496,True,0.5788257050392973,2163
AAPL,b_20_80|dif_gt_zero|fixed_5,2018-08-27,2018-08-28,2018-09-05,2018-09-05,51.7385414974785,54.0962064940442,0.0455688337615896,5,9509,9514,True,0.5788257050392973,2163
AAPL,b_20_80|dif_gt_zero|fixed_5,2018-09-25,2018-09-26,2018-10-03,2018-10-03,52.208650996905945,54.346615881992015,0.040950395083235724,5,9529,9534,True,0.5788257050392973,2163
AAPL,b_20_80|dif_gt_zero|fixed_5,2018-10-17,2018-10-18,2018-10-25,2018-10-25,51.466862088668904,51.43143757260694,-0.000688297569044205,5,9545,9550,True,0.5788257050392973,2163
AAPL,b_20_80|dif_gt_zero|fixed_5,2019-02-22,2019-02-25,2019-03-04,2019-03-04,41.46389282566573,41.82815171089323,0.008784965916225573,5,9631,9636,True,0.5788257050392973,2163
AAPL,b_20_80|dif_gt_zero|fixed_5,2019-03-11,2019-03-12,2019-03-19,2019-03-19,42.85425845120637,44.84223009997764,0.04638912725639077,5,9642,9647,True,0.5788257050392973,2163
AAPL,b_20_80|dif_gt_zero|fixed_5,2019-04-02,2019-04-03,2019-04-10,2019-04-10,46.00881734488018,47.30158392300267,0.028098235354148793,5,9658,9663,True,0.5788257050392973,2163
AAPL,b_20_80|dif_gt_zero|fixed_5,2019-04-17,2019-04-18,2019-04-26,2019-04-26,48.35865586347392,48.78243276062449,0.008763206701753123,5,9669,9674,True,0.5788257050392973,2163
AAPL,b_20_80|dif_gt_zero|fixed_5,2019-05-03,2019-05-06,2019-05-13,2019-05-13,48.63720541769776,44.861959909569315,-0.0776205268313942,5,9680,9685,True,0.5788257050392973,2163
AAPL,b_20_80|dif_gt_zero|fixed_5,2019-07-15,2019-07-16,2019-07-23,2019-07-23,48.89620741100897,49.821129303572306,0.01891602522029312,5,9729,9734,True,0.5788257050392973,2163
AAPL,b_20_80|dif_gt_zero|fixed_5,2019-08-13,2019-08-14,2019-08-21,2019-08-21,48.7389293623607,51.0971858421528,0.048385479751906324,5,9750,9755,True,0.5788257050392973,2163
AAPL,b_20_80|dif_gt_zero|fixed_5,2019-08-30,2019-09-03,2019-09-10,2019-09-10,49.52341851756975,51.30590525316312,0.0359928047972089,5,9763,9768,True,0.5788257050392973,2163
AAPL,b_20_80|dif_gt_zero|fixed_5,2019-09-30,2019-10-01,2019-10-08,2019-10-08,53.9952416465239,54.1751473398334,0.003331880510642815,5,9783,9788,True,0.5788257050392973,2163
AAPL,b_20_80|dif_gt_zero|fixed_5,2019-11-27,2019-11-29,2019-12-06,2019-12-06,64.15048795139506,64.36221509760516,0.0033004760052723903,5,9825,9830,True,0.5788257050392973,2163
AAPL,b_20_80|dif_gt_zero|fixed_5,2020-01-30,2020-01-31,2020-02-07,2020-02-07,77.2235730132215,77.75419304088338,0.006871218294587811,5,9867,9872,True,0.5788257050392973,2163
AAPL,b_20_80|dif_gt_zero|fixed_5,2020-04-27,2020-04-28,2020-05-05,2020-05-05,68.76000076632654,71.16713764358983,0.03500780759796207,5,9927,9932,True,0.5788257050392973,2163
AAPL,b_20_80|dif_gt_zero|fixed_5,2020-05-20,2020-05-21,2020-05-29,2020-05-29,77.06742188839526,77.21010083931498,0.0018513523279179989,5,9944,9949,True,0.5788257050392973,2163
AAPL,b_20_80|dif_gt_zero|fixed_5,2020-06-02,2020-06-03,2020-06-10,2020-06-10,78.51851253045199,84.13903179239462,0.0715820903989084,5,9952,9957,True,0.5788257050392973,2163
AAPL,b_20_80|dif_gt_zero|fixed_5,2020-06-16,2020-06-17,2020-06-24,2020-06-24,85.89245860360263,88.27467257128609,0.027734844320587815,5,9962,9967,True,0.5788257050392973,2163
AAPL,b_20_80|dif_gt_zero|fixed_5,2020-07-06,2020-07-07,2020-07-14,2020-07-14,90.79228824401675,91.74759804361886,0.010521926675474802,5,9975,9980,True,0.5788257050392973,2163
AAPL,b_20_80|dif_gt_zero|fixed_5,2020-07-29,2020-07-30,2020-08-06,2020-08-06,91.11637343156816,106.80509589113738,0.1721833504639212,5,9992,9997,True,0.5788257050392973,2163
AAPL,b_20_80|dif_gt_zero|fixed_5,2020-10-09,2020-10-12,2020-10-19,2020-10-19,116.35468329215739,116.25778429784908,-0.000832789807566181,5,10043,10048,True,0.5788257050392973,2163
AAPL,b_20_80|dif_gt_zero|fixed_5,2020-11-30,2020-12-01,2020-12-08,2020-12-08,117.47768785199075,120.73961821864586,0.027766382078993512,5,10078,10083,True,0.5788257050392973,2163
AAPL,b_20_80|dif_gt_zero|fixed_5,2020-12-15,2020-12-16,2020-12-23,2020-12-23,123.69086753088224,128.30220615943512,0.03728115681136712,5,10089,10094,True,0.5788257050392973,2163
AAPL,b_20_80|dif_gt_zero|fixed_5,2021-01-13,2021-01-14,2021-01-22,2021-01-22,126.98190917137308,132.30197582810843,0.041896256651453134,5,10108,10113,True,0.5788257050392973,2163
AAPL,b_20_80|dif_gt_zero|fixed_5,2021-02-09,2021-02-10,2021-02-18,2021-02-18,132.69412944515517,125.61605324019762,-0.05334129124290343,5,10126,10131,True,0.5788257050392973,2163
AAPL,b_20_80|dif_gt_zero|fixed_5,2021-07-23,2021-07-26,2021-08-02,2021-08-02,144.40196197857813,142.54179179711645,-0.012881889940924984,5,10240,10245,True,0.5788257050392973,2163
AAPL,b_20_80|dif_gt_zero|fixed_5,2021-08-04,2021-08-05,2021-08-12,2021-08-12,143.14559599106772,142.58950812317931,-0.003884771054522007,5,10248,10253,True,0.5788257050392973,2163
AAPL,b_20_80|dif_gt_zero|fixed_5,2021-08-12,2021-08-13,2021-08-20,2021-08-20,145.30102293180235,143.80870914358007,-0.010270497468711559,5,10254,10259,True,0.5788257050392973,2163
AAPL,b_20_80|dif_gt_zero|fixed_5,2021-08-24,2021-08-25,2021-09-01,2021-09-01,146.12033978338724,149.06597111930256,0.02015894118698336,5,10262,10267,True,0.5788257050392973,2163
AAPL,b_20_80|dif_gt_zero|fixed_5,2021-11-05,2021-11-08,2021-11-15,2021-11-15,147.8964665160418,146.88058950641502,-0.006868838949013023,5,10314,10319,True,0.5788257050392973,2163
AAPL,b_20_80|dif_gt_zero|fixed_5,2021-11-16,2021-11-17,2021-11-24,2021-11-24,147.4960135184774,157.01971058805793,0.06456918287074553,5,10321,10326,True,0.5788257050392973,2163
AAPL,b_20_80|dif_gt_zero|fixed_5,2021-11-30,2021-12-01,2021-12-08,2021-12-08,163.59354652559932,168.13568563195315,0.02776478169719887,5,10330,10335,True,0.5788257050392973,2163
AAPL,b_20_80|dif_gt_zero|fixed_5,2021-12-27,2021-12-28,2022-01-04,2022-01-04,175.97930746687297,178.39199939810527,0.013710088793743358,5,10348,10353,True,0.5788257050392973,2163
AAPL,b_20_80|dif_gt_zero|fixed_5,2022-01-12,2022-01-13,2022-01-21,2022-01-21,171.70096415486904,160.60457194151562,-0.06462626618301814,5,10360,10365,True,0.5788257050392973,2163
AAPL,b_20_80|dif_gt_zero|fixed_5,2022-10-28,2022-10-31,2022-11-07,2022-11-07,150.22493060269468,134.7055842324109,-0.10330739583650306,5,10560,10565,True,0.5788257050392973,2163
AAPL,b_20_80|dif_gt_zero|fixed_5,2022-12-01,2022-12-02,2022-12-09,2022-12-09,143.4004227674544,139.84388950557997,-0.024801414063066463,5,10583,10588,True,0.5788257050392973,2163
AAPL,b_20_80|dif_gt_zero|fixed_5,2023-02-15,2023-02-16,2023-02-24,2023-02-24,151.0482818929642,144.75092512234477,-0.04169101886959481,5,10634,10639,True,0.5788257050392973,2163
AAPL,b_20_80|dif_gt_zero|fixed_5,2023-03-03,2023-03-06,2023-03-13,2023-03-13,151.32379221822697,145.43968998615728,-0.038884184342830364,5,10645,10650,True,0.5788257050392973,2163
AAPL,b_20_80|dif_gt_zero|fixed_5,2023-03-14,2023-03-15,2023-03-22,2023-03-22,148.76549840164833,156.7454392443716,0.05364107221405878,5,10652,10657,True,0.5788257050392973,2163
AAPL,b_20_80|dif_gt_zero|fixed_5,2023-04-14,2023-04-17,2023-04-24,2023-04-24,162.44258319038994,162.35404681853836,-0.0005450317897728318,5,10674,10679,True,0.5788257050392973,2163
AAPL,b_20_80|dif_gt_zero|fixed_5,2023-04-27,2023-04-28,2023-05-05,2023-05-05,165.7880799666726,168.23809809226543,0.014778011338844932,5,10683,10688,True,0.5788257050392973,2163
AAPL,b_20_80|dif_gt_zero|fixed_5,2023-05-05,2023-05-08,2023-05-15,2023-05-15,169.7140651629481,170.6188460048669,0.005331207175139463,5,10689,10694,True,0.5788257050392973,2163
AAPL,b_20_80|dif_gt_zero|fixed_5,2023-05-26,2023-05-30,2023-06-06,2023-06-06,174.36309800636275,177.32891962025158,0.017009456976846193,5,10704,10709,True,0.5788257050392973,2163
AAPL,b_20_80|dif_gt_zero|fixed_5,2023-06-12,2023-06-13,2023-06-21,2023-06-21,180.1173628493618,182.18656875714527,0.01148809795485417,5,10714,10719,True,0.5788257050392973,2163
AAPL,b_20_80|dif_gt_zero|fixed_5,2023-07-17,2023-07-18,2023-07-25,2023-07-25,190.51253447403246,190.49285737606127,-0.00010328505694134904,5,10737,10742,True,0.5788257050392973,2163
AAPL,b_20_80|dif_gt_zero|fixed_5,2023-07-31,2023-08-01,2023-08-08,2023-08-08,193.36013930235927,177.0530363874442,-0.08433539080883412,5,10747,10752,True,0.5788257050392973,2163
AAPL,b_20_80|dif_gt_zero|fixed_5,2023-12-05,2023-12-06,2023-12-13,2023-12-13,192.10787423934497,192.74019585543422,0.003291492441905186,5,10836,10841,True,0.5788257050392973,2163
AAPL,b_20_80|dif_gt_zero|fixed_5,2024-05-31,2024-06-03,2024-06-10,2024-06-10,191.07857147290113,195.04080033594326,0.02073612353546439,5,10958,10963,True,0.5788257050392973,2163
AAPL,b_20_80|dif_gt_zero|fixed_5,2024-07-01,2024-07-02,2024-07-10,2024-07-10,214.10903193760322,227.13486087511765,0.06083736318657729,5,10978,10983,True,0.5788257050392973,2163
AAPL,b_20_80|dif_gt_zero|fixed_5,2024-07-31,2024-08-01,2024-08-08,2024-08-08,222.2514024343897,211.097744151489,-0.05018487244953762,5,10999,11004,True,0.5788257050392973,2163
AAPL,b_20_80|dif_gt_zero|fixed_5,2024-09-12,2024-09-13,2024-09-20,2024-09-20,221.72521710949164,228.0622053540531,0.02858036775055739,5,11029,11034,True,0.5788257050392973,2163
AAPL,b_20_80|dif_gt_zero|fixed_5,2024-10-09,2024-10-10,2024-10-17,2024-10-17,225.89038125247495,231.49351658619665,0.02480466544283333,5,11048,11053,True,0.5788257050392973,2163
AAPL,b_20_80|dif_gt_zero|fixed_5,2025-07-21,2025-07-22,2025-07-29,2025-07-29,212.1148250502387,213.14982178903043,0.004879417261601571,5,11241,11246,True,0.5788257050392973,2163
AAPL,b_20_80|dif_gt_zero|fixed_5,2025-08-06,2025-08-07,2025-08-14,2025-08-14,217.8272171299369,233.1985666998313,0.07056670774398754,5,11253,11258,True,0.5788257050392973,2163
AAPL,b_20_80|dif_gt_zero|fixed_5,2025-08-28,2025-08-29,2025-09-08,2025-09-08,231.65426265633033,238.41928864081726,0.029203114619665627,5,11269,11274,True,0.5788257050392973,2163
AAPL,b_20_80|dif_gt_zero|fixed_5,2025-09-16,2025-09-17,2025-09-24,2025-09-24,238.09051246512186,254.28068708944184,0.06800008306375371,5,11281,11286,True,0.5788257050392973,2163
AAPL,b_20_80|dif_gt_zero|fixed_5,2025-10-17,2025-10-20,2025-10-27,2025-10-27,254.94822099113512,263.9051197703755,0.03513222702405838,5,11304,11309,True,0.5788257050392973,2163
AAPL,b_20_80|dif_gt_zero|fixed_5,2025-11-11,2025-11-12,2025-11-19,2025-11-19,274.2535373864602,264.80921977983166,-0.034436447736024056,5,11321,11326,True,0.5788257050392973,2163
AAPL,b_20_80|dif_gt_zero|fixed_5,2025-11-24,2025-11-25,2025-12-03,2025-12-03,274.52274228722064,285.4231155973949,0.039706631295303385,5,11330,11335,True,0.5788257050392973,2163
AAPL,b_20_80|dif_gt_zero|fixed_5,2025-12-19,2025-12-22,2025-12-30,2025-12-30,272.1192896847017,272.06942798009953,-0.00018323473010650737,5,11348,11353,True,0.5788257050392973,2163
AAPL,b_20_80|dif_gt_zero|fixed_5,2026-02-24,2026-02-25,2026-03-04,2026-03-04,271.29586819299504,264.17854815272653,-0.02623453164869205,5,11391,11396,True,0.5788257050392973,2163
AAPL,b_20_80|dif_gt_zero|fixed_5,2026-05-05,2026-05-06,2026-05-13,2026-05-13,281.4177950537395,293.24708951115105,0.042034635567919976,5,11440,11445,True,0.5788257050392973,2163
AAPL,b_20_80|dif_gt_zero|fixed_5,2026-06-16,2026-06-17,2026-06-25,2026-06-25,300.59074812548096,287.1523472601469,-0.044706635015008045,5,11469,11474,True,0.5788257050392973,2163
AAPL,b_20_80|dif_gt_zero|fixed_5,2026-07-27,2026-07-28,2026-08-04,2026-08-04,339.73698155301014,302.46913991298527,-0.10969615809755429,5,11496,11501,True,0.5788257050392973,2163
MSFT,b_20_80|dif_gt_zero|fixed_5,2018-01-02,2018-01-03,2018-01-10,2018-01-10,78.80062348975564,80.44878188601487,0.02091555019832425,5,8019,8024,True,0.5728155339805825,2163
MSFT,b_20_80|dif_gt_zero|fixed_5,2018-01-18,2018-01-19,2018-01-26,2018-01-26,82.53645423442747,85.26508963892228,0.03305976043924419,5,8030,8035,True,0.5728155339805825,2163
MSFT,b_20_80|dif_gt_zero|fixed_5,2018-02-13,2018-02-14,2018-02-22,2018-02-22,81.42465728141752,84.68127751846801,0.039995504381370006,5,8048,8053,True,0.5728155339805825,2163
MSFT,b_20_80|dif_gt_zero|fixed_5,2018-03-08,2018-03-09,2018-03-16,2018-03-16,87.66193064675153,87.1007582377168,-0.006401552018014067,5,8064,8069,True,0.5728155339805825,2163
MSFT,b_20_80|dif_gt_zero|fixed_5,2018-05-04,2018-05-07,2018-05-14,2018-05-14,87.55153739480072,90.08138411182118,0.02889551448551364,5,8104,8109,True,0.5728155339805825,2163
MSFT,b_20_80|dif_gt_zero|fixed_5,2018-05-23,2018-05-24,2018-06-01,2018-06-01,91.22021949127985,91.72838944991032,0.005570803945270653,5,8117,8122,True,0.5728155339805825,2163
MSFT,b_20_80|dif_gt_zero|fixed_5,2018-06-20,2018-06-21,2018-06-28,2018-06-28,94.31540933031489,89.97291771663178,-0.046042228353955106,5,8136,8141,True,0.5728155339805825,2163
MSFT,b_20_80|dif_gt_zero|fixed_5,2018-07-02,2018-07-03,2018-07-11,2018-07-11,92.83709024275409,93.45616124420368,0.006668358517385897,5,8144,8149,True,0.5728155339805825,2163
MSFT,b_20_80|dif_gt_zero|fixed_5,2018-08-07,2018-08-08,2018-08-15,2018-08-15,101.01393231703456,100.6235648100921,-0.0038644917387957722,5,8169,8174,True,0.5728155339805825,2163
MSFT,b_20_80|dif_gt_zero|fixed_5,2018-08-24,2018-08-27,2018-09-04,2018-09-04,101.34701746377063,102.81244877190251,0.014459540544996763,5,8182,8187,True,0.5728155339805825,2163
MSFT,b_20_80|dif_gt_zero|fixed_5,2018-09-12,2018-09-13,2018-09-20,2018-09-20,103.9903794101842,104.13875532822317,0.0014268235088719106,5,8194,8199,True,0.5728155339805825,2163
MSFT,b_20_80|dif_gt_zero|fixed_5,2019-02-05,2019-02-06,2019-02-13,2019-02-13,99.67035474706215,100.13606801525737,0.004672535473331907,5,8293,8298,True,0.5728155339805825,2163
MSFT,b_20_80|dif_gt_zero|fixed_5,2019-03-12,2019-03-13,2019-03-20,2019-03-20,106.76596208728289,109.81563117466132,0.028564057568134738,5,8317,8322,True,0.5728155339805825,2163
MSFT,b_20_80|dif_gt_zero|fixed_5,2019-04-02,2019-04-03,2019-04-10,2019-04-10,112.12623060462113,112.03269649812044,-0.0008341857743394687,5,8332,8337,True,0.5728155339805825,2163
MSFT,b_20_80|dif_gt_zero|fixed_5,2019-05-15,2019-05-16,2019-05-23,2019-05-23,119.01058333715997,118.4941555808675,-0.0043393431223626155,5,8362,8367,True,0.5728155339805825,2163
MSFT,b_20_80|dif_gt_zero|fixed_5,2019-07-03,2019-07-05,2019-07-12,2019-07-12,127.63941729488629,130.37176565481306,0.021406775570074865,5,8396,8401,True,0.5728155339805825,2163
MSFT,b_20_80|dif_gt_zero|fixed_5,2019-07-23,2019-07-24,2019-07-31,2019-07-31,130.41871688559382,131.7614344217444,0.01029543587158921,5,8409,8414,True,0.5728155339805825,2163
MSFT,b_20_80|dif_gt_zero|fixed_5,2019-08-08,2019-08-09,2019-08-16,2019-08-16,130.14641623705882,127.0658714354207,-0.02366983963682079,5,8421,8426,True,0.5728155339805825,2163
MSFT,b_20_80|dif_gt_zero|fixed_5,2019-08-29,2019-08-30,2019-09-09,2019-09-09,131.08850429674501,131.50298658246294,0.003161850750693196,5,8436,8441,True,0.5728155339805825,2163
MSFT,b_20_80|dif_gt_zero|fixed_5,2019-09-18,2019-09-19,2019-09-26,2019-09-26,132.17188287622108,131.3617498545857,-0.006129390033688731,5,8449,8454,True,0.5728155339805825,2163
MSFT,b_20_80|dif_gt_zero|fixed_5,2019-10-04,2019-10-07,2019-10-14,2019-10-14,129.19496229291303,131.5971901669816,0.018593820002224204,5,8461,8466,True,0.5728155339805825,2163
MSFT,b_20_80|dif_gt_zero|fixed_5,2019-10-25,2019-10-28,2019-11-04,2019-11-04,136.03434317103782,136.43943654070637,0.0029778757350944485,5,8476,8481,True,0.5728155339805825,2163
MSFT,b_20_80|dif_gt_zero|fixed_5,2019-12-06,2019-12-09,2019-12-16,2019-12-16,142.80217155840978,146.6210845661192,0.026742681613545205,5,8505,8510,True,0.5728155339805825,2163
MSFT,b_20_80|dif_gt_zero|fixed_5,2020-01-09,2020-01-10,2020-01-17,2020-01-17,153.9091751273673,158.2573744405716,0.02825172254744368,5,8527,8532,True,0.5728155339805825,2163
MSFT,b_20_80|dif_gt_zero|fixed_5,2020-01-29,2020-01-30,2020-02-06,2020-02-06,164.52453468683692,171.0658498767549,0.03975890405871074,5,8540,8545,True,0.5728155339805825,2163
MSFT,b_20_80|dif_gt_zero|fixed_5,2020-04-29,2020-04-30,2020-05-07,2020-05-07,170.61365089823016,174.56619370740268,0.023166626986548478,5,8603,8608,True,0.5728155339805825,2163
MSFT,b_20_80|dif_gt_zero|fixed_5,2020-05-20,2020-05-21,2020-05-29,2020-05-29,176.22148762180447,173.68367206153434,-0.01440128326300727,5,8618,8623,True,0.5728155339805825,2163
MSFT,b_20_80|dif_gt_zero|fixed_5,2020-06-02,2020-06-03,2020-06-10,2020-06-10,175.6702420116775,181.66782874345716,0.03414116507781095,5,8626,8631,True,0.5728155339805825,2163
MSFT,b_20_80|dif_gt_zero|fixed_5,2020-06-17,2020-06-18,2020-06-25,2020-06-25,184.39572415045265,188.00761269061277,0.01958770224635531,5,8637,8642,True,0.5728155339805825,2163
MSFT,b_20_80|dif_gt_zero|fixed_5,2020-06-30,2020-07-01,2020-07-09,2020-07-09,193.083257178087,205.62027998475654,0.06493065732315784,5,8646,8651,True,0.5728155339805825,2163
MSFT,b_20_80|dif_gt_zero|fixed_5,2020-07-22,2020-07-23,2020-07-30,2020-07-30,196.93274275439686,191.04919294548517,-0.029875934934036397,5,8661,8666,True,0.5728155339805825,2163
MSFT,b_20_80|dif_gt_zero|fixed_5,2020-07-31,2020-08-03,2020-08-10,2020-08-10,201.04840274562122,201.19096322321653,0.0007090853528226582,5,8668,8673,True,0.5728155339805825,2163
MSFT,b_20_80|dif_gt_zero|fixed_5,2020-08-18,2020-08-19,2020-08-26,2020-08-26,201.50578180907098,207.59411583177993,0.03021419022347316,5,8680,8685,True,0.5728155339805825,2163
MSFT,b_20_80|dif_gt_zero|fixed_5,2020-10-09,2020-10-12,2020-10-19,2020-10-19,208.4611818961351,210.01418907016932,0.007449862655043438,5,8717,8722,True,0.5728155339805825,2163
MSFT,b_20_80|dif_gt_zero|fixed_5,2020-11-24,2020-11-25,2020-12-03,2020-12-03,205.49147460908594,205.01383612716327,-0.0023243712802747396,5,8749,8754,True,0.5728155339805825,2163
MSFT,b_20_80|dif_gt_zero|fixed_5,2020-12-15,2020-12-16,2020-12-23,2020-12-23,205.14756389617955,213.13375024434208,0.03892898456354166,5,8763,8768,True,0.5728155339805825,2163
MSFT,b_20_80|dif_gt_zero|fixed_5,2021-03-01,2021-03-02,2021-03-09,2021-03-09,226.9336896940317,222.9792721410801,-0.017425431888421827,5,8813,8818,True,0.5728155339805825,2163
MSFT,b_20_80|dif_gt_zero|fixed_5,2021-03-23,2021-03-24,2021-03-31,2021-03-31,227.73799056865073,223.00800441804873,-0.020769420766344027,5,8829,8834,True,0.5728155339805825,2163
MSFT,b_20_80|dif_gt_zero|fixed_5,2021-04-01,2021-04-05,2021-04-12,2021-04-12,232.4392400726803,243.88123228080784,0.04922573402214625,5,8836,8841,True,0.5728155339805825,2163
MSFT,b_20_80|dif_gt_zero|fixed_5,2021-04-26,2021-04-27,2021-05-04,2021-05-04,250.45914704245152,240.3002295284538,-0.040561175880215905,5,8852,8857,True,0.5728155339805825,2163
MSFT,b_20_80|dif_gt_zero|fixed_5,2021-06-07,2021-06-08,2021-06-15,2021-06-15,244.87622075345962,249.30038033803766,0.018066922018664444,5,8881,8886,True,0.5728155339805825,2163
MSFT,b_20_80|dif_gt_zero|fixed_5,2021-07-22,2021-07-23,2021-07-30,2021-07-30,275.78804130305343,273.6767461132666,-0.007655499418362521,5,8913,8918,True,0.5728155339805825,2163
MSFT,b_20_80|dif_gt_zero|fixed_5,2021-08-05,2021-08-06,2021-08-13,2021-08-13,276.8820984514025,277.81303719840986,0.0033622207871657483,5,8923,8928,True,0.5728155339805825,2163
MSFT,b_20_80|dif_gt_zero|fixed_5,2021-08-13,2021-08-16,2021-08-23,2021-08-23,281.37347818942425,291.58513292551737,0.03629217224666248,5,8929,8934,True,0.5728155339805825,2163
MSFT,b_20_80|dif_gt_zero|fixed_5,2021-09-15,2021-09-16,2021-09-23,2021-09-23,292.0755996209567,287.35439803754895,-0.016164313587080703,5,8951,8956,True,0.5728155339805825,2163
MSFT,b_20_80|dif_gt_zero|fixed_5,2021-09-23,2021-09-24,2021-10-01,2021-10-01,286.7582309001255,271.26797413672585,-0.0540185253437232,5,8957,8962,True,0.5728155339805825,2163
MSFT,b_20_80|dif_gt_zero|fixed_5,2021-11-16,2021-11-17,2021-11-24,2021-11-24,326.49867234618597,323.9361753313232,-0.007848414808087623,5,8995,9000,True,0.5728155339805825,2163
MSFT,b_20_80|dif_gt_zero|fixed_5,2021-12-07,2021-12-08,2021-12-15,2021-12-15,323.0017714613644,316.54775928331173,-0.019981352265817653,5,9009,9014,True,0.5728155339805825,2163
MSFT,b_20_80|dif_gt_zero|fixed_5,2022-12-01,2022-12-02,2022-12-09,2022-12-09,242.90483392955983,237.92656151403307,-0.020494744114357255,5,9257,9262,True,0.5728155339805825,2163
MSFT,b_20_80|dif_gt_zero|fixed_5,2022-12-12,2022-12-13,2022-12-20,2022-12-20,254.44620988669473,232.77322117622552,-0.0851770938939127,5,9264,9269,True,0.5728155339805825,2163
MSFT,b_20_80|dif_gt_zero|fixed_5,2023-03-13,2023-03-14,2023-03-21,2023-03-21,250.26825127577843,267.94058331388436,0.07061355944279257,5,9325,9330,True,0.5728155339805825,2163
MSFT,b_20_80|dif_gt_zero|fixed_5,2023-03-23,2023-03-24,2023-03-31,2023-03-31,270.24101876130743,276.56721287359744,0.023409451834096595,5,9333,9338,True,0.5728155339805825,2163
MSFT,b_20_80|dif_gt_zero|fixed_5,2023-04-19,2023-04-20,2023-04-27,2023-04-27,278.048779675469,288.4981777647632,0.037581168676555476,5,9351,9356,True,0.5728155339805825,2163
MSFT,b_20_80|dif_gt_zero|fixed_5,2023-06-13,2023-06-14,2023-06-22,2023-06-22,326.61194558065387,326.3969713207667,-0.000658194725563388,5,9389,9394,True,0.5728155339805825,2163
MSFT,b_20_80|dif_gt_zero|fixed_5,2023-06-30,2023-07-03,2023-07-11,2023-07-11,331.3498259032752,323.4077439781263,-0.023968873089033393,5,9401,9406,True,0.5728155339805825,2163
MSFT,b_20_80|dif_gt_zero|fixed_5,2023-07-13,2023-07-14,2023-07-21,2023-07-21,339.55560494875635,341.07959326630163,0.004488184837282416,5,9409,9414,True,0.5728155339805825,2163
MSFT,b_20_80|dif_gt_zero|fixed_5,2023-09-14,2023-09-15,2023-09-22,2023-09-22,329.82917548465673,314.5574848611761,-0.04630181851268966,5,9453,9458,True,0.5728155339805825,2163
MSFT,b_20_80|dif_gt_zero|fixed_5,2023-10-31,2023-11-01,2023-11-08,2023-11-08,332.6387311841403,354.06800138493276,0.06442205369322962,5,9486,9491,True,0.5728155339805825,2163
MSFT,b_20_80|dif_gt_zero|fixed_5,2023-12-12,2023-12-13,2023-12-20,2023-12-20,368.8533792298406,367.852799906723,-0.0027126749528680882,5,9515,9520,True,0.5728155339805825,2163
MSFT,b_20_80|dif_gt_zero|fixed_5,2024-01-09,2024-01-10,2024-01-18,2024-01-18,369.1967157740048,384.2541423864291,0.04078429186689014,5,9533,9538,True,0.5728155339805825,2163
MSFT,b_20_80|dif_gt_zero|fixed_5,2024-02-07,2024-02-08,2024-02-15,2024-02-15,406.15852265638233,401.10153638347543,-0.01245076981232085,5,9553,9558,True,0.5728155339805825,2163
MSFT,b_20_80|dif_gt_zero|fixed_5,2024-02-22,2024-02-23,2024-03-01,2024-03-01,408.5017108463529,404.17756158377745,-0.010585388378463567,5,9563,9568,True,0.5728155339805825,2163
MSFT,b_20_80|dif_gt_zero|fixed_5,2024-03-12,2024-03-13,2024-03-20,2024-03-20,410.88979275530687,414.7225113763612,0.009327850651517089,5,9576,9581,True,0.5728155339805825,2163
MSFT,b_20_80|dif_gt_zero|fixed_5,2024-04-08,2024-04-09,2024-04-16,2024-04-16,419.08598583198443,407.42070431973565,-0.02783505511187745,5,9594,9599,True,0.5728155339805825,2163
MSFT,b_20_80|dif_gt_zero|fixed_5,2024-06-06,2024-06-07,2024-06-14,2024-06-14,419.60557647742206,431.49865916361745,0.028343481004321935,5,9636,9641,True,0.5728155339805825,2163
MSFT,b_20_80|dif_gt_zero|fixed_5,2024-11-26,2024-11-27,2024-12-05,2024-12-05,420.12608556589345,432.78587611481566,0.030133312317110583,5,9756,9761,True,0.5728155339805825,2163
MSFT,b_20_80|dif_gt_zero|fixed_5,2025-05-30,2025-06-02,2025-06-09,2025-06-09,453.51752207653715,465.9780260656937,0.02747524270308932,5,9881,9886,True,0.5728155339805825,2163
MSFT,b_20_80|dif_gt_zero|fixed_5,2025-07-14,2025-07-15,2025-07-22,2025-07-22,499.033906939414,506.92092641726225,0.01580457633874932,5,9910,9915,True,0.5728155339805825,2163
MSFT,b_20_80|dif_gt_zero|fixed_5,2025-07-30,2025-07-31,2025-08-07,2025-08-07,550.8301225339796,522.6255013664995,-0.05120384672815392,5,9922,9927,True,0.5728155339805825,2163
MSFT,b_20_80|dif_gt_zero|fixed_5,2025-09-30,2025-10-01,2025-10-08,2025-10-08,511.5600762745242,519.9867481874902,0.0164724971783059,5,9965,9970,True,0.5728155339805825,2163
MSFT,b_20_80|dif_gt_zero|fixed_5,2025-10-20,2025-10-21,2025-10-28,2025-10-28,514.2431942660954,546.5385938392855,0.0628018025970778,5,9979,9984,True,0.5728155339805825,2163
MSFT,b_20_80|dif_gt_zero|fixed_5,2026-05-07,2026-05-08,2026-05-15,2026-05-15,416.48795292910256,413.3746572242232,-0.007475115865858695,5,10116,10121,True,0.5728155339805825,2163
MSFT,b_20_80|dif_gt_zero|fixed_5,2026-05-15,2026-05-18,2026-05-26,2026-05-26,415.71960624154525,416.42999267578125,0.0017088114767029872,5,10122,10127,True,0.5728155339805825,2163
MSFT,b_20_80|dif_gt_zero|fixed_5,2026-05-28,2026-05-29,2026-06-05,2026-06-05,432.54998779296875,428.3399963378906,-0.009732959366289817,5,10130,10135,True,0.5728155339805825,2163
MSFT,b_20_80|dif_gt_zero|fixed_5,2026-07-20,2026-07-21,2026-07-28,2026-07-28,398.80999755859375,393.1600036621094,-0.014167132045515674,5,10165,10170,True,0.5728155339805825,2163
MSFT,b_20_80|dif_gt_zero|fixed_5,2026-07-30,2026-07-31,2026-08-07,2026-08-07,450.0,499.2099914550781,0.10935553656684038,5,10173,10178,True,0.5728155339805825,2163
META,b_20_80|dif_gt_zero|fixed_5,2018-01-02,2018-01-03,2018-01-10,2018-01-10,180.2967176457999,185.31262905047717,0.027820314591257445,5,1415,1420,True,0.5432269995376792,2163
META,b_20_80|dif_gt_zero|fixed_5,2018-01-22,2018-01-23,2018-01-30,2018-01-30,184.4304145604009,185.98673629586293,0.00843853080941992,5,1428,1433,True,0.5432269995376792,2163
META,b_20_80|dif_gt_zero|fixed_5,2018-02-01,2018-02-02,2018-02-09,2018-02-09,190.36826980548153,173.2386958723722,-0.08998124503948235,5,1436,1441,True,0.5432269995376792,2163
META,b_20_80|dif_gt_zero|fixed_5,2018-04-27,2018-04-30,2018-05-07,2018-05-07,172.27715804510706,175.80614788227166,0.020484374581107412,5,1495,1500,True,0.5432269995376792,2163
META,b_20_80|dif_gt_zero|fixed_5,2018-05-29,2018-05-30,2018-06-06,2018-06-06,184.91613265056702,189.36706318434292,0.02406999578661284,5,1516,1521,True,0.5432269995376792,2163
META,b_20_80|dif_gt_zero|fixed_5,2018-06-14,2018-06-15,2018-06-22,2018-06-22,194.08562068452486,199.40888807845093,0.027427417730130355,5,1528,1533,True,0.5432269995376792,2163
META,b_20_80|dif_gt_zero|fixed_5,2018-07-06,2018-07-09,2018-07-16,2018-07-16,203.14608176160985,205.69366395393573,0.012540641543435926,5,1543,1548,True,0.5432269995376792,2163
META,b_20_80|dif_gt_zero|fixed_5,2019-01-31,2019-02-01,2019-02-08,2019-02-08,164.39634462521155,163.03827846153243,-0.0082609267668039,5,1686,1691,True,0.5432269995376792,2163
META,b_20_80|dif_gt_zero|fixed_5,2019-02-25,2019-02-26,2019-03-05,2019-03-05,162.90941164198253,165.91301343665094,0.018437251503119256,5,1702,1707,True,0.5432269995376792,2163
META,b_20_80|dif_gt_zero|fixed_5,2019-03-26,2019-03-27,2019-04-03,2019-04-03,166.38886129251935,172.98096190340783,0.03961864129413839,5,1723,1728,True,0.5432269995376792,2163
META,b_20_80|dif_gt_zero|fixed_5,2019-05-03,2019-05-06,2019-05-13,2019-05-13,189.5752126998016,181.90258484938522,-0.040472737659887126,5,1750,1755,True,0.5432269995376792,2163
META,b_20_80|dif_gt_zero|fixed_5,2019-05-16,2019-05-17,2019-05-24,2019-05-24,183.2309483674975,180.74280498768937,-0.013579274691182475,5,1759,1764,True,0.5432269995376792,2163
META,b_20_80|dif_gt_zero|fixed_5,2019-05-28,2019-05-29,2019-06-05,2019-06-05,181.902613056076,166.02205881437155,-0.08730250750608448,5,1766,1771,True,0.5432269995376792,2163
META,b_20_80|dif_gt_zero|fixed_5,2019-07-03,2019-07-05,2019-07-12,2019-07-12,194.47222153436704,197.94175549280985,0.017840768882406488,5,1792,1797,True,0.5432269995376792,2163
META,b_20_80|dif_gt_zero|fixed_5,2019-07-24,2019-07-25,2019-08-01,2019-08-01,204.90064563487275,192.4797284250376,-0.06061921948244553,5,1806,1811,True,0.5432269995376792,2163
META,b_20_80|dif_gt_zero|fixed_5,2019-09-19,2019-09-20,2019-09-27,2019-09-27,189.00026741214742,178.91880793458682,-0.05334097996579157,5,1846,1851,True,0.5432269995376792,2163
META,b_20_80|dif_gt_zero|fixed_5,2019-10-28,2019-10-29,2019-11-05,2019-11-05,190.02130430737162,193.66926543593132,0.019197642821453753,5,1873,1878,True,0.5432269995376792,2163
META,b_20_80|dif_gt_zero|fixed_5,2019-11-15,2019-11-18,2019-11-25,2019-11-25,192.8663211407008,197.78318825944874,0.02549365327065556,5,1887,1892,True,0.5432269995376792,2163
META,b_20_80|dif_gt_zero|fixed_5,2019-12-09,2019-12-10,2019-12-17,2019-12-17,199.90453035631865,197.10905877067222,-0.013984033181557498,5,1902,1907,True,0.5432269995376792,2163
META,b_20_80|dif_gt_zero|fixed_5,2019-12-18,2019-12-19,2019-12-27,2019-12-27,201.0147741037703,206.85351291522508,0.029046316806746963,5,1909,1914,True,0.5432269995376792,2163
META,b_20_80|dif_gt_zero|fixed_5,2020-01-29,2020-01-30,2020-02-06,2020-02-06,204.7321544388939,208.63782948172818,0.019076998693920322,5,1936,1941,True,0.5432269995376792,2163
META,b_20_80|dif_gt_zero|fixed_5,2020-04-23,2020-04-24,2020-05-01,2020-05-01,181.63496693142514,199.84505056505395,0.10025648662960296,5,1995,2000,True,0.5432269995376792,2163
META,b_20_80|dif_gt_zero|fixed_5,2020-05-19,2020-05-20,2020-05-28,2020-05-28,221.554414532137,222.3474544873753,0.0035794364870271878,5,2013,2018,True,0.5432269995376792,2163
META,b_20_80|dif_gt_zero|fixed_5,2020-06-08,2020-06-09,2020-06-16,2020-06-16,229.50460868151143,235.07566763151695,0.02427427920515801,5,2026,2031,True,0.5432269995376792,2163
META,b_20_80|dif_gt_zero|fixed_5,2020-06-16,2020-06-17,2020-06-24,2020-06-24,232.9543206803659,239.10033962270523,0.02638293603822972,5,2032,2037,True,0.5432269995376792,2163
META,b_20_80|dif_gt_zero|fixed_5,2020-07-01,2020-07-02,2020-07-10,2020-07-10,236.91948906655,241.5686385489451,0.01962333069648481,5,2043,2048,True,0.5432269995376792,2163
META,b_20_80|dif_gt_zero|fixed_5,2020-07-31,2020-08-03,2020-08-10,2020-08-10,250.45064335351154,265.70673739925354,0.06091457319280269,5,2064,2069,True,0.5432269995376792,2163
META,b_20_80|dif_gt_zero|fixed_5,2020-08-20,2020-08-21,2020-08-28,2020-08-28,266.3510064576947,292.4319691112148,0.09791951981102276,5,2078,2083,True,0.5432269995376792,2163
META,b_20_80|dif_gt_zero|fixed_5,2020-10-21,2020-10-22,2020-10-29,2020-10-29,277.4337102381768,274.1425442091837,-0.011862891593698577,5,2121,2126,True,0.5432269995376792,2163
META,b_20_80|dif_gt_zero|fixed_5,2020-10-29,2020-10-30,2020-11-06,2020-11-06,272.1103795495679,291.39117324150493,0.07085651684383776,5,2127,2132,True,0.5432269995376792,2163
META,b_20_80|dif_gt_zero|fixed_5,2020-11-24,2020-11-25,2020-12-03,2020-12-03,275.7187685457387,283.7581450585941,0.029157886331999006,5,2145,2150,True,0.5432269995376792,2163
META,b_20_80|dif_gt_zero|fixed_5,2020-12-07,2020-12-08,2020-12-15,2020-12-15,283.5202173573667,272.43757259190494,-0.03908943379333152,5,2153,2158,True,0.5432269995376792,2163
META,b_20_80|dif_gt_zero|fixed_5,2021-02-10,2021-02-11,2021-02-19,2021-02-19,269.5231973013296,267.5108477745137,-0.007466331458535258,5,2197,2202,True,0.5432269995376792,2163
META,b_20_80|dif_gt_zero|fixed_5,2021-03-31,2021-04-01,2021-04-09,2021-04-09,295.8023427996799,308.68918966598244,0.043565736310038794,5,2231,2236,True,0.5432269995376792,2163
META,b_20_80|dif_gt_zero|fixed_5,2021-04-26,2021-04-27,2021-05-04,2021-05-04,301.6312095868947,317.2341454989644,0.05172851951705848,5,2248,2253,True,0.5432269995376792,2163
META,b_20_80|dif_gt_zero|fixed_5,2021-05-14,2021-05-17,2021-05-24,2021-05-24,310.82046004717864,315.4399204891148,0.014862150455716483,5,2262,2267,True,0.5432269995376792,2163
META,b_20_80|dif_gt_zero|fixed_5,2021-06-14,2021-06-15,2021-06-22,2021-06-22,334.05644356509714,329.793868924314,-0.012760043169029678,5,2282,2287,True,0.5432269995376792,2163
META,b_20_80|dif_gt_zero|fixed_5,2021-06-22,2021-06-23,2021-06-30,2021-06-30,336.3958652776023,349.10430204570434,0.03777821929414826,5,2288,2293,True,0.5432269995376792,2163
META,b_20_80|dif_gt_zero|fixed_5,2021-07-22,2021-07-23,2021-07-30,2021-07-30,357.7682199401789,350.91839806606083,-0.01914597633983084,5,2309,2314,True,0.5432269995376792,2163
META,b_20_80|dif_gt_zero|fixed_5,2021-08-10,2021-08-11,2021-08-18,2021-08-18,358.9478624990702,353.1488283079139,-0.016155644863803387,5,2322,2327,True,0.5432269995376792,2163
META,b_20_80|dif_gt_zero|fixed_5,2021-08-23,2021-08-24,2021-08-31,2021-08-31,360.4942845338797,376.6424683877028,0.04479456276180027,5,2331,2336,True,0.5432269995376792,2163
META,b_20_80|dif_gt_zero|fixed_5,2021-09-07,2021-09-08,2021-09-15,2021-09-15,376.8507146056471,373.7182143463136,-0.008312310784952426,5,2341,2346,True,0.5432269995376792,2163
META,b_20_80|dif_gt_zero|fixed_5,2021-11-15,2021-11-16,2021-11-23,2021-11-23,340.83690901944357,335.9796078452375,-0.014251100880418255,5,2390,2395,True,0.5432269995376792,2163
META,b_20_80|dif_gt_zero|fixed_5,2021-12-27,2021-12-28,2022-01-04,2022-01-04,343.6125808087769,336.99067483088044,-0.01927143052303315,5,2418,2423,True,0.5432269995376792,2163
META,b_20_80|dif_gt_zero|fixed_5,2022-12-14,2022-12-15,2022-12-22,2022-12-22,117.29990833253575,116.17975407839512,-0.009549489595209959,5,2662,2667,True,0.5432269995376792,2163
META,b_20_80|dif_gt_zero|fixed_5,2022-12-23,2022-12-27,2023-01-04,2023-01-04,116.9034038330725,126.27113797211675,0.08013226160994025,5,2669,2674,True,0.5432269995376792,2163
META,b_20_80|dif_gt_zero|fixed_5,2023-02-28,2023-03-01,2023-03-08,2023-03-08,173.0701524358075,181.27807709436618,0.047425419941217406,5,2712,2717,True,0.5432269995376792,2163
META,b_20_80|dif_gt_zero|fixed_5,2023-03-14,2023-03-15,2023-03-22,2023-03-22,191.2703459570102,200.7372186543796,0.04949472250914,5,2722,2727,True,0.5432269995376792,2163
META,b_20_80|dif_gt_zero|fixed_5,2023-04-27,2023-04-28,2023-05-05,2023-05-05,236.92938780573903,230.21832376395497,-0.02832516516392014,5,2753,2758,True,0.5432269995376792,2163
META,b_20_80|dif_gt_zero|fixed_5,2023-05-15,2023-05-16,2023-05-23,2023-05-23,233.73740578256724,244.66146956317317,0.04673648081286563,5,2765,2770,True,0.5432269995376792,2163
META,b_20_80|dif_gt_zero|fixed_5,2023-06-14,2023-06-15,2023-06-23,2023-06-23,269.9295786141267,279.05943296679476,0.03382309711867304,5,2786,2791,True,0.5432269995376792,2163
META,b_20_80|dif_gt_zero|fixed_5,2023-07-05,2023-07-06,2023-07-13,2023-07-13,293.3142553701415,310.8899261701611,0.05992095671531672,5,2799,2804,True,0.5432269995376792,2163
META,b_20_80|dif_gt_zero|fixed_5,2023-07-28,2023-07-31,2023-08-07,2023-08-07,320.87225613271846,310.5033526725311,-0.0323147397819854,5,2816,2821,True,0.5432269995376792,2163
META,b_20_80|dif_gt_zero|fixed_5,2023-08-07,2023-08-08,2023-08-15,2023-08-15,311.66311551194724,303.4749997336149,-0.02627232858428663,5,2822,2827,True,0.5432269995376792,2163
META,b_20_80|dif_gt_zero|fixed_5,2023-09-11,2023-09-12,2023-09-19,2023-09-19,303.6633574024578,299.8468567834762,-0.01256819608275428,5,2846,2851,True,0.5432269995376792,2163
META,b_20_80|dif_gt_zero|fixed_5,2023-09-28,2023-09-29,2023-10-06,2023-10-06,304.70424728900844,298.8159079310807,-0.019324769543966114,5,2859,2864,True,0.5432269995376792,2163
META,b_20_80|dif_gt_zero|fixed_5,2023-12-08,2023-12-11,2023-12-18,2023-12-18,326.5325557121071,334.5421662666255,0.024529286328130118,5,2909,2914,True,0.5432269995376792,2163
META,b_20_80|dif_gt_zero|fixed_5,2024-01-08,2024-01-09,2024-01-17,2024-01-17,353.2974794746207,363.1112814992652,0.027777730085248198,5,2928,2933,True,0.5432269995376792,2163
META,b_20_80|dif_gt_zero|fixed_5,2024-02-07,2024-02-08,2024-02-15,2024-02-15,464.24323169322327,471.1425770136393,0.014861488222999375,5,2949,2954,True,0.5432269995376792,2163
META,b_20_80|dif_gt_zero|fixed_5,2024-02-15,2024-02-16,2024-02-26,2024-02-26,473.94795697120554,479.76987131875444,0.012283868433053735,5,2955,2960,True,0.5432269995376792,2163
META,b_20_80|dif_gt_zero|fixed_5,2024-03-20,2024-03-21,2024-03-28,2024-03-28,510.7707839758228,489.0680934492514,-0.04249007814745853,5,2978,2983,True,0.5432269995376792,2163
META,b_20_80|dif_gt_zero|fixed_5,2024-04-03,2024-04-04,2024-04-11,2024-04-11,512.4676110901486,517.1217682967572,0.009081856308358782,5,2987,2992,True,0.5432269995376792,2163
META,b_20_80|dif_gt_zero|fixed_5,2024-06-26,2024-06-27,2024-07-05,2024-07-05,510.8209300507455,508.18862031678924,-0.00515309686643961,5,3045,3050,True,0.5432269995376792,2163
META,b_20_80|dif_gt_zero|fixed_5,2024-07-05,2024-07-08,2024-07-15,2024-07-15,538.733549875278,495.3051241917836,-0.08061206823586253,5,3051,3056,True,0.5432269995376792,2163
META,b_20_80|dif_gt_zero|fixed_5,2024-09-11,2024-09-12,2024-09-19,2024-09-19,513.6022393471186,546.8537527288971,0.06474176090829986,5,3098,3103,True,0.5432269995376792,2163
META,b_20_80|dif_gt_zero|fixed_5,2024-10-25,2024-10-28,2024-11-04,2024-11-04,578.67072146079,560.87307535209,-0.03075608536711827,5,3130,3135,True,0.5432269995376792,2163
META,b_20_80|dif_gt_zero|fixed_5,2024-11-07,2024-11-08,2024-11-15,2024-11-15,588.1561165108458,567.9523048385856,-0.03435110356773374,5,3139,3144,True,0.5432269995376792,2163
META,b_20_80|dif_gt_zero|fixed_5,2024-12-26,2024-12-27,2025-01-06,2025-01-06,596.4617453720124,608.8207596792694,0.020720548137665773,5,3172,3177,True,0.5432269995376792,2163
META,b_20_80|dif_gt_zero|fixed_5,2025-01-21,2025-01-22,2025-01-29,2025-01-29,620.2343211513619,671.6800579089199,0.08294564651317193,5,3187,3192,True,0.5432269995376792,2163
META,b_20_80|dif_gt_zero|fixed_5,2025-05-29,2025-05-30,2025-06-06,2025-06-06,639.9087359485001,693.3621683649559,0.08353289994896662,5,3276,3281,True,0.5432269995376792,2163
META,b_20_80|dif_gt_zero|fixed_5,2025-06-24,2025-06-25,2025-07-02,2025-07-02,710.9896633208298,712.9931517050737,0.0028178867958308373,5,3293,3298,True,0.5432269995376792,2163
META,b_20_80|dif_gt_zero|fixed_5,2025-07-21,2025-07-22,2025-07-29,2025-07-29,713.8503977542969,717.6479213169642,0.00531977508818926,5,3311,3316,True,0.5432269995376792,2163
META,b_20_80|dif_gt_zero|fixed_5,2025-07-31,2025-08-01,2025-08-08,2025-08-08,758.2448261685668,760.2582747146965,0.0026554069037354466,5,3319,3324,True,0.5432269995376792,2163
META,b_20_80|dif_gt_zero|fixed_5,2025-08-28,2025-08-29,2025-09-08,2025-09-08,742.8453254860702,753.5302710608411,0.01438380939905537,5,3339,3344,True,0.5432269995376792,2163
META,b_20_80|dif_gt_zero|fixed_5,2025-12-23,2025-12-24,2026-01-02,2026-01-02,661.3503083186049,661.5499009554064,0.0003017956358242202,5,3420,3425,True,0.5432269995376792,2163
META,b_20_80|dif_gt_zero|fixed_5,2026-01-06,2026-01-07,2026-01-14,2026-01-14,654.4725487720359,625.3844405077801,-0.04444511587053235,5,3428,3433,True,0.5432269995376792,2163
AMD,b_20_80|dif_gt_zero|fixed_5,2018-01-18,2018-01-19,2018-01-26,2018-01-26,12.5600004196167,12.699999809265137,0.011146447848025653,5,9544,9549,True,0.5552473416551087,2163
AMD,b_20_80|dif_gt_zero|fixed_5,2018-01-26,2018-01-29,2018-02-05,2018-02-05,13.130000114440918,12.050000190734863,-0.08225437275649572,5,9550,9555,True,0.5552473416551087,2163
AMD,b_20_80|dif_gt_zero|fixed_5,2018-07-05,2018-07-06,2018-07-13,2018-07-13,15.520000457763672,16.68000030517578,0.07474225600501416,5,9660,9665,True,0.5552473416551087,2163
AMD,b_20_80|dif_gt_zero|fixed_5,2018-07-26,2018-07-27,2018-08-03,2018-08-03,19.06999969482422,18.940000534057617,-0.006816946137753965,5,9675,9680,True,0.5552473416551087,2163
AMD,b_20_80|dif_gt_zero|fixed_5,2018-08-06,2018-08-07,2018-08-14,2018-08-14,19.530000686645508,19.969999313354492,0.022529370775181468,5,9682,9687,True,0.5552473416551087,2163
AMD,b_20_80|dif_gt_zero|fixed_5,2018-08-20,2018-08-21,2018-08-28,2018-08-28,19.979999542236328,25.510000228881836,0.27677681748467875,5,9692,9697,True,0.5552473416551087,2163
AMD,b_20_80|dif_gt_zero|fixed_5,2019-01-24,2019-01-25,2019-02-01,2019-02-01,20.989999771118164,24.610000610351562,0.1724631195191555,5,9799,9804,True,0.5552473416551087,2163
AMD,b_20_80|dif_gt_zero|fixed_5,2019-02-15,2019-02-19,2019-02-26,2019-02-26,23.6299991607666,24.649999618530273,0.04316548853108726,5,9815,9820,True,0.5552473416551087,2163
AMD,b_20_80|dif_gt_zero|fixed_5,2019-03-11,2019-03-12,2019-03-19,2019-03-19,23.100000381469727,23.600000381469727,0.02164502128757917,5,9830,9835,True,0.5552473416551087,2163
AMD,b_20_80|dif_gt_zero|fixed_5,2019-04-03,2019-04-04,2019-04-11,2019-04-11,28.8799991607666,27.809999465942383,-0.03704985200546029,5,9847,9852,True,0.5552473416551087,2163
AMD,b_20_80|dif_gt_zero|fixed_5,2019-04-22,2019-04-23,2019-04-30,2019-04-30,28.18000030517578,27.59000015258789,-0.02093683982251504,5,9859,9864,True,0.5552473416551087,2163
AMD,b_20_80|dif_gt_zero|fixed_5,2019-05-03,2019-05-06,2019-05-13,2019-05-13,26.719999313354492,26.979999542236328,0.009730547738146411,5,9868,9873,True,0.5552473416551087,2163
AMD,b_20_80|dif_gt_zero|fixed_5,2019-05-14,2019-05-15,2019-05-22,2019-05-22,26.8700008392334,27.1200008392334,0.009304056278069517,5,9875,9880,True,0.5552473416551087,2163
AMD,b_20_80|dif_gt_zero|fixed_5,2019-05-28,2019-05-29,2019-06-05,2019-06-05,29.0,29.93000030517578,0.03206897604054415,5,9884,9889,True,0.5552473416551087,2163
AMD,b_20_80|dif_gt_zero|fixed_5,2019-06-26,2019-06-27,2019-07-05,2019-07-05,30.40999984741211,30.8799991607666,0.015455419786675417,5,9905,9910,True,0.5552473416551087,2163
AMD,b_20_80|dif_gt_zero|fixed_5,2019-07-26,2019-07-29,2019-08-05,2019-08-05,34.13999938964844,28.260000228881836,-0.1722319644372774,5,9926,9931,True,0.5552473416551087,2163
AMD,b_20_80|dif_gt_zero|fixed_5,2019-12-04,2019-12-05,2019-12-12,2019-12-12,39.95000076293945,39.400001525878906,-0.013767189650989109,5,10017,10022,True,0.5552473416551087,2163
AMD,b_20_80|dif_gt_zero|fixed_5,2020-01-17,2020-01-21,2020-01-28,2020-01-28,50.959999084472656,50.029998779296875,-0.018249613851722968,5,10047,10052,True,0.5552473416551087,2163
AMD,b_20_80|dif_gt_zero|fixed_5,2020-02-05,2020-02-06,2020-02-13,2020-02-13,48.79999923706055,53.43000030517578,0.09487707255124378,5,10059,10064,True,0.5552473416551087,2163
AMD,b_20_80|dif_gt_zero|fixed_5,2020-05-08,2020-05-11,2020-05-18,2020-05-18,52.900001525878906,54.97999954223633,0.03931943206731048,5,10124,10129,True,0.5552473416551087,2163
AMD,b_20_80|dif_gt_zero|fixed_5,2020-06-02,2020-06-03,2020-06-10,2020-06-10,53.599998474121094,57.20000076293945,0.0671642237183363,5,10140,10145,True,0.5552473416551087,2163
AMD,b_20_80|dif_gt_zero|fixed_5,2020-07-20,2020-07-21,2020-07-28,2020-07-28,57.810001373291016,68.0999984741211,0.17799683197351035,5,10173,10178,True,0.5552473416551087,2163
AMD,b_20_80|dif_gt_zero|fixed_5,2020-08-20,2020-08-21,2020-08-28,2020-08-28,83.29000091552734,84.30000305175781,0.012126331193762496,5,10196,10201,True,0.5552473416551087,2163
AMD,b_20_80|dif_gt_zero|fixed_5,2020-08-28,2020-08-31,2020-09-08,2020-09-08,85.05000305175781,78.05000305175781,-0.08230452379572639,5,10202,10207,True,0.5552473416551087,2163
AMD,b_20_80|dif_gt_zero|fixed_5,2020-10-23,2020-10-26,2020-11-02,2020-11-02,82.55000305175781,75.8499984741211,-0.08116298400904842,5,10241,10246,True,0.5552473416551087,2163
AMD,b_20_80|dif_gt_zero|fixed_5,2020-11-19,2020-11-20,2020-11-30,2020-11-30,85.27999877929688,87.33000183105469,0.024038497667702607,5,10260,10265,True,0.5552473416551087,2163
AMD,b_20_80|dif_gt_zero|fixed_5,2020-12-15,2020-12-16,2020-12-23,2020-12-23,97.04000091552734,93.08000183105469,-0.04080790444262061,5,10277,10282,True,0.5552473416551087,2163
AMD,b_20_80|dif_gt_zero|fixed_5,2021-01-04,2021-01-05,2021-01-12,2021-01-12,92.0999984741211,97.86000061035156,0.06254074084321459,5,10289,10294,True,0.5552473416551087,2163
AMD,b_20_80|dif_gt_zero|fixed_5,2021-06-17,2021-06-18,2021-06-25,2021-06-25,84.27999877929688,86.33999633789062,0.024442306459783403,5,10403,10408,True,0.5552473416551087,2163
AMD,b_20_80|dif_gt_zero|fixed_5,2021-07-21,2021-07-22,2021-07-29,2021-07-29,89.4000015258789,96.58000183105469,0.08031320114795926,5,10426,10431,True,0.5552473416551087,2163
AMD,b_20_80|dif_gt_zero|fixed_5,2021-08-23,2021-08-24,2021-08-31,2021-08-31,109.44999694824219,111.26000213623047,0.016537279474244437,5,10449,10454,True,0.5552473416551087,2163
AMD,b_20_80|dif_gt_zero|fixed_5,2021-09-15,2021-09-16,2021-09-23,2021-09-23,104.91999816894531,104.88999938964844,-0.00028592050915376976,5,10465,10470,True,0.5552473416551087,2163
AMD,b_20_80|dif_gt_zero|fixed_5,2021-11-02,2021-11-03,2021-11-10,2021-11-10,127.75,143.92999267578125,0.126653563019814,5,10499,10504,True,0.5552473416551087,2163
AMD,b_20_80|dif_gt_zero|fixed_5,2021-11-16,2021-11-17,2021-11-24,2021-11-24,151.97999572753906,149.4600067138672,-0.016581057274074218,5,10509,10514,True,0.5552473416551087,2163
AMD,b_20_80|dif_gt_zero|fixed_5,2021-11-29,2021-11-30,2021-12-07,2021-12-07,163.27999877929688,143.89999389648438,-0.11869184852829506,5,10517,10522,True,0.5552473416551087,2163
AMD,b_20_80|dif_gt_zero|fixed_5,2021-12-15,2021-12-16,2021-12-23,2021-12-23,147.0,143.88999938964844,-0.02115646673708549,5,10529,10534,True,0.5552473416551087,2163
AMD,b_20_80|dif_gt_zero|fixed_5,2022-05-27,2022-05-31,2022-06-07,2022-06-07,102.43000030517578,104.23999786376953,0.017670580427620042,5,10642,10647,True,0.5552473416551087,2163
AMD,b_20_80|dif_gt_zero|fixed_5,2022-08-18,2022-08-19,2022-08-26,2022-08-26,98.66999816894531,96.29000091552734,-0.0241207793410807,5,10698,10703,True,0.5552473416551087,2163
AMD,b_20_80|dif_gt_zero|fixed_5,2022-11-30,2022-12-01,2022-12-08,2022-12-08,78.30999755859375,70.13999938964844,-0.10432892891909862,5,10770,10775,True,0.5552473416551087,2163
AMD,b_20_80|dif_gt_zero|fixed_5,2023-03-01,2023-03-02,2023-03-09,2023-03-09,77.56999969482422,85.29000091552734,0.09952302760184528,5,10831,10836,True,0.5552473416551087,2163
AMD,b_20_80|dif_gt_zero|fixed_5,2023-03-14,2023-03-15,2023-03-22,2023-03-22,86.7699966430664,95.6500015258789,0.10233957849901665,5,10840,10845,True,0.5552473416551087,2163
AMD,b_20_80|dif_gt_zero|fixed_5,2023-06-12,2023-06-13,2023-06-21,2023-06-21,132.32000732421875,118.48999786376953,-0.10451941274883747,5,10902,10907,True,0.5552473416551087,2163
AMD,b_20_80|dif_gt_zero|fixed_5,2023-12-07,2023-12-08,2023-12-15,2023-12-15,129.5399932861328,139.52000427246094,0.07704192916147456,5,11026,11031,True,0.5552473416551087,2163
AMD,b_20_80|dif_gt_zero|fixed_5,2023-12-26,2023-12-27,2024-01-04,2024-01-04,144.72000122070312,134.3000030517578,-0.0720010923234754,5,11038,11043,True,0.5552473416551087,2163
AMD,b_20_80|dif_gt_zero|fixed_5,2024-01-09,2024-01-10,2024-01-18,2024-01-18,150.07000732421875,166.1999969482422,0.10748310013189655,5,11047,11052,True,0.5552473416551087,2163
AMD,b_20_80|dif_gt_zero|fixed_5,2024-02-12,2024-02-13,2024-02-21,2024-02-21,167.94000244140625,162.74000549316406,-0.030963420701726196,5,11070,11075,True,0.5552473416551087,2163
AMD,b_20_80|dif_gt_zero|fixed_5,2024-02-22,2024-02-23,2024-03-01,2024-03-01,181.86000061035156,197.91000366210938,0.0882547179032851,5,11077,11082,True,0.5552473416551087,2163
AMD,b_20_80|dif_gt_zero|fixed_5,2024-05-28,2024-05-29,2024-06-05,2024-06-05,167.4600067138672,162.07000732421875,-0.03218678594022828,5,11143,11148,True,0.5552473416551087,2163
AMD,b_20_80|dif_gt_zero|fixed_5,2024-06-07,2024-06-10,2024-06-17,2024-06-17,162.47999572753906,158.0,-0.02757259875271978,5,11151,11156,True,0.5552473416551087,2163
AMD,b_20_80|dif_gt_zero|fixed_5,2024-10-04,2024-10-07,2024-10-14,2024-10-14,171.0800018310547,167.77000427246094,-0.01934765912536318,5,11233,11238,True,0.5552473416551087,2163
AMD,b_20_80|dif_gt_zero|fixed_5,2025-06-02,2025-06-03,2025-06-10,2025-06-10,114.5,121.11000061035156,0.057729262972502804,5,11396,11401,True,0.5552473416551087,2163
AMD,b_20_80|dif_gt_zero|fixed_5,2025-06-17,2025-06-18,2025-06-26,2025-06-26,128.00999450683594,145.97000122070312,0.140301597410881,5,11407,11412,True,0.5552473416551087,2163
AMD,b_20_80|dif_gt_zero|fixed_5,2025-07-10,2025-07-11,2025-07-18,2025-07-18,142.60000610351562,159.58999633789062,0.11914438644583014,5,11422,11427,True,0.5552473416551087,2163
AMD,b_20_80|dif_gt_zero|fixed_5,2025-08-13,2025-08-14,2025-08-21,2025-08-21,179.8300018310547,165.86000061035156,-0.07768448578356546,5,11446,11451,True,0.5552473416551087,2163
AMD,b_20_80|dif_gt_zero|fixed_5,2025-08-28,2025-08-29,2025-09-08,2025-09-08,166.80999755859375,151.8000030517578,-0.08998258333744968,5,11457,11462,True,0.5552473416551087,2163
AMD,b_20_80|dif_gt_zero|fixed_5,2025-11-12,2025-11-13,2025-11-20,2025-11-20,251.89999389648438,232.6999969482422,-0.07622071224079596,5,11510,11515,True,0.5552473416551087,2163
AMD,b_20_80|dif_gt_zero|fixed_5,2026-04-02,2026-04-06,2026-04-13,2026-04-13,219.27999877929688,245.02999877929688,0.11742977081059336,5,11606,11611,True,0.5552473416551087,2163
AMD,b_20_80|dif_gt_zero|fixed_5,2026-05-22,2026-05-26,2026-06-02,2026-06-02,484.739990234375,506.29998779296875,0.04447744768936723,5,11641,11646,True,0.5552473416551087,2163
AMD,b_20_80|dif_gt_zero|fixed_5,2026-06-12,2026-06-15,2026-06-23,2026-06-23,535.75,509.0799865722656,-0.04978070635134746,5,11655,11660,True,0.5552473416551087,2163
AMD,b_20_80|dif_gt_zero|fixed_5,2026-06-30,2026-07-01,2026-07-09,2026-07-09,557.530029296875,537.27001953125,-0.036338867327336155,5,11666,11671,True,0.5552473416551087,2163
AMD,b_20_80|dif_gt_zero|fixed_5,2026-07-10,2026-07-13,2026-07-20,2026-07-20,537.5,517.0,-0.038139534883720905,5,11673,11678,True,0.5552473416551087,2163
AMD,b_20_80|dif_gt_zero|fixed_5,2026-07-21,2026-07-22,2026-07-29,2026-07-29,526.8800048828125,452.67999267578125,-0.14082905314187177,5,11680,11685,True,0.5552473416551087,2163
AMAT,b_20_80|dif_gt_zero|fixed_5,2018-01-17,2018-01-18,2018-01-25,2018-01-25,51.69364507672127,52.99622984641859,0.025198160581713536,5,9543,9548,True,0.559408229311142,2163
AMAT,b_20_80|dif_gt_zero|fixed_5,2019-01-18,2019-01-22,2019-01-29,2019-01-29,32.69175935083472,36.34783491397556,0.11183477536052178,5,9796,9801,True,0.559408229311142,2163
AMAT,b_20_80|dif_gt_zero|fixed_5,2019-02-12,2019-02-13,2019-02-21,2019-02-21,37.91208364707256,36.28256177490792,-0.04298159624604203,5,9812,9817,True,0.559408229311142,2163
AMAT,b_20_80|dif_gt_zero|fixed_5,2019-03-04,2019-03-05,2019-03-12,2019-03-12,36.45001441779124,36.00346994593539,-0.012250872296991067,5,9825,9830,True,0.559408229311142,2163
AMAT,b_20_80|dif_gt_zero|fixed_5,2019-04-01,2019-04-02,2019-04-09,2019-04-09,38.14321279393014,39.58521488146352,0.03780494567470871,5,9845,9850,True,0.559408229311142,2163
AMAT,b_20_80|dif_gt_zero|fixed_5,2019-04-12,2019-04-15,2019-04-23,2019-04-23,39.77128357286465,40.74811559748918,0.024561239589737882,5,9854,9859,True,0.559408229311142,2163
AMAT,b_20_80|dif_gt_zero|fixed_5,2019-06-20,2019-06-21,2019-06-28,2019-06-28,40.11494848723812,42.200176057788376,0.05198130994019934,5,9901,9906,True,0.559408229311142,2163
AMAT,b_20_80|dif_gt_zero|fixed_5,2019-07-12,2019-07-15,2019-07-22,2019-07-22,43.808515874168386,46.11817068120277,0.052721594442241004,5,9916,9921,True,0.559408229311142,2163
AMAT,b_20_80|dif_gt_zero|fixed_5,2019-08-09,2019-08-12,2019-08-19,2019-08-19,43.93007460966189,44.50980299340315,0.01319661732633981,5,9936,9941,True,0.559408229311142,2163
AMAT,b_20_80|dif_gt_zero|fixed_5,2019-09-26,2019-09-27,2019-10-04,2019-10-04,48.017078610213495,46.97447294025404,-0.021713225796658242,5,9969,9974,True,0.559408229311142,2163
AMAT,b_20_80|dif_gt_zero|fixed_5,2019-10-04,2019-10-07,2019-10-14,2019-10-14,47.73530974918721,48.66521637195813,0.019480477400416474,5,9975,9980,True,0.559408229311142,2163
AMAT,b_20_80|dif_gt_zero|fixed_5,2019-10-21,2019-10-22,2019-10-29,2019-10-29,49.454212395267476,53.23960242582321,0.07654332861072866,5,9986,9991,True,0.559408229311142,2163
AMAT,b_20_80|dif_gt_zero|fixed_5,2019-11-04,2019-11-05,2019-11-12,2019-11-12,52.685419256556386,53.54018846579389,0.016224018358383496,5,9996,10001,True,0.559408229311142,2163
AMAT,b_20_80|dif_gt_zero|fixed_5,2019-12-06,2019-12-09,2019-12-16,2019-12-16,53.838427111477166,57.495526510301396,0.0679273075948501,5,10019,10024,True,0.559408229311142,2163
AMAT,b_20_80|dif_gt_zero|fixed_5,2020-01-08,2020-01-09,2020-01-16,2020-01-16,58.62658363684868,58.994172570554525,0.006270004337670443,5,10040,10045,True,0.559408229311142,2163
AMAT,b_20_80|dif_gt_zero|fixed_5,2020-02-04,2020-02-05,2020-02-12,2020-02-12,60.30431418970188,61.19974351131853,0.014848511812933785,5,10058,10063,True,0.559408229311142,2163
AMAT,b_20_80|dif_gt_zero|fixed_5,2020-04-29,2020-04-30,2020-05-07,2020-05-07,50.53802890682692,48.65644018778793,-0.0372311457280603,5,10117,10122,True,0.559408229311142,2163
AMAT,b_20_80|dif_gt_zero|fixed_5,2020-05-07,2020-05-08,2020-05-15,2020-05-15,49.55468147313124,50.26383036588444,0.014310431863792772,5,10123,10128,True,0.559408229311142,2163
AMAT,b_20_80|dif_gt_zero|fixed_5,2020-06-03,2020-06-04,2020-06-11,2020-06-11,54.261108054544685,55.305312867210354,0.019244074625531127,5,10141,10146,True,0.559408229311142,2163
AMAT,b_20_80|dif_gt_zero|fixed_5,2020-06-17,2020-06-18,2020-06-25,2020-06-25,56.5488881632609,56.57735831670249,0.0005034608878498048,5,10151,10156,True,0.559408229311142,2163
AMAT,b_20_80|dif_gt_zero|fixed_5,2020-07-02,2020-07-06,2020-07-13,2020-07-13,59.225869551498555,59.814422228279525,0.00993742567627831,5,10162,10167,True,0.559408229311142,2163
AMAT,b_20_80|dif_gt_zero|fixed_5,2020-07-20,2020-07-21,2020-07-28,2020-07-28,60.868135906354446,59.35876930486731,-0.024797319303638488,5,10173,10178,True,0.559408229311142,2163
AMAT,b_20_80|dif_gt_zero|fixed_5,2020-07-30,2020-07-31,2020-08-07,2020-08-07,61.504148213419214,60.45993670107424,-0.01697790381100084,5,10181,10186,True,0.559408229311142,2163
AMAT,b_20_80|dif_gt_zero|fixed_5,2020-08-10,2020-08-11,2020-08-18,2020-08-18,62.007268961059516,63.972294176625645,0.03169023968464346,5,10188,10193,True,0.559408229311142,2163
AMAT,b_20_80|dif_gt_zero|fixed_5,2020-10-07,2020-10-08,2020-10-15,2020-10-15,58.765480214001755,59.43219097607288,0.011345278888953425,5,10229,10234,True,0.559408229311142,2163
AMAT,b_20_80|dif_gt_zero|fixed_5,2020-11-13,2020-11-16,2020-11-23,2020-11-23,69.49947528657354,73.52672068945925,0.05794641450571825,5,10256,10261,True,0.559408229311142,2163
AMAT,b_20_80|dif_gt_zero|fixed_5,2020-12-30,2020-12-31,2021-01-08,2021-01-08,83.09847399888142,91.98242629875432,0.10690872975588572,5,10287,10292,True,0.559408229311142,2163
AMAT,b_20_80|dif_gt_zero|fixed_5,2021-02-04,2021-02-05,2021-02-12,2021-02-12,100.16904618903943,107.94490897092606,0.07762740165471871,5,10311,10316,True,0.559408229311142,2163
AMAT,b_20_80|dif_gt_zero|fixed_5,2021-02-24,2021-02-25,2021-03-04,2021-03-04,115.96910414919947,110.38935199801338,-0.048114126535007795,5,10324,10329,True,0.559408229311142,2163
AMAT,b_20_80|dif_gt_zero|fixed_5,2021-03-11,2021-03-12,2021-03-19,2021-03-19,109.6332722207714,109.59497115963909,-0.00034935617952902565,5,10335,10340,True,0.559408229311142,2163
AMAT,b_20_80|dif_gt_zero|fixed_5,2021-03-22,2021-03-23,2021-03-30,2021-03-30,114.75361445864957,119.52943021041965,0.041617998476997986,5,10342,10347,True,0.559408229311142,2163
AMAT,b_20_80|dif_gt_zero|fixed_5,2021-04-21,2021-04-22,2021-04-29,2021-04-29,128.98535687749168,131.35888479879057,0.018401530055486948,5,10363,10368,True,0.559408229311142,2163
AMAT,b_20_80|dif_gt_zero|fixed_5,2021-05-07,2021-05-10,2021-05-17,2021-05-17,126.25768798199215,116.76348623754652,-0.07519701886034669,5,10375,10380,True,0.559408229311142,2163
AMAT,b_20_80|dif_gt_zero|fixed_5,2021-06-14,2021-06-15,2021-06-22,2021-06-22,133.3910579990058,127.34136222644483,-0.04535308335740207,5,10400,10405,True,0.559408229311142,2163
AMAT,b_20_80|dif_gt_zero|fixed_5,2021-06-23,2021-06-24,2021-07-01,2021-07-01,131.34892446281083,135.85500535833623,0.03430618799471952,5,10407,10412,True,0.559408229311142,2163
AMAT,b_20_80|dif_gt_zero|fixed_5,2021-07-13,2021-07-14,2021-07-21,2021-07-21,132.4898788496799,127.34132418288863,-0.03885998471349439,5,10420,10425,True,0.559408229311142,2163
AMAT,b_20_80|dif_gt_zero|fixed_5,2021-09-13,2021-09-14,2021-09-21,2021-09-21,132.65536976695424,131.7140455297475,-0.007096013066492768,5,10463,10468,True,0.559408229311142,2163
AMAT,b_20_80|dif_gt_zero|fixed_5,2021-09-24,2021-09-27,2021-10-04,2021-10-04,134.08647823131733,122.61806716490746,-0.08552995960282672,5,10472,10477,True,0.559408229311142,2163
AMAT,b_20_80|dif_gt_zero|fixed_5,2021-11-01,2021-11-02,2021-11-09,2021-11-09,133.99044929086776,146.93804058620867,0.09663070288863773,5,10498,10503,True,0.559408229311142,2163
AMAT,b_20_80|dif_gt_zero|fixed_5,2021-12-01,2021-12-02,2021-12-09,2021-12-09,142.38420169058085,149.92671678168367,0.052972977349647676,5,10519,10524,True,0.559408229311142,2163
AMAT,b_20_80|dif_gt_zero|fixed_5,2021-12-15,2021-12-16,2021-12-23,2021-12-23,148.54135359156103,147.26180905829662,-0.00861406269921794,5,10529,10534,True,0.559408229311142,2163
AMAT,b_20_80|dif_gt_zero|fixed_5,2022-01-12,2022-01-13,2022-01-21,2022-01-21,157.77709119587828,132.30185859215297,-0.1614634444749532,5,10548,10553,True,0.559408229311142,2163
AMAT,b_20_80|dif_gt_zero|fixed_5,2022-08-12,2022-08-15,2022-08-22,2022-08-22,106.08291043581602,99.31987679135976,-0.06375233877607589,5,10694,10699,True,0.559408229311142,2163
AMAT,b_20_80|dif_gt_zero|fixed_5,2022-11-30,2022-12-01,2022-12-08,2022-12-08,106.95300834776157,103.93327063205922,-0.028234247566777726,5,10770,10775,True,0.559408229311142,2163
AMAT,b_20_80|dif_gt_zero|fixed_5,2022-12-08,2022-12-09,2022-12-16,2022-12-16,104.65178776209758,101.12714741355397,-0.03367969553043948,5,10776,10781,True,0.559408229311142,2163
AMAT,b_20_80|dif_gt_zero|fixed_5,2023-01-23,2023-01-24,2023-01-31,2023-01-31,110.17663534604158,105.79754414715846,-0.03974609666676887,5,10805,10810,True,0.559408229311142,2163
AMAT,b_20_80|dif_gt_zero|fixed_5,2023-02-01,2023-02-02,2023-02-09,2023-02-09,116.81811347602961,114.92470795790732,-0.0162081501043142,5,10812,10817,True,0.559408229311142,2163
AMAT,b_20_80|dif_gt_zero|fixed_5,2023-02-28,2023-03-01,2023-03-08,2023-03-08,114.55150828564116,113.50041608147747,-0.009175716844711745,5,10830,10835,True,0.559408229311142,2163
AMAT,b_20_80|dif_gt_zero|fixed_5,2023-03-14,2023-03-15,2023-03-22,2023-03-22,115.34959241295795,117.0527517023378,0.014765195556846411,5,10840,10845,True,0.559408229311142,2163
AMAT,b_20_80|dif_gt_zero|fixed_5,2023-03-31,2023-04-03,2023-04-11,2023-04-11,118.37638304717258,114.19141469248075,-0.035353068297619306,5,10853,10858,True,0.559408229311142,2163
AMAT,b_20_80|dif_gt_zero|fixed_5,2023-05-26,2023-05-30,2023-06-06,2023-06-06,134.65461955708062,128.2145901228667,-0.04782627922753124,5,10892,10897,True,0.559408229311142,2163
AMAT,b_20_80|dif_gt_zero|fixed_5,2023-06-12,2023-06-13,2023-06-21,2023-06-21,138.0697588951943,135.17176795536483,-0.020989324259117925,5,10902,10907,True,0.559408229311142,2163
AMAT,b_20_80|dif_gt_zero|fixed_5,2023-06-27,2023-06-28,2023-07-06,2023-07-06,139.33827373308935,137.2501245023295,-0.014986185595781243,5,10912,10917,True,0.559408229311142,2163
AMAT,b_20_80|dif_gt_zero|fixed_5,2023-07-13,2023-07-14,2023-07-21,2023-07-21,141.06534787335957,131.94204188867508,-0.06467432379548577,5,10923,10928,True,0.559408229311142,2163
AMAT,b_20_80|dif_gt_zero|fixed_5,2023-07-27,2023-07-28,2023-08-04,2023-08-04,145.95388015062025,143.94384753573627,-0.013771697010108164,5,10933,10938,True,0.559408229311142,2163
AMAT,b_20_80|dif_gt_zero|fixed_5,2023-08-07,2023-08-08,2023-08-15,2023-08-15,144.55852628620397,137.845343299501,-0.04643920465411977,5,10940,10945,True,0.559408229311142,2163
AMAT,b_20_80|dif_gt_zero|fixed_5,2023-12-01,2023-12-04,2023-12-11,2023-12-11,147.03552557893184,146.22218318756737,-0.005531604611620611,5,11022,11027,True,0.559408229311142,2163
AMAT,b_20_80|dif_gt_zero|fixed_5,2023-12-11,2023-12-12,2023-12-19,2023-12-19,152.0334261384286,157.36449508989358,0.03506511092245557,5,11028,11033,True,0.559408229311142,2163
AMAT,b_20_80|dif_gt_zero|fixed_5,2023-12-21,2023-12-22,2024-01-02,2024-01-02,158.3640676684224,156.79610690819777,-0.00990098816802032,5,11036,11041,True,0.559408229311142,2163
AMAT,b_20_80|dif_gt_zero|fixed_5,2024-02-07,2024-02-08,2024-02-15,2024-02-15,166.586074986201,185.2154161089422,0.11183012220129651,5,11067,11072,True,0.559408229311142,2163
AMAT,b_20_80|dif_gt_zero|fixed_5,2024-02-26,2024-02-27,2024-03-05,2024-03-05,199.98878452096162,203.93499376191508,0.019732152732494068,5,11079,11084,True,0.559408229311142,2163
AMAT,b_20_80|dif_gt_zero|fixed_5,2024-03-20,2024-03-21,2024-03-28,2024-03-28,209.45176826943035,203.7484646637009,-0.02722967513166541,5,11096,11101,True,0.559408229311142,2163
AMAT,b_20_80|dif_gt_zero|fixed_5,2024-04-08,2024-04-09,2024-04-16,2024-04-16,207.46886797122514,202.55085619654741,-0.023704818090393376,5,11108,11113,True,0.559408229311142,2163
AMAT,b_20_80|dif_gt_zero|fixed_5,2024-06-05,2024-06-06,2024-06-13,2024-06-13,217.99607691345076,227.63365173932726,0.044209854426429995,5,11149,11154,True,0.559408229311142,2163
AMAT,b_20_80|dif_gt_zero|fixed_5,2024-07-02,2024-07-03,2024-07-11,2024-07-11,237.6351152877943,251.33423976560127,0.05764772795138584,5,11167,11172,True,0.559408229311142,2163
AMAT,b_20_80|dif_gt_zero|fixed_5,2024-10-09,2024-10-10,2024-10-17,2024-10-17,198.0672032950728,187.20908229345153,-0.054820388337817216,5,11236,11241,True,0.559408229311142,2163
AMAT,b_20_80|dif_gt_zero|fixed_5,2025-01-15,2025-01-16,2025-01-24,2025-01-24,183.50128700905498,188.52830874543247,0.027395021682487863,5,11302,11307,True,0.559408229311142,2163
AMAT,b_20_80|dif_gt_zero|fixed_5,2025-02-05,2025-02-06,2025-02-13,2025-02-13,177.38785556183566,178.0792055337032,0.003897391789747129,5,11316,11321,True,0.559408229311142,2163
AMAT,b_20_80|dif_gt_zero|fixed_5,2025-06-03,2025-06-04,2025-06-11,2025-06-11,161.3166192748678,172.97111457968992,0.07224609192289111,5,11397,11402,True,0.559408229311142,2163
AMAT,b_20_80|dif_gt_zero|fixed_5,2025-06-24,2025-06-25,2025-07-02,2025-07-02,179.79108326558182,181.30002086251835,0.008392727656618915,5,11411,11416,True,0.559408229311142,2163
AMAT,b_20_80|dif_gt_zero|fixed_5,2025-07-28,2025-07-29,2025-08-05,2025-08-05,190.22456399579065,181.33973792856892,-0.04670703867360859,5,11434,11439,True,0.559408229311142,2163
AMAT,b_20_80|dif_gt_zero|fixed_5,2025-10-15,2025-10-16,2025-10-23,2025-10-23,229.5767899616725,217.42097737006452,-0.05294878717329121,5,11490,11495,True,0.559408229311142,2163
AMAT,b_20_80|dif_gt_zero|fixed_5,2025-10-24,2025-10-27,2025-11-03,2025-11-03,231.96614650376642,234.62428627475916,0.011459171137929713,5,11497,11502,True,0.559408229311142,2163
AMAT,b_20_80|dif_gt_zero|fixed_5,2025-11-03,2025-11-04,2025-11-11,2025-11-11,230.39314764306874,231.5380538697628,0.0049693588477195405,5,11503,11508,True,0.559408229311142,2163
AMAT,b_20_80|dif_gt_zero|fixed_5,2025-11-17,2025-11-18,2025-11-25,2025-11-25,225.4750597721385,236.9595163759139,0.05093448745675633,5,11513,11518,True,0.559408229311142,2163
AMAT,b_20_80|dif_gt_zero|fixed_5,2025-12-23,2025-12-24,2026-01-02,2026-01-02,259.5831542204307,266.4161313820247,0.02632288363285551,5,11538,11543,True,0.559408229311142,2163
AMAT,b_20_80|dif_gt_zero|fixed_5,2026-01-27,2026-01-28,2026-02-04,2026-02-04,341.0800500072224,323.18464640112717,-0.052466872822718,5,11560,11565,True,0.559408229311142,2163
AMAT,b_20_80|dif_gt_zero|fixed_5,2026-02-09,2026-02-10,2026-02-18,2026-02-18,329.04005907270954,360.73113128832176,0.09631372029570806,5,11569,11574,True,0.559408229311142,2163
AMAT,b_20_80|dif_gt_zero|fixed_5,2026-03-11,2026-03-12,2026-03-19,2026-03-19,343.76264818589726,340.316927426729,-0.010023546122163052,5,11590,11595,True,0.559408229311142,2163
AMAT,b_20_80|dif_gt_zero|fixed_5,2026-04-24,2026-04-27,2026-05-04,2026-05-04,415.4834826975592,386.6792815657304,-0.06932694639222547,5,11621,11626,True,0.559408229311142,2163
AMAT,b_20_80|dif_gt_zero|fixed_5,2026-05-05,2026-05-06,2026-05-13,2026-05-13,420.4772653225129,435.36875853250467,0.03541569173441461,5,11628,11633,True,0.559408229311142,2163
AMAT,b_20_80|dif_gt_zero|fixed_5,2026-05-22,2026-05-26,2026-06-02,2026-06-02,444.739990234375,465.29998779296875,0.04622925306932424,5,11641,11646,True,0.559408229311142,2163
AMAT,b_20_80|dif_gt_zero|fixed_5,2026-06-11,2026-06-12,2026-06-22,2026-06-22,548.6199951171875,626.219970703125,0.1414457662436488,5,11654,11659,True,0.559408229311142,2163
AMAT,b_20_80|dif_gt_zero|fixed_5,2026-06-29,2026-06-30,2026-07-08,2026-07-08,697.5,547.0999755859375,-0.2156272751456093,5,11665,11670,True,0.559408229311142,2163
AMAT,b_20_80|dif_gt_zero|fixed_5,2026-07-15,2026-07-16,2026-07-23,2026-07-23,562.5399780273438,548.969970703125,-0.024122743012513714,5,11676,11681,True,0.559408229311142,2163
AMZN,b_20_80|dif_gt_zero|fixed_5,2018-01-02,2018-01-03,2018-01-10,2018-01-10,59.415000915527344,62.25749969482422,0.04784143289567844,5,5193,5198,True,0.5496994914470643,2163
AMZN,b_20_80|dif_gt_zero|fixed_5,2018-02-13,2018-02-14,2018-02-22,2018-02-22,70.3125,74.76799774169922,0.0633670789930556,5,5222,5227,True,0.5496994914470643,2163
AMZN,b_20_80|dif_gt_zero|fixed_5,2018-04-30,2018-05-01,2018-05-08,2018-05-08,78.16100311279297,79.75,0.020329791378367768,5,5274,5279,True,0.5496994914470643,2163
AMZN,b_20_80|dif_gt_zero|fixed_5,2018-05-23,2018-05-24,2018-06-01,2018-06-01,79.90149688720703,81.85150146484375,0.024405106958001577,5,5291,5296,True,0.5496994914470643,2163
AMZN,b_20_80|dif_gt_zero|fixed_5,2018-07-02,2018-07-03,2018-07-11,2018-07-11,86.197998046875,86.89949798583984,0.008138239342674325,5,5318,5323,True,0.5496994914470643,2163
AMZN,b_20_80|dif_gt_zero|fixed_5,2018-07-25,2018-07-26,2018-08-02,2018-08-02,91.94999694824219,89.4384994506836,-0.027313731168172817,5,5334,5339,True,0.5496994914470643,2163
AMZN,b_20_80|dif_gt_zero|fixed_5,2018-08-02,2018-08-03,2018-08-10,2018-08-10,91.88700103759766,94.42549896240234,0.027626300740471565,5,5340,5345,True,0.5496994914470643,2163
AMZN,b_20_80|dif_gt_zero|fixed_5,2018-08-23,2018-08-24,2018-08-31,2018-08-31,95.52549743652344,100.3499984741211,0.05050485123936177,5,5355,5360,True,0.5496994914470643,2163
AMZN,b_20_80|dif_gt_zero|fixed_5,2018-09-24,2018-09-25,2018-10-02,2018-10-02,97.1449966430664,99.99949645996094,0.029383909779549855,5,5376,5381,True,0.5496994914470643,2163
AMZN,b_20_80|dif_gt_zero|fixed_5,2019-01-31,2019-02-01,2019-02-08,2019-02-08,81.94400024414062,79.30000305175781,-0.032265903354795844,5,5464,5469,True,0.5496994914470643,2163
AMZN,b_20_80|dif_gt_zero|fixed_5,2019-02-13,2019-02-14,2019-02-22,2019-02-22,81.2249984741211,81.17500305175781,-0.0006155176768543047,5,5473,5478,True,0.5496994914470643,2163
AMZN,b_20_80|dif_gt_zero|fixed_5,2019-03-12,2019-03-13,2019-03-20,2019-03-20,84.1500015258789,88.49700164794922,0.051657754524620625,5,5491,5496,True,0.5496994914470643,2163
AMZN,b_20_80|dif_gt_zero|fixed_5,2019-04-01,2019-04-02,2019-04-09,2019-04-09,90.5510025024414,92.27449798583984,0.019033422444461268,5,5505,5510,True,0.5496994914470643,2163
AMZN,b_20_80|dif_gt_zero|fixed_5,2019-05-03,2019-05-06,2019-05-13,2019-05-13,95.89900207519531,91.8280029296875,-0.04245090206794544,5,5528,5533,True,0.5496994914470643,2163
AMZN,b_20_80|dif_gt_zero|fixed_5,2019-05-16,2019-05-17,2019-05-24,2019-05-24,94.65249633789062,91.79450225830078,-0.030194598031386022,5,5537,5542,True,0.5496994914470643,2163
AMZN,b_20_80|dif_gt_zero|fixed_5,2019-07-02,2019-07-03,2019-07-11,2019-07-11,96.79450225830078,101.28099822998047,0.04635073136392864,5,5569,5574,True,0.5496994914470643,2163
AMZN,b_20_80|dif_gt_zero|fixed_5,2019-10-30,2019-10-31,2019-11-07,2019-11-07,88.79949951171875,90.18800354003906,0.015636394753971272,5,5653,5658,True,0.5496994914470643,2163
AMZN,b_20_80|dif_gt_zero|fixed_5,2020-01-02,2020-01-03,2020-01-10,2020-01-10,93.2249984741211,95.26850128173828,0.021920116289242397,5,5696,5701,True,0.5496994914470643,2163
AMZN,b_20_80|dif_gt_zero|fixed_5,2020-01-23,2020-01-24,2020-01-31,2020-01-31,94.56849670410156,102.57350158691406,0.08464769095208968,5,5710,5715,True,0.5496994914470643,2163
AMZN,b_20_80|dif_gt_zero|fixed_5,2020-04-06,2020-04-07,2020-04-15,2020-04-15,100.85549926757812,112.88400268554688,0.11926472532802723,5,5761,5766,True,0.5496994914470643,2163
AMZN,b_20_80|dif_gt_zero|fixed_5,2020-04-30,2020-05-01,2020-05-08,2020-05-08,116.83999633789062,118.60700225830078,0.01512329660898093,5,5778,5783,True,0.5496994914470643,2163
AMZN,b_20_80|dif_gt_zero|fixed_5,2020-05-08,2020-05-11,2020-05-18,2020-05-18,118.73500061035156,120.21749877929688,0.012485772192905253,5,5784,5789,True,0.5496994914470643,2163
AMZN,b_20_80|dif_gt_zero|fixed_5,2020-06-01,2020-06-02,2020-06-09,2020-06-09,123.3499984741211,126.47200012207031,0.025310106903683627,5,5799,5804,True,0.5496994914470643,2163
AMZN,b_20_80|dif_gt_zero|fixed_5,2020-06-18,2020-06-19,2020-06-26,2020-06-26,133.9040069580078,138.7530059814453,0.03621250128054898,5,5812,5817,True,0.5496994914470643,2163
AMZN,b_20_80|dif_gt_zero|fixed_5,2020-07-01,2020-07-02,2020-07-10,2020-07-10,145.60049438476562,159.58799743652344,0.09606768926755338,5,5821,5826,True,0.5496994914470643,2163
AMZN,b_20_80|dif_gt_zero|fixed_5,2020-07-30,2020-07-31,2020-08-07,2020-08-07,162.1999969482422,161.20050048828125,-0.006162123790174112,5,5841,5846,True,0.5496994914470643,2163
AMZN,b_20_80|dif_gt_zero|fixed_5,2020-08-18,2020-08-19,2020-08-26,2020-08-26,165.15049743652344,167.5554962158203,0.01456246766814151,5,5854,5859,True,0.5496994914470643,2163
AMZN,b_20_80|dif_gt_zero|fixed_5,2020-10-27,2020-10-28,2020-11-04,2020-11-04,162.46499633789062,157.99949645996094,-0.027485919912511148,5,5903,5908,True,0.5496994914470643,2163
AMZN,b_20_80|dif_gt_zero|fixed_5,2020-12-28,2020-12-29,2021-01-06,2021-01-06,165.4969940185547,157.32400512695312,-0.04938451565280544,5,5945,5950,True,0.5496994914470643,2163
AMZN,b_20_80|dif_gt_zero|fixed_5,2021-02-01,2021-02-02,2021-02-09,2021-02-09,169.0,165.62449645996094,-0.019973393728041744,5,5968,5973,True,0.5496994914470643,2163
AMZN,b_20_80|dif_gt_zero|fixed_5,2021-02-18,2021-02-19,2021-02-26,2021-02-26,166.4114990234375,154.75999450683594,-0.0700162223462728,5,5980,5985,True,0.5496994914470643,2163
AMZN,b_20_80|dif_gt_zero|fixed_5,2021-04-27,2021-04-28,2021-05-05,2021-05-05,171.74000549316406,166.9429931640625,-0.027931828203490383,5,6027,6032,True,0.5496994914470643,2163
AMZN,b_20_80|dif_gt_zero|fixed_5,2021-07-02,2021-07-06,2021-07-13,2021-07-13,176.5054931640625,185.10499572753906,0.04872087780000878,5,6074,6079,True,0.5496994914470643,2163
AMZN,b_20_80|dif_gt_zero|fixed_5,2021-07-23,2021-07-26,2021-08-02,2021-08-02,183.6584930419922,167.65499877929688,-0.08713724041629933,5,6088,6093,True,0.5496994914470643,2163
AMZN,b_20_80|dif_gt_zero|fixed_5,2021-09-23,2021-09-24,2021-10-01,2021-10-01,170.10049438476562,164.45050048828125,-0.033215623016968676,5,6131,6136,True,0.5496994914470643,2163
AMZN,b_20_80|dif_gt_zero|fixed_5,2021-10-28,2021-10-29,2021-11-05,2021-11-05,165.00100708007812,173.85000610351562,0.053629969780383924,5,6156,6161,True,0.5496994914470643,2163
AMZN,b_20_80|dif_gt_zero|fixed_5,2021-11-12,2021-11-15,2021-11-22,2021-11-22,176.85000610351562,183.81900024414062,0.03940624201361831,5,6167,6172,True,0.5496994914470643,2163
AMZN,b_20_80|dif_gt_zero|fixed_5,2021-12-07,2021-12-08,2021-12-15,2021-12-15,176.15049743652344,168.59800720214844,-0.042875213776200516,5,6183,6188,True,0.5496994914470643,2163
AMZN,b_20_80|dif_gt_zero|fixed_5,2022-07-29,2022-08-01,2022-08-08,2022-08-08,134.9600067138672,142.0500030517578,0.052534054424896004,5,6344,6349,True,0.5496994914470643,2163
AMZN,b_20_80|dif_gt_zero|fixed_5,2023-03-30,2023-03-31,2023-04-10,2023-04-10,102.16000366210938,100.95999908447266,-0.011746324731992885,5,6512,6517,True,0.5496994914470643,2163
AMZN,b_20_80|dif_gt_zero|fixed_5,2023-04-14,2023-04-17,2023-04-24,2023-04-24,103.16000366210938,107.66000366210938,0.043621557195163696,5,6522,6527,True,0.5496994914470643,2163
AMZN,b_20_80|dif_gt_zero|fixed_5,2023-04-27,2023-04-28,2023-05-05,2023-05-05,107.7300033569336,104.2699966430664,-0.032117391683386565,5,6531,6536,True,0.5496994914470643,2163
AMZN,b_20_80|dif_gt_zero|fixed_5,2023-05-08,2023-05-09,2023-05-16,2023-05-16,105.4800033569336,111.05000305175781,0.05280621461468771,5,6538,6543,True,0.5496994914470643,2163
AMZN,b_20_80|dif_gt_zero|fixed_5,2023-05-26,2023-05-30,2023-06-06,2023-06-06,122.37000274658203,125.06999969482422,0.022064205995268704,5,6552,6557,True,0.5496994914470643,2163
AMZN,b_20_80|dif_gt_zero|fixed_5,2023-06-13,2023-06-14,2023-06-22,2023-06-22,126.69999694824219,125.30999755859375,-0.010970792605593083,5,6563,6568,True,0.5496994914470643,2163
AMZN,b_20_80|dif_gt_zero|fixed_5,2023-06-22,2023-06-23,2023-06-30,2023-06-30,129.11000061035156,129.47000122070312,0.002788324751372473,5,6569,6574,True,0.5496994914470643,2163
AMZN,b_20_80|dif_gt_zero|fixed_5,2023-06-30,2023-07-03,2023-07-11,2023-07-11,130.82000732421875,127.75,-0.02346741440405342,5,6575,6580,True,0.5496994914470643,2163
AMZN,b_20_80|dif_gt_zero|fixed_5,2023-07-12,2023-07-13,2023-07-20,2023-07-20,134.0399932861328,134.07000732421875,0.00022391852871761486,5,6582,6587,True,0.5496994914470643,2163
AMZN,b_20_80|dif_gt_zero|fixed_5,2023-07-28,2023-07-31,2023-08-07,2023-08-07,133.1999969482422,140.99000549316406,0.058483548974470834,5,6594,6599,True,0.5496994914470643,2163
AMZN,b_20_80|dif_gt_zero|fixed_5,2023-08-29,2023-08-30,2023-09-07,2023-09-07,134.92999267578125,133.89999389648438,-0.007633579153686232,5,6616,6621,True,0.5496994914470643,2163
AMZN,b_20_80|dif_gt_zero|fixed_5,2023-11-22,2023-11-24,2023-12-01,2023-12-01,146.6999969482422,146.0,-0.004771622105003592,5,6676,6681,True,0.5496994914470643,2163
AMZN,b_20_80|dif_gt_zero|fixed_5,2023-12-08,2023-12-11,2023-12-18,2023-12-18,145.66000366210938,150.55999755859375,0.03363994077503252,5,6687,6692,True,0.5496994914470643,2163
AMZN,b_20_80|dif_gt_zero|fixed_5,2024-01-09,2024-01-10,2024-01-18,2024-01-18,152.05999755859375,152.77000427246094,0.0046692537502743825,5,6707,6712,True,0.5496994914470643,2163
AMZN,b_20_80|dif_gt_zero|fixed_5,2024-02-02,2024-02-05,2024-02-12,2024-02-12,170.1999969482422,174.8000030517578,0.027027063372477622,5,6724,6729,True,0.5496994914470643,2163
AMZN,b_20_80|dif_gt_zero|fixed_5,2024-02-22,2024-02-23,2024-03-01,2024-03-01,174.27999877929688,176.75,0.014172602926346478,5,6737,6742,True,0.5496994914470643,2163
AMZN,b_20_80|dif_gt_zero|fixed_5,2024-03-14,2024-03-15,2024-03-22,2024-03-22,176.63999938964844,177.75,0.006283970868359301,5,6752,6757,True,0.5496994914470643,2163
AMZN,b_20_80|dif_gt_zero|fixed_5,2024-04-05,2024-04-08,2024-04-15,2024-04-15,186.89999389648438,187.42999267578125,0.0028357345992766625,5,6767,6772,True,0.5496994914470643,2163
AMZN,b_20_80|dif_gt_zero|fixed_5,2024-05-29,2024-05-30,2024-06-06,2024-06-06,181.30999755859375,181.75,0.002426796356136185,5,6804,6809,True,0.5496994914470643,2163
AMZN,b_20_80|dif_gt_zero|fixed_5,2024-06-21,2024-06-24,2024-07-01,2024-07-01,189.3300018310547,193.49000549316406,0.02197223695070516,5,6820,6825,True,0.5496994914470643,2163
AMZN,b_20_80|dif_gt_zero|fixed_5,2024-10-09,2024-10-10,2024-10-17,2024-10-17,187.1300048828125,188.22000122070312,0.0058248079380600615,5,6896,6901,True,0.5496994914470643,2163
AMZN,b_20_80|dif_gt_zero|fixed_5,2024-10-29,2024-10-30,2024-11-06,2024-11-06,194.6999969482422,200.00999450683594,0.0272727151608807,5,6910,6915,True,0.5496994914470643,2163
AMZN,b_20_80|dif_gt_zero|fixed_5,2024-11-26,2024-11-27,2024-12-05,2024-12-05,206.97999572753906,218.02999877929688,0.0533868165032898,5,6930,6935,True,0.5496994914470643,2163
AMZN,b_20_80|dif_gt_zero|fixed_5,2025-01-06,2025-01-07,2025-01-15,2025-01-15,227.89999389648438,222.8300018310547,-0.02224656516547585,5,6956,6961,True,0.5496994914470643,2163
AMZN,b_20_80|dif_gt_zero|fixed_5,2025-01-15,2025-01-16,2025-01-24,2025-01-24,224.4199981689453,234.5,0.04491579143257263,5,6962,6967,True,0.5496994914470643,2163
AMZN,b_20_80|dif_gt_zero|fixed_5,2025-05-28,2025-05-29,2025-06-05,2025-06-05,208.02999877929688,209.5500030517578,0.007306659046196318,5,7053,7058,True,0.5496994914470643,2163
AMZN,b_20_80|dif_gt_zero|fixed_5,2025-06-26,2025-06-27,2025-07-07,2025-07-07,219.9199981689453,223.0,0.014005101203613979,5,7073,7078,True,0.5496994914470643,2163
AMZN,b_20_80|dif_gt_zero|fixed_5,2025-07-11,2025-07-14,2025-07-21,2025-07-21,225.07000732421875,225.83999633789062,0.0034211089377300663,5,7083,7088,True,0.5496994914470643,2163
AMZN,b_20_80|dif_gt_zero|fixed_5,2025-08-08,2025-08-11,2025-08-18,2025-08-18,221.77999877929688,230.22999572753906,0.03810080708247798,5,7103,7108,True,0.5496994914470643,2163
AMZN,b_20_80|dif_gt_zero|fixed_5,2025-08-26,2025-08-27,2025-09-04,2025-09-04,228.57000732421875,231.19000244140625,0.011462549911332554,5,7115,7120,True,0.5496994914470643,2163
AMZN,b_20_80|dif_gt_zero|fixed_5,2025-09-04,2025-09-05,2025-09-12,2025-09-12,235.19000244140625,230.35000610351562,-0.02057909047004003,5,7121,7126,True,0.5496994914470643,2163
AMZN,b_20_80|dif_gt_zero|fixed_5,2026-01-06,2026-01-07,2026-01-14,2026-01-14,239.61000061035156,241.14999389648438,0.0064270826852386165,5,7206,7211,True,0.5496994914470643,2163
AMZN,b_20_80|dif_gt_zero|fixed_5,2026-01-26,2026-01-27,2026-02-03,2026-02-03,239.69000244140625,244.97999572753906,0.022070145739290892,5,7219,7224,True,0.5496994914470643,2163
AMZN,b_20_80|dif_gt_zero|fixed_5,2026-05-21,2026-05-22,2026-06-01,2026-06-01,268.6600036621094,266.2900085449219,-0.008821540552676477,5,7300,7305,True,0.5496994914470643,2163
AVGO,b_20_80|dif_gt_zero|fixed_5,2018-05-25,2018-05-29,2018-06-05,2018-06-05,19.892162075974785,20.75780182862044,0.04351662475599638,5,2217,2222,True,0.5672676837725381,2163
AVGO,b_20_80|dif_gt_zero|fixed_5,2018-10-16,2018-10-17,2018-10-24,2018-10-24,19.583269924961293,18.4935914118524,-0.0556433382823347,5,2316,2321,True,0.5672676837725381,2163
AVGO,b_20_80|dif_gt_zero|fixed_5,2018-11-26,2018-11-27,2018-12-04,2018-12-04,19.080090980646847,19.644533792359514,0.029582815526675743,5,2344,2349,True,0.5672676837725381,2163
AVGO,b_20_80|dif_gt_zero|fixed_5,2018-12-10,2018-12-11,2018-12-18,2018-12-18,19.88714221248732,21.055889317301677,0.05876898210545756,5,2353,2358,True,0.5672676837725381,2163
AVGO,b_20_80|dif_gt_zero|fixed_5,2018-12-28,2018-12-31,2019-01-08,2019-01-08,21.282895123799364,19.820172885612866,-0.06872759695887543,5,2366,2371,True,0.5672676837725381,2163
AVGO,b_20_80|dif_gt_zero|fixed_5,2019-01-10,2019-01-11,2019-01-18,2019-01-18,20.589507612829554,21.390207108618668,0.03888871510896119,5,2374,2379,True,0.5672676837725381,2163
AVGO,b_20_80|dif_gt_zero|fixed_5,2019-02-12,2019-02-13,2019-02-21,2019-02-21,23.112943759250456,23.3803962859013,0.011571547503281598,5,2396,2401,True,0.5672676837725381,2163
AVGO,b_20_80|dif_gt_zero|fixed_5,2019-03-05,2019-03-06,2019-03-13,2019-03-13,22.837240660904392,22.32958512919726,-0.022229285019367495,5,2410,2415,True,0.5672676837725381,2163
AVGO,b_20_80|dif_gt_zero|fixed_5,2019-05-01,2019-05-02,2019-05-09,2019-05-09,26.64908412877778,24.98507637392489,-0.062441461282940036,5,2450,2455,True,0.5672676837725381,2163
AVGO,b_20_80|dif_gt_zero|fixed_5,2019-07-15,2019-07-16,2019-07-23,2019-07-23,24.130717709533222,25.18258323398033,0.04359031244361011,5,2501,2506,True,0.5672676837725381,2163
AVGO,b_20_80|dif_gt_zero|fixed_5,2019-10-28,2019-10-29,2019-11-05,2019-11-05,24.801644128160422,25.881015582390003,0.043520157319088204,5,2575,2580,True,0.5672676837725381,2163
AVGO,b_20_80|dif_gt_zero|fixed_5,2019-11-25,2019-11-26,2019-12-04,2019-12-04,27.06898890940352,26.284072458513094,-0.028996888414171695,5,2595,2600,True,0.5672676837725381,2163
AVGO,b_20_80|dif_gt_zero|fixed_5,2019-12-06,2019-12-09,2019-12-16,2019-12-16,26.814423078020205,26.981592120614426,0.006234295703764436,5,2603,2608,True,0.5672676837725381,2163
AVGO,b_20_80|dif_gt_zero|fixed_5,2020-01-02,2020-01-03,2020-01-10,2020-01-10,27.215468685062397,26.18174517332889,-0.0379829399117011,5,2620,2625,True,0.5672676837725381,2163
AVGO,b_20_80|dif_gt_zero|fixed_5,2020-02-06,2020-02-07,2020-02-14,2020-02-14,27.284897007695655,27.84375880053496,0.020482459313725165,5,2644,2649,True,0.5672676837725381,2163
AVGO,b_20_80|dif_gt_zero|fixed_5,2020-04-24,2020-04-27,2020-05-04,2020-05-04,23.043995250535353,22.595931092922694,-0.01944385740151766,5,2698,2703,True,0.5672676837725381,2163
AVGO,b_20_80|dif_gt_zero|fixed_5,2020-05-08,2020-05-11,2020-05-18,2020-05-18,23.830291082833355,23.41622133080501,-0.01737577399239698,5,2708,2713,True,0.5672676837725381,2163
AVGO,b_20_80|dif_gt_zero|fixed_5,2020-05-18,2020-05-19,2020-05-27,2020-05-27,23.8442378694439,24.671499651490695,0.034694410724148916,5,2714,2719,True,0.5672676837725381,2163
AVGO,b_20_80|dif_gt_zero|fixed_5,2020-06-18,2020-06-19,2020-06-26,2020-06-26,27.97819627160989,27.61622780724413,-0.012937519661803787,5,2736,2741,True,0.5672676837725381,2163
AVGO,b_20_80|dif_gt_zero|fixed_5,2020-06-30,2020-07-01,2020-07-09,2020-07-09,27.75185241965174,28.183403805346412,0.015550363239503318,5,2744,2749,True,0.5672676837725381,2163
AVGO,b_20_80|dif_gt_zero|fixed_5,2020-07-30,2020-07-31,2020-08-07,2020-08-07,27.715753208972366,28.92143374901546,0.043501633563860054,5,2765,2770,True,0.5672676837725381,2163
AVGO,b_20_80|dif_gt_zero|fixed_5,2020-08-24,2020-08-25,2020-09-01,2020-09-01,29.503578364149153,30.82463521703956,0.0447761568642695,5,2782,2787,True,0.5672676837725381,2163
AVGO,b_20_80|dif_gt_zero|fixed_5,2020-09-16,2020-09-17,2020-09-24,2020-09-24,31.26497619515004,31.1234394411439,-0.004527006613492812,5,2798,2803,True,0.5672676837725381,2163
AVGO,b_20_80|dif_gt_zero|fixed_5,2020-09-28,2020-09-29,2020-10-06,2020-10-06,32.66004439365983,32.53739997293613,-0.003755182303043947,5,2806,2811,True,0.5672676837725381,2163
AVGO,b_20_80|dif_gt_zero|fixed_5,2020-11-16,2020-11-17,2020-11-24,2020-11-24,33.65276563038605,34.53794340675594,0.026303269873624968,5,2841,2846,True,0.5672676837725381,2163
AVGO,b_20_80|dif_gt_zero|fixed_5,2020-12-16,2020-12-17,2020-12-24,2020-12-24,37.90446187501228,38.40580490854848,0.013226491255550643,5,2862,2867,True,0.5672676837725381,2163
AVGO,b_20_80|dif_gt_zero|fixed_5,2021-01-07,2021-01-08,2021-01-15,2021-01-15,40.06487311137384,40.17063276866966,0.0026397102769257774,5,2876,2881,True,0.5672676837725381,2163
AVGO,b_20_80|dif_gt_zero|fixed_5,2021-02-02,2021-02-03,2021-02-10,2021-02-10,42.747514309121286,42.772602419123366,0.0005868904989576595,5,2893,2898,True,0.5672676837725381,2163
AVGO,b_20_80|dif_gt_zero|fixed_5,2021-03-01,2021-03-02,2021-03-09,2021-03-09,43.952139702152614,39.05114601954473,-0.11150751057445907,5,2911,2916,True,0.5672676837725381,2163
AVGO,b_20_80|dif_gt_zero|fixed_5,2021-03-26,2021-03-29,2021-04-06,2021-04-06,43.39509822358194,43.640804233355674,0.005662068294160827,5,2930,2935,True,0.5672676837725381,2163
AVGO,b_20_80|dif_gt_zero|fixed_5,2021-06-14,2021-06-15,2021-06-22,2021-06-22,43.048223745882886,42.47664278368979,-0.013277689819844452,5,2984,2989,True,0.5672676837725381,2163
AVGO,b_20_80|dif_gt_zero|fixed_5,2021-06-23,2021-06-24,2021-07-01,2021-07-01,42.77797097904733,43.501736006167256,0.016919106038816745,5,2991,2996,True,0.5672676837725381,2163
AVGO,b_20_80|dif_gt_zero|fixed_5,2021-07-06,2021-07-07,2021-07-14,2021-07-14,43.243179280621554,44.535927527746715,0.029894847433303173,5,2999,3004,True,0.5672676837725381,2163
AVGO,b_20_80|dif_gt_zero|fixed_5,2021-07-23,2021-07-26,2021-08-02,2021-08-02,43.89501543931678,44.522272987623225,0.014289949371896427,5,3012,3017,True,0.5672676837725381,2163
AVGO,b_20_80|dif_gt_zero|fixed_5,2021-08-16,2021-08-17,2021-08-24,2021-08-24,44.20726813784324,43.916867116845225,-0.006569078643188564,5,3028,3033,True,0.5672676837725381,2163
AVGO,b_20_80|dif_gt_zero|fixed_5,2021-09-14,2021-09-15,2021-09-22,2021-09-22,45.71214408647546,45.32542584476603,-0.008459857865731668,5,3048,3053,True,0.5672676837725381,2163
AVGO,b_20_80|dif_gt_zero|fixed_5,2021-09-23,2021-09-24,2021-10-01,2021-10-01,46.06090942933481,44.73852095788415,-0.028709560619497254,5,3055,3060,True,0.5672676837725381,2163
AVGO,b_20_80|dif_gt_zero|fixed_5,2021-12-06,2021-12-07,2021-12-14,2021-12-14,52.45554400907005,56.65931375356342,0.08013966538534989,5,3106,3111,True,0.5672676837725381,2163
AVGO,b_20_80|dif_gt_zero|fixed_5,2022-03-16,2022-03-17,2022-03-24,2022-03-24,55.81088554577978,56.36575752098475,0.009942002707515218,5,3175,3180,True,0.5672676837725381,2163
AVGO,b_20_80|dif_gt_zero|fixed_5,2022-11-30,2022-12-01,2022-12-08,2022-12-08,52.05695820484921,49.20201614450355,-0.054842660016960254,5,3354,3359,True,0.5672676837725381,2163
AVGO,b_20_80|dif_gt_zero|fixed_5,2022-12-09,2022-12-12,2022-12-19,2022-12-19,51.46367781535828,52.77613661715001,0.025502623549381376,5,3361,3366,True,0.5672676837725381,2163
AVGO,b_20_80|dif_gt_zero|fixed_5,2022-12-29,2022-12-30,2023-01-09,2023-01-09,52.56656438167888,56.422708688054676,0.07335735846034841,5,3374,3379,True,0.5672676837725381,2163
AVGO,b_20_80|dif_gt_zero|fixed_5,2023-01-23,2023-01-24,2023-01-31,2023-01-31,55.102404866312966,55.44819961166567,0.006275492806378624,5,3389,3394,True,0.5672676837725381,2163
AVGO,b_20_80|dif_gt_zero|fixed_5,2023-02-01,2023-02-02,2023-02-09,2023-02-09,57.8830413420408,58.35649057128723,0.008179411763261424,5,3396,3401,True,0.5672676837725381,2163
AVGO,b_20_80|dif_gt_zero|fixed_5,2023-02-28,2023-03-01,2023-03-08,2023-03-08,56.584654618280965,59.802544738746214,0.056868600545025405,5,3414,3419,True,0.5672676837725381,2163
AVGO,b_20_80|dif_gt_zero|fixed_5,2023-03-14,2023-03-15,2023-03-22,2023-03-22,59.79205623953019,61.107997310368326,0.022008627125422953,5,3424,3429,True,0.5672676837725381,2163
AVGO,b_20_80|dif_gt_zero|fixed_5,2023-03-23,2023-03-24,2023-03-31,2023-03-31,61.21642038164777,60.49778392296695,-0.011739276066789817,5,3431,3436,True,0.5672676837725381,2163
AVGO,b_20_80|dif_gt_zero|fixed_5,2023-03-31,2023-04-03,2023-04-11,2023-04-11,61.309485226188386,60.52080234307007,-0.012863961917289557,5,3437,3442,True,0.5672676837725381,2163
AVGO,b_20_80|dif_gt_zero|fixed_5,2023-04-18,2023-04-19,2023-04-26,2023-04-26,60.137987828958224,59.48363048759342,-0.010880931753584733,5,3448,3453,True,0.5672676837725381,2163
AVGO,b_20_80|dif_gt_zero|fixed_5,2023-05-01,2023-05-02,2023-05-09,2023-05-09,60.03916210139939,59.74843319178256,-0.00484232123569317,5,3457,3462,True,0.5672676837725381,2163
AVGO,b_20_80|dif_gt_zero|fixed_5,2023-06-12,2023-06-13,2023-06-21,2023-06-21,82.62196356514367,82.95314545793784,0.004008400169926318,5,3486,3491,True,0.5672676837725381,2163
AVGO,b_20_80|dif_gt_zero|fixed_5,2023-06-29,2023-06-30,2023-07-10,2023-07-10,83.774954466875,81.82268227737804,-0.023303769031219224,5,3498,3503,True,0.5672676837725381,2163
AVGO,b_20_80|dif_gt_zero|fixed_5,2023-07-10,2023-07-11,2023-07-18,2023-07-18,84.98936854006756,87.38825129954925,0.028225680466736902,5,3504,3509,True,0.5672676837725381,2163
AVGO,b_20_80|dif_gt_zero|fixed_5,2023-07-25,2023-07-26,2023-08-02,2023-08-02,87.67954924551204,87.99785315106743,0.0036303095567258303,5,3515,3520,True,0.5672676837725381,2163
AVGO,b_20_80|dif_gt_zero|fixed_5,2023-12-08,2023-12-11,2023-12-18,2023-12-18,92.81320804708079,108.69797049967399,0.17114765006867794,5,3611,3616,True,0.5672676837725381,2163
AVGO,b_20_80|dif_gt_zero|fixed_5,2024-01-09,2024-01-10,2024-01-18,2024-01-18,105.25680647584225,109.59724814525283,0.041236684018213676,5,3631,3636,True,0.5672676837725381,2163
AVGO,b_20_80|dif_gt_zero|fixed_5,2024-02-07,2024-02-08,2024-02-15,2024-02-15,123.44181516588203,124.70351044749196,0.010220971555825464,5,3651,3656,True,0.5672676837725381,2163
AVGO,b_20_80|dif_gt_zero|fixed_5,2024-02-22,2024-02-23,2024-03-01,2024-03-01,127.47245211044563,129.18329069361698,0.01342124164748193,5,3661,3666,True,0.5672676837725381,2163
AVGO,b_20_80|dif_gt_zero|fixed_5,2024-03-20,2024-03-21,2024-03-28,2024-03-28,129.9672931815352,128.94776083158834,-0.007844530150541873,5,3680,3685,True,0.5672676837725381,2163
AVGO,b_20_80|dif_gt_zero|fixed_5,2024-04-11,2024-04-12,2024-04-19,2024-04-19,132.2851831414816,123.18381019630128,-0.06880115164104383,5,3695,3700,True,0.5672676837725381,2163
AVGO,b_20_80|dif_gt_zero|fixed_5,2024-06-05,2024-06-06,2024-06-13,2024-06-13,139.12052057200086,167.3121510576385,0.20264178404254363,5,3733,3738,True,0.5672676837725381,2163
AVGO,b_20_80|dif_gt_zero|fixed_5,2024-07-03,2024-07-05,2024-07-12,2024-07-12,172.31530692096328,167.94451430616778,-0.025365086206765586,5,3752,3757,True,0.5672676837725381,2163
AVGO,b_20_80|dif_gt_zero|fixed_5,2024-10-07,2024-10-08,2024-10-15,2024-10-15,172.74811476003833,178.036326092086,0.030612266532653365,5,3818,3823,True,0.5672676837725381,2163
AVGO,b_20_80|dif_gt_zero|fixed_5,2024-10-29,2024-10-30,2024-11-06,2024-11-06,174.7668836623549,176.8940146260759,0.012171247316113742,5,3834,3839,True,0.5672676837725381,2163
AVGO,b_20_80|dif_gt_zero|fixed_5,2024-12-24,2024-12-26,2025-01-03,2025-01-03,236.9777448422762,230.64843306383892,-0.02670846489255707,5,3873,3878,True,0.5672676837725381,2163
AVGO,b_20_80|dif_gt_zero|fixed_5,2025-01-16,2025-01-17,2025-01-27,2025-01-27,234.09449923834555,210.71270982183037,-0.09988184042167003,5,3887,3892,True,0.5672676837725381,2163
AVGO,b_20_80|dif_gt_zero|fixed_5,2025-02-04,2025-02-05,2025-02-12,2025-02-12,230.99406376362234,227.459128317726,-0.015303144108125943,5,3899,3904,True,0.5672676837725381,2163
AVGO,b_20_80|dif_gt_zero|fixed_5,2025-06-20,2025-06-23,2025-06-30,2025-06-30,247.29802554970544,272.73166739926404,0.10284611772788521,5,3993,3998,True,0.5672676837725381,2163
AVGO,b_20_80|dif_gt_zero|fixed_5,2025-07-15,2025-07-16,2025-07-23,2025-07-23,278.0725355609091,274.76675375060375,-0.011888199615388673,5,4009,4014,True,0.5672676837725381,2163
AVGO,b_20_80|dif_gt_zero|fixed_5,2025-07-24,2025-07-25,2025-08-01,2025-08-01,285.9746675054812,284.4557658058652,-0.005311315554154317,5,4016,4021,True,0.5672676837725381,2163
AVGO,b_20_80|dif_gt_zero|fixed_5,2025-08-07,2025-08-08,2025-08-15,2025-08-15,301.83838755465973,308.7676439008357,0.02295684257497288,5,4026,4031,True,0.5672676837725381,2163
AVGO,b_20_80|dif_gt_zero|fixed_5,2025-08-27,2025-08-28,2025-09-05,2025-09-05,300.7265426280411,353.1921367444998,0.17446279818855803,5,4040,4045,True,0.5672676837725381,2163
AVGO,b_20_80|dif_gt_zero|fixed_5,2025-10-01,2025-10-02,2025-10-09,2025-10-09,345.6727893830656,343.8231717160013,-0.005350776005150326,5,4064,4069,True,0.5672676837725381,2163
AVGO,b_20_80|dif_gt_zero|fixed_5,2025-10-13,2025-10-14,2025-10-21,2025-10-21,348.17875107559985,348.0494880650942,-0.0003712547365579688,5,4072,4077,True,0.5672676837725381,2163
AVGO,b_20_80|dif_gt_zero|fixed_5,2025-10-27,2025-10-28,2025-11-04,2025-11-04,360.59915286022726,356.52198503236366,-0.011306648380962736,5,4082,4087,True,0.5672676837725381,2163
AVGO,b_20_80|dif_gt_zero|fixed_5,2025-11-24,2025-11-25,2025-12-03,2025-12-03,382.78479805141666,377.8823056251257,-0.012807437628786,5,4102,4107,True,0.5672676837725381,2163
AVGO,b_20_80|dif_gt_zero|fixed_5,2025-12-08,2025-12-09,2025-12-16,2025-12-16,396.5277986633077,334.14737546643596,-0.1573166456605456,5,4111,4116,True,0.5672676837725381,2163
AVGO,b_20_80|dif_gt_zero|fixed_5,2026-05-05,2026-05-06,2026-05-13,2026-05-13,434.87173441749127,415.1529462908859,-0.04534391767958568,5,4212,4217,True,0.5672676837725381,2163
AVGO,b_20_80|dif_gt_zero|fixed_5,2026-05-14,2026-05-15,2026-05-22,2026-05-22,432.12608162585786,416.83027769894267,-0.035396622831386004,5,4219,4224,True,0.5672676837725381,2163
AVGO,b_20_80|dif_gt_zero|fixed_5,2026-05-28,2026-05-29,2026-06-05,2026-06-05,432.26588669428304,406.96588319695917,-0.05852879969502922,5,4228,4233,True,0.5672676837725381,2163
DELL,b_20_80|dif_gt_zero|fixed_5,2018-01-03,2018-01-04,2018-01-11,2018-01-11,21.26453103871781,21.799912409898035,0.025177200955216028,5,348,353,True,0.5829865926953306,2163
DELL,b_20_80|dif_gt_zero|fixed_5,2018-07-02,2018-07-03,2018-07-11,2018-07-11,23.74000022236809,23.836883478199635,0.004081013265545774,5,472,477,True,0.5829865926953306,2163
DELL,b_20_80|dif_gt_zero|fixed_5,2018-08-03,2018-08-06,2018-08-13,2018-08-13,23.673719704374797,24.08672232481642,0.017445615881195975,5,495,500,True,0.5829865926953306,2163
DELL,b_20_80|dif_gt_zero|fixed_5,2018-08-22,2018-08-23,2018-08-30,2018-08-30,24.43089369536484,24.392647597926384,-0.0015654808995264613,5,508,513,True,0.5829865926953306,2163
DELL,b_20_80|dif_gt_zero|fixed_5,2018-09-10,2018-09-11,2018-09-18,2018-09-18,24.604247171348373,24.759755396237633,0.006320381347426407,5,520,525,True,0.5829865926953306,2163
DELL,b_20_80|dif_gt_zero|fixed_5,2018-09-26,2018-09-27,2018-10-04,2018-10-04,24.60169995229617,24.782707945913426,0.007357540087402192,5,532,537,True,0.5829865926953306,2163
DELL,b_20_80|dif_gt_zero|fixed_5,2018-11-28,2018-11-29,2018-12-07,2018-12-07,26.92420141727073,26.85791611619197,-0.0024619226416959794,5,576,581,True,0.5829865926953306,2163
DELL,b_20_80|dif_gt_zero|fixed_5,2018-12-13,2018-12-14,2018-12-21,2018-12-21,26.743192277946136,26.381183533882023,-0.013536482118578053,5,586,591,True,0.5829865926953306,2163
DELL,b_20_80|dif_gt_zero|fixed_5,2019-03-13,2019-03-14,2019-03-21,2019-03-21,25.783595696729755,27.39047459478133,0.06232175360457526,5,646,651,True,0.5829865926953306,2163
DELL,b_20_80|dif_gt_zero|fixed_5,2019-04-01,2019-04-02,2019-04-09,2019-04-09,27.721971927386303,28.67964704165309,0.03454570680524749,5,659,664,True,0.5829865926953306,2163
DELL,b_20_80|dif_gt_zero|fixed_5,2019-04-23,2019-04-24,2019-05-01,2019-05-01,29.91818481195981,31.262618714794908,0.04493701443737508,5,674,679,True,0.5829865926953306,2163
DELL,b_20_80|dif_gt_zero|fixed_5,2019-05-15,2019-05-16,2019-05-23,2019-05-23,31.331686588148642,31.142897318713523,-0.006025506124733515,5,690,695,True,0.5829865926953306,2163
DELL,b_20_80|dif_gt_zero|fixed_5,2019-07-31,2019-08-01,2019-08-08,2019-08-08,26.676815977669225,23.306529872901475,-0.12633764492692712,5,743,748,True,0.5829865926953306,2163
DELL,b_20_80|dif_gt_zero|fixed_5,2019-09-25,2019-09-26,2019-10-03,2019-10-03,24.402335573885104,23.394009605497267,-0.041320879525438836,5,782,787,True,0.5829865926953306,2163
DELL,b_20_80|dif_gt_zero|fixed_5,2019-11-19,2019-11-20,2019-11-27,2019-11-27,25.70072779793709,23.504515261280517,-0.08545332077455237,5,821,826,True,0.5829865926953306,2163
DELL,b_20_80|dif_gt_zero|fixed_5,2020-01-02,2020-01-03,2020-01-10,2020-01-10,23.665663765716115,22.846111047291433,-0.03463045560597999,5,850,855,True,0.5829865926953306,2163
DELL,b_20_80|dif_gt_zero|fixed_5,2020-04-27,2020-04-28,2020-05-05,2020-05-05,18.87267548313379,18.877276005848934,0.00024376632339473403,5,929,934,True,0.5829865926953306,2163
DELL,b_20_80|dif_gt_zero|fixed_5,2020-05-08,2020-05-11,2020-05-18,2020-05-18,19.917828040140005,19.738267069739752,-0.009015087892032536,5,938,943,True,0.5829865926953306,2163
DELL,b_20_80|dif_gt_zero|fixed_5,2020-05-18,2020-05-19,2020-05-27,2020-05-27,20.069772821287707,20.718964838216586,0.0323467546299423,5,944,949,True,0.5829865926953306,2163
DELL,b_20_80|dif_gt_zero|fixed_5,2020-06-19,2020-06-22,2020-06-29,2020-06-29,22.381084169367604,24.250395513838292,0.08352192996214036,5,967,972,True,0.5829865926953306,2163
DELL,b_20_80|dif_gt_zero|fixed_5,2020-07-16,2020-07-17,2020-07-24,2020-07-24,27.054365205643485,27.92455603026799,0.032164525687817136,5,985,990,True,0.5829865926953306,2163
DELL,b_20_80|dif_gt_zero|fixed_5,2020-08-05,2020-08-06,2020-08-13,2020-08-13,27.74498985297246,28.182396641655696,0.015765253150250347,5,999,1004,True,0.5829865926953306,2163
DELL,b_20_80|dif_gt_zero|fixed_5,2020-08-24,2020-08-25,2020-09-01,2020-09-01,28.343544182530447,30.58119613018123,0.0789474997636308,5,1012,1017,True,0.5829865926953306,2163
DELL,b_20_80|dif_gt_zero|fixed_5,2020-09-14,2020-09-15,2020-09-22,2020-09-22,31.078449019222877,30.443056708585225,-0.02044478829186891,5,1026,1031,True,0.5829865926953306,2163
DELL,b_20_80|dif_gt_zero|fixed_5,2020-09-28,2020-09-29,2020-10-06,2020-10-06,31.073838409218425,31.350097059017546,0.008890393460923907,5,1036,1041,True,0.5829865926953306,2163
DELL,b_20_80|dif_gt_zero|fixed_5,2020-10-08,2020-10-09,2020-10-16,2020-10-16,31.810511425979012,32.60704724669275,0.025040019320884843,5,1044,1049,True,0.5829865926953306,2163
DELL,b_20_80|dif_gt_zero|fixed_5,2021-01-05,2021-01-06,2021-01-13,2021-01-13,33.75809371073273,34.4165009800691,0.019503686285669675,5,1104,1109,True,0.5829865926953306,2163
DELL,b_20_80|dif_gt_zero|fixed_5,2021-01-20,2021-01-21,2021-01-28,2021-01-28,35.71029447826284,33.9975150550617,-0.047963183956484134,5,1114,1119,True,0.5829865926953306,2163
DELL,b_20_80|dif_gt_zero|fixed_5,2021-02-02,2021-02-03,2021-02-10,2021-02-10,35.33734886409429,36.75544626777423,0.04013027149076409,5,1123,1128,True,0.5829865926953306,2163
DELL,b_20_80|dif_gt_zero|fixed_5,2021-02-24,2021-02-25,2021-03-04,2021-03-04,37.2941357614438,38.408356519517916,0.02987656732954913,5,1138,1143,True,0.5829865926953306,2163
DELL,b_20_80|dif_gt_zero|fixed_5,2021-03-29,2021-03-30,2021-04-07,2021-04-07,40.369750148595564,41.262974967576255,0.0221260923263793,5,1161,1166,True,0.5829865926953306,2163
DELL,b_20_80|dif_gt_zero|fixed_5,2021-05-06,2021-05-07,2021-05-14,2021-05-14,46.042141190839615,44.94633842614462,-0.023799995750697467,5,1188,1193,True,0.5829865926953306,2163
DELL,b_20_80|dif_gt_zero|fixed_5,2021-05-14,2021-05-17,2021-05-24,2021-05-24,45.12130708889185,45.724454053988964,0.013367231669704882,5,1194,1199,True,0.5829865926953306,2163
DELL,b_20_80|dif_gt_zero|fixed_5,2021-06-29,2021-06-30,2021-07-08,2021-07-08,46.64069209740534,45.130518098184844,-0.03237889343637146,5,1225,1230,True,0.5829865926953306,2163
DELL,b_20_80|dif_gt_zero|fixed_5,2021-08-23,2021-08-24,2021-08-31,2021-08-31,46.5025599382189,45.17655763457643,-0.028514608774315442,5,1263,1268,True,0.5829865926953306,2163
DELL,b_20_80|dif_gt_zero|fixed_5,2021-09-24,2021-09-27,2021-10-04,2021-10-04,47.62138883782564,48.8276906916977,0.0253310935130453,5,1286,1291,True,0.5829865926953306,2163
DELL,b_20_80|dif_gt_zero|fixed_5,2021-10-15,2021-10-18,2021-10-25,2021-10-25,49.93270409451072,52.85637995067455,0.05855232375619024,5,1301,1306,True,0.5829865926953306,2163
DELL,b_20_80|dif_gt_zero|fixed_5,2021-11-05,2021-11-08,2021-11-15,2021-11-15,51.20715375804056,51.2979970816031,0.0017740357917914729,5,1316,1321,True,0.5829865926953306,2163
DELL,b_20_80|dif_gt_zero|fixed_5,2021-11-24,2021-11-26,2021-12-03,2021-12-03,51.32524873958138,52.2336510573489,0.017698936489848327,5,1329,1334,True,0.5829865926953306,2163
DELL,b_20_80|dif_gt_zero|fixed_5,2022-01-10,2022-01-11,2022-01-19,2022-01-19,54.50468197897757,54.50469156434577,1.7586320755214047e-07,5,1360,1365,True,0.5829865926953306,2163
DELL,b_20_80|dif_gt_zero|fixed_5,2022-06-21,2022-06-22,2022-06-29,2022-06-29,44.52208166526289,44.8148229328848,0.006575192728472956,5,1471,1476,True,0.5829865926953306,2163
DELL,b_20_80|dif_gt_zero|fixed_5,2022-08-10,2022-08-11,2022-08-18,2022-08-18,43.705667949887626,44.67363169495403,0.02214732757719795,5,1506,1511,True,0.5829865926953306,2163
DELL,b_20_80|dif_gt_zero|fixed_5,2022-11-07,2022-11-08,2022-11-15,2022-11-15,37.389299834222314,40.20956229645684,0.07542966770544202,5,1568,1573,True,0.5829865926953306,2163
DELL,b_20_80|dif_gt_zero|fixed_5,2022-11-22,2022-11-23,2022-12-01,2022-12-01,40.81456872639356,41.88496164827541,0.026225756029847558,5,1579,1584,True,0.5829865926953306,2163
DELL,b_20_80|dif_gt_zero|fixed_5,2023-02-09,2023-02-10,2023-02-17,2023-02-17,39.2969229702482,39.96313650055553,0.01695332560291618,5,1632,1637,True,0.5829865926953306,2163
DELL,b_20_80|dif_gt_zero|fixed_5,2023-05-01,2023-05-02,2023-05-09,2023-05-09,42.599484307653796,43.621653327867236,0.02399486840806153,5,1687,1692,True,0.5829865926953306,2163
DELL,b_20_80|dif_gt_zero|fixed_5,2023-05-18,2023-05-19,2023-05-26,2023-05-26,44.823628481787125,45.57133872325376,0.01668116274367315,5,1700,1705,True,0.5829865926953306,2163
DELL,b_20_80|dif_gt_zero|fixed_5,2023-06-07,2023-06-08,2023-06-15,2023-06-15,45.419899203502595,46.70705529733291,0.028339034573001687,5,1713,1718,True,0.5829865926953306,2163
DELL,b_20_80|dif_gt_zero|fixed_5,2023-08-03,2023-08-04,2023-08-11,2023-08-11,51.07280493803874,53.43632199403082,0.046277408473246906,5,1752,1757,True,0.5829865926953306,2163
DELL,b_20_80|dif_gt_zero|fixed_5,2023-08-23,2023-08-24,2023-08-31,2023-08-31,54.741963674028355,53.36007809298701,-0.02524362460342222,5,1766,1771,True,0.5829865926953306,2163
DELL,b_20_80|dif_gt_zero|fixed_5,2023-09-25,2023-09-26,2023-10-03,2023-10-03,66.5213982298105,65.51118507592578,-0.015186288634444378,5,1788,1793,True,0.5829865926953306,2163
DELL,b_20_80|dif_gt_zero|fixed_5,2023-10-06,2023-10-09,2023-10-16,2023-10-16,63.12861817596477,64.69157587550868,0.024758306845673594,5,1797,1802,True,0.5829865926953306,2163
DELL,b_20_80|dif_gt_zero|fixed_5,2023-11-30,2023-12-01,2023-12-08,2023-12-08,68.87126615970226,65.58391472509939,-0.04773182805990506,5,1835,1840,True,0.5829865926953306,2163
DELL,b_20_80|dif_gt_zero|fixed_5,2024-01-08,2024-01-09,2024-01-17,2024-01-17,75.87723608472062,75.23509841584462,-0.008462850019458124,5,1860,1865,True,0.5829865926953306,2163
DELL,b_20_80|dif_gt_zero|fixed_5,2024-01-24,2024-01-25,2024-02-01,2024-02-01,81.34734545491963,80.4809391327713,-0.010650701842858212,5,1871,1876,True,0.5829865926953306,2163
DELL,b_20_80|dif_gt_zero|fixed_5,2024-02-01,2024-02-02,2024-02-09,2024-02-09,82.43519031849966,82.06937175474133,-0.0044376505027154955,5,1877,1882,True,0.5829865926953306,2163
DELL,b_20_80|dif_gt_zero|fixed_5,2024-02-09,2024-02-12,2024-02-20,2024-02-20,83.27273437508946,80.75048756253715,-0.03028898752371012,5,1883,1888,True,0.5829865926953306,2163
DELL,b_20_80|dif_gt_zero|fixed_5,2024-02-22,2024-02-23,2024-03-01,2024-03-01,85.73721616576195,120.01862925048427,0.399842852588584,5,1891,1896,True,0.5829865926953306,2163
DELL,b_20_80|dif_gt_zero|fixed_5,2024-03-21,2024-03-22,2024-04-01,2024-04-01,108.6973916622995,109.9874057118683,0.011867939329920807,5,1911,1916,True,0.5829865926953306,2163
DELL,b_20_80|dif_gt_zero|fixed_5,2024-04-23,2024-04-24,2024-05-01,2024-05-01,121.78039382950254,118.784462202232,-0.024601099840956042,5,1933,1938,True,0.5829865926953306,2163
DELL,b_20_80|dif_gt_zero|fixed_5,2024-05-02,2024-05-03,2024-05-10,2024-05-10,121.27785641441108,129.434544451496,0.06725620223046502,5,1940,1945,True,0.5829865926953306,2163
DELL,b_20_80|dif_gt_zero|fixed_5,2024-07-03,2024-07-05,2024-07-12,2024-07-12,137.4269998352727,134.91426102007767,-0.018284171365211654,5,1982,1987,True,0.5829865926953306,2163
DELL,b_20_80|dif_gt_zero|fixed_5,2024-10-08,2024-10-09,2024-10-16,2024-10-16,117.95514440149792,123.05622402400824,0.043245927495516145,5,2049,2054,True,0.5829865926953306,2163
DELL,b_20_80|dif_gt_zero|fixed_5,2024-10-30,2024-10-31,2024-11-07,2024-11-07,123.60061454795914,135.23075062399437,0.09409448422703859,5,2065,2070,True,0.5829865926953306,2163
DELL,b_20_80|dif_gt_zero|fixed_5,2024-11-21,2024-11-22,2024-12-02,2024-12-02,138.68572509188763,122.81228669347995,-0.1144561806046771,5,2081,2086,True,0.5829865926953306,2163
DELL,b_20_80|dif_gt_zero|fixed_5,2025-06-06,2025-06-09,2025-06-16,2025-06-16,112.6088556236043,109.39313737904624,-0.028556530716435047,5,2214,2219,True,0.5829865926953306,2163
DELL,b_20_80|dif_gt_zero|fixed_5,2025-06-17,2025-06-18,2025-06-26,2025-06-26,113.69058464884002,120.66286257834376,0.06132678401680547,5,2221,2226,True,0.5829865926953306,2163
DELL,b_20_80|dif_gt_zero|fixed_5,2025-07-09,2025-07-10,2025-07-17,2025-07-17,124.891481633028,121.6757690906073,-0.02574805343305564,5,2235,2240,True,0.5829865926953306,2163
DELL,b_20_80|dif_gt_zero|fixed_5,2025-07-18,2025-07-21,2025-07-28,2025-07-28,128.45137526667526,130.2897189053001,0.014311591719499361,5,2242,2247,True,0.5829865926953306,2163
DELL,b_20_80|dif_gt_zero|fixed_5,2025-08-07,2025-08-08,2025-08-15,2025-08-15,133.30133452585707,138.93950156876315,0.0422964035803588,5,2256,2261,True,0.5829865926953306,2163
DELL,b_20_80|dif_gt_zero|fixed_5,2025-08-28,2025-08-29,2025-09-08,2025-09-08,122.46937136550017,123.72339441444785,0.010239483023107399,5,2271,2276,True,0.5829865926953306,2163
DELL,b_20_80|dif_gt_zero|fixed_5,2025-09-30,2025-10-01,2025-10-08,2025-10-08,139.13697664748523,152.76334714402006,0.09793493307719592,5,2293,2298,True,0.5829865926953306,2163
DELL,b_20_80|dif_gt_zero|fixed_5,2025-10-23,2025-10-24,2025-10-31,2025-10-31,156.1714448152295,161.46303602600437,0.03388321864496735,5,2310,2315,True,0.5829865926953306,2163
DELL,b_20_80|dif_gt_zero|fixed_5,2026-03-13,2026-03-16,2026-03-23,2026-03-23,152.32618236465754,158.48692539817395,0.040444413021315295,5,2406,2411,True,0.5829865926953306,2163
DELL,b_20_80|dif_gt_zero|fixed_5,2026-04-07,2026-04-08,2026-04-15,2026-04-15,184.88150210478346,182.0748409361309,-0.01518086523908635,5,2422,2427,True,0.5829865926953306,2163
DELL,b_20_80|dif_gt_zero|fixed_5,2026-04-16,2026-04-17,2026-04-24,2026-04-24,191.9180747200459,213.6369788313205,0.11316758019251871,5,2429,2434,True,0.5829865926953306,2163
DELL,b_20_80|dif_gt_zero|fixed_5,2026-05-06,2026-05-07,2026-05-14,2026-05-14,234.8718795690508,248.43947154893047,0.05776592755494536,5,2443,2448,True,0.5829865926953306,2163
DELL,b_20_80|dif_gt_zero|fixed_5,2026-05-21,2026-05-22,2026-06-01,2026-06-01,267.6576992130913,425.4469622913611,0.5895188651108014,5,2454,2459,True,0.5829865926953306,2163
DELL,b_20_80|dif_gt_zero|fixed_5,2026-06-16,2026-06-17,2026-06-25,2026-06-25,411.3203037085567,413.8561354243199,0.006165102215717422,5,2471,2476,True,0.5829865926953306,2163
DELL,b_20_80|dif_gt_zero|fixed_5,2026-06-30,2026-07-01,2026-07-09,2026-07-09,417.3104222929527,443.0977914890651,0.06179421317689893,5,2480,2485,True,0.5829865926953306,2163
DELL,b_20_80|dif_gt_zero|fixed_5,2026-07-22,2026-07-23,2026-07-30,2026-07-30,438.0,384.8900146484375,-0.12125567431863582,5,2495,2500,True,0.5829865926953306,2163
DELL,b_20_80|dif_gt_zero|fixed_5,2026-08-03,2026-08-04,2026-08-11,2026-08-11,449.2799987792969,449.1300048828125,-0.0003338539371703364,5,2503,2508,True,0.5829865926953306,2163
DELL,b_20_80|dif_gt_zero|fixed_5,2026-08-12,2026-08-13,,,499.67999267578125,,,4,2510,-1,False,,0
GOOGL,b_20_80|dif_gt_zero|fixed_5,2018-01-03,2018-01-04,2018-01-11,2018-01-11,54.37236318538446,55.1266824577769,0.0138732110984503,5,3368,3373,True,0.5547850208044383,2163
GOOGL,b_20_80|dif_gt_zero|fixed_5,2018-05-31,2018-06-01,2018-06-08,2018-06-08,55.15443210997763,56.06337663830065,0.01647999070157402,5,3470,3475,True,0.5547850208044383,2163
GOOGL,b_20_80|dif_gt_zero|fixed_5,2018-06-14,2018-06-15,2018-06-22,2018-06-22,57.486256119697735,58.05967542016018,0.009974893812330965,5,3480,3485,True,0.5547850208044383,2163
GOOGL,b_20_80|dif_gt_zero|fixed_5,2018-07-05,2018-07-06,2018-07-13,2018-07-13,56.58673231901831,59.611410644851,0.053452076164788975,5,3494,3499,True,0.5547850208044383,2163
GOOGL,b_20_80|dif_gt_zero|fixed_5,2018-08-08,2018-08-09,2018-08-16,2018-08-16,62.58157081267866,61.553685768140376,-0.016424724262914192,5,3518,3523,True,0.5547850208044383,2163
GOOGL,b_20_80|dif_gt_zero|fixed_5,2018-08-24,2018-08-27,2018-09-04,2018-09-04,61.660249325143624,60.588747317717875,-0.017377516619752176,5,3530,3535,True,0.5547850208044383,2163
GOOGL,b_20_80|dif_gt_zero|fixed_5,2019-01-16,2019-01-17,2019-01-25,2019-01-25,53.921368442386935,54.23062772621505,0.005735375283706823,5,3628,3633,True,0.5547850208044383,2163
GOOGL,b_20_80|dif_gt_zero|fixed_5,2019-01-31,2019-02-01,2019-02-08,2019-02-08,55.62129674240821,54.2628403443188,-0.024423314047866462,5,3638,3643,True,0.5547850208044383,2163
GOOGL,b_20_80|dif_gt_zero|fixed_5,2019-02-26,2019-02-27,2019-03-06,2019-03-06,55.210929903988735,58.07305648761124,0.051839854691810405,5,3655,3660,True,0.5547850208044383,2163
GOOGL,b_20_80|dif_gt_zero|fixed_5,2019-04-02,2019-04-03,2019-04-10,2019-04-10,60.10205944667609,59.72490566065685,-0.006275222338326891,5,3680,3685,True,0.5547850208044383,2163
GOOGL,b_20_80|dif_gt_zero|fixed_5,2019-07-26,2019-07-29,2019-08-05,2019-08-05,61.57896791155889,58.13302235950556,-0.055959780894711875,5,3760,3765,True,0.5547850208044383,2163
GOOGL,b_20_80|dif_gt_zero|fixed_5,2019-08-13,2019-08-14,2019-08-21,2019-08-21,58.286652687555375,59.265478262571,0.016793305669183134,5,3772,3777,True,0.5547850208044383,2163
GOOGL,b_20_80|dif_gt_zero|fixed_5,2019-08-29,2019-08-30,2019-09-09,2019-09-09,59.489992939484985,59.82353777097587,0.0056067384615454685,5,3784,3789,True,0.5547850208044383,2163
GOOGL,b_20_80|dif_gt_zero|fixed_5,2019-09-26,2019-09-27,2019-10-04,2019-10-04,61.59532315628802,59.189656894404564,-0.039055988971426814,5,3803,3808,True,0.5547850208044383,2163
GOOGL,b_20_80|dif_gt_zero|fixed_5,2019-10-07,2019-10-08,2019-10-15,2019-10-15,59.41168845801766,60.538186433823924,0.018960881352535264,5,3810,3815,True,0.5547850208044383,2163
GOOGL,b_20_80|dif_gt_zero|fixed_5,2019-10-23,2019-10-24,2019-10-31,2019-10-31,62.402164459228516,62.446272860682996,0.0007068408898427414,5,3822,3827,True,0.5547850208044383,2163
GOOGL,b_20_80|dif_gt_zero|fixed_5,2019-11-04,2019-11-05,2019-11-12,2019-11-12,63.9925676375723,64.35783128619119,0.0057079073727372975,5,3830,3835,True,0.5547850208044383,2163
GOOGL,b_20_80|dif_gt_zero|fixed_5,2019-11-15,2019-11-18,2019-11-25,2019-11-25,66.03147101979422,64.24335695073118,-0.02707972488644117,5,3839,3844,True,0.5547850208044383,2163
GOOGL,b_20_80|dif_gt_zero|fixed_5,2019-11-27,2019-11-29,2019-12-06,2019-12-06,64.7558015227708,66.05179199526741,0.02001350368647503,5,3847,3852,True,0.5547850208044383,2163
GOOGL,b_20_80|dif_gt_zero|fixed_5,2020-01-02,2020-01-03,2020-01-10,2020-01-10,66.80761528460377,70.84531111023372,0.06043765831827952,5,3870,3875,True,0.5547850208044383,2163
GOOGL,b_20_80|dif_gt_zero|fixed_5,2020-02-03,2020-02-04,2020-02-11,2020-02-11,72.08530406404785,74.99847489323436,0.040412825707139444,5,3891,3896,True,0.5547850208044383,2163
GOOGL,b_20_80|dif_gt_zero|fixed_5,2020-04-24,2020-04-27,2020-05-04,2020-05-04,64.03221368825741,64.83162512222222,0.012484519711543296,5,3948,3953,True,0.5547850208044383,2163
GOOGL,b_20_80|dif_gt_zero|fixed_5,2020-05-20,2020-05-21,2020-05-29,2020-05-29,69.92942638175046,70.39727026219002,0.0066902290587307345,5,3966,3971,True,0.5547850208044383,2163
GOOGL,b_20_80|dif_gt_zero|fixed_5,2020-06-17,2020-06-18,2020-06-25,2020-06-25,71.85534618092774,70.93201535606394,-0.012849855632716567,5,3985,3990,True,0.5547850208044383,2163
GOOGL,b_20_80|dif_gt_zero|fixed_5,2020-07-01,2020-07-02,2020-07-10,2020-07-10,71.95397188987388,74.99747336522512,0.04229789399269501,5,3995,4000,True,0.5547850208044383,2163
GOOGL,b_20_80|dif_gt_zero|fixed_5,2020-07-21,2020-07-22,2020-07-29,2020-07-29,77.10182551895637,74.5885942175227,-0.032596261949929706,5,4008,4013,True,0.5547850208044383,2163
GOOGL,b_20_80|dif_gt_zero|fixed_5,2020-08-06,2020-08-07,2020-08-14,2020-08-14,74.78883662265774,75.01531017385318,0.0030281732063583977,5,4020,4025,True,0.5547850208044383,2163
GOOGL,b_20_80|dif_gt_zero|fixed_5,2020-11-03,2020-11-04,2020-11-11,2020-11-11,84.52945424402306,86.65164652421126,0.025105950336101523,5,4082,4087,True,0.5547850208044383,2163
GOOGL,b_20_80|dif_gt_zero|fixed_5,2020-11-25,2020-11-27,2020-12-04,2020-12-04,87.451537281443,90.21106654990662,0.03155495436955791,5,4098,4103,True,0.5547850208044383,2163
GOOGL,b_20_80|dif_gt_zero|fixed_5,2020-12-23,2020-12-24,2021-01-04,2021-01-04,85.69015678249487,87.22654765590151,0.017929607449621354,5,4117,4122,True,0.5547850208044383,2163
GOOGL,b_20_80|dif_gt_zero|fixed_5,2021-01-07,2021-01-08,2021-01-15,2021-01-15,88.07700817599742,85.69115721631205,-0.027088237998705744,5,4126,4131,True,0.5547850208044383,2163
GOOGL,b_20_80|dif_gt_zero|fixed_5,2021-01-19,2021-01-20,2021-01-27,2021-01-27,90.51587074805265,92.92153170069953,0.026577228200598713,5,4133,4138,True,0.5547850208044383,2163
GOOGL,b_20_80|dif_gt_zero|fixed_5,2021-02-02,2021-02-03,2021-02-10,2021-02-10,102.37272899522037,103.24153433379384,0.008486687295539808,5,4143,4148,True,0.5547850208044383,2163
GOOGL,b_20_80|dif_gt_zero|fixed_5,2021-03-02,2021-03-03,2021-03-10,2021-03-10,101.69575393391699,102.16409207051008,0.004605287029952221,5,4162,4167,True,0.5547850208044383,2163
GOOGL,b_20_80|dif_gt_zero|fixed_5,2021-03-11,2021-03-12,2021-03-19,2021-03-19,102.90800288778321,100.59450102043229,-0.022481262899190613,5,4169,4174,True,0.5547850208044383,2163
GOOGL,b_20_80|dif_gt_zero|fixed_5,2021-03-29,2021-03-30,2021-04-07,2021-04-07,101.74678812299072,109.68242342069358,0.07799396368276823,5,4181,4186,True,0.5547850208044383,2163
GOOGL,b_20_80|dif_gt_zero|fixed_5,2021-04-26,2021-04-27,2021-05-04,2021-05-04,114.86298311307249,114.66076596304627,-0.0017605075590554353,5,4200,4205,True,0.5547850208044383,2163
GOOGL,b_20_80|dif_gt_zero|fixed_5,2021-05-17,2021-05-18,2021-05-25,2021-05-25,114.10570419354653,117.55759509928788,0.030251694515519123,5,4215,4220,True,0.5547850208044383,2163
GOOGL,b_20_80|dif_gt_zero|fixed_5,2021-06-22,2021-06-23,2021-06-30,2021-06-30,121.02039027033481,120.92224460766282,-0.0008109845163509766,5,4240,4245,True,0.5547850208044383,2163
GOOGL,b_20_80|dif_gt_zero|fixed_5,2021-07-01,2021-07-02,2021-07-12,2021-07-12,122.06760325950343,125.06898305678112,0.024587849004432893,5,4247,4252,True,0.5547850208044383,2163
GOOGL,b_20_80|dif_gt_zero|fixed_5,2021-07-22,2021-07-23,2021-07-30,2021-07-30,129.2840991163657,133.84814909697133,0.03530248508362677,5,4261,4266,True,0.5547850208044383,2163
GOOGL,b_20_80|dif_gt_zero|fixed_5,2021-08-10,2021-08-11,2021-08-18,2021-08-18,135.97578664479468,135.30025647796398,-0.004968018082479375,5,4274,4279,True,0.5547850208044383,2163
GOOGL,b_20_80|dif_gt_zero|fixed_5,2021-08-23,2021-08-24,2021-08-31,2021-08-31,139.37564707931514,143.8712474507567,0.03225527892174185,5,4283,4288,True,0.5547850208044383,2163
GOOGL,b_20_80|dif_gt_zero|fixed_5,2021-09-15,2021-09-16,2021-09-23,2021-09-23,142.68527016924585,139.74833097489636,-0.020583338356270797,5,4299,4304,True,0.5547850208044383,2163
GOOGL,b_20_80|dif_gt_zero|fixed_5,2021-09-23,2021-09-24,2021-10-01,2021-10-01,139.30326368063228,133.2657785087536,-0.04334058666220664,5,4305,4310,True,0.5547850208044383,2163
GOOGL,b_20_80|dif_gt_zero|fixed_5,2021-10-28,2021-10-29,2021-11-05,2021-11-05,143.8028958035192,147.85841557801552,0.028201933986346628,5,4330,4335,True,0.5547850208044383,2163
GOOGL,b_20_80|dif_gt_zero|fixed_5,2021-11-18,2021-11-19,2021-11-29,2021-11-29,148.6573144815026,142.73435339938078,-0.03984305180529013,5,4345,4350,True,0.5547850208044383,2163
GOOGL,b_20_80|dif_gt_zero|fixed_5,2021-12-15,2021-12-16,2021-12-23,2021-12-23,145.87696937173112,145.21235527070144,-0.004555990598735904,5,4363,4368,True,0.5547850208044383,2163
GOOGL,b_20_80|dif_gt_zero|fixed_5,2022-11-30,2022-12-01,2022-12-08,2022-12-08,100.13209869659357,94.54168033617455,-0.05583043233077867,5,4604,4609,True,0.5547850208044383,2163
GOOGL,b_20_80|dif_gt_zero|fixed_5,2023-04-04,2023-04-05,2023-04-13,2023-04-13,104.85027971854075,104.90974967069793,0.0005671892561167624,5,4689,4694,True,0.5547850208044383,2163
GOOGL,b_20_80|dif_gt_zero|fixed_5,2023-04-13,2023-04-14,2023-04-21,2023-04-21,105.95051585392284,104.54300599562588,-0.013284596558619244,5,4695,4700,True,0.5547850208044383,2163
GOOGL,b_20_80|dif_gt_zero|fixed_5,2023-04-27,2023-04-28,2023-05-05,2023-05-05,106.09918675851405,103.89871228613758,-0.020739786416882122,5,4705,4710,True,0.5547850208044383,2163
GOOGL,b_20_80|dif_gt_zero|fixed_5,2023-05-08,2023-05-09,2023-05-16,2023-05-16,107.43733132783537,115.46613413085095,0.07473010269136715,5,4712,4717,True,0.5547850208044383,2163
GOOGL,b_20_80|dif_gt_zero|fixed_5,2023-06-05,2023-06-06,2023-06-13,2023-06-13,124.90247058230369,123.8815090432205,-0.00817407001097259,5,4731,4736,True,0.5547850208044383,2163
GOOGL,b_20_80|dif_gt_zero|fixed_5,2023-06-15,2023-06-16,2023-06-26,2023-06-26,124.82315134066675,119.69860904954042,-0.041054421684487474,5,4739,4744,True,0.5547850208044383,2163
GOOGL,b_20_80|dif_gt_zero|fixed_5,2023-06-28,2023-06-29,2023-07-07,2023-07-07,118.19196866920258,119.04440879722722,0.00721233547103739,5,4747,4752,True,0.5547850208044383,2163
GOOGL,b_20_80|dif_gt_zero|fixed_5,2023-07-26,2023-07-27,2023-08-03,2023-08-03,130.51270190226427,126.84524509282699,-0.028100382230870524,5,4766,4771,True,0.5547850208044383,2163
GOOGL,b_20_80|dif_gt_zero|fixed_5,2023-08-14,2023-08-15,2023-08-22,2023-08-22,129.94771801923622,127.3804753860569,-0.019755965493747918,5,4779,4784,True,0.5547850208044383,2163
GOOGL,b_20_80|dif_gt_zero|fixed_5,2023-08-23,2023-08-24,2023-08-31,2023-08-31,132.7726592046356,134.8145624474285,0.015378943639637654,5,4786,4791,True,0.5547850208044383,2163
GOOGL,b_20_80|dif_gt_zero|fixed_5,2023-09-14,2023-09-15,2023-09-22,2023-09-22,136.76725635034862,129.61070610554586,-0.05232648834067599,5,4801,4806,True,0.5547850208044383,2163
GOOGL,b_20_80|dif_gt_zero|fixed_5,2023-12-07,2023-12-08,2023-12-15,2023-12-15,133.02049330674961,130.46314245666346,-0.01922523955905664,5,4860,4865,True,0.5547850208044383,2163
GOOGL,b_20_80|dif_gt_zero|fixed_5,2023-12-18,2023-12-19,2023-12-27,2023-12-27,135.63726127584442,140.3455394229746,0.03471227672132815,5,4867,4872,True,0.5547850208044383,2163
GOOGL,b_20_80|dif_gt_zero|fixed_5,2024-01-09,2024-01-10,2024-01-18,2024-01-18,139.7607161678604,140.80147859071877,0.007446745061096882,5,4881,4886,True,0.5547850208044383,2163
GOOGL,b_20_80|dif_gt_zero|fixed_5,2024-02-08,2024-02-09,2024-02-16,2024-02-16,145.39076798904887,141.7332189292563,-0.025156680237551576,5,4902,4907,True,0.5547850208044383,2163
GOOGL,b_20_80|dif_gt_zero|fixed_5,2024-02-23,2024-02-26,2024-03-04,2024-03-04,140.89067986576057,134.4676111640436,-0.04558902482291105,5,4912,4917,True,0.5547850208044383,2163
GOOGL,b_20_80|dif_gt_zero|fixed_5,2024-04-09,2024-04-10,2024-04-17,2024-04-17,154.83704643510924,154.25220644098835,-0.003777132201795097,5,4943,4948,True,0.5547850208044383,2163
GOOGL,b_20_80|dif_gt_zero|fixed_5,2024-04-23,2024-04-24,2024-05-01,2024-05-01,156.10578401898567,162.85591967019158,0.04324077864011078,5,4953,4958,True,0.5547850208044383,2163
GOOGL,b_20_80|dif_gt_zero|fixed_5,2024-05-03,2024-05-06,2024-05-13,2024-05-13,165.98816902107558,162.81625335334653,-0.01910928764643649,5,4961,4966,True,0.5547850208044383,2163
GOOGL,b_20_80|dif_gt_zero|fixed_5,2024-06-05,2024-06-06,2024-06-13,2024-06-13,174.3539443603167,174.76247586851568,0.0023431159512785626,5,4983,4988,True,0.5547850208044383,2163
GOOGL,b_20_80|dif_gt_zero|fixed_5,2024-06-21,2024-06-24,2024-07-01,2024-07-01,178.78147315371626,181.6295157623823,0.01593030059785505,5,4994,4999,True,0.5547850208044383,2163
GOOGL,b_20_80|dif_gt_zero|fixed_5,2024-10-14,2024-10-15,2024-10-22,2024-10-22,164.7397308583214,161.94755157914383,-0.01694903387683011,5,5073,5078,True,0.5547850208044383,2163
GOOGL,b_20_80|dif_gt_zero|fixed_5,2024-10-25,2024-10-28,2024-11-04,2024-11-04,167.68098784367282,168.85349334018605,0.006992477272416364,5,5082,5087,True,0.5547850208044383,2163
GOOGL,b_20_80|dif_gt_zero|fixed_5,2024-11-06,2024-11-07,2024-11-14,2024-11-14,176.28611246788589,177.15060502189382,0.004903917511740685,5,5090,5095,True,0.5547850208044383,2163
GOOGL,b_20_80|dif_gt_zero|fixed_5,2024-12-02,2024-12-03,2024-12-10,2024-12-10,170.40365177380562,181.89991783336416,0.06746490430157404,5,5107,5112,True,0.5547850208044383,2163
GOOGL,b_20_80|dif_gt_zero|fixed_5,2025-01-06,2025-01-07,2025-01-15,2025-01-15,196.08582081760926,192.08668076451275,-0.0203948456671752,5,5130,5135,True,0.5547850208044383,2163
GOOGL,b_20_80|dif_gt_zero|fixed_5,2025-01-17,2025-01-21,2025-01-28,2025-01-28,198.03563938794179,191.7484490804529,-0.0317477719006557,5,5138,5143,True,0.5547850208044383,2163
GOOGL,b_20_80|dif_gt_zero|fixed_5,2025-01-30,2025-01-31,2025-02-07,2025-02-07,200.95039173473552,190.05730586169955,-0.05420783596886636,5,5146,5151,True,0.5547850208044383,2163
GOOGL,b_20_80|dif_gt_zero|fixed_5,2025-06-06,2025-06-09,2025-06-16,2025-06-16,174.04350210929846,174.23296058008373,0.00108856963051851,5,5234,5239,True,0.5547850208044383,2163
GOOGL,b_20_80|dif_gt_zero|fixed_5,2025-06-26,2025-06-27,2025-07-07,2025-07-07,173.04631507807895,178.5506411042797,0.0318083977905983,5,5247,5252,True,0.5547850208044383,2163
GOOGL,b_20_80|dif_gt_zero|fixed_5,2025-07-11,2025-07-14,2025-07-21,2025-07-21,180.49507959550706,185.720180506412,0.02894871662216203,5,5257,5262,True,0.5547850208044383,2163
GOOGL,b_20_80|dif_gt_zero|fixed_5,2025-08-06,2025-08-07,2025-08-14,2025-08-14,196.49942519635405,200.9268104830451,0.022531288741770794,5,5275,5280,True,0.5547850208044383,2163
GOOGL,b_20_80|dif_gt_zero|fixed_5,2025-08-25,2025-08-26,2025-09-03,2025-09-03,206.91969332896332,225.5665221360729,0.09011625963249736,5,5288,5293,True,0.5547850208044383,2163
GOOGL,b_20_80|dif_gt_zero|fixed_5,2025-10-06,2025-10-07,2025-10-14,2025-10-14,247.78518329877946,240.75891236992726,-0.02835629974040832,5,5317,5322,True,0.5547850208044383,2163
GOOGL,b_20_80|dif_gt_zero|fixed_5,2025-10-14,2025-10-15,2025-10-22,2025-10-22,246.76716258187247,253.87326076642051,0.028796773890814586,5,5323,5328,True,0.5547850208044383,2163
GOOGL,b_20_80|dif_gt_zero|fixed_5,2025-11-10,2025-11-11,2025-11-18,2025-11-18,287.1881040319325,287.3577599014325,0.0005907482486848803,5,5342,5347,True,0.5547850208044383,2163
GOOGL,b_20_80|dif_gt_zero|fixed_5,2025-11-19,2025-11-20,2025-11-28,2025-11-28,303.94529376978943,322.73855239479167,0.06183105647701326,5,5349,5354,True,0.5547850208044383,2163
GOOGL,b_20_80|dif_gt_zero|fixed_5,2025-12-19,2025-12-22,2025-12-30,2025-12-30,309.47716491524386,312.09376543928346,0.008454906599510092,5,5370,5375,True,0.5547850208044383,2163
GOOGL,b_20_80|dif_gt_zero|fixed_5,2026-01-08,2026-01-09,2026-01-16,2026-01-16,326.6647962522232,333.97528525413946,0.022379176102807596,5,5382,5387,True,0.5547850208044383,2163
GOOGL,b_20_80|dif_gt_zero|fixed_5,2026-01-27,2026-01-28,2026-02-04,2026-02-04,335.62313448097893,342.514142570529,0.020531981802168087,5,5394,5399,True,0.5547850208044383,2163
GOOGL,b_20_80|dif_gt_zero|fixed_5,2026-06-04,2026-06-05,2026-06-12,2026-06-12,366.1213024821565,362.6199951171875,-0.009563244042975816,5,5483,5488,True,0.5547850208044383,2163
INTC,b_20_80|dif_gt_zero|fixed_5,2018-03-06,2018-03-07,2018-03-14,2018-03-14,42.411699867616726,44.00065815953754,0.03746509328512082,5,9576,9581,True,0.5238095238095238,2163
INTC,b_20_80|dif_gt_zero|fixed_5,2018-03-26,2018-03-27,2018-04-04,2018-04-04,44.80358276341421,40.65369964953124,-0.092623912149983,5,9590,9595,True,0.5238095238095238,2163
INTC,b_20_80|dif_gt_zero|fixed_5,2018-04-05,2018-04-06,2018-04-13,2018-04-13,42.082076386582806,44.845849419599844,0.06567577625276644,5,9597,9602,True,0.5238095238095238,2163
INTC,b_20_80|dif_gt_zero|fixed_5,2018-05-01,2018-05-02,2018-05-09,2018-05-09,44.87119643287369,45.6997187749013,0.018464458447571497,5,9615,9620,True,0.5238095238095238,2163
INTC,b_20_80|dif_gt_zero|fixed_5,2018-05-23,2018-05-24,2018-06-01,2018-06-01,46.90682800037288,47.467862570715454,0.011960616273991365,5,9631,9636,True,0.5238095238095238,2163
INTC,b_20_80|dif_gt_zero|fixed_5,2018-06-06,2018-06-07,2018-06-14,2018-06-14,48.38593873117784,47.13633087275295,-0.025825847161247584,5,9640,9645,True,0.5238095238095238,2163
INTC,b_20_80|dif_gt_zero|fixed_5,2018-11-16,2018-11-19,2018-11-27,2018-11-27,41.83479387041491,40.39754593681034,-0.03435532485367354,5,9755,9760,True,0.5238095238095238,2163
INTC,b_20_80|dif_gt_zero|fixed_5,2018-11-27,2018-11-28,2018-12-06,2018-12-06,41.25817648588297,40.27706760219036,-0.02377974421696294,5,9761,9766,True,0.5238095238095238,2163
INTC,b_20_80|dif_gt_zero|fixed_5,2018-12-13,2018-12-14,2018-12-21,2018-12-21,41.215152457148534,39.373424810351956,-0.04468569293080804,5,9772,9777,True,0.5238095238095238,2163
INTC,b_20_80|dif_gt_zero|fixed_5,2019-02-01,2019-02-04,2019-02-11,2019-02-11,41.84340840163884,42.45506355406239,0.014617718197153184,5,9805,9810,True,0.5238095238095238,2163
INTC,b_20_80|dif_gt_zero|fixed_5,2019-03-12,2019-03-13,2019-03-20,2019-03-20,46.768129898127164,46.82008816900925,0.0011109760213903197,5,9831,9836,True,0.5238095238095238,2163
INTC,b_20_80|dif_gt_zero|fixed_5,2019-04-01,2019-04-02,2019-04-09,2019-04-09,47.227153149877815,47.93732767046128,0.015037419645636652,5,9845,9850,True,0.5238095238095238,2163
INTC,b_20_80|dif_gt_zero|fixed_5,2019-06-24,2019-06-25,2019-07-02,2019-07-02,41.44285562275829,41.74784278807499,0.007359221770162572,5,9903,9908,True,0.5238095238095238,2163
INTC,b_20_80|dif_gt_zero|fixed_5,2019-07-11,2019-07-12,2019-07-19,2019-07-19,42.69764488284936,43.53416545640035,0.0195917263316554,5,9915,9920,True,0.5238095238095238,2163
INTC,b_20_80|dif_gt_zero|fixed_5,2019-09-27,2019-09-30,2019-10-07,2019-10-07,44.907124970466846,44.47727193836572,-0.009572045246357241,5,9970,9975,True,0.5238095238095238,2163
INTC,b_20_80|dif_gt_zero|fixed_5,2019-10-09,2019-10-10,2019-10-17,2019-10-17,44.22286689584122,46.17915667686891,0.04423706372622482,5,9978,9983,True,0.5238095238095238,2163
INTC,b_20_80|dif_gt_zero|fixed_5,2019-10-25,2019-10-28,2019-11-04,2019-11-04,49.46012974286994,49.94261456627219,0.009755025429786901,5,9990,9995,True,0.5238095238095238,2163
INTC,b_20_80|dif_gt_zero|fixed_5,2019-11-25,2019-11-26,2019-12-04,2019-12-04,51.99931937713593,49.979321696400945,-0.038846617704445974,5,10011,10016,True,0.5238095238095238,2163
INTC,b_20_80|dif_gt_zero|fixed_5,2019-12-11,2019-12-12,2019-12-19,2019-12-19,50.058712417360105,50.429191825141686,0.007400897663782047,5,10022,10027,True,0.5238095238095238,2163
INTC,b_20_80|dif_gt_zero|fixed_5,2019-12-19,2019-12-20,2019-12-30,2019-12-30,51.44359834079467,52.91669702810899,0.028635218663274564,5,10028,10033,True,0.5238095238095238,2163
INTC,b_20_80|dif_gt_zero|fixed_5,2020-01-16,2020-01-17,2020-01-27,2020-01-27,52.90786580939747,58.853171792163046,0.11237092806169424,5,10046,10051,True,0.5238095238095238,2163
INTC,b_20_80|dif_gt_zero|fixed_5,2020-02-06,2020-02-07,2020-02-14,2020-02-14,59.26710108090791,59.85214025367951,0.009871229773376955,5,10060,10065,True,0.5238095238095238,2163
INTC,b_20_80|dif_gt_zero|fixed_5,2020-04-14,2020-04-15,2020-04-22,2020-04-22,52.95568427299316,51.652615916528006,-0.02460677025241853,5,10106,10111,True,0.5238095238095238,2163
INTC,b_20_80|dif_gt_zero|fixed_5,2020-04-29,2020-04-30,2020-05-07,2020-05-07,54.40056800848072,53.42418366828152,-0.017948054146180725,5,10117,10122,True,0.5238095238095238,2163
INTC,b_20_80|dif_gt_zero|fixed_5,2020-05-07,2020-05-08,2020-05-15,2020-05-15,53.19240951538086,51.16883303128105,-0.03804257980670489,5,10123,10128,True,0.5238095238095238,2163
INTC,b_20_80|dif_gt_zero|fixed_5,2020-05-18,2020-05-19,2020-05-27,2020-05-27,53.60247117772139,55.5547347712463,0.03642114907449123,5,10130,10135,True,0.5238095238095238,2163
INTC,b_20_80|dif_gt_zero|fixed_5,2020-06-05,2020-06-08,2020-06-15,2020-06-15,57.02562201810849,52.889321170246966,-0.07253407681459478,5,10143,10148,True,0.5238095238095238,2163
INTC,b_20_80|dif_gt_zero|fixed_5,2020-12-17,2020-12-18,2020-12-28,2020-12-28,45.716564094840194,42.66095323272785,-0.06683815642342239,5,10279,10284,True,0.5238095238095238,2163
INTC,b_20_80|dif_gt_zero|fixed_5,2021-02-03,2021-02-04,2021-02-11,2021-02-11,52.39702397849234,53.75219853729591,0.025863578804777854,5,10310,10315,True,0.5238095238095238,2163
INTC,b_20_80|dif_gt_zero|fixed_5,2021-02-24,2021-02-25,2021-03-04,2021-03-04,56.76268543265786,54.416145082415284,-0.04133948794629294,5,10324,10329,True,0.5238095238095238,2163
INTC,b_20_80|dif_gt_zero|fixed_5,2021-03-09,2021-03-10,2021-03-17,2021-03-17,57.49938915191353,58.40890595691712,0.01581785160535598,5,10333,10338,True,0.5238095238095238,2163
INTC,b_20_80|dif_gt_zero|fixed_5,2021-04-01,2021-04-05,2021-04-12,2021-04-12,59.07283437018281,62.02876437915184,0.05003873676427206,5,10350,10355,True,0.5238095238095238,2163
INTC,b_20_80|dif_gt_zero|fixed_5,2021-09-13,2021-09-14,2021-09-21,2021-09-21,50.99916352193996,49.0004507172273,-0.03919108994508913,5,10463,10468,True,0.5238095238095238,2163
INTC,b_20_80|dif_gt_zero|fixed_5,2021-09-24,2021-09-27,2021-10-04,2021-10-04,49.68203823307401,49.67282513889943,-0.00018544114738938688,5,10472,10477,True,0.5238095238095238,2163
INTC,b_20_80|dif_gt_zero|fixed_5,2021-10-07,2021-10-08,2021-10-15,2021-10-15,50.24388491762173,49.92151730477263,-0.006416056667943648,5,10481,10486,True,0.5238095238095238,2163
INTC,b_20_80|dif_gt_zero|fixed_5,2021-12-21,2021-12-22,2021-12-30,2021-12-30,46.96689128122984,48.154058480633076,0.025276682510125603,5,10533,10538,True,0.5238095238095238,2163
INTC,b_20_80|dif_gt_zero|fixed_5,2022-01-11,2022-01-12,2022-01-20,2022-01-20,52.067956281714935,49.95333488998406,-0.04061272119630854,5,10547,10552,True,0.5238095238095238,2163
INTC,b_20_80|dif_gt_zero|fixed_5,2022-11-07,2022-11-08,2022-11-15,2022-11-15,27.732629670945908,29.98903801322919,0.08136294210307837,5,10754,10759,True,0.5238095238095238,2163
INTC,b_20_80|dif_gt_zero|fixed_5,2022-11-30,2022-12-01,2022-12-08,2022-12-08,29.15975801470209,27.30834667765227,-0.06349199935460204,5,10770,10775,True,0.5238095238095238,2163
INTC,b_20_80|dif_gt_zero|fixed_5,2023-01-24,2023-01-25,2023-02-01,2023-02-01,28.465481138851015,26.893707084648902,-0.05521684480002986,5,10806,10811,True,0.5238095238095238,2163
INTC,b_20_80|dif_gt_zero|fixed_5,2023-02-02,2023-02-03,2023-02-10,2023-02-10,28.5619088888887,26.967637348743658,-0.05581810187642089,5,10813,10818,True,0.5238095238095238,2163
INTC,b_20_80|dif_gt_zero|fixed_5,2023-03-29,2023-03-30,2023-04-06,2023-04-06,31.086474310596248,31.818491804169874,0.02354778114300693,5,10851,10856,True,0.5238095238095238,2163
INTC,b_20_80|dif_gt_zero|fixed_5,2023-07-03,2023-07-05,2023-07-12,2023-07-12,32.64461049777656,33.017019605675934,0.011407981354984775,5,10916,10921,True,0.5238095238095238,2163
INTC,b_20_80|dif_gt_zero|fixed_5,2023-07-27,2023-07-28,2023-08-04,2023-08-04,36.01589557238271,33.91280775321122,-0.05839332288558052,5,10933,10938,True,0.5238095238095238,2163
INTC,b_20_80|dif_gt_zero|fixed_5,2023-08-14,2023-08-15,2023-08-22,2023-08-22,34.82750763483381,32.6735380502047,-0.06184679096803214,5,10945,10950,True,0.5238095238095238,2163
INTC,b_20_80|dif_gt_zero|fixed_5,2023-12-11,2023-12-12,2023-12-19,2023-12-19,43.77374793940317,44.99735389367373,0.02795296294857863,5,11028,11033,True,0.5238095238095238,2163
INTC,b_20_80|dif_gt_zero|fixed_5,2024-01-16,2024-01-17,2024-01-24,2024-01-24,45.80651781369869,48.520171543120746,0.059241650728807826,5,11051,11056,True,0.5238095238095238,2163
INTC,b_20_80|dif_gt_zero|fixed_5,2024-10-09,2024-10-10,2024-10-17,2024-10-17,23.190000534057617,22.719999313354492,-0.020267408791684427,5,11236,11241,True,0.5238095238095238,2163
INTC,b_20_80|dif_gt_zero|fixed_5,2024-10-28,2024-10-29,2024-11-05,2024-11-05,22.8700008392334,22.579999923706055,-0.01268040685988292,5,11249,11254,True,0.5238095238095238,2163
INTC,b_20_80|dif_gt_zero|fixed_5,2024-11-25,2024-11-26,2024-12-04,2024-12-04,24.950000762939453,22.530000686645508,-0.09699398806787196,5,11269,11274,True,0.5238095238095238,2163
INTC,b_20_80|dif_gt_zero|fixed_5,2025-06-18,2025-06-20,2025-06-27,2025-06-27,21.700000762939453,22.709999084472656,0.04654369981673634,5,11408,11413,True,0.5238095238095238,2163
INTC,b_20_80|dif_gt_zero|fixed_5,2025-07-08,2025-07-09,2025-07-16,2025-07-16,23.290000915527344,22.989999771118164,-0.012881113465700644,5,11420,11425,True,0.5238095238095238,2163
INTC,b_20_80|dif_gt_zero|fixed_5,2025-07-23,2025-07-24,2025-07-31,2025-07-31,23.489999771118164,20.170000076293945,-0.14133672742331327,5,11431,11436,True,0.5238095238095238,2163
INTC,b_20_80|dif_gt_zero|fixed_5,2025-09-09,2025-09-10,2025-09-17,2025-09-17,24.420000076293945,25.079999923706055,0.027027020694107673,5,11464,11469,True,0.5238095238095238,2163
INTC,b_20_80|dif_gt_zero|fixed_5,2025-09-24,2025-09-25,2025-10-02,2025-10-02,31.610000610351562,35.7599983215332,0.13128749228250913,5,11475,11480,True,0.5238095238095238,2163
INTC,b_20_80|dif_gt_zero|fixed_5,2025-10-20,2025-10-21,2025-10-28,2025-10-28,38.13999938964844,39.59000015258789,0.038017849662918435,5,11493,11498,True,0.5238095238095238,2163
INTC,b_20_80|dif_gt_zero|fixed_5,2026-02-03,2026-02-04,2026-02-11,2026-02-11,49.540000915527344,48.11000061035156,-0.02886556880800495,5,11565,11570,True,0.5238095238095238,2163
INTC,b_20_80|dif_gt_zero|fixed_5,2026-04-27,2026-04-28,2026-05-05,2026-05-05,81.27999877929688,100.51000213623047,0.23658961178320959,5,11622,11627,True,0.5238095238095238,2163
INTC,b_20_80|dif_gt_zero|fixed_5,2026-05-22,2026-05-26,2026-06-02,2026-06-02,122.0999984741211,107.44999694824219,-0.11998363398001144,5,11641,11646,True,0.5238095238095238,2163
INTC,b_20_80|dif_gt_zero|fixed_5,2026-06-11,2026-06-12,2026-06-22,2026-06-22,117.41999816894531,139.1199951171875,0.18480665377817473,5,11654,11659,True,0.5238095238095238,2163
INTC,b_20_80|dif_gt_zero|fixed_5,2026-06-30,2026-07-01,2026-07-09,2026-07-09,135.0,114.87000274658203,-0.149111090766059,5,11666,11671,True,0.5238095238095238,2163
LRCX,b_20_80|dif_gt_zero|fixed_5,2018-01-17,2018-01-18,2018-01-25,2018-01-25,18.08142910684916,19.23935124580091,0.06403930420041504,5,8497,8502,True,0.5621821544151642,2163
LRCX,b_20_80|dif_gt_zero|fixed_5,2018-03-05,2018-03-06,2018-03-13,2018-03-13,17.871657136786606,20.54159642454218,0.1493951717694848,5,8529,8534,True,0.5621821544151642,2163
LRCX,b_20_80|dif_gt_zero|fixed_5,2018-05-24,2018-05-25,2018-06-04,2018-06-04,18.125256421865043,18.07971693090667,-0.002512488093875276,5,8586,8591,True,0.5621821544151642,2163
LRCX,b_20_80|dif_gt_zero|fixed_5,2019-01-18,2019-01-22,2019-01-29,2019-01-29,13.321351885703677,15.413994317738714,0.15708934423396137,5,8750,8755,True,0.5621821544151642,2163
LRCX,b_20_80|dif_gt_zero|fixed_5,2019-03-11,2019-03-12,2019-03-19,2019-03-19,15.73439630113801,16.510576126159833,0.04933013063651415,5,8784,8789,True,0.5621821544151642,2163
LRCX,b_20_80|dif_gt_zero|fixed_5,2019-04-01,2019-04-02,2019-04-09,2019-04-09,16.949267495233816,17.56744654158669,0.0364723163715901,5,8799,8804,True,0.5621821544151642,2163
LRCX,b_20_80|dif_gt_zero|fixed_5,2019-04-12,2019-04-15,2019-04-23,2019-04-23,17.710315048527434,17.858682979631382,0.00837748683168038,5,8808,8813,True,0.5621821544151642,2163
LRCX,b_20_80|dif_gt_zero|fixed_5,2019-04-26,2019-04-29,2019-05-06,2019-05-06,18.93295493443351,18.346819803793412,-0.030958460138416632,5,8817,8822,True,0.5621821544151642,2163
LRCX,b_20_80|dif_gt_zero|fixed_5,2019-05-17,2019-05-20,2019-05-28,2019-05-28,17.276219888923382,16.809143550426192,-0.027035794954002323,5,8832,8837,True,0.5621821544151642,2163
LRCX,b_20_80|dif_gt_zero|fixed_5,2019-07-12,2019-07-15,2019-07-22,2019-07-22,17.71885996143673,18.68789057620663,0.05468921910771307,5,8870,8875,True,0.5621821544151642,2163
LRCX,b_20_80|dif_gt_zero|fixed_5,2019-08-13,2019-08-14,2019-08-21,2019-08-21,18.362732413343444,19.261748797683634,0.04895874775623876,5,8892,8897,True,0.5621821544151642,2163
LRCX,b_20_80|dif_gt_zero|fixed_5,2019-08-29,2019-08-30,2019-09-09,2019-09-09,19.470845222800893,21.160197733432234,0.0867631831746607,5,8904,8909,True,0.5621821544151642,2163
LRCX,b_20_80|dif_gt_zero|fixed_5,2019-10-09,2019-10-10,2019-10-17,2019-10-17,21.532187766434514,22.115417641364484,0.027086419701352282,5,8932,8937,True,0.5621821544151642,2163
LRCX,b_20_80|dif_gt_zero|fixed_5,2019-10-24,2019-10-25,2019-11-01,2019-11-01,24.532565868862132,25.349087717324572,0.03328318174409994,5,8943,8948,True,0.5621821544151642,2163
LRCX,b_20_80|dif_gt_zero|fixed_5,2019-11-15,2019-11-18,2019-11-25,2019-11-25,26.17671300269795,24.44647163518301,-0.06609849629846998,5,8959,8964,True,0.5621821544151642,2163
LRCX,b_20_80|dif_gt_zero|fixed_5,2019-12-04,2019-12-05,2019-12-12,2019-12-12,24.500165416235674,25.51689313031015,0.04149881018357182,5,8971,8976,True,0.5621821544151642,2163
LRCX,b_20_80|dif_gt_zero|fixed_5,2020-01-08,2020-01-09,2020-01-16,2020-01-16,28.089502200035668,28.0616074852001,-0.000993065474671595,5,8994,8999,True,0.5621821544151642,2163
LRCX,b_20_80|dif_gt_zero|fixed_5,2020-02-04,2020-02-05,2020-02-12,2020-02-12,30.79599499680106,30.495679170749163,-0.009751781882127553,5,9012,9017,True,0.5621821544151642,2163
LRCX,b_20_80|dif_gt_zero|fixed_5,2020-04-29,2020-04-30,2020-05-07,2020-05-07,25.721412334586372,23.383103631965138,-0.09090903221815005,5,9071,9076,True,0.5621821544151642,2163
LRCX,b_20_80|dif_gt_zero|fixed_5,2020-06-03,2020-06-04,2020-06-11,2020-06-11,26.70630924476041,27.33858660617456,0.023675205571065616,5,9095,9100,True,0.5621821544151642,2163
LRCX,b_20_80|dif_gt_zero|fixed_5,2020-06-16,2020-06-17,2020-06-24,2020-06-24,29.165429288671046,29.207692825308772,0.0014490970189195984,5,9104,9109,True,0.5621821544151642,2163
LRCX,b_20_80|dif_gt_zero|fixed_5,2020-07-01,2020-07-02,2020-07-10,2020-07-10,30.317625004173937,31.466065451052152,0.03788029064678078,5,9115,9120,True,0.5621821544151642,2163
LRCX,b_20_80|dif_gt_zero|fixed_5,2020-07-30,2020-07-31,2020-08-07,2020-08-07,35.64194593336838,35.53113788406583,-0.0031089225461962133,5,9135,9140,True,0.5621821544151642,2163
LRCX,b_20_80|dif_gt_zero|fixed_5,2020-10-29,2020-10-30,2020-11-06,2020-11-06,32.809758896677174,37.69564231462466,0.14891555385499378,5,9199,9204,True,0.5621821544151642,2163
LRCX,b_20_80|dif_gt_zero|fixed_5,2020-12-30,2020-12-31,2021-01-08,2021-01-08,45.58165481735682,48.57758288758835,0.06572661923390122,5,9241,9246,True,0.5621821544151642,2163
LRCX,b_20_80|dif_gt_zero|fixed_5,2021-02-04,2021-02-05,2021-02-12,2021-02-12,49.57182205416945,53.88710186516543,0.08705106312776767,5,9265,9270,True,0.5621821544151642,2163
LRCX,b_20_80|dif_gt_zero|fixed_5,2021-02-24,2021-02-25,2021-03-04,2021-03-04,55.76027018352062,51.84381420424145,-0.07023739243710914,5,9278,9283,True,0.5621821544151642,2163
LRCX,b_20_80|dif_gt_zero|fixed_5,2021-03-26,2021-03-29,2021-04-06,2021-04-06,55.16995005933979,62.52732716524173,0.13335841518776936,5,9300,9305,True,0.5621821544151642,2163
LRCX,b_20_80|dif_gt_zero|fixed_5,2021-04-26,2021-04-27,2021-05-04,2021-05-04,61.3298198610528,57.63692571121031,-0.06021368003703598,5,9320,9325,True,0.5621821544151642,2163
LRCX,b_20_80|dif_gt_zero|fixed_5,2021-05-07,2021-05-10,2021-05-17,2021-05-17,58.871358359987255,55.93257990885936,-0.04991864521212197,5,9329,9334,True,0.5621821544151642,2163
LRCX,b_20_80|dif_gt_zero|fixed_5,2021-06-14,2021-06-15,2021-06-22,2021-06-22,61.41093186778606,58.62003788750289,-0.045446207953525164,5,9354,9359,True,0.5621821544151642,2163
LRCX,b_20_80|dif_gt_zero|fixed_5,2021-06-24,2021-06-25,2021-07-02,2021-07-02,60.2793778105438,60.77585680795488,0.008236299302416539,5,9362,9367,True,0.5621821544151642,2163
LRCX,b_20_80|dif_gt_zero|fixed_5,2021-12-07,2021-12-08,2021-12-15,2021-12-15,67.08865427408719,64.85163650511576,-0.03334420392205528,5,9477,9482,True,0.5621821544151642,2163
LRCX,b_20_80|dif_gt_zero|fixed_5,2021-12-22,2021-12-23,2021-12-31,2021-12-31,66.23259044438203,68.50527767233241,0.03431373003383964,5,9488,9493,True,0.5621821544151642,2163
LRCX,b_20_80|dif_gt_zero|fixed_5,2022-01-13,2022-01-14,2022-01-24,2022-01-24,65.19212329732223,55.79147705752376,-0.1441991112473031,5,9503,9508,True,0.5621821544151642,2163
LRCX,b_20_80|dif_gt_zero|fixed_5,2022-08-15,2022-08-16,2022-08-23,2022-08-23,49.56383331846218,44.01130423800683,-0.11202783781429337,5,9649,9654,True,0.5621821544151642,2163
LRCX,b_20_80|dif_gt_zero|fixed_5,2022-11-30,2022-12-01,2022-12-08,2022-12-08,46.191965039963385,43.16112982804643,-0.0656139051303577,5,9724,9729,True,0.5621821544151642,2163
LRCX,b_20_80|dif_gt_zero|fixed_5,2022-12-12,2022-12-13,2022-12-20,2022-12-20,46.96588014556916,41.92241831119391,-0.10738565568755898,5,9732,9737,True,0.5621821544151642,2163
LRCX,b_20_80|dif_gt_zero|fixed_5,2023-02-28,2023-03-01,2023-03-08,2023-03-08,47.39244732305977,46.63215478681405,-0.01604248312105594,5,9784,9789,True,0.5621821544151642,2163
LRCX,b_20_80|dif_gt_zero|fixed_5,2023-03-30,2023-03-31,2023-04-10,2023-04-10,51.22341232712887,47.20235821788508,-0.07850031707306171,5,9806,9811,True,0.5621821544151642,2163
LRCX,b_20_80|dif_gt_zero|fixed_5,2023-04-20,2023-04-21,2023-04-28,2023-04-28,50.88848195291795,50.409874938814795,-0.009405016532934907,5,9820,9825,True,0.5621821544151642,2163
LRCX,b_20_80|dif_gt_zero|fixed_5,2023-05-05,2023-05-08,2023-05-15,2023-05-15,51.452526394179536,51.452531309603565,9.553319091359924e-08,5,9831,9836,True,0.5621821544151642,2163
LRCX,b_20_80|dif_gt_zero|fixed_5,2023-06-12,2023-06-13,2023-06-21,2023-06-21,60.84238983944292,59.31306299955491,-0.02513587720541155,5,9856,9861,True,0.5621821544151642,2163
LRCX,b_20_80|dif_gt_zero|fixed_5,2023-06-27,2023-06-28,2023-07-06,2023-07-06,62.301638072821504,60.10644183104933,-0.03523496828777295,5,9866,9871,True,0.5621821544151642,2163
LRCX,b_20_80|dif_gt_zero|fixed_5,2023-07-13,2023-07-14,2023-07-21,2023-07-21,62.50899094255719,60.30892364828556,-0.035196013582964314,5,9877,9882,True,0.5621821544151642,2163
LRCX,b_20_80|dif_gt_zero|fixed_5,2023-07-25,2023-07-26,2023-08-02,2023-08-02,62.49925350419761,68.6496957142739,0.09840825074275839,5,9885,9890,True,0.5621821544151642,2163
LRCX,b_20_80|dif_gt_zero|fixed_5,2023-08-21,2023-08-22,2023-08-29,2023-08-29,65.94342145480056,64.55913909418484,-0.020991970541967442,5,9904,9909,True,0.5621821544151642,2163
LRCX,b_20_80|dif_gt_zero|fixed_5,2023-12-11,2023-12-12,2023-12-19,2023-12-19,71.76677292887729,75.6067345338204,0.053506120565691484,5,9982,9987,True,0.5621821544151642,2163
LRCX,b_20_80|dif_gt_zero|fixed_5,2024-01-11,2024-01-12,2024-01-22,2024-01-22,74.48176114525941,81.1786885066335,0.0899136548115893,5,10003,10008,True,0.5621821544151642,2163
LRCX,b_20_80|dif_gt_zero|fixed_5,2024-02-07,2024-02-08,2024-02-15,2024-02-15,83.41785194606682,89.85530503078677,0.07717116821567194,5,10021,10026,True,0.5621821544151642,2163
LRCX,b_20_80|dif_gt_zero|fixed_5,2024-02-22,2024-02-23,2024-03-01,2024-03-01,92.7328379255775,92.52331048860056,-0.0022594740079571185,5,10031,10036,True,0.5621821544151642,2163
LRCX,b_20_80|dif_gt_zero|fixed_5,2024-03-01,2024-03-04,2024-03-11,2024-03-11,97.04374417419683,92.33827746289043,-0.04848809937567877,5,10037,10042,True,0.5621821544151642,2163
LRCX,b_20_80|dif_gt_zero|fixed_5,2024-03-20,2024-03-21,2024-03-28,2024-03-28,96.46080281747876,94.77905349842388,-0.01743453579001475,5,10050,10055,True,0.5621821544151642,2163
LRCX,b_20_80|dif_gt_zero|fixed_5,2024-04-11,2024-04-12,2024-04-19,2024-04-19,94.49156346759457,87.81062922385024,-0.0707040290008063,5,10065,10070,True,0.5621821544151642,2163
LRCX,b_20_80|dif_gt_zero|fixed_5,2024-05-21,2024-05-22,2024-05-30,2024-05-30,95.29613399154756,93.4093055732056,-0.01979963235979032,5,10093,10098,True,0.5621821544151642,2163
LRCX,b_20_80|dif_gt_zero|fixed_5,2024-06-06,2024-06-07,2024-06-14,2024-06-14,95.39719376884477,100.57199139216824,0.05424475730242584,5,10104,10109,True,0.5621821544151642,2163
LRCX,b_20_80|dif_gt_zero|fixed_5,2024-07-02,2024-07-03,2024-07-11,2024-07-11,105.18364437216427,111.0591889437925,0.05585986877236526,5,10121,10126,True,0.5621821544151642,2163
LRCX,b_20_80|dif_gt_zero|fixed_5,2024-10-10,2024-10-11,2024-10-18,2024-10-18,80.350344069716,73.19187162143432,-0.08909075040264458,5,10191,10196,True,0.5621821544151642,2163
LRCX,b_20_80|dif_gt_zero|fixed_5,2024-12-09,2024-12-10,2024-12-17,2024-12-17,77.04719114011849,77.03652267496211,-0.00013846663322181207,5,10232,10237,True,0.5621821544151642,2163
LRCX,b_20_80|dif_gt_zero|fixed_5,2024-12-17,2024-12-18,2024-12-26,2024-12-26,77.18488431880562,72.44735573262038,-0.06137896853763847,5,10238,10243,True,0.5621821544151642,2163
LRCX,b_20_80|dif_gt_zero|fixed_5,2025-01-16,2025-01-17,2025-01-27,2025-01-27,80.51795034486706,75.94857776158561,-0.056749737961663604,5,10257,10262,True,0.5621821544151642,2163
LRCX,b_20_80|dif_gt_zero|fixed_5,2025-01-31,2025-02-03,2025-02-10,2025-02-10,78.10468443285893,82.63450256860028,0.057996753570335624,5,10267,10272,True,0.5621821544151642,2163
LRCX,b_20_80|dif_gt_zero|fixed_5,2025-02-13,2025-02-14,2025-02-24,2025-02-24,81.74436660431498,85.50271864974923,0.045976893595941926,5,10276,10281,True,0.5621821544151642,2163
LRCX,b_20_80|dif_gt_zero|fixed_5,2025-06-04,2025-06-05,2025-06-12,2025-06-12,84.81835536462053,89.8975279359788,0.05988294101581815,5,10352,10357,True,0.5621821544151642,2163
LRCX,b_20_80|dif_gt_zero|fixed_5,2025-06-24,2025-06-25,2025-07-02,2025-07-02,95.72023062114255,95.32243244923502,-0.004155842180134317,5,10365,10370,True,0.5621821544151642,2163
LRCX,b_20_80|dif_gt_zero|fixed_5,2025-08-01,2025-08-04,2025-08-11,2025-08-11,96.89373782752544,103.32812713082382,0.06640665792821232,5,10392,10397,True,0.5621821544151642,2163
LRCX,b_20_80|dif_gt_zero|fixed_5,2025-08-26,2025-08-27,2025-09-04,2025-09-04,102.60214776520223,97.12248318002604,-0.05340691890501181,5,10409,10414,True,0.5621821544151642,2163
LRCX,b_20_80|dif_gt_zero|fixed_5,2025-09-04,2025-09-05,2025-09-12,2025-09-12,101.14024179635565,115.28196932861398,0.13982295554258695,5,10415,10420,True,0.5621821544151642,2163
LRCX,b_20_80|dif_gt_zero|fixed_5,2025-10-17,2025-10-20,2025-10-27,2025-10-27,142.98200880067284,155.58723944923437,0.08815955765549588,5,10446,10451,True,0.5621821544151642,2163
LRCX,b_20_80|dif_gt_zero|fixed_5,2025-11-10,2025-11-11,2025-11-18,2025-11-18,163.58879468463684,144.73578892165511,-0.11524631500174676,5,10462,10467,True,0.5621821544151642,2163
LRCX,b_20_80|dif_gt_zero|fixed_5,2025-11-24,2025-11-25,2025-12-03,2025-12-03,149.02057154913396,156.59193558070126,0.05080750900939157,5,10472,10477,True,0.5621821544151642,2163
LRCX,b_20_80|dif_gt_zero|fixed_5,2025-12-19,2025-12-22,2025-12-30,2025-12-30,175.34624801505723,176.20461081676422,0.004895244759575812,5,10490,10495,True,0.5621821544151642,2163
LRCX,b_20_80|dif_gt_zero|fixed_5,2026-01-27,2026-01-28,2026-02-04,2026-02-04,240.81165455096414,229.43328342171145,-0.04725008492827998,5,10514,10519,True,0.5621821544151642,2163
LRCX,b_20_80|dif_gt_zero|fixed_5,2026-02-11,2026-02-12,2026-02-20,2026-02-20,235.88103500840077,237.09870313007278,0.005162212899517904,5,10525,10530,True,0.5621821544151642,2163
LRCX,b_20_80|dif_gt_zero|fixed_5,2026-05-04,2026-05-05,2026-05-12,2026-05-12,266.45231009344053,287.0178099302049,0.07718266668265095,5,10581,10586,True,0.5621821544151642,2163
LRCX,b_20_80|dif_gt_zero|fixed_5,2026-05-21,2026-05-22,2026-06-01,2026-06-01,305.51480819886183,309.0522789282016,0.011578721012557969,5,10594,10599,True,0.5621821544151642,2163
LRCX,b_20_80|dif_gt_zero|fixed_5,2026-06-11,2026-06-12,2026-06-22,2026-06-22,359.13702858198286,398.3900146484375,0.10929807550460935,5,10608,10613,True,0.5621821544151642,2163
LRCX,b_20_80|dif_gt_zero|fixed_5,2026-06-29,2026-06-30,2026-07-08,2026-07-08,416.2900085449219,325.4700012207031,-0.21816523447599956,5,10619,10624,True,0.5621821544151642,2163
MRVL,b_20_80|dif_gt_zero|fixed_5,2018-01-02,2018-01-03,2018-01-10,2018-01-10,21.184407990485273,21.697617607771825,0.02422581822994796,5,4404,4409,True,0.5349052242256126,2163
MRVL,b_20_80|dif_gt_zero|fixed_5,2018-03-07,2018-03-08,2018-03-15,2018-03-15,22.714550127448568,22.353398094045026,-0.01589958997106089,5,4448,4453,True,0.5349052242256126,2163
MRVL,b_20_80|dif_gt_zero|fixed_5,2018-05-25,2018-05-29,2018-06-05,2018-06-05,21.21540055922088,21.158215369218887,-0.0026954565313233037,5,4504,4509,True,0.5349052242256126,2163
MRVL,b_20_80|dif_gt_zero|fixed_5,2018-06-06,2018-06-07,2018-06-14,2018-06-14,21.36788798144687,21.00572208043115,-0.016949073363272005,5,4511,4516,True,0.5349052242256126,2163
MRVL,b_20_80|dif_gt_zero|fixed_5,2018-06-20,2018-06-21,2018-06-28,2018-06-28,20.91041089876555,20.662615420851406,-0.011850339962892531,5,4521,4526,True,0.5349052242256126,2163
MRVL,b_20_80|dif_gt_zero|fixed_5,2018-07-23,2018-07-24,2018-07-31,2018-07-31,21.007599462863222,20.45326134933341,-0.026387503936837642,5,4543,4548,True,0.5349052242256126,2163
MRVL,b_20_80|dif_gt_zero|fixed_5,2018-08-06,2018-08-07,2018-08-14,2018-08-14,20.97893667900934,19.937148984476515,-0.04965874631649925,5,4553,4558,True,0.5349052242256126,2163
MRVL,b_20_80|dif_gt_zero|fixed_5,2019-01-24,2019-01-25,2019-02-01,2019-02-01,17.153880284636077,17.856592708775874,0.04096521676026765,5,4670,4675,True,0.5349052242256126,2163
MRVL,b_20_80|dif_gt_zero|fixed_5,2019-02-12,2019-02-13,2019-02-21,2019-02-21,18.79996390818156,18.982861031058494,0.009728589042521385,5,4683,4688,True,0.5349052242256126,2163
MRVL,b_20_80|dif_gt_zero|fixed_5,2019-03-01,2019-03-04,2019-03-11,2019-03-11,19.42566692634128,18.097240469705408,-0.06838511448142459,5,4695,4700,True,0.5349052242256126,2163
MRVL,b_20_80|dif_gt_zero|fixed_5,2019-03-12,2019-03-13,2019-03-20,2019-03-20,19.136873959349536,19.454539093567334,0.016599635598404383,5,4702,4707,True,0.5349052242256126,2163
MRVL,b_20_80|dif_gt_zero|fixed_5,2019-04-02,2019-04-03,2019-04-10,2019-04-10,19.773034551091612,20.970230027201634,0.06054687625293842,5,4717,4722,True,0.5349052242256126,2163
MRVL,b_20_80|dif_gt_zero|fixed_5,2019-05-15,2019-05-16,2019-05-23,2019-05-23,21.829511882809122,21.510899106030564,-0.014595506234359124,5,4747,4752,True,0.5349052242256126,2163
MRVL,b_20_80|dif_gt_zero|fixed_5,2019-07-01,2019-07-02,2019-07-10,2019-07-10,23.393582049197455,24.011496712617426,0.026413854112656843,5,4779,4784,True,0.5349052242256126,2163
MRVL,b_20_80|dif_gt_zero|fixed_5,2019-09-30,2019-10-01,2019-10-08,2019-10-08,24.340013262000866,23.41093294685298,-0.038170904228649105,5,4842,4847,True,0.5349052242256126,2163
MRVL,b_20_80|dif_gt_zero|fixed_5,2019-11-01,2019-11-04,2019-11-11,2019-11-11,25.548801450539084,26.198923575974966,0.025446286656322314,5,4866,4871,True,0.5349052242256126,2163
MRVL,b_20_80|dif_gt_zero|fixed_5,2019-11-27,2019-11-29,2019-12-06,2019-12-06,25.878714374985645,23.20060422103817,-0.10348698606667017,5,4884,4889,True,0.5349052242256126,2163
MRVL,b_20_80|dif_gt_zero|fixed_5,2020-01-13,2020-01-14,2020-01-22,2020-01-22,26.85161952973818,26.919698897267747,0.0025353914855739124,5,4914,4919,True,0.5349052242256126,2163
MRVL,b_20_80|dif_gt_zero|fixed_5,2020-01-23,2020-01-24,2020-01-31,2020-01-31,27.53239463981516,24.109081926828875,-0.12433763055378266,5,4921,4926,True,0.5349052242256126,2163
MRVL,b_20_80|dif_gt_zero|fixed_5,2020-05-08,2020-05-11,2020-05-18,2020-05-18,25.882769233417196,26.136331557304064,0.009796568581985188,5,4995,5000,True,0.5349052242256126,2163
MRVL,b_20_80|dif_gt_zero|fixed_5,2020-06-22,2020-06-23,2020-06-30,2020-06-30,34.34781696102706,32.78744865487299,-0.0454284564263443,5,5025,5030,True,0.5349052242256126,2163
MRVL,b_20_80|dif_gt_zero|fixed_5,2020-06-30,2020-07-01,2020-07-09,2020-07-09,34.133267346578855,36.95170620864397,0.0825716106649721,5,5031,5036,True,0.5349052242256126,2163
MRVL,b_20_80|dif_gt_zero|fixed_5,2020-07-30,2020-07-31,2020-08-07,2020-08-07,35.622947692871094,35.82806724898177,0.0057580736405966615,5,5052,5057,True,0.5349052242256126,2163
MRVL,b_20_80|dif_gt_zero|fixed_5,2020-09-28,2020-09-29,2020-10-06,2020-10-06,39.03187706950972,41.02449456169965,0.05105102910222303,5,5093,5098,True,0.5349052242256126,2163
MRVL,b_20_80|dif_gt_zero|fixed_5,2020-10-27,2020-10-28,2020-11-04,2020-11-04,39.67379963544391,36.97409305612332,-0.06804759322595155,5,5114,5119,True,0.5349052242256126,2163
MRVL,b_20_80|dif_gt_zero|fixed_5,2020-11-19,2020-11-20,2020-11-30,2020-11-30,43.322295613000946,44.64281059335578,0.030481186688513073,5,5131,5136,True,0.5349052242256126,2163
MRVL,b_20_80|dif_gt_zero|fixed_5,2020-12-15,2020-12-16,2020-12-23,2020-12-23,44.134167708634486,46.20783915081899,0.04698562474032575,5,5148,5153,True,0.5349052242256126,2163
MRVL,b_20_80|dif_gt_zero|fixed_5,2021-01-07,2021-01-08,2021-01-15,2021-01-15,48.86199077438745,50.40943475846885,0.031669687615195175,5,5163,5168,True,0.5349052242256126,2163
MRVL,b_20_80|dif_gt_zero|fixed_5,2021-02-09,2021-02-10,2021-02-18,2021-02-18,50.20376181472738,48.950133533931485,-0.02497080369041471,5,5185,5190,True,0.5349052242256126,2163
MRVL,b_20_80|dif_gt_zero|fixed_5,2021-06-10,2021-06-11,2021-06-18,2021-06-18,50.64607195155736,53.51910942482309,0.0567277453622419,5,5269,5274,True,0.5349052242256126,2163
MRVL,b_20_80|dif_gt_zero|fixed_5,2021-07-20,2021-07-21,2021-07-28,2021-07-28,55.568487013882475,57.00162172790612,0.025790421712680534,5,5296,5301,True,0.5349052242256126,2163
MRVL,b_20_80|dif_gt_zero|fixed_5,2021-08-20,2021-08-23,2021-08-30,2021-08-30,59.58323232416109,60.43722516628941,0.014332771298512181,5,5319,5324,True,0.5349052242256126,2163
MRVL,b_20_80|dif_gt_zero|fixed_5,2021-09-13,2021-09-14,2021-09-21,2021-09-21,61.448273135418674,59.92678656775055,-0.024760444680277716,5,5334,5339,True,0.5349052242256126,2163
MRVL,b_20_80|dif_gt_zero|fixed_5,2021-09-22,2021-09-23,2021-09-30,2021-09-30,61.70349239773337,59.34764696637342,-0.038180098723982314,5,5341,5346,True,0.5349052242256126,2163
MRVL,b_20_80|dif_gt_zero|fixed_5,2021-10-29,2021-11-01,2021-11-08,2021-11-08,67.47010177860169,70.88929542070032,0.050677167396582234,5,5368,5373,True,0.5349052242256126,2163
MRVL,b_20_80|dif_gt_zero|fixed_5,2021-11-12,2021-11-15,2021-11-22,2021-11-22,72.27465997961136,73.78774140392593,0.020935157975719543,5,5378,5383,True,0.5349052242256126,2163
MRVL,b_20_80|dif_gt_zero|fixed_5,2021-12-03,2021-12-06,2021-12-13,2021-12-13,82.05081386183497,87.87719547221859,0.07100943106054558,5,5392,5397,True,0.5349052242256126,2163
MRVL,b_20_80|dif_gt_zero|fixed_5,2021-12-23,2021-12-27,2022-01-03,2022-01-03,86.46235358720176,86.41320515726431,-0.0005684373360005379,5,5406,5411,True,0.5349052242256126,2163
MRVL,b_20_80|dif_gt_zero|fixed_5,2022-01-03,2022-01-04,2022-01-11,2022-01-11,88.70248056134993,79.81844093433666,-0.10015548123108842,5,5412,5417,True,0.5349052242256126,2163
MRVL,b_20_80|dif_gt_zero|fixed_5,2022-01-11,2022-01-12,2022-01-20,2022-01-20,85.23602969741484,76.04284566584575,-0.10785561064029614,5,5418,5423,True,0.5349052242256126,2163
MRVL,b_20_80|dif_gt_zero|fixed_5,2022-07-28,2022-07-29,2022-08-05,2022-08-05,52.85049432007442,55.255027404052186,0.04549688919493122,5,5554,5559,True,0.5349052242256126,2163
MRVL,b_20_80|dif_gt_zero|fixed_5,2022-08-25,2022-08-26,2022-09-02,2022-09-02,53.43192129367977,46.05077755875997,-0.13814108787798518,5,5574,5579,True,0.5349052242256126,2163
MRVL,b_20_80|dif_gt_zero|fixed_5,2022-11-30,2022-12-01,2022-12-08,2022-12-08,46.49279931527069,40.00038383673337,-0.139643462517966,5,5641,5646,True,0.5349052242256126,2163
MRVL,b_20_80|dif_gt_zero|fixed_5,2022-12-13,2022-12-14,2022-12-21,2022-12-21,42.66444122300438,37.612598317398295,-0.11840874416239078,5,5650,5655,True,0.5349052242256126,2163
MRVL,b_20_80|dif_gt_zero|fixed_5,2023-02-15,2023-02-16,2023-02-24,2023-02-24,45.4918593890467,43.969873746864096,-0.03345621969782708,5,5693,5698,True,0.5349052242256126,2163
MRVL,b_20_80|dif_gt_zero|fixed_5,2023-02-27,2023-02-28,2023-03-07,2023-03-07,43.60419337074047,41.54851464831228,-0.047144060318923486,5,5700,5705,True,0.5349052242256126,2163
MRVL,b_20_80|dif_gt_zero|fixed_5,2023-05-15,2023-05-16,2023-05-23,2023-05-23,41.3825407915226,45.26245477908207,0.09375726848444943,5,5754,5759,True,0.5349052242256126,2163
MRVL,b_20_80|dif_gt_zero|fixed_5,2023-06-13,2023-06-14,2023-06-22,2023-06-22,62.138135642953145,57.58517951249726,-0.07327152775579315,5,5774,5779,True,0.5349052242256126,2163
MRVL,b_20_80|dif_gt_zero|fixed_5,2023-06-28,2023-06-29,2023-07-07,2023-07-07,59.8121637896445,59.35702939024811,-0.007609395322949242,5,5784,5789,True,0.5349052242256126,2163
MRVL,b_20_80|dif_gt_zero|fixed_5,2023-07-10,2023-07-11,2023-07-18,2023-07-18,61.16023341778066,64.79636021630627,0.059452467646542884,5,5791,5796,True,0.5349052242256126,2163
MRVL,b_20_80|dif_gt_zero|fixed_5,2023-07-31,2023-08-01,2023-08-08,2023-08-08,64.27125078741152,61.83395839089193,-0.03792196925778468,5,5806,5811,True,0.5349052242256126,2163
MRVL,b_20_80|dif_gt_zero|fixed_5,2024-01-08,2024-01-09,2024-01-17,2024-01-17,62.664194638115504,64.23303484231643,0.025035671698343087,5,5917,5922,True,0.5349052242256126,2163
MRVL,b_20_80|dif_gt_zero|fixed_5,2024-02-07,2024-02-08,2024-02-15,2024-02-15,69.70411088089783,68.0161175478783,-0.024216553538768726,5,5938,5943,True,0.5349052242256126,2163
MRVL,b_20_80|dif_gt_zero|fixed_5,2024-02-22,2024-02-23,2024-03-01,2024-03-01,69.35658458382268,73.4673290702743,0.05926970757165062,5,5948,5953,True,0.5349052242256126,2163
MRVL,b_20_80|dif_gt_zero|fixed_5,2024-05-15,2024-05-16,2024-05-23,2024-05-23,70.34904249064996,75.38744465655203,0.07162005320217002,5,6006,6011,True,0.5349052242256126,2163
MRVL,b_20_80|dif_gt_zero|fixed_5,2024-06-12,2024-06-13,2024-06-21,2024-06-21,74.12535596670908,72.49558684500106,-0.021986661655155837,5,6025,6030,True,0.5349052242256126,2163
MRVL,b_20_80|dif_gt_zero|fixed_5,2024-07-16,2024-07-17,2024-07-24,2024-07-24,72.10832162193762,66.68775980115639,-0.07517248632135853,5,6047,6052,True,0.5349052242256126,2163
MRVL,b_20_80|dif_gt_zero|fixed_5,2024-09-11,2024-09-12,2024-09-19,2024-09-19,73.669844557927,74.42573091692117,0.010260458177020038,5,6087,6092,True,0.5349052242256126,2163
MRVL,b_20_80|dif_gt_zero|fixed_5,2024-10-03,2024-10-04,2024-10-11,2024-10-11,73.32172763760708,71.62053217128874,-0.023201791898937563,5,6103,6108,True,0.5349052242256126,2163
MRVL,b_20_80|dif_gt_zero|fixed_5,2024-10-21,2024-10-22,2024-10-29,2024-10-29,80.82817393231888,83.05791692042139,0.027586210100077002,5,6115,6120,True,0.5349052242256126,2163
MRVL,b_20_80|dif_gt_zero|fixed_5,2024-11-05,2024-11-06,2024-11-13,2024-11-13,89.01054544897713,91.03124039597762,0.022701747717733145,5,6126,6131,True,0.5349052242256126,2163
MRVL,b_20_80|dif_gt_zero|fixed_5,2024-11-21,2024-11-22,2024-12-02,2024-12-02,93.62928543991042,96.92414019732534,0.035190429382583543,5,6138,6143,True,0.5349052242256126,2163
MRVL,b_20_80|dif_gt_zero|fixed_5,2024-12-13,2024-12-16,2024-12-23,2024-12-23,121.93905973672902,112.13417209822751,-0.08040809613974909,5,6153,6158,True,0.5349052242256126,2163
MRVL,b_20_80|dif_gt_zero|fixed_5,2024-12-26,2024-12-27,2025-01-06,2025-01-06,114.10509344289746,121.73002141473147,0.0668237301400556,5,6161,6166,True,0.5349052242256126,2163
MRVL,b_20_80|dif_gt_zero|fixed_5,2025-01-17,2025-01-21,2025-01-28,2025-01-28,125.33732398366877,102.87920134182261,-0.17918144354807208,5,6175,6180,True,0.5349052242256126,2163
MRVL,b_20_80|dif_gt_zero|fixed_5,2025-02-05,2025-02-06,2025-02-13,2025-02-13,115.98557568175174,104.92083898972403,-0.09539752358851761,5,6187,6192,True,0.5349052242256126,2163
MRVL,b_20_80|dif_gt_zero|fixed_5,2025-05-28,2025-05-29,2025-06-05,2025-06-05,67.16181675403315,67.072069395165,-0.0013362854551245418,5,6264,6269,True,0.5349052242256126,2163
MRVL,b_20_80|dif_gt_zero|fixed_5,2025-06-16,2025-06-17,2025-06-25,2025-06-25,70.01339951566605,76.14531189878853,0.08758198324237099,5,6277,6282,True,0.5349052242256126,2163
MRVL,b_20_80|dif_gt_zero|fixed_5,2025-06-25,2025-06-26,2025-07-03,2025-07-03,78.79748149964348,74.60984017546127,-0.0531443549271452,5,6283,6288,True,0.5349052242256126,2163
MRVL,b_20_80|dif_gt_zero|fixed_5,2025-07-16,2025-07-17,2025-07-24,2025-07-24,70.94884168806763,73.51337512994424,0.03614623411544593,5,6297,6302,True,0.5349052242256126,2163
MRVL,b_20_80|dif_gt_zero|fixed_5,2025-08-13,2025-08-14,2025-08-21,2025-08-21,77.86411614039558,70.3101959346574,-0.097014139248917,5,6317,6322,True,0.5349052242256126,2163
MRVL,b_20_80|dif_gt_zero|fixed_5,2025-10-24,2025-10-27,2025-11-03,2025-11-03,85.9139311257371,93.25315853048876,0.08542534730497353,5,6368,6373,True,0.5349052242256126,2163
MRVL,b_20_80|dif_gt_zero|fixed_5,2026-03-06,2026-03-09,2026-03-16,2026-03-16,87.86432698021753,89.0834188761048,0.013874708175500405,5,6458,6463,True,0.5349052242256126,2163
MRVL,b_20_80|dif_gt_zero|fixed_5,2026-03-24,2026-03-25,2026-04-01,2026-04-01,94.00974095785779,100.7447020017375,0.0716410977762274,5,6470,6475,True,0.5349052242256126,2163
MRVL,b_20_80|dif_gt_zero|fixed_5,2026-05-05,2026-05-06,2026-05-13,2026-05-13,172.55742988650542,169.0482970267212,-0.020336028776577475,5,6499,6504,True,0.5349052242256126,2163
MRVL,b_20_80|dif_gt_zero|fixed_5,2026-05-14,2026-05-15,2026-05-22,2026-05-22,173.8571064182104,194.6719821186647,0.11972404309079221,5,6506,6511,True,0.5349052242256126,2163
MRVL,b_20_80|dif_gt_zero|fixed_5,2026-06-15,2026-06-16,2026-06-24,2026-06-24,299.0562334547202,281.8804801938732,-0.05743318927825514,5,6527,6532,True,0.5349052242256126,2163
MRVL,b_20_80|dif_gt_zero|fixed_5,2026-06-30,2026-07-01,2026-07-09,2026-07-09,282.4003227010313,246.11927742821365,-0.12847380954032162,5,6537,6542,True,0.5349052242256126,2163
MU,b_20_80|dif_gt_zero|fixed_5,2018-01-18,2018-01-19,2018-01-26,2018-01-26,42.85727616136537,42.14543119331954,-0.016609664257840495,5,8479,8484,True,0.5441516412390199,2163
MU,b_20_80|dif_gt_zero|fixed_5,2018-04-04,2018-04-05,2018-04-12,2018-04-12,50.76563947546536,49.849013975175616,-0.01805602194241529,5,8531,8536,True,0.5441516412390199,2163
MU,b_20_80|dif_gt_zero|fixed_5,2018-06-11,2018-06-12,2018-06-19,2018-06-19,60.302491314352075,56.20689946786748,-0.06791745676201999,5,8578,8583,True,0.5441516412390199,2163
MU,b_20_80|dif_gt_zero|fixed_5,2019-01-24,2019-01-25,2019-02-01,2019-02-01,37.14297239922077,37.35751223270937,0.005776054516657414,5,8734,8739,True,0.5441516412390199,2163
MU,b_20_80|dif_gt_zero|fixed_5,2019-02-13,2019-02-14,2019-02-22,2019-02-22,40.360926894771644,41.0337739198692,0.016670752553621604,5,8748,8753,True,0.5441516412390199,2163
MU,b_20_80|dif_gt_zero|fixed_5,2019-03-11,2019-03-12,2019-03-19,2019-03-19,38.19612663399405,38.93722443482359,0.019402433339143155,5,8765,8770,True,0.5441516412390199,2163
MU,b_20_80|dif_gt_zero|fixed_5,2019-04-01,2019-04-02,2019-04-09,2019-04-09,41.0337727837802,41.48233229265976,0.010931471284475025,5,8780,8785,True,0.5441516412390199,2163
MU,b_20_80|dif_gt_zero|fixed_5,2019-04-16,2019-04-17,2019-04-25,2019-04-25,42.28194924325315,42.53547913379414,0.005996173191600063,5,8791,8796,True,0.5441516412390199,2163
MU,b_20_80|dif_gt_zero|fixed_5,2019-05-03,2019-05-06,2019-05-13,2019-05-13,40.370681270960795,36.43111555931073,-0.09758482115296496,5,8803,8808,True,0.5441516412390199,2163
MU,b_20_80|dif_gt_zero|fixed_5,2019-08-13,2019-08-14,2019-08-21,2019-08-21,41.81388547220449,43.695894917120754,0.04500919786962432,5,8873,8878,True,0.5441516412390199,2163
MU,b_20_80|dif_gt_zero|fixed_5,2019-08-29,2019-08-30,2019-09-09,2019-09-09,43.998194315936765,48.30830300311622,0.09796103576955839,5,8885,8890,True,0.5441516412390199,2163
MU,b_20_80|dif_gt_zero|fixed_5,2019-11-01,2019-11-04,2019-11-11,2019-11-11,48.16203127227657,45.558413989264864,-0.054059540559918684,5,8930,8935,True,0.5441516412390199,2163
MU,b_20_80|dif_gt_zero|fixed_5,2019-11-18,2019-11-19,2019-11-26,2019-11-26,46.91385284879607,46.46529241820494,-0.009561364146254303,5,8941,8946,True,0.5441516412390199,2163
MU,b_20_80|dif_gt_zero|fixed_5,2020-01-07,2020-01-08,2020-01-15,2020-01-15,56.64571355388027,55.61207131565532,-0.01824749258815095,5,8974,8979,True,0.5441516412390199,2163
MU,b_20_80|dif_gt_zero|fixed_5,2020-01-16,2020-01-17,2020-01-27,2020-01-27,56.57745605520797,53.77881461383191,-0.04946566417983089,5,8981,8986,True,0.5441516412390199,2163
MU,b_20_80|dif_gt_zero|fixed_5,2020-02-05,2020-02-06,2020-02-13,2020-02-13,56.6359618885287,57.542841605637655,0.01601243603655722,5,8994,8999,True,0.5441516412390199,2163
MU,b_20_80|dif_gt_zero|fixed_5,2020-02-19,2020-02-20,2020-02-27,2020-02-27,58.39121424201486,49.37119721684611,-0.154475585792468,5,9003,9008,True,0.5441516412390199,2163
MU,b_20_80|dif_gt_zero|fixed_5,2020-05-08,2020-05-11,2020-05-18,2020-05-18,46.55305139930216,44.69053484214205,-0.04000847422835174,5,9059,9064,True,0.5441516412390199,2163
MU,b_20_80|dif_gt_zero|fixed_5,2020-05-18,2020-05-19,2020-05-27,2020-05-27,44.641774530975354,44.80754798932329,0.00371341551919957,5,9065,9070,True,0.5441516412390199,2163
MU,b_20_80|dif_gt_zero|fixed_5,2020-06-03,2020-06-04,2020-06-11,2020-06-11,47.6452049637421,49.16640631301327,0.03192769031907394,5,9076,9081,True,0.5441516412390199,2163
MU,b_20_80|dif_gt_zero|fixed_5,2020-06-22,2020-06-23,2020-06-30,2020-06-30,49.429698951478706,50.49260110324854,0.02150331024296137,5,9089,9094,True,0.5441516412390199,2163
MU,b_20_80|dif_gt_zero|fixed_5,2020-06-30,2020-07-01,2020-07-09,2020-07-09,50.239066645348224,48.610589212363976,-0.03241456383893693,5,9095,9100,True,0.5441516412390199,2163
MU,b_20_80|dif_gt_zero|fixed_5,2020-07-10,2020-07-13,2020-07-20,2020-07-20,50.034279847685035,48.425309589582156,-0.03215735817525356,5,9102,9107,True,0.5441516412390199,2163
MU,b_20_80|dif_gt_zero|fixed_5,2020-07-20,2020-07-21,2020-07-28,2020-07-28,50.336579305982866,49.98554404051306,-0.006973760837738929,5,9108,9113,True,0.5441516412390199,2163
MU,b_20_80|dif_gt_zero|fixed_5,2020-08-05,2020-08-06,2020-08-13,2020-08-13,48.75686302800951,45.987468727608025,-0.05680009189292068,5,9120,9125,True,0.5441516412390199,2163
MU,b_20_80|dif_gt_zero|fixed_5,2020-10-08,2020-10-09,2020-10-16,2020-10-16,48.990901281370085,50.85339909262757,0.03801721875987907,5,9165,9170,True,0.5441516412390199,2163
MU,b_20_80|dif_gt_zero|fixed_5,2020-11-04,2020-11-05,2020-11-12,2020-11-12,51.56525790389016,55.192763662340845,0.07034786416101713,5,9184,9189,True,0.5441516412390199,2163
MU,b_20_80|dif_gt_zero|fixed_5,2020-12-30,2020-12-31,2021-01-08,2021-01-08,70.59019495600755,80.48783026197293,0.1402126076027086,5,9222,9227,True,0.5441516412390199,2163
MU,b_20_80|dif_gt_zero|fixed_5,2021-01-14,2021-01-15,2021-01-25,2021-01-25,78.9080981890266,81.12166320173696,0.02805244409018326,5,9232,9237,True,0.5441516412390199,2163
MU,b_20_80|dif_gt_zero|fixed_5,2021-02-02,2021-02-03,2021-02-10,2021-02-10,79.81497840039239,81.91152922438008,0.02626763630092488,5,9244,9249,True,0.5441516412390199,2163
MU,b_20_80|dif_gt_zero|fixed_5,2021-03-15,2021-03-16,2021-03-23,2021-03-23,88.49369811429706,88.75698442721286,0.002975198443800453,5,9272,9277,True,0.5441516412390199,2163
MU,b_20_80|dif_gt_zero|fixed_5,2021-03-30,2021-03-31,2021-04-08,2021-04-08,85.26599338336541,92.63805428903835,0.08645956744475303,5,9283,9288,True,0.5441516412390199,2163
MU,b_20_80|dif_gt_zero|fixed_5,2021-11-19,2021-11-22,2021-11-30,2021-11-30,81.69401567136126,83.56889610165602,0.022950033914810097,5,9447,9452,True,0.5441516412390199,2163
MU,b_20_80|dif_gt_zero|fixed_5,2021-12-08,2021-12-09,2021-12-16,2021-12-16,83.29547372661888,83.861833830994,0.006799410328512501,5,9459,9464,True,0.5441516412390199,2163
MU,b_20_80|dif_gt_zero|fixed_5,2021-12-21,2021-12-22,2021-12-30,2021-12-30,87.88501926012604,92.18161855763246,0.04888887018149424,5,9468,9473,True,0.5441516412390199,2163
MU,b_20_80|dif_gt_zero|fixed_5,2022-01-14,2022-01-18,2022-01-25,2022-01-25,93.3845274498835,79.10265558334092,-0.15293616894091167,5,9485,9490,True,0.5441516412390199,2163
MU,b_20_80|dif_gt_zero|fixed_5,2022-03-02,2022-03-03,2022-03-10,2022-03-10,89.56234260085786,75.99407797524768,-0.1514951957663535,5,9516,9521,True,0.5441516412390199,2163
MU,b_20_80|dif_gt_zero|fixed_5,2022-08-02,2022-08-03,2022-08-10,2022-08-10,61.29960976685996,58.84762844501636,-0.039999949937188584,5,9621,9626,True,0.5441516412390199,2163
MU,b_20_80|dif_gt_zero|fixed_5,2022-08-12,2022-08-15,2022-08-22,2022-08-22,63.45736312866211,58.41608247991772,-0.07944358857967371,5,9629,9634,True,0.5441516412390199,2163
MU,b_20_80|dif_gt_zero|fixed_5,2022-10-21,2022-10-24,2022-10-31,2022-10-31,55.2663914984111,52.986150880312586,-0.041259082713299144,5,9678,9683,True,0.5441516412390199,2163
MU,b_20_80|dif_gt_zero|fixed_5,2022-11-04,2022-11-07,2022-11-14,2022-11-14,55.46297075256702,60.87854855893204,0.09764312536602393,5,9688,9693,True,0.5441516412390199,2163
MU,b_20_80|dif_gt_zero|fixed_5,2022-11-30,2022-12-01,2022-12-08,2022-12-08,56.838977676202354,53.6250268802405,-0.05654483819661471,5,9705,9710,True,0.5441516412390199,2163
MU,b_20_80|dif_gt_zero|fixed_5,2023-01-20,2023-01-23,2023-01-30,2023-01-30,58.042088581228654,61.824858437835886,0.0651728762536401,5,9739,9744,True,0.5441516412390199,2163
MU,b_20_80|dif_gt_zero|fixed_5,2023-02-15,2023-02-16,2023-02-24,2023-02-24,59.874369192334306,56.84025530163716,-0.05067466983995561,5,9757,9762,True,0.5441516412390199,2163
MU,b_20_80|dif_gt_zero|fixed_5,2023-04-10,2023-04-11,2023-04-18,2023-04-18,62.81844754482817,62.512455985776356,-0.004871046181672223,5,9793,9798,True,0.5441516412390199,2163
MU,b_20_80|dif_gt_zero|fixed_5,2023-04-27,2023-04-28,2023-05-05,2023-05-05,61.624074148938014,59.82756478897519,-0.02915271969232147,5,9806,9811,True,0.5441516412390199,2163
MU,b_20_80|dif_gt_zero|fixed_5,2023-05-15,2023-05-16,2023-05-23,2023-05-23,63.71669767921335,64.99992928489154,0.020139643961755826,5,9818,9823,True,0.5441516412390199,2163
MU,b_20_80|dif_gt_zero|fixed_5,2023-06-13,2023-06-14,2023-06-22,2023-06-22,66.66810190973548,64.68405360923201,-0.0297600838132418,5,9838,9843,True,0.5441516412390199,2163
MU,b_20_80|dif_gt_zero|fixed_5,2023-06-28,2023-06-29,2023-07-07,2023-07-07,66.96422493634499,60.751076420012424,-0.09278310205544338,5,9848,9853,True,0.5441516412390199,2163
MU,b_20_80|dif_gt_zero|fixed_5,2023-12-11,2023-12-12,2023-12-19,2023-12-19,76.6921000042134,80.90212386997017,0.05489514390042083,5,9963,9968,True,0.5441516412390199,2163
MU,b_20_80|dif_gt_zero|fixed_5,2024-01-16,2024-01-17,2024-01-24,2024-01-24,83.01413731081632,87.69602731224192,0.05639870693224158,5,9986,9991,True,0.5441516412390199,2163
MU,b_20_80|dif_gt_zero|fixed_5,2024-02-09,2024-02-12,2024-02-20,2024-02-20,84.83929397729457,78.68935192153918,-0.0724893120562895,5,10004,10009,True,0.5441516412390199,2163
MU,b_20_80|dif_gt_zero|fixed_5,2024-03-21,2024-03-22,2024-04-01,2024-04-01,108.42723585099732,118.35151114388216,0.09152935805283247,5,10032,10037,True,0.5441516412390199,2163
MU,b_20_80|dif_gt_zero|fixed_5,2024-04-24,2024-04-25,2024-05-02,2024-05-02,108.591483507836,110.94460658470359,0.021669499309287854,5,10055,10060,True,0.5441516412390199,2163
MU,b_20_80|dif_gt_zero|fixed_5,2024-05-28,2024-05-29,2024-06-05,2024-06-05,129.07463180547143,127.88317149442946,-0.009230786052813356,5,10078,10083,True,0.5441516412390199,2163
MU,b_20_80|dif_gt_zero|fixed_5,2024-06-05,2024-06-06,2024-06-13,2024-06-13,132.88730345472527,141.77356385433617,0.0668706503073746,5,10084,10089,True,0.5441516412390199,2163
MU,b_20_80|dif_gt_zero|fixed_5,2024-07-03,2024-07-05,2024-07-12,2024-07-12,135.84609810500712,130.926578776196,-0.03621391705346133,5,10103,10108,True,0.5441516412390199,2163
MU,b_20_80|dif_gt_zero|fixed_5,2024-10-10,2024-10-11,2024-10-18,2024-10-18,104.50105530573084,111.17663190962129,0.06388047072213987,5,10172,10177,True,0.5441516412390199,2163
MU,b_20_80|dif_gt_zero|fixed_5,2024-11-05,2024-11-06,2024-11-13,2024-11-13,107.82390746893114,102.27253811627284,-0.05148551451131467,5,10190,10195,True,0.5441516412390199,2163
MU,b_20_80|dif_gt_zero|fixed_5,2025-06-02,2025-06-03,2025-06-10,2025-06-10,98.11003677921897,111.24656957675042,0.1338959114559617,5,10331,10336,True,0.5441516412390199,2163
MU,b_20_80|dif_gt_zero|fixed_5,2025-07-10,2025-07-11,2025-07-18,2025-07-18,121.9342962008174,114.05693440015412,-0.06460333184430578,5,10357,10362,True,0.5441516412390199,2163
MU,b_20_80|dif_gt_zero|fixed_5,2025-08-28,2025-08-29,2025-09-08,2025-09-08,122.40354143628785,130.3407984782381,0.06484499507787245,5,10392,10397,True,0.5441516412390199,2163
MU,b_20_80|dif_gt_zero|fixed_5,2025-09-30,2025-10-01,2025-10-08,2025-10-08,165.33462730297458,188.80532109762163,0.14195873046991636,5,10414,10419,True,0.5441516412390199,2163
MU,b_20_80|dif_gt_zero|fixed_5,2025-10-16,2025-10-17,2025-10-24,2025-10-24,199.08525899267423,212.18245825606303,0.065786886129378,5,10426,10431,True,0.5441516412390199,2163
MU,b_20_80|dif_gt_zero|fixed_5,2025-10-24,2025-10-27,2025-11-03,2025-11-03,224.59030693239927,233.65146654717591,0.040345283545580646,5,10432,10437,True,0.5441516412390199,2163
MU,b_20_80|dif_gt_zero|fixed_5,2025-11-25,2025-11-26,2025-12-04,2025-12-04,229.3955991936823,230.05497023211262,0.002874383993189067,5,10454,10459,True,0.5441516412390199,2163
MU,b_20_80|dif_gt_zero|fixed_5,2025-12-19,2025-12-22,2025-12-30,2025-12-30,276.8791524562695,294.53094747936166,0.0637527053463518,5,10471,10476,True,0.5441516412390199,2163
MU,b_20_80|dif_gt_zero|fixed_5,2026-02-12,2026-02-13,2026-02-23,2026-02-23,404.95756887926956,422.0677739009512,0.04225184645649316,5,10507,10512,True,0.5441516412390199,2163
MU,b_20_80|dif_gt_zero|fixed_5,2026-03-10,2026-03-11,2026-03-18,2026-03-18,410.53435883479557,464.4934096077029,0.13143613831996248,5,10524,10529,True,0.5441516412390199,2163
MU,b_20_80|dif_gt_zero|fixed_5,2026-05-26,2026-05-27,2026-06-03,2026-06-03,955.5130216924548,1078.844080247331,0.12907313218654592,5,10577,10582,True,0.5441516412390199,2163
MU,b_20_80|dif_gt_zero|fixed_5,2026-06-15,2026-06-16,2026-06-24,2026-06-24,1099.5308285965202,1082.05353141983,-0.01589523160437334,5,10591,10596,True,0.5441516412390199,2163
MU,b_20_80|dif_gt_zero|fixed_5,2026-06-25,2026-06-26,2026-07-06,2026-07-06,1138.9048461164418,1007.0,-0.11581726653128654,5,10598,10603,True,0.5441516412390199,2163
MU,b_20_80|dif_gt_zero|fixed_5,2026-07-14,2026-07-15,2026-07-22,2026-07-22,975.8099975585938,938.25,-0.03849109729616029,5,10610,10615,True,0.5441516412390199,2163
ORCL,b_20_80|dif_gt_zero|fixed_5,2018-03-05,2018-03-06,2018-03-13,2018-03-13,45.47257597921998,46.95422360565815,0.03258332290467236,5,8062,8067,True,0.5515487748497457,2163
ORCL,b_20_80|dif_gt_zero|fixed_5,2018-05-21,2018-05-22,2018-05-30,2018-05-30,41.83511041096845,41.29489871242543,-0.012912878518455684,5,8116,8121,True,0.5515487748497457,2163
ORCL,b_20_80|dif_gt_zero|fixed_5,2018-06-01,2018-06-04,2018-06-11,2018-06-11,42.04765381213251,42.640997406858126,0.014111217652634123,5,8124,8129,True,0.5515487748497457,2163
ORCL,b_20_80|dif_gt_zero|fixed_5,2018-08-03,2018-08-06,2018-08-13,2018-08-13,42.932728331228326,42.97717985939504,0.0010353762710761938,5,8168,8173,True,0.5515487748497457,2163
ORCL,b_20_80|dif_gt_zero|fixed_5,2018-08-20,2018-08-21,2018-08-28,2018-08-28,43.190551654312046,43.910684024557256,0.016673377455536986,5,8179,8184,True,0.5515487748497457,2163
ORCL,b_20_80|dif_gt_zero|fixed_5,2018-09-10,2018-09-11,2018-09-18,2018-09-18,43.137206283048315,42.2392536894437,-0.02081619722224537,5,8193,8198,True,0.5515487748497457,2163
ORCL,b_20_80|dif_gt_zero|fixed_5,2018-11-16,2018-11-19,2018-11-27,2018-11-27,45.56926058801306,42.77529513153448,-0.06131250365764174,5,8242,8247,True,0.5515487748497457,2163
ORCL,b_20_80|dif_gt_zero|fixed_5,2019-03-08,2019-03-11,2019-03-18,2019-03-18,46.547266277583155,47.380722942610824,0.017905598581394067,5,8316,8321,True,0.5515487748497457,2163
ORCL,b_20_80|dif_gt_zero|fixed_5,2019-03-21,2019-03-22,2019-03-29,2019-03-29,48.05284603511069,47.91842692015231,-0.0027973184951453067,5,8325,8330,True,0.5515487748497457,2163
ORCL,b_20_80|dif_gt_zero|fixed_5,2019-04-01,2019-04-02,2019-04-09,2019-04-09,48.760828142143644,47.94530785165725,-0.016724906478394086,5,8332,8337,True,0.5515487748497457,2163
ORCL,b_20_80|dif_gt_zero|fixed_5,2019-04-12,2019-04-15,2019-04-23,2019-04-23,49.060213141230314,49.28526824494967,0.004587324214664346,5,8341,8346,True,0.5515487748497457,2163
ORCL,b_20_80|dif_gt_zero|fixed_5,2019-04-30,2019-05-01,2019-05-08,2019-05-08,49.79836775778849,48.925184579661,-0.01753437346329334,5,8352,8357,True,0.5515487748497457,2163
ORCL,b_20_80|dif_gt_zero|fixed_5,2019-05-10,2019-05-13,2019-05-20,2019-05-20,48.35807439902248,48.56512476362092,0.004281608959239902,5,8360,8365,True,0.5515487748497457,2163
ORCL,b_20_80|dif_gt_zero|fixed_5,2019-06-20,2019-06-21,2019-06-28,2019-06-28,51.436708111760666,51.22066711557414,-0.004200132631293596,5,8388,8393,True,0.5515487748497457,2163
ORCL,b_20_80|dif_gt_zero|fixed_5,2019-07-25,2019-07-26,2019-08-02,2019-08-02,52.72952118539177,50.78627208579737,-0.036853152767348796,5,8412,8417,True,0.5515487748497457,2163
ORCL,b_20_80|dif_gt_zero|fixed_5,2019-10-04,2019-10-07,2019-10-14,2019-10-14,49.773987860046255,51.593834791972185,0.03656220869910909,5,8462,8467,True,0.5515487748497457,2163
ORCL,b_20_80|dif_gt_zero|fixed_5,2019-10-29,2019-10-30,2019-11-06,2019-11-06,50.095849470421264,50.57702448985565,0.009605087537611245,5,8479,8484,True,0.5515487748497457,2163
ORCL,b_20_80|dif_gt_zero|fixed_5,2019-11-26,2019-11-27,2019-12-05,2019-12-05,51.65738499760253,49.47851027142813,-0.042179346211108526,5,8499,8504,True,0.5515487748497457,2163
ORCL,b_20_80|dif_gt_zero|fixed_5,2020-04-06,2020-04-07,2020-04-15,2020-04-15,47.55577213956422,48.752891918726036,0.025172964822200106,5,8588,8593,True,0.5515487748497457,2163
ORCL,b_20_80|dif_gt_zero|fixed_5,2020-04-29,2020-04-30,2020-05-07,2020-05-07,48.991103344125825,48.01074068496546,-0.020011034498938485,5,8604,8609,True,0.5515487748497457,2163
ORCL,b_20_80|dif_gt_zero|fixed_5,2020-05-08,2020-05-11,2020-05-18,2020-05-18,48.67960461213565,49.39425537628871,0.014680701904774773,5,8611,8616,True,0.5515487748497457,2163
ORCL,b_20_80|dif_gt_zero|fixed_5,2020-05-26,2020-05-27,2020-06-03,2020-06-03,48.560480841149335,48.86283241687604,0.006226288753518494,5,8622,8627,True,0.5515487748497457,2163
ORCL,b_20_80|dif_gt_zero|fixed_5,2020-06-03,2020-06-04,2020-06-11,2020-06-11,48.771212748179806,48.78954250324279,0.0003758314388782047,5,8628,8633,True,0.5515487748497457,2163
ORCL,b_20_80|dif_gt_zero|fixed_5,2020-06-16,2020-06-17,2020-06-24,2020-06-24,48.58797440943628,50.50290421330228,0.039411599827757104,5,8637,8642,True,0.5515487748497457,2163
ORCL,b_20_80|dif_gt_zero|fixed_5,2020-06-29,2020-06-30,2020-07-08,2020-07-08,50.20971085615979,51.88642396205492,0.033394199594149354,5,8646,8651,True,0.5515487748497457,2163
ORCL,b_20_80|dif_gt_zero|fixed_5,2020-07-29,2020-07-30,2020-08-06,2020-08-06,50.6059903796442,51.056853960163494,0.008909292697108384,5,8667,8672,True,0.5515487748497457,2163
ORCL,b_20_80|dif_gt_zero|fixed_5,2020-09-14,2020-09-15,2020-09-22,2020-09-22,55.215743749149155,55.5561800568329,0.006165565915952964,5,8699,8704,True,0.5515487748497457,2163
ORCL,b_20_80|dif_gt_zero|fixed_5,2020-10-05,2020-10-06,2020-10-13,2020-10-13,54.755680084228516,56.880497946802215,0.03880543277528781,5,8714,8719,True,0.5515487748497457,2163
ORCL,b_20_80|dif_gt_zero|fixed_5,2020-12-11,2020-12-14,2020-12-21,2020-12-21,56.19687382809697,59.02379679194992,0.05030391855070704,5,8762,8767,True,0.5515487748497457,2163
ORCL,b_20_80|dif_gt_zero|fixed_5,2021-02-22,2021-02-23,2021-03-02,2021-03-02,59.74116210988542,61.34551324027153,0.026855037192532905,5,8809,8814,True,0.5515487748497457,2163
ORCL,b_20_80|dif_gt_zero|fixed_5,2021-03-23,2021-03-24,2021-03-31,2021-03-31,62.2357823842947,65.56505998926406,0.053494589084004174,5,8830,8835,True,0.5515487748497457,2163
ORCL,b_20_80|dif_gt_zero|fixed_5,2021-05-03,2021-05-04,2021-05-11,2021-05-11,71.78162421722608,74.27773796462806,0.03477371506457172,5,8858,8863,True,0.5515487748497457,2163
ORCL,b_20_80|dif_gt_zero|fixed_5,2021-05-21,2021-05-24,2021-06-01,2021-06-01,74.0355580639647,74.11939271538259,0.0011323565812182412,5,8872,8877,True,0.5515487748497457,2163
ORCL,b_20_80|dif_gt_zero|fixed_5,2021-06-01,2021-06-02,2021-06-09,2021-06-09,74.2311668141168,78.79491784597947,0.061480254557911174,5,8878,8883,True,0.5515487748497457,2163
ORCL,b_20_80|dif_gt_zero|fixed_5,2021-08-03,2021-08-04,2021-08-11,2021-08-11,83.93730422378204,84.04013218758875,0.0012250567820544234,5,8922,8927,True,0.5515487748497457,2163
ORCL,b_20_80|dif_gt_zero|fixed_5,2021-08-30,2021-08-31,2021-09-08,2021-09-08,83.61944627027864,82.39484364038749,-0.014644950241991972,5,8941,8946,True,0.5515487748497457,2163
ORCL,b_20_80|dif_gt_zero|fixed_5,2021-09-08,2021-09-09,2021-09-16,2021-09-16,83.75969245030595,81.95549570470862,-0.021540154850350546,5,8947,8952,True,0.5515487748497457,2163
ORCL,b_20_80|dif_gt_zero|fixed_5,2021-10-05,2021-10-06,2021-10-13,2021-10-13,84.52623780852905,90.14850783322854,0.06651508656324201,5,8966,8971,True,0.5515487748497457,2163
ORCL,b_20_80|dif_gt_zero|fixed_5,2021-11-16,2021-11-17,2021-11-24,2021-11-24,89.82955586243143,86.51817605746442,-0.03686292081904752,5,8996,9001,True,0.5515487748497457,2163
ORCL,b_20_80|dif_gt_zero|fixed_5,2022-07-19,2022-07-20,2022-07-27,2022-07-27,68.88372727721303,70.62124090403728,0.025223861941033876,5,9163,9168,True,0.5515487748497457,2163
ORCL,b_20_80|dif_gt_zero|fixed_5,2022-08-12,2022-08-15,2022-08-22,2022-08-22,74.85584580060628,73.99185357408057,-0.011542080879389571,5,9181,9186,True,0.5515487748497457,2163
ORCL,b_20_80|dif_gt_zero|fixed_5,2022-11-11,2022-11-14,2022-11-21,2022-11-21,73.94275730536341,75.9373396183566,0.026974681303215453,5,9245,9250,True,0.5515487748497457,2163
ORCL,b_20_80|dif_gt_zero|fixed_5,2022-12-14,2022-12-15,2022-12-22,2022-12-22,77.10164317737475,77.24477535853377,0.00185640895914152,5,9267,9272,True,0.5515487748497457,2163
ORCL,b_20_80|dif_gt_zero|fixed_5,2022-12-27,2022-12-28,2023-01-05,2023-01-05,77.38793370888621,81.11943880376592,0.04821817712457199,5,9275,9280,True,0.5515487748497457,2163
ORCL,b_20_80|dif_gt_zero|fixed_5,2023-01-24,2023-01-25,2023-02-01,2023-02-01,84.96794114205014,84.65182481504417,-0.003720418816286042,5,9293,9298,True,0.5515487748497457,2163
ORCL,b_20_80|dif_gt_zero|fixed_5,2023-02-01,2023-02-02,2023-02-09,2023-02-09,86.84547372432135,83.47356198855789,-0.03882656851486721,5,9299,9304,True,0.5515487748497457,2163
ORCL,b_20_80|dif_gt_zero|fixed_5,2023-02-13,2023-02-14,2023-02-22,2023-02-22,85.25529724410056,83.03292573294581,-0.02606725427033252,5,9307,9312,True,0.5515487748497457,2163
ORCL,b_20_80|dif_gt_zero|fixed_5,2023-02-23,2023-02-24,2023-03-03,2023-03-03,83.63640695654502,83.64598648714198,0.00011453780650749756,5,9314,9319,True,0.5515487748497457,2163
ORCL,b_20_80|dif_gt_zero|fixed_5,2023-03-03,2023-03-06,2023-03-13,2023-03-13,85.64803991912805,79.81428515373892,-0.06811311468303971,5,9320,9325,True,0.5515487748497457,2163
ORCL,b_20_80|dif_gt_zero|fixed_5,2023-05-02,2023-05-03,2023-05-10,2023-05-10,91.45126459535132,93.10580460792615,0.01809204082519522,5,9361,9366,True,0.5515487748497457,2163
ORCL,b_20_80|dif_gt_zero|fixed_5,2023-05-30,2023-05-31,2023-06-07,2023-06-07,100.49347671048542,103.06183305395116,0.025557443403664726,5,9380,9385,True,0.5515487748497457,2163
ORCL,b_20_80|dif_gt_zero|fixed_5,2023-07-12,2023-07-13,2023-07-20,2023-07-20,113.02837972634809,113.41451220226477,0.0034162435739726327,5,9409,9414,True,0.5515487748497457,2163
ORCL,b_20_80|dif_gt_zero|fixed_5,2023-08-01,2023-08-02,2023-08-09,2023-08-09,112.86428526385487,111.33908519950337,-0.013513575714282577,5,9423,9428,True,0.5515487748497457,2163
ORCL,b_20_80|dif_gt_zero|fixed_5,2023-08-29,2023-08-30,2023-09-07,2023-09-07,116.53246807990878,119.53458198188174,0.025762038266574416,5,9443,9448,True,0.5515487748497457,2163
ORCL,b_20_80|dif_gt_zero|fixed_5,2023-12-11,2023-12-12,2023-12-19,2023-12-19,99.50030455008324,101.70929098643417,0.022200800754725636,5,9515,9520,True,0.5515487748497457,2163
ORCL,b_20_80|dif_gt_zero|fixed_5,2024-02-23,2024-02-26,2024-03-04,2024-03-04,108.93103555433942,110.4677576284786,0.014107293356011352,5,9565,9570,True,0.5515487748497457,2163
ORCL,b_20_80|dif_gt_zero|fixed_5,2024-03-07,2024-03-08,2024-03-15,2024-03-15,110.94430460846243,120.64111601693354,0.08740251644906394,5,9574,9579,True,0.5515487748497457,2163
ORCL,b_20_80|dif_gt_zero|fixed_5,2024-04-09,2024-04-10,2024-04-17,2024-04-17,118.40570127206293,118.04469136266135,-0.0030489233670604188,5,9596,9601,True,0.5515487748497457,2163
ORCL,b_20_80|dif_gt_zero|fixed_5,2024-06-05,2024-06-06,2024-06-13,2024-06-13,119.8985727249163,137.02274727482734,0.14282217178013523,5,9636,9641,True,0.5515487748497457,2163
ORCL,b_20_80|dif_gt_zero|fixed_5,2024-07-02,2024-07-03,2024-07-11,2024-07-11,140.26221868259944,139.298138543908,-0.00687341286731713,5,9654,9659,True,0.5515487748497457,2163
ORCL,b_20_80|dif_gt_zero|fixed_5,2024-07-12,2024-07-15,2024-07-22,2024-07-22,142.59565182574278,136.73449846197101,-0.041103310575937524,5,9661,9666,True,0.5515487748497457,2163
ORCL,b_20_80|dif_gt_zero|fixed_5,2024-07-23,2024-07-24,2024-07-31,2024-07-31,138.65234491777727,136.6855575795932,-0.014185027590773225,5,9668,9673,True,0.5515487748497457,2163
ORCL,b_20_80|dif_gt_zero|fixed_5,2024-07-31,2024-08-01,2024-08-08,2024-08-08,136.29417467290781,125.24699654724954,-0.0810539273022518,5,9674,9679,True,0.5515487748497457,2163
ORCL,b_20_80|dif_gt_zero|fixed_5,2024-08-30,2024-09-03,2024-09-10,2024-09-10,137.42921356420703,150.91282425216664,0.0981131328504623,5,9696,9701,True,0.5515487748497457,2163
ORCL,b_20_80|dif_gt_zero|fixed_5,2024-09-10,2024-09-11,2024-09-18,2024-09-18,153.40797136302902,164.01483946718633,0.06914157074052496,5,9702,9707,True,0.5515487748497457,2163
ORCL,b_20_80|dif_gt_zero|fixed_5,2024-09-30,2024-10-01,2024-10-08,2024-10-08,166.55892647951003,166.9307699565636,0.0022325040447430666,5,9716,9721,True,0.5515487748497457,2163
ORCL,b_20_80|dif_gt_zero|fixed_5,2024-11-05,2024-11-06,2024-11-13,2024-11-13,175.07317761135513,185.35084801625288,0.05870499721958056,5,9742,9747,True,0.5515487748497457,2163
ORCL,b_20_80|dif_gt_zero|fixed_5,2024-11-20,2024-11-21,2024-11-29,2024-11-29,188.23406999126928,180.45718752315614,-0.04131495679009567,5,9753,9758,True,0.5515487748497457,2163
ORCL,b_20_80|dif_gt_zero|fixed_5,2024-12-05,2024-12-06,2024-12-13,2024-12-13,183.38945764076152,171.6211361202089,-0.06417119976223173,5,9763,9768,True,0.5515487748497457,2163
ORCL,b_20_80|dif_gt_zero|fixed_5,2025-02-18,2025-02-19,2025-02-26,2025-02-26,175.56248025543985,168.09092691762805,-0.04255780236723039,5,9811,9816,True,0.5515487748497457,2163
ORCL,b_20_80|dif_gt_zero|fixed_5,2025-05-28,2025-05-29,2025-06-05,2025-06-05,162.79467073892445,166.74118814736065,0.024242300995007682,5,9880,9885,True,0.5515487748497457,2163
ORCL,b_20_80|dif_gt_zero|fixed_5,2025-07-02,2025-07-03,2025-07-11,2025-07-11,230.10286443003844,228.76263097583427,-0.005824497046240218,5,9904,9909,True,0.5515487748497457,2163
ORCL,b_20_80|dif_gt_zero|fixed_5,2025-07-16,2025-07-17,2025-07-24,2025-07-24,240.59775522097607,239.67822549467826,-0.003821854968901417,5,9913,9918,True,0.5515487748497457,2163
ORCL,b_20_80|dif_gt_zero|fixed_5,2025-07-28,2025-07-29,2025-08-05,2025-08-05,245.89732870882304,252.53172327927768,0.026980344216389174,5,9921,9926,True,0.5515487748497457,2163
ORCL,b_20_80|dif_gt_zero|fixed_5,2025-08-06,2025-08-07,2025-08-14,2025-08-14,254.80580702838208,242.18959644503747,-0.049513041835578475,5,9928,9933,True,0.5515487748497457,2163
ORCL,b_20_80|dif_gt_zero|fixed_5,2025-09-22,2025-09-23,2025-09-30,2025-09-30,320.3488022314406,280.4930200060993,-0.12441370764529003,5,9960,9965,True,0.5515487748497457,2163
ORCL,b_20_80|dif_gt_zero|fixed_5,2025-10-06,2025-10-07,2025-10-14,2025-10-14,289.91564821956524,300.6698722450941,0.0370943206811114,5,9970,9975,True,0.5515487748497457,2163
ORCL,b_20_80|dif_gt_zero|fixed_5,2026-05-04,2026-05-05,2026-05-12,2026-05-12,181.49857498114957,192.25116444316905,0.059243382286258806,5,10114,10119,True,0.5515487748497457,2163
ORCL,b_20_80|dif_gt_zero|fixed_5,2026-05-14,2026-05-15,2026-05-22,2026-05-22,189.82958881387833,191.0054955424612,0.006194538669816119,5,10122,10127,True,0.5515487748497457,2163
ORCL,b_20_80|dif_gt_zero|fixed_5,2026-05-26,2026-05-27,2026-06-03,2026-06-03,190.81615991336366,239.64626819172787,0.255901325655723,5,10129,10134,True,0.5515487748497457,2163
PLTR,b_20_80|dif_gt_zero|fixed_5,2021-08-18,2021-08-19,2021-08-26,2021-08-26,25.010000228881836,24.399999618530273,-0.02439026808352951,5,223,228,True,0.5440251572327044,1272
PLTR,b_20_80|dif_gt_zero|fixed_5,2021-08-27,2021-08-30,2021-09-07,2021-09-07,25.739999771118164,26.790000915527344,0.04079258561561239,5,230,235,True,0.5440251572327044,1272
PLTR,b_20_80|dif_gt_zero|fixed_5,2021-09-15,2021-09-16,2021-09-23,2021-09-23,27.200000762939453,27.709999084472656,0.0187499377657403,5,242,247,True,0.5440251572327044,1272
PLTR,b_20_80|dif_gt_zero|fixed_5,2021-09-23,2021-09-24,2021-10-01,2021-10-01,28.270000457763672,24.209999084472656,-0.14361518597627165,5,248,253,True,0.5440251572327044,1272
PLTR,b_20_80|dif_gt_zero|fixed_5,2021-10-29,2021-11-01,2021-11-08,2021-11-08,26.110000610351562,26.25,0.005361906793404314,5,274,279,True,0.5440251572327044,1272
PLTR,b_20_80|dif_gt_zero|fixed_5,2021-11-08,2021-11-09,2021-11-16,2021-11-16,25.899999618530273,23.290000915527344,-0.10077215217932256,5,280,285,True,0.5440251572327044,1272
PLTR,b_20_80|dif_gt_zero|fixed_5,2022-07-05,2022-07-06,2022-07-13,2022-07-13,10.010000228881836,9.220000267028809,-0.07892107330563713,5,443,448,True,0.5440251572327044,1272
PLTR,b_20_80|dif_gt_zero|fixed_5,2022-07-20,2022-07-21,2022-07-28,2022-07-28,10.369999885559082,10.029999732971191,-0.032786900322088086,5,454,459,True,0.5440251572327044,1272
PLTR,b_20_80|dif_gt_zero|fixed_5,2023-01-23,2023-01-24,2023-01-31,2023-01-31,7.0,7.409999847412109,0.05857140677315842,5,582,587,True,0.5440251572327044,1272
PLTR,b_20_80|dif_gt_zero|fixed_5,2023-02-14,2023-02-15,2023-02-23,2023-02-23,9.15999984741211,8.420000076293945,-0.08078600255951196,5,598,603,True,0.5440251572327044,1272
PLTR,b_20_80|dif_gt_zero|fixed_5,2023-03-03,2023-03-06,2023-03-13,2023-03-13,8.34000015258789,7.289999961853027,-0.125899301141985,5,610,615,True,0.5440251572327044,1272
PLTR,b_20_80|dif_gt_zero|fixed_5,2023-03-31,2023-04-03,2023-04-11,2023-04-11,8.369999885559082,8.350000381469727,-0.002389427044540482,5,630,635,True,0.5440251572327044,1272
PLTR,b_20_80|dif_gt_zero|fixed_5,2023-06-15,2023-06-16,2023-06-26,2023-06-26,16.8700008392334,13.869999885559082,-0.17783051597113264,5,682,687,True,0.5440251572327044,1272
PLTR,b_20_80|dif_gt_zero|fixed_5,2023-06-28,2023-06-29,2023-07-07,2023-07-07,15.399999618530273,15.229999542236328,-0.011038966266556982,5,690,695,True,0.5440251572327044,1272
PLTR,b_20_80|dif_gt_zero|fixed_5,2023-07-31,2023-08-01,2023-08-08,2023-08-08,19.459999084472656,17.489999771118164,-0.10123326855273984,5,712,717,True,0.5440251572327044,1272
PLTR,b_20_80|dif_gt_zero|fixed_5,2023-12-01,2023-12-04,2023-12-11,2023-12-11,19.75,17.969999313354492,-0.0901266170453422,5,799,804,True,0.5440251572327044,1272
PLTR,b_20_80|dif_gt_zero|fixed_5,2024-02-28,2024-02-29,2024-03-07,2024-03-07,24.809999465942383,27.010000228881836,0.08867395446579818,5,858,863,True,0.5440251572327044,1272
PLTR,b_20_80|dif_gt_zero|fixed_5,2024-03-21,2024-03-22,2024-04-01,2024-04-01,24.200000762939453,22.979999542236328,-0.0504132719934236,5,874,879,True,0.5440251572327044,1272
PLTR,b_20_80|dif_gt_zero|fixed_5,2024-07-01,2024-07-02,2024-07-10,2024-07-10,25.84000015258789,27.5,0.0642414797836548,5,943,948,True,0.5440251572327044,1272
PLTR,b_20_80|dif_gt_zero|fixed_5,2024-09-09,2024-09-10,2024-09-17,2024-09-17,34.810001373291016,37.0,0.0629129141140834,5,991,996,True,0.5440251572327044,1272
PLTR,b_20_80|dif_gt_zero|fixed_5,2024-10-03,2024-10-04,2024-10-11,2024-10-11,39.650001525878906,43.400001525878906,0.0945775499542525,5,1009,1014,True,0.5440251572327044,1272
PLTR,b_20_80|dif_gt_zero|fixed_5,2024-10-24,2024-10-25,2024-11-01,2024-11-01,43.849998474121094,41.93000030517578,-0.043785592605628865,5,1024,1029,True,0.5440251572327044,1272
PLTR,b_20_80|dif_gt_zero|fixed_5,2024-11-05,2024-11-06,2024-11-13,2024-11-13,53.439998626708984,61.52000045776367,0.15119764293961557,5,1032,1037,True,0.5440251572327044,1272
PLTR,b_20_80|dif_gt_zero|fixed_5,2024-11-27,2024-11-29,2024-12-06,2024-12-06,65.88999938964844,72.94999694824219,0.10714824137185985,5,1048,1053,True,0.5440251572327044,1272
PLTR,b_20_80|dif_gt_zero|fixed_5,2024-12-20,2024-12-23,2024-12-31,2024-12-31,80.6500015258789,77.58000183105469,-0.038065711552889625,5,1064,1069,True,0.5440251572327044,1272
PLTR,b_20_80|dif_gt_zero|fixed_5,2025-05-13,2025-05-14,2025-05-21,2025-05-21,129.00999450683594,125.16000366210938,-0.029842578161822675,5,1160,1165,True,0.5440251572327044,1272
PLTR,b_20_80|dif_gt_zero|fixed_5,2025-05-30,2025-06-02,2025-06-09,2025-06-09,131.43499755859375,127.07499694824219,-0.03317229574571923,5,1172,1177,True,0.5440251572327044,1272
PLTR,b_20_80|dif_gt_zero|fixed_5,2025-06-09,2025-06-10,2025-06-17,2025-06-17,131.02000427246094,141.48500061035156,0.07987327123061516,5,1178,1183,True,0.5440251572327044,1272
PLTR,b_20_80|dif_gt_zero|fixed_5,2025-06-24,2025-06-25,2025-07-02,2025-07-02,144.49000549316406,131.47000122070312,-0.09011006836093538,5,1188,1193,True,0.5440251572327044,1272
PLTR,b_20_80|dif_gt_zero|fixed_5,2025-07-08,2025-07-09,2025-07-16,2025-07-16,139.65499877929688,149.3000030517578,0.06906307942262324,5,1197,1202,True,0.5440251572327044,1272
PLTR,b_20_80|dif_gt_zero|fixed_5,2025-08-28,2025-08-29,2025-09-08,2025-09-08,156.97999572753906,154.91000366210938,-0.013186342984888633,5,1234,1239,True,0.5440251572327044,1272
PLTR,b_20_80|dif_gt_zero|fixed_5,2025-10-09,2025-10-10,2025-10-17,2025-10-17,185.1699981689453,177.75,-0.0400712763531782,5,1263,1268,True,0.5440251572327044,1272
PLTR,b_20_80|dif_gt_zero|fixed_5,2025-10-20,2025-10-21,2025-10-28,2025-10-28,182.05999755859375,189.47999572753906,0.04075578528203194,5,1270,1275,True,0.5440251572327044,1272
PLTR,b_20_80|dif_gt_zero|fixed_5,2025-12-19,2025-12-22,2025-12-30,2025-12-30,195.0399932861328,184.35000610351562,-0.054809206063366034,5,1313,1318,True,0.5440251572327044,1272
PLTR,b_20_80|dif_gt_zero|fixed_5,2026-03-23,2026-03-24,2026-03-31,2026-03-31,160.07000732421875,140.02000427246094,-0.1252577130901663,5,1375,1380,True,0.5440251572327044,1272
PLTR,b_20_80|dif_gt_zero|fixed_5,2026-07-20,2026-07-21,2026-07-28,2026-07-28,133.8300018310547,125.83999633789062,-0.059702648014983595,5,1456,1461,True,0.5440251572327044,1272
TSLA,b_20_80|dif_gt_zero|fixed_5,2018-01-31,2018-02-01,2018-02-08,2018-02-08,23.399999618530273,22.887332916259766,-0.021908833787524173,5,1912,1917,True,0.521497919556172,2163
TSLA,b_20_80|dif_gt_zero|fixed_5,2018-07-10,2018-07-11,2018-07-18,2018-07-18,21.053333282470703,21.666667938232422,0.029132425138227003,5,2022,2027,True,0.521497919556172,2163
TSLA,b_20_80|dif_gt_zero|fixed_5,2018-08-22,2018-08-23,2018-08-30,2018-08-30,21.275999069213867,20.150667190551758,-0.052892081589270834,5,2053,2058,True,0.521497919556172,2163
TSLA,b_20_80|dif_gt_zero|fixed_5,2018-11-16,2018-11-19,2018-11-27,2018-11-27,23.756000518798828,22.670000076293945,-0.04571478442448673,5,2114,2119,True,0.521497919556172,2163
TSLA,b_20_80|dif_gt_zero|fixed_5,2018-11-28,2018-11-29,2018-12-07,2018-12-07,23.133333206176758,24.600000381469727,0.06340059870409687,5,2121,2126,True,0.521497919556172,2163
TSLA,b_20_80|dif_gt_zero|fixed_5,2019-07-01,2019-07-02,2019-07-10,2019-07-10,15.259332656860352,15.609999656677246,0.022980493819907633,5,2267,2272,True,0.521497919556172,2163
TSLA,b_20_80|dif_gt_zero|fixed_5,2019-07-10,2019-07-11,2019-07-18,2019-07-18,15.87600040435791,17.003332138061523,0.07100854780742916,5,2273,2278,True,0.521497919556172,2163
TSLA,b_20_80|dif_gt_zero|fixed_5,2019-09-26,2019-09-27,2019-10-04,2019-10-04,16.14666748046875,15.440667152404785,-0.0437242129942883,5,2328,2333,True,0.521497919556172,2163
TSLA,b_20_80|dif_gt_zero|fixed_5,2019-10-09,2019-10-10,2019-10-17,2019-10-17,16.351999282836914,17.5,0.07020552638893696,5,2337,2342,True,0.521497919556172,2163
TSLA,b_20_80|dif_gt_zero|fixed_5,2019-10-25,2019-10-28,2019-11-04,2019-11-04,21.836000442504883,20.98666763305664,-0.03889598792070792,5,2349,2354,True,0.521497919556172,2163
TSLA,b_20_80|dif_gt_zero|fixed_5,2019-11-07,2019-11-08,2019-11-15,2019-11-15,22.299999237060547,23.375999450683594,0.04825113230653533,5,2358,2363,True,0.521497919556172,2163
TSLA,b_20_80|dif_gt_zero|fixed_5,2019-12-06,2019-12-09,2019-12-16,2019-12-16,22.439332962036133,24.170000076293945,0.07712649556855511,5,2378,2383,True,0.521497919556172,2163
TSLA,b_20_80|dif_gt_zero|fixed_5,2020-01-29,2020-01-30,2020-02-06,2020-02-06,42.16133117675781,46.66133117675781,0.1067328728576935,5,2413,2418,True,0.521497919556172,2163
TSLA,b_20_80|dif_gt_zero|fixed_5,2020-02-18,2020-02-19,2020-02-26,2020-02-26,61.56666564941406,52.16666793823242,-0.15267998700317953,5,2426,2431,True,0.521497919556172,2163
TSLA,b_20_80|dif_gt_zero|fixed_5,2020-03-04,2020-03-05,2020-03-12,2020-03-12,48.2513313293457,38.72600173950195,-0.19741071028335733,5,2437,2442,True,0.521497919556172,2163
TSLA,b_20_80|dif_gt_zero|fixed_5,2020-04-27,2020-04-28,2020-05-05,2020-05-05,53.042667388916016,52.65266799926758,-0.007352559907836231,5,2474,2479,True,0.521497919556172,2163
TSLA,b_20_80|dif_gt_zero|fixed_5,2020-05-08,2020-05-11,2020-05-18,2020-05-18,52.70066833496094,55.185333251953125,0.047146743969163074,5,2483,2488,True,0.521497919556172,2163
TSLA,b_20_80|dif_gt_zero|fixed_5,2020-05-20,2020-05-21,2020-05-29,2020-05-29,54.400001525878906,53.91666793823242,-0.0088848083472306,5,2491,2496,True,0.521497919556172,2163
TSLA,b_20_80|dif_gt_zero|fixed_5,2020-05-29,2020-06-01,2020-06-08,2020-06-08,57.20000076293945,61.266666412353516,0.0710955523631549,5,2497,2502,True,0.521497919556172,2163
TSLA,b_20_80|dif_gt_zero|fixed_5,2020-06-18,2020-06-19,2020-06-26,2020-06-26,67.51866912841797,66.31866455078125,-0.017772929963331352,5,2511,2516,True,0.521497919556172,2163
TSLA,b_20_80|dif_gt_zero|fixed_5,2020-06-30,2020-07-01,2020-07-09,2020-07-09,72.19999694824219,93.1326675415039,0.28992619775687345,5,2519,2524,True,0.521497919556172,2163
TSLA,b_20_80|dif_gt_zero|fixed_5,2020-08-05,2020-08-06,2020-08-13,2020-08-13,99.38866424560547,107.4000015258789,0.08060614699958268,5,2544,2549,True,0.521497919556172,2163
TSLA,b_20_80|dif_gt_zero|fixed_5,2020-09-15,2020-09-16,2020-09-23,2020-09-23,146.6233367919922,135.05332946777344,-0.07890972595060086,5,2572,2577,True,0.521497919556172,2163
TSLA,b_20_80|dif_gt_zero|fixed_5,2020-09-29,2020-09-30,2020-10-07,2020-10-07,140.44000244140625,139.9566650390625,-0.003441593519947439,5,2582,2587,True,0.521497919556172,2163
TSLA,b_20_80|dif_gt_zero|fixed_5,2020-10-12,2020-10-13,2020-10-20,2020-10-20,147.78334045410156,143.9166717529297,-0.026164442414757683,5,2591,2596,True,0.521497919556172,2163
TSLA,b_20_80|dif_gt_zero|fixed_5,2020-12-30,2020-12-31,2021-01-08,2021-01-08,233.3300018310547,285.3333435058594,0.22287464649513145,5,2646,2651,True,0.521497919556172,2163
TSLA,b_20_80|dif_gt_zero|fixed_5,2021-01-26,2021-01-27,2021-02-03,2021-02-03,290.1166687011719,292.3399963378906,0.007663563926445294,5,2663,2668,True,0.521497919556172,2163
TSLA,b_20_80|dif_gt_zero|fixed_5,2021-07-12,2021-07-13,2021-07-20,2021-07-20,228.77333068847656,217.3300018310547,-0.050020379661318115,5,2778,2783,True,0.521497919556172,2163
TSLA,b_20_80|dif_gt_zero|fixed_5,2021-07-26,2021-07-27,2021-08-03,2021-08-03,221.13333129882812,239.6666717529297,0.08381070526657308,5,2788,2793,True,0.521497919556172,2163
TSLA,b_20_80|dif_gt_zero|fixed_5,2021-08-12,2021-08-13,2021-08-20,2021-08-20,241.23666381835938,227.61666870117188,-0.056459059338686446,5,2801,2806,True,0.521497919556172,2163
TSLA,b_20_80|dif_gt_zero|fixed_5,2021-08-23,2021-08-24,2021-08-31,2021-08-31,236.89332580566406,244.3333282470703,0.031406551518929904,5,2808,2813,True,0.521497919556172,2163
TSLA,b_20_80|dif_gt_zero|fixed_5,2021-09-16,2021-09-17,2021-09-24,2021-09-24,252.38333129882812,248.6300048828125,-0.014871530527392873,5,2825,2830,True,0.521497919556172,2163
TSLA,b_20_80|dif_gt_zero|fixed_5,2021-10-12,2021-10-13,2021-10-20,2021-10-20,270.15667724609375,288.45001220703125,0.06771379907176445,5,2843,2848,True,0.521497919556172,2163
TSLA,b_20_80|dif_gt_zero|fixed_5,2021-11-18,2021-11-19,2021-11-29,2021-11-29,366.2900085449219,366.9966735839844,0.0019292501094139158,5,2870,2875,True,0.521497919556172,2163
TSLA,b_20_80|dif_gt_zero|fixed_5,2021-12-08,2021-12-09,2021-12-16,2021-12-16,353.5466613769531,331.5,-0.06235856192528677,5,2883,2888,True,0.521497919556172,2163
TSLA,b_20_80|dif_gt_zero|fixed_5,2022-04-19,2022-04-20,2022-04-27,2022-04-27,343.3333435058594,299.52667236328125,-0.12759224226594967,5,2973,2978,True,0.521497919556172,2163
TSLA,b_20_80|dif_gt_zero|fixed_5,2022-07-19,2022-07-20,2022-07-27,2022-07-27,246.78334045410156,263.80999755859375,0.06899435380508967,5,3035,3040,True,0.521497919556172,2163
TSLA,b_20_80|dif_gt_zero|fixed_5,2022-07-27,2022-07-28,2022-08-04,2022-08-04,280.0666809082031,311.0,0.11044983641569206,5,3041,3046,True,0.521497919556172,2163
TSLA,b_20_80|dif_gt_zero|fixed_5,2022-08-15,2022-08-16,2022-08-23,2022-08-23,311.6666564941406,291.4533386230469,-0.06485556747862686,5,3054,3059,True,0.521497919556172,2163
TSLA,b_20_80|dif_gt_zero|fixed_5,2023-03-29,2023-03-30,2023-04-06,2023-04-06,195.5800018310547,183.0800018310547,-0.06391246488890878,5,3210,3215,True,0.521497919556172,2163
TSLA,b_20_80|dif_gt_zero|fixed_5,2023-05-26,2023-05-30,2023-06-06,2023-06-06,200.10000610351562,216.13999938964844,0.08015988404235741,5,3251,3256,True,0.521497919556172,2163
TSLA,b_20_80|dif_gt_zero|fixed_5,2023-07-03,2023-07-05,2023-07-12,2023-07-12,278.82000732421875,276.3299865722656,-0.008930566984232446,5,3275,3280,True,0.521497919556172,2163
TSLA,b_20_80|dif_gt_zero|fixed_5,2023-07-13,2023-07-14,2023-07-21,2023-07-21,277.010009765625,268.0,-0.03252593569903217,5,3282,3287,True,0.521497919556172,2163
TSLA,b_20_80|dif_gt_zero|fixed_5,2023-08-03,2023-08-04,2023-08-11,2023-08-11,260.9700012207031,241.77000427246094,-0.0735716628671228,5,3297,3302,True,0.521497919556172,2163
TSLA,b_20_80|dif_gt_zero|fixed_5,2023-09-11,2023-09-12,2023-09-19,2023-09-19,270.760009765625,264.3500061035156,-0.023674115197654166,5,3323,3328,True,0.521497919556172,2163
TSLA,b_20_80|dif_gt_zero|fixed_5,2023-11-21,2023-11-22,2023-11-30,2023-11-30,242.0399932861328,245.13999938964844,0.012807825935819084,5,3374,3379,True,0.521497919556172,2163
TSLA,b_20_80|dif_gt_zero|fixed_5,2023-12-08,2023-12-11,2023-12-18,2023-12-18,242.74000549316406,253.77999877929688,0.04548073262049801,5,3386,3391,True,0.521497919556172,2163
TSLA,b_20_80|dif_gt_zero|fixed_5,2024-05-17,2024-05-20,2024-05-28,2024-05-28,177.55999755859375,176.39999389648438,-0.006533023643045421,5,3496,3501,True,0.521497919556172,2163
TSLA,b_20_80|dif_gt_zero|fixed_5,2024-06-06,2024-06-07,2024-06-14,2024-06-14,176.1300048828125,185.8000030517578,0.05490261682204123,5,3509,3514,True,0.521497919556172,2163
TSLA,b_20_80|dif_gt_zero|fixed_5,2024-07-31,2024-08-01,2024-08-08,2024-08-08,227.69000244140625,195.6999969482422,-0.14049806820743638,5,3546,3551,True,0.521497919556172,2163
TSLA,b_20_80|dif_gt_zero|fixed_5,2024-09-10,2024-09-11,2024-09-18,2024-09-18,224.5500030517578,230.08999633789062,0.02467153511842013,5,3574,3579,True,0.521497919556172,2163
TSLA,b_20_80|dif_gt_zero|fixed_5,2024-11-06,2024-11-07,2024-11-14,2024-11-14,288.8900146484375,327.69000244140625,0.13430712667651767,5,3615,3620,True,0.521497919556172,2163
TSLA,b_20_80|dif_gt_zero|fixed_5,2024-11-19,2024-11-20,2024-11-27,2024-11-27,345.0,341.79998779296875,-0.009275397701539845,5,3624,3629,True,0.521497919556172,2163
TSLA,b_20_80|dif_gt_zero|fixed_5,2024-12-02,2024-12-03,2024-12-10,2024-12-10,351.79998779296875,392.67999267578125,0.11620240563189,5,3632,3637,True,0.521497919556172,2163
TSLA,b_20_80|dif_gt_zero|fixed_5,2025-01-06,2025-01-07,2025-01-15,2025-01-15,405.8299865722656,409.8999938964844,0.010028848184913564,5,3655,3660,True,0.521497919556172,2163
TSLA,b_20_80|dif_gt_zero|fixed_5,2025-05-12,2025-05-13,2025-05-20,2025-05-20,320.0,347.8699951171875,0.08709373474121085,5,3741,3746,True,0.521497919556172,2163
TSLA,b_20_80|dif_gt_zero|fixed_5,2025-05-27,2025-05-28,2025-06-04,2025-06-04,364.8399963378906,345.1000061035156,-0.05410588321597598,5,3751,3756,True,0.521497919556172,2163
TSLA,b_20_80|dif_gt_zero|fixed_5,2025-06-10,2025-06-11,2025-06-18,2025-06-18,334.3999938964844,317.30999755859375,-0.05110644931166164,5,3761,3766,True,0.521497919556172,2163
TSLA,b_20_80|dif_gt_zero|fixed_5,2025-08-25,2025-08-26,2025-09-03,2025-09-03,344.92999267578125,335.20001220703125,-0.02820856601442523,5,3813,3818,True,0.521497919556172,2163
TSLA,b_20_80|dif_gt_zero|fixed_5,2025-09-05,2025-09-08,2025-09-15,2025-09-15,354.6400146484375,423.1300048828125,0.19312538745034358,5,3821,3826,True,0.521497919556172,2163
TSLA,b_20_80|dif_gt_zero|fixed_5,2025-10-15,2025-10-16,2025-10-23,2025-10-23,434.7300109863281,420.0,-0.033883124270413845,5,3849,3854,True,0.521497919556172,2163
TSLA,b_20_80|dif_gt_zero|fixed_5,2025-11-03,2025-11-04,2025-11-11,2025-11-11,454.4599914550781,439.3999938964844,-0.03313822523821086,5,3862,3867,True,0.521497919556172,2163
TSLA,b_20_80|dif_gt_zero|fixed_5,2025-12-12,2025-12-15,2025-12-22,2025-12-22,469.44000244140625,489.8800048828125,0.04354124560136419,5,3890,3895,True,0.521497919556172,2163
TSLA,b_20_80|dif_gt_zero|fixed_5,2025-12-22,2025-12-23,2025-12-31,2025-12-31,489.3999938964844,456.1000061035156,-0.06804247692739496,5,3896,3901,True,0.521497919556172,2163
TSLA,b_20_80|dif_gt_zero|fixed_5,2026-05-01,2026-05-04,2026-05-11,2026-05-11,390.2300109863281,422.1600036621094,0.08182351889101613,5,3985,3990,True,0.521497919556172,2163
TSLA,b_20_80|dif_gt_zero|fixed_5,2026-05-26,2026-05-27,2026-06-03,2026-06-03,442.8900146484375,418.70001220703125,-0.054618532008693155,5,4001,4006,True,0.521497919556172,2163
TSM,b_20_80|dif_gt_zero|fixed_5,2018-01-17,2018-01-18,2018-01-25,2018-01-25,36.00580465071134,37.52452711575697,0.04217993403504239,5,5101,5106,True,0.5515487748497457,2163
TSM,b_20_80|dif_gt_zero|fixed_5,2018-03-07,2018-03-08,2018-03-15,2018-03-15,36.3670057951777,37.023751126290456,0.018058823286459358,5,5135,5140,True,0.5515487748497457,2163
TSM,b_20_80|dif_gt_zero|fixed_5,2018-08-09,2018-08-10,2018-08-17,2018-08-17,35.144242876668855,34.19969080386982,-0.026876438229548327,5,5243,5248,True,0.5515487748497457,2163
TSM,b_20_80|dif_gt_zero|fixed_5,2018-08-21,2018-08-22,2018-08-29,2018-08-29,34.7613057995948,36.75253028622563,0.05728278730697278,5,5251,5256,True,0.5515487748497457,2163
TSM,b_20_80|dif_gt_zero|fixed_5,2018-09-21,2018-09-24,2018-10-01,2018-10-01,37.30566056620733,37.909824387200324,0.016194963762155234,5,5273,5278,True,0.5515487748497457,2163
TSM,b_20_80|dif_gt_zero|fixed_5,2018-10-01,2018-10-02,2018-10-09,2018-10-09,37.22908226182344,34.88894959656547,-0.0628576511448864,5,5279,5284,True,0.5515487748497457,2163
TSM,b_20_80|dif_gt_zero|fixed_5,2019-02-04,2019-02-05,2019-02-12,2019-02-12,32.268024493104726,32.88070297241211,0.018987170393350405,5,5364,5369,True,0.5515487748497457,2163
TSM,b_20_80|dif_gt_zero|fixed_5,2019-02-20,2019-02-21,2019-02-28,2019-02-28,33.24662195893584,33.28915760011426,0.001279397384520875,5,5375,5380,True,0.5515487748497457,2163
TSM,b_20_80|dif_gt_zero|fixed_5,2019-03-12,2019-03-13,2019-03-20,2019-03-20,33.374260677118976,33.84228791950361,0.014023598812048288,5,5389,5394,True,0.5515487748497457,2163
TSM,b_20_80|dif_gt_zero|fixed_5,2019-03-29,2019-04-01,2019-04-08,2019-04-08,34.957023383239346,35.944132964166535,0.02823780417758548,5,5402,5407,True,0.5515487748497457,2163
TSM,b_20_80|dif_gt_zero|fixed_5,2019-07-11,2019-07-12,2019-07-19,2019-07-19,36.1200000884578,37.85087444073932,0.04792010930350532,5,5473,5478,True,0.5515487748497457,2163
TSM,b_20_80|dif_gt_zero|fixed_5,2019-08-08,2019-08-09,2019-08-16,2019-08-16,36.541742290930095,36.1814996296258,-0.009858387660779733,5,5493,5498,True,0.5515487748497457,2163
TSM,b_20_80|dif_gt_zero|fixed_5,2019-08-29,2019-08-30,2019-09-09,2019-09-09,37.52578928220246,38.58012690101148,0.02809634757793278,5,5508,5513,True,0.5515487748497457,2163
TSM,b_20_80|dif_gt_zero|fixed_5,2019-09-26,2019-09-27,2019-10-04,2019-10-04,40.707481777506494,41.61895287855153,0.022390751312666213,5,5527,5532,True,0.5515487748497457,2163
TSM,b_20_80|dif_gt_zero|fixed_5,2019-10-24,2019-10-25,2019-11-01,2019-11-01,44.955204692902136,45.919791344334456,0.02145661793827003,5,5547,5552,True,0.5515487748497457,2163
TSM,b_20_80|dif_gt_zero|fixed_5,2019-11-19,2019-11-20,2019-11-27,2019-11-27,47.38880529179713,47.81357375760793,0.008963476989877206,5,5565,5570,True,0.5515487748497457,2163
TSM,b_20_80|dif_gt_zero|fixed_5,2019-12-05,2019-12-06,2019-12-13,2019-12-13,48.22949903941699,52.25600530209455,0.08348637955759752,5,5576,5581,True,0.5515487748497457,2163
TSM,b_20_80|dif_gt_zero|fixed_5,2020-01-02,2020-01-03,2020-01-10,2020-01-10,52.54977143133671,53.20029101423952,0.012379113461088886,5,5594,5599,True,0.5515487748497457,2163
TSM,b_20_80|dif_gt_zero|fixed_5,2020-01-29,2020-01-30,2020-02-06,2020-02-06,49.08328246007971,51.92597926600831,0.057915784427021944,5,5612,5617,True,0.5515487748497457,2163
TSM,b_20_80|dif_gt_zero|fixed_5,2020-04-22,2020-04-23,2020-04-30,2020-04-30,47.50690404032031,48.757321282653976,0.02632074784903704,5,5670,5675,True,0.5515487748497457,2163
TSM,b_20_80|dif_gt_zero|fixed_5,2020-05-14,2020-05-15,2020-05-22,2020-05-22,45.4828477686586,45.7347295231733,0.005537950389471025,5,5686,5691,True,0.5515487748497457,2163
TSM,b_20_80|dif_gt_zero|fixed_5,2020-06-23,2020-06-24,2020-07-01,2020-07-01,51.39666032657514,51.63229673033258,0.004584663716673543,5,5713,5718,True,0.5515487748497457,2163
TSM,b_20_80|dif_gt_zero|fixed_5,2020-08-21,2020-08-24,2020-08-31,2020-08-31,72.25983508550033,71.598244748281,-0.009155713356341133,5,5755,5760,True,0.5515487748497457,2163
TSM,b_20_80|dif_gt_zero|fixed_5,2020-09-14,2020-09-15,2020-09-22,2020-09-22,73.91838501595227,73.63500584441923,-0.0038336764456080585,5,5770,5775,True,0.5515487748497457,2163
TSM,b_20_80|dif_gt_zero|fixed_5,2020-09-29,2020-09-30,2020-10-07,2020-10-07,73.41637650815086,77.23339748134607,0.05199141056452761,5,5781,5786,True,0.5515487748497457,2163
TSM,b_20_80|dif_gt_zero|fixed_5,2020-11-02,2020-11-03,2020-11-10,2020-11-10,78.51789732126393,80.53115274797489,0.02564072008288143,5,5805,5810,True,0.5515487748497457,2163
TSM,b_20_80|dif_gt_zero|fixed_5,2020-12-04,2020-12-07,2020-12-14,2020-12-14,96.58274008607431,94.53301154293307,-0.02122251389134877,5,5828,5833,True,0.5515487748497457,2163
TSM,b_20_80|dif_gt_zero|fixed_5,2020-12-24,2020-12-28,2021-01-05,2021-01-05,98.43568467782308,102.8360271710758,0.044702716374198204,5,5842,5847,True,0.5515487748497457,2163
TSM,b_20_80|dif_gt_zero|fixed_5,2021-01-19,2021-01-20,2021-01-27,2021-01-27,123.67586094740928,114.3079866395629,-0.07574537372195767,5,5857,5862,True,0.5515487748497457,2163
TSM,b_20_80|dif_gt_zero|fixed_5,2021-02-03,2021-02-04,2021-02-11,2021-02-11,116.64078650696713,123.86796971015366,0.061961029410195545,5,5868,5873,True,0.5515487748497457,2163
TSM,b_20_80|dif_gt_zero|fixed_5,2021-06-14,2021-06-15,2021-06-22,2021-06-22,110.51459123896208,104.6242176584212,-0.05329951017783996,5,5958,5963,True,0.5515487748497457,2163
TSM,b_20_80|dif_gt_zero|fixed_5,2021-06-24,2021-06-25,2021-07-02,2021-07-02,108.2653127890139,109.46366139258292,0.011068629210025493,5,5966,5971,True,0.5515487748497457,2163
TSM,b_20_80|dif_gt_zero|fixed_5,2021-07-09,2021-07-12,2021-07-19,2021-07-19,111.71285885314192,105.08510892308465,-0.05932844256335912,5,5976,5981,True,0.5515487748497457,2163
TSM,b_20_80|dif_gt_zero|fixed_5,2021-11-04,2021-11-05,2021-11-12,2021-11-12,109.37642049943453,109.58004101202077,0.0018616490799066021,5,6059,6064,True,0.5515487748497457,2163
TSM,b_20_80|dif_gt_zero|fixed_5,2021-11-18,2021-11-19,2021-11-29,2021-11-29,112.94917857209013,109.55227942058465,-0.030074580394910955,5,6069,6074,True,0.5515487748497457,2163
TSM,b_20_80|dif_gt_zero|fixed_5,2021-12-02,2021-12-03,2021-12-10,2021-12-10,111.99582963094906,111.07025364135005,-0.008264379063479321,5,6078,6083,True,0.5515487748497457,2163
TSM,b_20_80|dif_gt_zero|fixed_5,2021-12-15,2021-12-16,2021-12-23,2021-12-23,111.84569264332073,112.42193985641056,0.005152162765243773,5,6087,6092,True,0.5515487748497457,2163
TSM,b_20_80|dif_gt_zero|fixed_5,2022-01-12,2022-01-13,2022-01-21,2022-01-21,130.81504188904222,118.1099689786714,-0.09712241594622817,5,6106,6111,True,0.5515487748497457,2163
TSM,b_20_80|dif_gt_zero|fixed_5,2022-08-05,2022-08-08,2022-08-15,2022-08-15,83.53581735037028,84.50279611360432,0.011575618625700335,5,6247,6252,True,0.5515487748497457,2163
TSM,b_20_80|dif_gt_zero|fixed_5,2022-12-01,2022-12-02,2022-12-09,2022-12-09,77.2388816512607,76.33252143621594,-0.011734507228328916,5,6329,6334,True,0.5515487748497457,2163
TSM,b_20_80|dif_gt_zero|fixed_5,2023-02-02,2023-02-03,2023-02-10,2023-02-10,90.23824749810466,91.10226556127007,0.009574854201191751,5,6371,6376,True,0.5515487748497457,2163
TSM,b_20_80|dif_gt_zero|fixed_5,2023-06-09,2023-06-12,2023-06-20,2023-06-20,99.5841008554914,99.84784648102053,0.002648471224456328,5,6459,6464,True,0.5515487748497457,2163
TSM,b_20_80|dif_gt_zero|fixed_5,2023-07-03,2023-07-05,2023-07-12,2023-07-12,97.18345882851062,98.55399269700852,0.014102542603637191,5,6474,6479,True,0.5515487748497457,2163
TSM,b_20_80|dif_gt_zero|fixed_5,2023-12-06,2023-12-07,2023-12-14,2023-12-14,94.37377857739104,100.03570041040919,0.059994650191685484,5,6583,6588,True,0.5515487748497457,2163
TSM,b_20_80|dif_gt_zero|fixed_5,2023-12-26,2023-12-27,2024-01-04,2024-01-04,101.68118032291349,96.33819325248702,-0.05254646979370725,5,6596,6601,True,0.5515487748497457,2163
TSM,b_20_80|dif_gt_zero|fixed_5,2024-01-12,2024-01-16,2024-01-23,2024-01-23,97.30611266053819,109.87955492366713,0.1292153382695762,5,6608,6613,True,0.5515487748497457,2163
TSM,b_20_80|dif_gt_zero|fixed_5,2024-02-05,2024-02-06,2024-02-13,2024-02-13,116.26789486662032,123.82744408700017,0.06501837183043513,5,6623,6628,True,0.5515487748497457,2163
TSM,b_20_80|dif_gt_zero|fixed_5,2024-02-26,2024-02-27,2024-03-05,2024-03-05,126.576375918305,132.72270856839933,0.04855829222082719,5,6637,6642,True,0.5515487748497457,2163
TSM,b_20_80|dif_gt_zero|fixed_5,2024-03-22,2024-03-25,2024-04-02,2024-04-02,136.21614181982306,136.4299612825726,0.0015697072306772863,5,6656,6661,True,0.5515487748497457,2163
TSM,b_20_80|dif_gt_zero|fixed_5,2024-04-08,2024-04-09,2024-04-16,2024-04-16,142.1445176563152,134.0100125208675,-0.057227005793609065,5,6666,6671,True,0.5515487748497457,2163
TSM,b_20_80|dif_gt_zero|fixed_5,2024-06-05,2024-06-06,2024-06-13,2024-06-13,159.8907019158173,168.61374337022787,0.05455627719367495,5,6707,6712,True,0.5515487748497457,2163
TSM,b_20_80|dif_gt_zero|fixed_5,2024-07-03,2024-07-05,2024-07-12,2024-07-12,179.52320160094303,178.4800653389978,-0.005810593018856558,5,6726,6731,True,0.5515487748497457,2163
TSM,b_20_80|dif_gt_zero|fixed_5,2024-10-07,2024-10-08,2024-10-15,2024-10-15,180.9882195543381,188.81642774977118,0.04325258414447708,5,6792,6797,True,0.5515487748497457,2163
TSM,b_20_80|dif_gt_zero|fixed_5,2024-11-05,2024-11-06,2024-11-13,2024-11-13,187.9161626324431,188.30758308537781,0.0020829525648642377,5,6813,6818,True,0.5515487748497457,2163
TSM,b_20_80|dif_gt_zero|fixed_5,2024-12-16,2024-12-17,2024-12-24,2024-12-24,197.30834593239138,202.1379777016791,0.024477584799897922,5,6841,6846,True,0.5515487748497457,2163
TSM,b_20_80|dif_gt_zero|fixed_5,2025-01-03,2025-01-06,2025-01-14,2025-01-14,214.75197648598242,201.4213911751413,-0.0620743311841474,5,6853,6858,True,0.5515487748497457,2163
TSM,b_20_80|dif_gt_zero|fixed_5,2025-01-16,2025-01-17,2025-01-27,2025-01-27,211.2181025934703,193.4210768080765,-0.08425899848010465,5,6861,6866,True,0.5515487748497457,2163
TSM,b_20_80|dif_gt_zero|fixed_5,2025-02-06,2025-02-07,2025-02-14,2025-02-14,209.09777521487894,196.30705838500666,-0.06117098480233907,5,6875,6880,True,0.5515487748497457,2163
TSM,b_20_80|dif_gt_zero|fixed_5,2025-06-04,2025-06-05,2025-06-12,2025-06-12,201.9006706125036,210.59099293484513,0.043042562939379136,5,6956,6961,True,0.5515487748497457,2163
TSM,b_20_80|dif_gt_zero|fixed_5,2025-06-25,2025-06-26,2025-07-03,2025-07-03,222.51905273054368,231.3118086321642,0.03951462040541753,5,6970,6975,True,0.5515487748497457,2163
TSM,b_20_80|dif_gt_zero|fixed_5,2025-07-15,2025-07-16,2025-07-23,2025-07-23,233.81414129393565,235.91097282581484,0.008967941461005102,5,6983,6988,True,0.5515487748497457,2163
TSM,b_20_80|dif_gt_zero|fixed_5,2025-07-25,2025-07-28,2025-08-04,2025-08-04,240.34196143734712,235.3076381969098,-0.02094650143624499,5,6991,6996,True,0.5515487748497457,2163
TSM,b_20_80|dif_gt_zero|fixed_5,2025-08-08,2025-08-11,2025-08-18,2025-08-18,239.39245369359006,237.36489774866786,-0.008469590054485887,5,7001,7006,True,0.5515487748497457,2163
TSM,b_20_80|dif_gt_zero|fixed_5,2025-08-25,2025-08-26,2025-09-03,2025-09-03,233.78444895683245,228.98753058273127,-0.02051855200594166,5,7012,7017,True,0.5515487748497457,2163
TSM,b_20_80|dif_gt_zero|fixed_5,2025-10-01,2025-10-02,2025-10-09,2025-10-09,294.201735453789,299.9464865226407,0.01952657097685284,5,7038,7043,True,0.5515487748497457,2163
TSM,b_20_80|dif_gt_zero|fixed_5,2025-10-15,2025-10-16,2025-10-23,2025-10-23,308.49904950435075,287.53427914594323,-0.06795732561280343,5,7048,7053,True,0.5515487748497457,2163
TSM,b_20_80|dif_gt_zero|fixed_5,2025-10-28,2025-10-29,2025-11-05,2025-11-05,303.4091524445637,290.3322240172327,-0.04309998008290239,5,7057,7062,True,0.5515487748497457,2163
TSM,b_20_80|dif_gt_zero|fixed_5,2025-11-12,2025-11-13,2025-11-20,2025-11-20,286.90925294088515,289.92542986207985,0.010512651266134432,5,7068,7073,True,0.5515487748497457,2163
TSM,b_20_80|dif_gt_zero|fixed_5,2025-12-23,2025-12-24,2026-01-02,2026-01-02,296.2097021978008,310.3765265882512,0.04782701000452083,5,7096,7101,True,0.5515487748497457,2163
TSM,b_20_80|dif_gt_zero|fixed_5,2026-01-12,2026-01-13,2026-01-21,2026-01-21,331.1591315955093,331.7162742776711,0.0016824016885101933,5,7108,7113,True,0.5515487748497457,2163
TSM,b_20_80|dif_gt_zero|fixed_5,2026-01-28,2026-01-29,2026-02-05,2026-02-05,338.05352465035566,321.16080290831286,-0.049970553507805326,5,7119,7124,True,0.5515487748497457,2163
TSM,b_20_80|dif_gt_zero|fixed_5,2026-02-06,2026-02-09,2026-02-17,2026-02-17,346.96749787603636,360.0101138750984,0.037590310559065365,5,7126,7131,True,0.5515487748497457,2163
TSM,b_20_80|dif_gt_zero|fixed_5,2026-02-20,2026-02-23,2026-03-02,2026-03-02,365.12369699323017,363.482134090646,-0.004495908964831097,5,7135,7140,True,0.5515487748497457,2163
TSM,b_20_80|dif_gt_zero|fixed_5,2026-03-11,2026-03-12,2026-03-19,2026-03-19,344.15201374736165,328.45082575092425,-0.04562282761466996,5,7148,7153,True,0.5515487748497457,2163
TSM,b_20_80|dif_gt_zero|fixed_5,2026-04-22,2026-04-23,2026-04-30,2026-04-30,383.35224217986075,396.8805548572255,0.03528950972202094,5,7177,7182,True,0.5515487748497457,2163
TSM,b_20_80|dif_gt_zero|fixed_5,2026-05-06,2026-05-07,2026-05-14,2026-05-14,417.1131700589296,402.2679401856103,-0.03559041271993868,5,7187,7192,True,0.5515487748497457,2163
TSM,b_20_80|dif_gt_zero|fixed_5,2026-05-14,2026-05-15,2026-05-22,2026-05-22,405.55027471857755,408.47342232875764,0.007207855085805459,5,7193,7198,True,0.5515487748497457,2163
TSM,b_20_80|dif_gt_zero|fixed_5,2026-05-22,2026-05-26,2026-06-02,2026-06-02,412.1547776294236,439.550621789287,0.06646979641346173,5,7199,7204,True,0.5515487748497457,2163
TSM,b_20_80|dif_gt_zero|fixed_5,2026-06-15,2026-06-16,2026-06-24,2026-06-24,436.0199890136719,433.9800109863281,-0.004678634188213349,5,7214,7219,True,0.5515487748497457,2163
TSM,b_20_80|dif_gt_zero|fixed_5,2026-06-30,2026-07-01,2026-07-09,2026-07-09,467.6700134277344,446.7300109863281,-0.04477516590796338,5,7224,7229,True,0.5515487748497457,2163
