symbol,arm,signal_date,entry_date,exit_signal_date,exit_date,entry_price,exit_price,ret,hold_bars,entry_bar,exit_bar,closed,base_rate,base_n
NVDA,A-NOMACD-LOOKAHEAD,2000-03-30,2000-03-31,2000-04-11,2000-04-12,0.1524706508264735,0.16800125909164382,0.1018596574552939,8,301,309,True,0.5666716218225063,6727
NVDA,A-NOMACD-LOOKAHEAD,2000-11-30,2000-12-01,2000-12-06,2000-12-07,0.164066353775675,0.14975827895396934,-0.08720907420950441,4,471,475,True,0.5449413162977269,6731
NVDA,A-NOMACD-LOOKAHEAD,2000-12-22,2000-12-26,2000-12-29,2001-01-02,0.13545022869742984,0.12591118773275373,-0.07042469441660759,4,487,491,True,0.5449413162977269,6731
NVDA,A-NOMACD-LOOKAHEAD,2001-07-12,2001-07-13,2001-07-13,2001-07-16,0.3130994196479782,0.30543020946886174,-0.024494488644338785,1,624,625,True,0.5246510246510246,6734
NVDA,A-NOMACD-LOOKAHEAD,2001-07-16,2001-07-17,2001-07-20,2001-07-23,0.2792938062051685,0.28616167000399934,0.024590104206556163,4,626,630,True,0.5449413162977269,6731
NVDA,A-NOMACD-LOOKAHEAD,2001-07-24,2001-07-25,2001-08-07,2001-08-08,0.2757069574446577,0.33473320072546947,0.21409051054745354,10,632,642,True,0.5745724907063197,6725
NVDA,A-NOMACD-LOOKAHEAD,2001-09-21,2001-09-24,2001-09-25,2001-09-26,0.22213748567685876,0.22282430333423747,0.0030918584285131168,2,670,672,True,0.5328976682013961,6733
NVDA,A-NOMACD-LOOKAHEAD,2001-09-27,2001-09-28,2001-09-28,2001-10-01,0.20603644825083328,0.20947035931880612,0.016666522341679535,1,674,675,True,0.5246510246510246,6734
NVDA,A-NOMACD-LOOKAHEAD,2002-02-25,2002-02-26,2002-02-27,2002-02-28,0.4197805645533791,0.4029158400843103,-0.040175095974278374,2,776,778,True,0.5328976682013961,6733
NVDA,A-NOMACD-LOOKAHEAD,2002-03-28,2002-04-01,2002-04-08,2002-04-09,0.31973842024327614,0.33530543252731193,0.048686711694489127,6,799,805,True,0.5556546292168227,6729
NVDA,A-NOMACD-LOOKAHEAD,2002-04-09,2002-04-10,2002-04-10,2002-04-11,0.3135571709812366,0.2915030214851359,-0.07033533765815358,1,806,807,True,0.5246510246510246,6734
NVDA,A-NOMACD-LOOKAHEAD,2002-04-12,2002-04-15,2002-04-18,2002-04-19,0.285321997198203,0.2921138895461202,0.023804306764329652,4,809,813,True,0.5449413162977269,6731
NVDA,A-NOMACD-LOOKAHEAD,2002-04-26,2002-04-29,2002-05-03,2002-05-06,0.2591480505482121,0.2434278900884744,-0.06066092500592868,5,819,824,True,0.5530460624071323,6730
NVDA,A-NOMACD-LOOKAHEAD,2002-06-05,2002-06-06,2002-06-10,2002-06-11,0.24617513676404706,0.24846441228951946,0.009299377490207705,3,846,849,True,0.5372846108140226,6732
NVDA,A-NOMACD-LOOKAHEAD,2002-06-14,2002-06-17,2002-06-18,2002-06-19,0.21984821329821885,0.20527362282948214,-0.06629387726233926,2,853,855,True,0.5328976682013961,6733
NVDA,A-NOMACD-LOOKAHEAD,2002-07-02,2002-07-03,2002-07-16,2002-07-17,0.12179042232967456,0.15902996126984273,0.3057673848881519,9,865,874,True,0.5721082366934285,6726
NVDA,A-NOMACD-LOOKAHEAD,2002-07-29,2002-07-30,2002-07-30,2002-07-31,0.11484657039094688,0.09019816388040908,-0.21462030974571256,1,883,884,True,0.5246510246510246,6734
NVDA,A-NOMACD-LOOKAHEAD,2002-08-07,2002-08-08,2002-08-23,2002-08-26,0.06814493152570739,0.08935844779333432,0.3112999865532806,12,890,902,True,0.5799494273389856,6723
NVDA,A-NOMACD-LOOKAHEAD,2002-09-30,2002-10-01,2002-10-03,2002-10-04,0.0658556785178835,0.06524490106434279,-0.009274484255368365,3,927,930,True,0.5372846108140226,6732
NVDA,A-NOMACD-LOOKAHEAD,2002-12-13,2002-12-16,2002-12-17,2002-12-18,0.10454469513446818,0.10347608463524294,-0.010221565980471525,2,980,982,True,0.5328976682013961,6733
NVDA,A-NOMACD-LOOKAHEAD,2002-12-20,2002-12-23,2002-12-23,2002-12-24,0.09759992524204833,0.09905042841704316,0.014861724242078767,1,985,986,True,0.5246510246510246,6734
NVDA,A-NOMACD-LOOKAHEAD,2002-12-31,2003-01-02,2003-01-09,2003-01-10,0.09157177298715563,0.09157173756960708,-3.8677364644357226e-07,6,991,997,True,0.5556546292168227,6729
NVDA,A-NOMACD-LOOKAHEAD,2003-01-27,2003-01-28,2003-02-06,2003-02-07,0.07547068408814413,0.07951447862114576,0.053580997467556735,8,1008,1016,True,0.5666716218225063,6727
NVDA,A-NOMACD-LOOKAHEAD,2003-07-31,2003-08-01,2003-08-07,2003-08-08,0.1457519895743582,0.12629304539617656,-0.13350722851199426,5,1137,1142,True,0.5530460624071323,6730
NVDA,A-NOMACD-LOOKAHEAD,2003-10-02,2003-10-03,2003-10-16,2003-10-17,0.1282004333234407,0.13048973800306252,0.017857230434206617,10,1181,1191,True,0.5745724907063197,6725
NVDA,A-NOMACD-LOOKAHEAD,2004-01-30,2004-02-02,2004-02-18,2004-02-19,0.17116323259353325,0.18199890550072584,0.06330607773063268,12,1263,1275,True,0.5799494273389856,6723
NVDA,A-NOMACD-LOOKAHEAD,2004-03-04,2004-03-05,2004-03-05,2004-03-08,0.16673660891590505,0.16940771398926777,0.016019907629942987,1,1286,1287,True,0.5246510246510246,6734
NVDA,A-NOMACD-LOOKAHEAD,2004-03-15,2004-03-16,2004-04-05,2004-04-06,0.16040352714697897,0.20374721404015422,0.27021654488594327,15,1293,1308,True,0.5888392857142857,6720
NVDA,A-NOMACD-LOOKAHEAD,2004-04-22,2004-04-23,2004-04-23,2004-04-26,0.17566488988270418,0.17772519816391366,0.011728628769159366,1,1320,1321,True,0.5246510246510246,6734
NVDA,A-NOMACD-LOOKAHEAD,2004-05-03,2004-05-04,2004-05-14,2004-05-17,0.15681657842904903,0.16177706282921012,0.03163239786159111,9,1327,1336,True,0.5721082366934285,6726
NVDA,A-NOMACD-LOOKAHEAD,2004-06-21,2004-06-22,2004-06-30,2004-07-01,0.1489570035970718,0.15796129612709703,0.06044893702602794,7,1360,1367,True,0.5610879904875149,6728
NVDA,A-NOMACD-LOOKAHEAD,2004-07-19,2004-07-20,2004-07-20,2004-07-21,0.11705894517867894,0.12133255517285813,0.03650818814107648,1,1379,1380,True,0.5246510246510246,6734
NVDA,A-NOMACD-LOOKAHEAD,2004-07-21,2004-07-22,2004-07-23,2004-07-26,0.11354898154447488,0.11301511591872167,-0.004701632885576346,2,1381,1383,True,0.5328976682013961,6733
NVDA,A-NOMACD-LOOKAHEAD,2004-07-26,2004-07-27,2004-08-05,2004-08-06,0.10897038521440207,0.07714920286055049,-0.2920167923720062,8,1384,1392,True,0.5666716218225063,6727
NVDA,A-NOMACD-LOOKAHEAD,2005-01-13,2005-01-14,2005-01-21,2005-01-24,0.16666057318990554,0.16269281236142438,-0.023807435391212772,5,1504,1509,True,0.5530460624071323,6730
NVDA,A-NOMACD-LOOKAHEAD,2005-01-24,2005-01-25,2005-02-08,2005-02-09,0.15773238536532858,0.1968792169269182,0.2481851236251864,11,1510,1521,True,0.5748066627007733,6724
NVDA,A-NOMACD-LOOKAHEAD,2005-03-18,2005-03-21,2005-03-30,2005-03-31,0.18436413636207707,0.18436423370578242,5.279969699234499e-07,7,1548,1555,True,0.5610879904875149,6728
NVDA,A-NOMACD-LOOKAHEAD,2005-04-06,2005-04-07,2005-04-08,2005-04-11,0.17894684712985104,0.18024343924778546,0.007245682942899512,2,1560,1562,True,0.5328976682013961,6733
NVDA,A-NOMACD-LOOKAHEAD,2005-04-11,2005-04-12,2005-04-12,2005-04-13,0.1749020499201404,0.17780206962511794,0.01658082170164188,1,1563,1564,True,0.5246510246510246,6734
NVDA,A-NOMACD-LOOKAHEAD,2005-04-18,2005-04-19,2005-04-19,2005-04-20,0.16444726856660666,0.17024747395608958,0.03527091352772227,1,1568,1569,True,0.5246510246510246,6734
NVDA,A-NOMACD-LOOKAHEAD,2005-04-20,2005-04-21,2005-04-27,2005-04-28,0.16559193585276175,0.16452425721036867,-0.006447648775254389,5,1570,1575,True,0.5530460624071323,6730
NVDA,A-NOMACD-LOOKAHEAD,2005-10-14,2005-10-17,2005-10-26,2005-10-27,0.24457256187919627,0.24556528661541155,0.00405901924806118,8,1694,1702,True,0.5666716218225063,6727
NVDA,A-NOMACD-LOOKAHEAD,2006-05-24,2006-05-25,2006-05-26,2006-05-30,0.37391776247530073,0.36643989606615557,-0.019998692652743677,2,1846,1848,True,0.5328976682013961,6733
NVDA,A-NOMACD-LOOKAHEAD,2006-05-31,2006-06-01,2006-06-05,2006-06-06,0.3546876606595616,0.3528560713623043,-0.0051639498646537385,3,1850,1853,True,0.5372846108140226,6732
NVDA,A-NOMACD-LOOKAHEAD,2006-06-14,2006-06-15,2006-06-21,2006-06-22,0.32340122964532625,0.3226373828919993,-0.0023619166635967526,5,1860,1865,True,0.5530460624071323,6730
NVDA,A-NOMACD-LOOKAHEAD,2006-06-27,2006-06-28,2006-07-05,2006-07-06,0.299592634735216,0.31485384450165305,0.05093986966643915,5,1869,1874,True,0.5530460624071323,6730
NVDA,A-NOMACD-LOOKAHEAD,2006-07-17,2006-07-18,2006-08-04,2006-08-07,0.28112528494486233,0.35972406461474243,0.27958630503583426,14,1882,1896,True,0.5842880523731587,6721
NVDA,A-NOMACD-LOOKAHEAD,2007-01-09,2007-01-10,2007-01-17,2007-01-18,0.5021179420738924,0.5227218074919991,0.04103391592223704,5,2003,2008,True,0.5530460624071323,6730
NVDA,A-NOMACD-LOOKAHEAD,2007-01-31,2007-02-01,2007-02-14,2007-02-15,0.46335304586772635,0.5117330100846529,0.10441274671309175,10,2018,2028,True,0.5745724907063197,6725
NVDA,A-NOMACD-LOOKAHEAD,2007-03-05,2007-03-06,2007-03-13,2007-03-14,0.4485487452645613,0.4445808392906276,-0.008846097588776858,6,2040,2046,True,0.5556546292168227,6729
NVDA,A-NOMACD-LOOKAHEAD,2007-03-20,2007-03-21,2007-03-28,2007-03-29,0.45022815751132855,0.4525173485438655,0.00508451325032766,6,2051,2057,True,0.5556546292168227,6729
NVDA,A-NOMACD-LOOKAHEAD,2007-11-26,2007-11-27,2007-12-12,2007-12-13,0.6854147296564234,0.8021684086128019,0.17034019536595535,12,2225,2237,True,0.5799494273389856,6723
NVDA,A-NOMACD-LOOKAHEAD,2008-01-11,2008-01-14,2008-01-14,2008-01-15,0.6284112237656752,0.6352790197251711,0.010928824469973009,1,2257,2258,True,0.5246510246510246,6734
NVDA,A-NOMACD-LOOKAHEAD,2008-01-17,2008-01-18,2008-02-04,2008-02-05,0.5350078101272538,0.5837696545851592,0.09114230397180023,11,2261,2272,True,0.5748066627007733,6724
NVDA,A-NOMACD-LOOKAHEAD,2008-02-26,2008-02-27,2008-02-29,2008-03-03,0.5125727851929668,0.48899298261280566,-0.046002837570246924,3,2287,2290,True,0.5372846108140226,6732
NVDA,A-NOMACD-LOOKAHEAD,2008-03-03,2008-03-04,2008-03-05,2008-03-06,0.480751631491706,0.47869138791698806,-0.00428546351122161,2,2291,2293,True,0.5328976682013961,6733
NVDA,A-NOMACD-LOOKAHEAD,2008-03-12,2008-03-13,2008-03-13,2008-03-14,0.417338304737999,0.45328031375102573,0.0861219988795201,1,2298,2299,True,0.5246510246510246,6734
NVDA,A-NOMACD-LOOKAHEAD,2008-03-17,2008-03-18,2008-04-02,2008-04-03,0.4184828385979528,0.4622085016636878,0.10448615578175091,11,2301,2312,True,0.5748066627007733,6724
NVDA,A-NOMACD-LOOKAHEAD,2008-04-15,2008-04-16,2008-05-06,2008-05-07,0.43061625850362245,0.5171516338413413,0.20095705544984876,15,2321,2336,True,0.5888392857142857,6720
NVDA,A-NOMACD-LOOKAHEAD,2008-06-23,2008-06-24,2008-06-25,2008-06-26,0.4404601708388434,0.4464123370758304,0.013513517523392027,2,2369,2371,True,0.5328976682013961,6733
NVDA,A-NOMACD-LOOKAHEAD,2008-06-26,2008-06-27,2008-06-27,2008-06-30,0.43839976698291716,0.43633945502380483,-0.00469961919298334,1,2372,2373,True,0.5246510246510246,6734
NVDA,A-NOMACD-LOOKAHEAD,2008-06-30,2008-07-01,2008-07-01,2008-07-02,0.4235194109820384,0.42718226230028145,0.008648603164964186,1,2374,2375,True,0.5246510246510246,6734
NVDA,A-NOMACD-LOOKAHEAD,2008-07-15,2008-07-16,2008-07-31,2008-08-01,0.2586902083923845,0.25502729769850846,-0.014159448541322783,12,2384,2396,True,0.5799494273389856,6723
NVDA,A-NOMACD-LOOKAHEAD,2008-09-11,2008-09-12,2008-09-12,2008-09-15,0.23373685746848255,0.22503758560988646,-0.03721822887846904,1,2425,2426,True,0.5246510246510246,6734
NVDA,A-NOMACD-LOOKAHEAD,2008-09-15,2008-09-16,2008-09-26,2008-09-29,0.20534966169837396,0.260521630549044,0.26867328825556513,9,2427,2436,True,0.5721082366934285,6726
NVDA,A-NOMACD-LOOKAHEAD,2008-10-10,2008-10-13,2008-10-22,2008-10-23,0.16917887761288583,0.15819020707708806,-0.06495296984380039,8,2446,2454,True,0.5666716218225063,6727
NVDA,A-NOMACD-LOOKAHEAD,2008-11-21,2008-11-24,2008-12-05,2008-12-08,0.1549852058322878,0.1716970519894808,0.10782865414442955,9,2476,2485,True,0.5721082366934285,6726
NVDA,A-NOMACD-LOOKAHEAD,2009-02-23,2009-02-24,2009-03-10,2009-03-11,0.16711843913345553,0.2071810911383801,0.23972610211451162,11,2537,2548,True,0.5748066627007733,6724
NVDA,A-NOMACD-LOOKAHEAD,2009-05-18,2009-05-19,2009-06-02,2009-06-03,0.21359113219822543,0.24518344741054207,0.14791023806642434,10,2596,2606,True,0.5745724907063197,6725
NVDA,A-NOMACD-LOOKAHEAD,2009-09-29,2009-09-30,2009-09-30,2009-10-01,0.34018913617035795,0.34293630441393463,0.008075414384194124,1,2689,2690,True,0.5246510246510246,6734
NVDA,A-NOMACD-LOOKAHEAD,2009-10-05,2009-10-06,2009-10-14,2009-10-15,0.3193564448049252,0.3186695711493887,-0.0021508056803302145,7,2693,2700,True,0.5610879904875149,6728
NVDA,A-NOMACD-LOOKAHEAD,2009-11-02,2009-11-03,2009-11-18,2009-11-19,0.26738948925498873,0.3028735425809325,0.1327054904993119,12,2713,2725,True,0.5799494273389856,6723
NVDA,A-NOMACD-LOOKAHEAD,2010-01-29,2010-02-01,2010-02-17,2010-02-18,0.35369588178215455,0.38597493790440335,0.09126217687241778,12,2773,2785,True,0.5799494273389856,6723
NVDA,A-NOMACD-LOOKAHEAD,2010-05-05,2010-05-06,2010-05-13,2010-05-14,0.3296583500307446,0.31271762272383696,-0.05138874020733197,6,2839,2845,True,0.5556546292168227,6729
NVDA,A-NOMACD-LOOKAHEAD,2010-05-25,2010-05-26,2010-06-03,2010-06-04,0.3021867984759332,0.28227000689675524,-0.06590887384765809,6,2853,2859,True,0.5556546292168227,6729
NVDA,A-NOMACD-LOOKAHEAD,2010-07-06,2010-07-07,2010-07-15,2010-07-16,0.23305002359264093,0.2454122616109639,0.05304542701927173,7,2881,2888,True,0.5610879904875149,6728
NVDA,A-NOMACD-LOOKAHEAD,2010-08-04,2010-08-05,2010-08-10,2010-08-11,0.21404902928055275,0.20718112102247213,-0.032085678132550144,4,2902,2906,True,0.5449413162977269,6731
NVDA,A-NOMACD-LOOKAHEAD,2011-03-14,2011-03-15,2011-03-31,2011-04-01,0.39627690306748076,0.42809797615814676,0.08030009532311122,13,3055,3068,True,0.5827134781315085,6722
NVDA,A-NOMACD-LOOKAHEAD,2011-06-20,2011-06-21,2011-07-07,2011-07-08,0.35896129405065463,0.35506948500768143,-0.010841862639441091,12,3123,3135,True,0.5799494273389856,6723
NVDA,A-NOMACD-LOOKAHEAD,2011-08-10,2011-08-11,2011-08-17,2011-08-18,0.2824989019141792,0.2799805561273179,-0.00891453301162326,5,3159,3164,True,0.5530460624071323,6730
NVDA,A-NOMACD-LOOKAHEAD,2011-08-22,2011-08-23,2011-09-01,2011-09-02,0.2799806913378024,0.2971503131344713,0.06132430673925815,8,3167,3175,True,0.5666716218225063,6727
NVDA,A-NOMACD-LOOKAHEAD,2011-10-03,2011-10-04,2011-10-18,2011-10-19,0.2637266966298435,0.3548406564735208,0.3454862970189223,11,3196,3207,True,0.5748066627007733,6724
NVDA,A-NOMACD-LOOKAHEAD,2011-12-19,2011-12-20,2012-01-10,2012-01-11,0.3081390400048374,0.32851355745813376,0.06612118170088577,14,3250,3264,True,0.5842880523731587,6721
NVDA,A-NOMACD-LOOKAHEAD,2012-03-07,2012-03-08,2012-03-09,2012-03-12,0.33996000779454466,0.340646971194768,0.00202071827412853,2,3303,3305,True,0.5328976682013961,6733
NVDA,A-NOMACD-LOOKAHEAD,2012-03-12,2012-03-13,2012-03-13,2012-03-14,0.335381600795748,0.3385865238487934,0.009556049125656108,1,3306,3307,True,0.5246510246510246,6734
NVDA,A-NOMACD-LOOKAHEAD,2012-03-15,2012-03-16,2012-04-03,2012-04-04,0.3340080393546546,0.33996015095930016,0.017820264494668336,13,3309,3322,True,0.5827134781315085,6722
NVDA,A-NOMACD-LOOKAHEAD,2012-04-25,2012-04-26,2012-05-02,2012-05-03,0.2992107869138994,0.29486106992079375,-0.014537300068521053,5,3337,3342,True,0.5530460624071323,6730
NVDA,A-NOMACD-LOOKAHEAD,2012-05-07,2012-05-08,2012-05-17,2012-05-18,0.28295669572527987,0.29028243301894313,0.0258899591504127,8,3345,3353,True,0.5666716218225063,6727
NVDA,A-NOMACD-LOOKAHEAD,2012-05-24,2012-05-25,2012-05-31,2012-06-01,0.27700452181396995,0.2786070622155568,0.00578524997026264,4,3358,3362,True,0.5449413162977269,6731
NVDA,A-NOMACD-LOOKAHEAD,2012-09-05,2012-09-06,2012-09-21,2012-09-24,0.30722330066783143,0.30790997478472293,0.002235097778712891,12,3429,3441,True,0.5799494273389856,6723
NVDA,A-NOMACD-LOOKAHEAD,2012-10-15,2012-10-16,2012-10-18,2012-10-19,0.29531899908883025,0.2900534946631998,-0.01782988714534628,3,3457,3460,True,0.5372846108140226,6732
NVDA,A-NOMACD-LOOKAHEAD,2012-10-22,2012-10-23,2012-10-25,2012-10-26,0.2715102328226232,0.2792937390201425,0.02866745063934384,3,3462,3465,True,0.5372846108140226,6732
NVDA,A-NOMACD-LOOKAHEAD,2012-11-20,2012-11-21,2012-11-30,2012-12-03,0.26473694833456113,0.27925238161458316,0.054829646452214,7,3481,3488,True,0.5610879904875149,6728
NVDA,A-NOMACD-LOOKAHEAD,2013-01-18,2013-01-22,2013-01-30,2013-01-31,0.28017418815427125,0.2838606912195566,0.013157896841144545,7,3521,3528,True,0.5610879904875149,6728
NVDA,A-NOMACD-LOOKAHEAD,2013-07-02,2013-07-03,2013-07-17,2013-07-18,0.3254973654967206,0.33994322959595347,0.044380894073253074,10,3634,3644,True,0.5745724907063197,6725
NVDA,A-NOMACD-LOOKAHEAD,2013-11-05,2013-11-06,2013-11-06,2013-11-07,0.3465748111754184,0.3477456930738966,0.0033784391153734994,1,3722,3723,True,0.5246510246510246,6734
NVDA,A-NOMACD-LOOKAHEAD,2013-12-17,2013-12-18,2014-01-02,2014-01-03,0.3564569232329557,0.3741148770093561,0.049537412869549824,10,3751,3761,True,0.5745724907063197,6725
NVDA,A-NOMACD-LOOKAHEAD,2014-05-07,2014-05-08,2014-05-14,2014-05-15,0.43043646112819584,0.42712538791472715,-0.007692362317054169,5,3847,3852,True,0.5530460624071323,6730
NVDA,A-NOMACD-LOOKAHEAD,2014-06-30,2014-07-01,2014-07-17,2014-07-18,0.4400218218404272,0.44905031859881983,0.02051829320789178,12,3884,3896,True,0.5799494273389856,6723
NVDA,A-NOMACD-LOOKAHEAD,2014-07-29,2014-07-30,2014-07-30,2014-07-31,0.4250536248766812,0.42434071234758824,-0.0016772296184975888,1,3904,3905,True,0.5246510246510246,6734
NVDA,A-NOMACD-LOOKAHEAD,2014-08-01,2014-08-04,2014-08-20,2014-08-21,0.4198263696994163,0.4581961437429181,0.09139438780601972,13,3907,3920,True,0.5827134781315085,6722
NVDA,A-NOMACD-LOOKAHEAD,2014-10-01,2014-10-02,2014-10-09,2014-10-10,0.43528630581309746,0.42406997817021475,-0.02576770160947528,6,3949,3955,True,0.5556546292168227,6729
NVDA,A-NOMACD-LOOKAHEAD,2014-10-14,2014-10-15,2014-11-06,2014-11-07,0.404023904561547,0.4880265153935483,0.2079149522678918,17,3958,3975,True,0.5875260494194701,6718
NVDA,A-NOMACD-LOOKAHEAD,2015-07-06,2015-07-07,2015-07-08,2015-07-09,0.4845886910755085,0.4824134440847653,-0.004488852156073753,2,4139,4141,True,0.5328976682013961,6733
NVDA,A-NOMACD-LOOKAHEAD,2015-07-09,2015-07-10,2015-07-21,2015-07-22,0.4751628193010594,0.4749210467290428,-0.0005088204762575543,8,4142,4150,True,0.5666716218225063,6727
NVDA,A-NOMACD-LOOKAHEAD,2016-01-19,2016-01-20,2016-02-02,2016-02-03,0.6531683726015923,0.6889818213324466,0.054830347324087425,10,4275,4285,True,0.5745724907063197,6725
NVDA,A-NOMACD-LOOKAHEAD,2017-03-07,2017-03-08,2017-03-22,2017-03-23,2.4800505604867773,2.6536785396582485,0.0700098546125576,11,4560,4571,True,0.5748066627007733,6724
NVDA,A-NOMACD-LOOKAHEAD,2017-04-13,2017-04-17,2017-05-01,2017-05-02,2.3645445495907644,2.5994966326968756,0.09936462527076295,11,4587,4598,True,0.5748066627007733,6724
NVDA,A-NOMACD-LOOKAHEAD,2017-07-06,2017-07-07,2017-07-21,2017-07-24,3.59406662356931,4.151494898996299,0.1550968119988272,11,4644,4655,True,0.5748066627007733,6724
NVDA,A-NOMACD-LOOKAHEAD,2018-07-03,2018-07-05,2018-07-19,2018-07-20,5.910652695618231,6.228599075115796,0.0537920930007052,11,4894,4905,True,0.5748066627007733,6724
NVDA,A-NOMACD-LOOKAHEAD,2018-10-24,2018-10-25,2018-10-25,2018-10-26,4.835350289730436,4.90560292094189,0.014528964191210747,1,4973,4974,True,0.5246510246510246,6734
NVDA,A-NOMACD-LOOKAHEAD,2018-10-26,2018-10-29,2018-11-09,2018-11-12,5.0461110963584925,4.996388890300503,-0.00985356943367166,10,4975,4985,True,0.5745724907063197,6725
NVDA,A-NOMACD-LOOKAHEAD,2018-11-26,2018-11-27,2018-12-06,2018-12-07,3.7600314644551864,3.923753905767971,0.04354283810135806,7,4995,5002,True,0.5610879904875149,6728
NVDA,A-NOMACD-LOOKAHEAD,2018-12-24,2018-12-26,2019-01-18,2019-01-22,3.19278626959552,3.85566005430992,0.2076160847429278,17,5014,5031,True,0.5875260494194701,6718
NVDA,A-NOMACD-LOOKAHEAD,2019-06-03,2019-06-04,2019-06-14,2019-06-17,3.383857055869999,3.5875925454851405,0.06020806619526664,9,5123,5132,True,0.5721082366934285,6726
NVDA,A-NOMACD-LOOKAHEAD,2020-03-18,2020-03-19,2020-04-01,2020-04-02,5.023425962403423,6.075071934994346,0.2093483571693311,10,5323,5333,True,0.5745724907063197,6725
NVDA,A-NOMACD-LOOKAHEAD,2020-11-02,2020-11-03,2020-11-09,2020-11-10,12.653683303650302,13.54781121416907,0.07066147374344611,5,5482,5487,True,0.5530460624071323,6730
NVDA,A-NOMACD-LOOKAHEAD,2021-03-08,2021-03-09,2021-03-22,2021-03-23,12.085668531876562,13.205537648297126,0.09266091598216941,10,5567,5577,True,0.5745724907063197,6725
NVDA,A-NOMACD-LOOKAHEAD,2021-05-13,2021-05-14,2021-06-07,2021-06-08,13.83895053700073,17.462832709701473,0.2618610539153017,16,5614,5630,True,0.5895222503348713,6719
NVDA,A-NOMACD-LOOKAHEAD,2021-10-05,2021-10-06,2021-10-26,2021-10-27,20.054183467600772,24.39394484368864,0.21640179881166044,15,5714,5729,True,0.5888392857142857,6720
NVDA,A-NOMACD-LOOKAHEAD,2022-01-21,2022-01-24,2022-02-10,2022-02-11,22.259676871868574,25.83438755548586,0.16059131065531984,14,5789,5803,True,0.5842880523731587,6721
NVDA,A-NOMACD-LOOKAHEAD,2022-04-18,2022-04-19,2022-04-20,2022-04-21,21.655288033662476,21.644320110833693,-0.0005064778086412147,2,5848,5850,True,0.5328976682013961,6733
NVDA,A-NOMACD-LOOKAHEAD,2022-04-22,2022-04-25,2022-04-25,2022-04-26,19.14479141968029,19.659256709868075,0.026872337175683825,1,5852,5853,True,0.5246510246510246,6734
NVDA,A-NOMACD-LOOKAHEAD,2022-04-27,2022-04-28,2022-05-06,2022-05-09,18.910491964188285,17.98027188540069,-0.04919068634222723,7,5855,5862,True,0.5610879904875149,6728
NVDA,A-NOMACD-LOOKAHEAD,2022-05-12,2022-05-13,2022-05-23,2022-05-24,16.73797994693999,16.460807557170174,-0.01655948869866397,7,5866,5873,True,0.5610879904875149,6728
NVDA,A-NOMACD-LOOKAHEAD,2022-06-21,2022-06-22,2022-06-28,2022-06-29,16.181077014713374,15.770217280899118,-0.025391371256725526,5,5892,5897,True,0.5530460624071323,6730
NVDA,A-NOMACD-LOOKAHEAD,2022-09-08,2022-09-09,2022-09-13,2022-09-14,14.122001845912337,13.22123276604588,-0.0637848011701817,3,5947,5950,True,0.5372846108140226,6732
NVDA,A-NOMACD-LOOKAHEAD,2022-09-15,2022-09-16,2022-09-21,2022-09-22,12.71049612736367,13.037689777312494,0.025742004613370506,4,5952,5956,True,0.5449413162977269,6731
NVDA,A-NOMACD-LOOKAHEAD,2022-09-27,2022-09-28,2022-09-28,2022-09-29,12.379319288548018,12.417225794477423,0.003062083224921075,1,5960,5961,True,0.5246510246510246,6734
NVDA,A-NOMACD-LOOKAHEAD,2022-09-30,2022-10-03,2022-10-06,2022-10-07,12.31647372975425,12.474083761565735,0.012796684771123168,4,5963,5967,True,0.5449413162977269,6731
NVDA,A-NOMACD-LOOKAHEAD,2022-10-14,2022-10-17,2022-11-01,2022-11-02,11.489523129293081,13.815760885842039,0.20246599709766055,12,5973,5985,True,0.5799494273389856,6723
NVDA,A-NOMACD-LOOKAHEAD,2022-12-29,2022-12-30,2022-12-30,2023-01-03,14.302220281186143,14.818075144951218,0.03606816659394174,1,6025,6026,True,0.5246510246510246,6734
NVDA,A-NOMACD-LOOKAHEAD,2023-01-03,2023-01-04,2023-01-27,2023-01-30,14.534704309371103,19.90577336731511,0.3695341125365079,17,6027,6044,True,0.5875260494194701,6718
NVDA,A-NOMACD-LOOKAHEAD,2023-09-18,2023-09-19,2023-09-19,2023-09-20,43.75137406946149,43.51881278602881,-0.005315519532334112,1,6204,6205,True,0.5246510246510246,6734
NVDA,A-NOMACD-LOOKAHEAD,2023-09-25,2023-09-26,2023-10-12,2023-10-13,41.92279078773523,46.87254799982669,0.11806840907021732,13,6209,6222,True,0.5827134781315085,6722
NVDA,A-NOMACD-LOOKAHEAD,2023-10-30,2023-10-31,2023-11-16,2023-11-17,40.37467987980174,49.43178055903223,0.22432625363703473,13,6234,6247,True,0.5827134781315085,6722
NVDA,A-NOMACD-LOOKAHEAD,2023-12-06,2023-12-07,2023-12-19,2023-12-20,45.618910872891085,49.56688996732464,0.08654259864804525,9,6260,6269,True,0.5721082366934285,6726
NVDA,A-NOMACD-LOOKAHEAD,2024-04-09,2024-04-10,2024-04-16,2024-04-17,83.78102010903869,88.18737923912188,0.05259376317390774,5,6344,6349,True,0.5530460624071323,6730
NVDA,A-NOMACD-LOOKAHEAD,2024-07-26,2024-07-29,2024-07-29,2024-07-30,113.50292255867154,111.33647720819822,-0.01908713275073115,1,6419,6420,True,0.5246510246510246,6734
NVDA,A-NOMACD-LOOKAHEAD,2025-03-11,2025-03-12,2025-03-25,2025-03-26,113.96030532134075,118.5638454632065,0.040395996912125476,10,6574,6584,True,0.5745724907063197,6725
NVDA,A-NOMACD-LOOKAHEAD,2025-04-07,2025-04-08,2025-04-16,2025-04-17,103.6647139576977,104.30382580885471,0.006165182218298648,7,6593,6600,True,0.5610879904875149,6728
NVDA,A-NOMACD-LOOKAHEAD,2025-10-22,2025-10-23,2025-11-03,2025-11-04,180.19017423035882,202.7414122562426,0.12515242921655556,8,6730,6738,True,0.5666716218225063,6727
NVDA,A-NOMACD-LOOKAHEAD,2025-11-21,2025-11-24,2025-12-10,2025-12-11,179.2613745727385,180.060377409269,0.004457194632334405,12,6752,6764,True,0.5799494273389856,6723
NVDA,A-NOMACD-LOOKAHEAD,2026-03-30,2026-03-31,2026-04-22,2026-04-23,166.77563225072552,202.22431724671497,0.21255314411098714,16,6838,6854,True,0.5895222503348713,6719
NVDA,A-NOMACD-LOOKAHEAD,2026-06-29,2026-06-30,2026-07-01,2026-07-02,197.24000549316406,197.13999938964844,-0.0005070274829164223,2,6900,6902,True,0.5328976682013961,6733
AAPL,A-NOMACD-LOOKAHEAD,1982-01-14,1982-01-15,1982-01-25,1982-01-26,0.06825940310955048,0.06697964384260618,-0.018748468469470647,7,275,282,True,0.5473684210526316,11305
AAPL,A-NOMACD-LOOKAHEAD,1982-02-17,1982-02-18,1982-02-22,1982-02-23,0.06441929936408997,0.06271295198299043,-0.02648813939213268,3,298,301,True,0.5332920682642144,11309
AAPL,A-NOMACD-LOOKAHEAD,1982-03-02,1982-03-03,1982-03-03,1982-03-04,0.06271293014287949,0.061859726116219683,-0.013604914085754594,1,307,308,True,0.5194058880735567,11311
AAPL,A-NOMACD-LOOKAHEAD,1982-03-17,1982-03-18,1982-03-30,1982-03-31,0.05204734206199646,0.05759381502866745,0.10656592146558186,9,318,327,True,0.5541891533221268,11303
AAPL,A-NOMACD-LOOKAHEAD,1982-04-30,1982-05-03,1982-05-11,1982-05-12,0.05204734206199646,0.0520473583092571,3.121631191316254e-07,7,349,356,True,0.5473684210526316,11305
AAPL,A-NOMACD-LOOKAHEAD,1982-05-21,1982-05-24,1982-05-26,1982-05-27,0.049061212688684464,0.048208019989828266,-0.017390371173050534,3,364,367,True,0.5332920682642144,11309
AAPL,A-NOMACD-LOOKAHEAD,1982-06-01,1982-06-02,1982-06-02,1982-06-03,0.047781430184841156,0.046928231118257245,-0.017856289844890183,1,370,371,True,0.5194058880735567,11311
AAPL,A-NOMACD-LOOKAHEAD,1982-06-10,1982-06-11,1982-06-18,1982-06-21,0.04564845934510231,0.04394209012389183,-0.03738065305359661,6,377,383,True,0.5477622501326729,11306
AAPL,A-NOMACD-LOOKAHEAD,1982-07-09,1982-07-12,1982-07-23,1982-07-26,0.03967539966106415,0.04650163859036336,0.17205217811575602,10,397,407,True,0.5561847460626438,11302
AAPL,A-NOMACD-LOOKAHEAD,1982-08-09,1982-08-10,1982-08-26,1982-08-27,0.04479529708623886,0.05802040474265774,0.2952342883441137,13,418,431,True,0.5693424196831578,11299
AAPL,A-NOMACD-LOOKAHEAD,1983-01-10,1983-01-11,1983-01-21,1983-01-24,0.09812243227138645,0.12755960948532574,0.3000045609603532,9,525,534,True,0.5541891533221268,11303
AAPL,A-NOMACD-LOOKAHEAD,1983-03-15,1983-03-16,1983-03-25,1983-03-28,0.1433442085981369,0.1467570454477606,0.023808683189926017,8,570,578,True,0.5504246284501062,11304
AAPL,A-NOMACD-LOOKAHEAD,1983-04-08,1983-04-11,1983-04-22,1983-04-25,0.1343850329748555,0.17406118890186248,0.29524237222481986,10,587,597,True,0.5561847460626438,11302
AAPL,A-NOMACD-LOOKAHEAD,1983-06-29,1983-06-30,1983-07-05,1983-07-06,0.16766158751039176,0.16126263795168233,-0.03816586526304255,3,644,647,True,0.5332920682642144,11309
AAPL,A-NOMACD-LOOKAHEAD,1983-07-08,1983-07-11,1983-07-12,1983-07-13,0.15784916248529046,0.1582758116852453,0.0027028917558848953,2,650,652,True,0.5263483642793988,11310
AAPL,A-NOMACD-LOOKAHEAD,1983-07-20,1983-07-21,1983-07-26,1983-07-27,0.14078475534655166,0.13353189347492272,-0.05151738093926084,4,658,662,True,0.5386452069331447,11308
AAPL,A-NOMACD-LOOKAHEAD,1983-08-04,1983-08-05,1983-08-16,1983-08-17,0.11348125148927274,0.11561417024807706,0.018795340470896704,8,669,677,True,0.5504246284501062,11304
AAPL,A-NOMACD-LOOKAHEAD,1983-09-19,1983-09-20,1983-09-23,1983-09-26,0.10921456911608986,0.08319092208799307,-0.2382799954137519,4,700,704,True,0.5386452069331447,11308
AAPL,A-NOMACD-LOOKAHEAD,1983-10-07,1983-10-10,1983-10-17,1983-10-18,0.06868596513699825,0.07081897572554147,0.031054533255648442,6,714,720,True,0.5477622501326729,11306
AAPL,A-NOMACD-LOOKAHEAD,1984-02-08,1984-02-09,1984-02-27,1984-02-28,0.07935157955214893,0.0921500826729824,0.1612885741287915,12,799,811,True,0.5653097345132744,11300
AAPL,A-NOMACD-LOOKAHEAD,1984-04-02,1984-04-03,1984-04-03,1984-04-04,0.08489725987066625,0.08532384112425109,0.005024676346853774,1,836,837,True,0.5194058880735567,11311
AAPL,A-NOMACD-LOOKAHEAD,1984-09-10,1984-09-11,1984-09-11,1984-09-12,0.09087032401486617,0.09172350845967878,0.009389032712957324,1,947,948,True,0.5194058880735567,11311
AAPL,A-NOMACD-LOOKAHEAD,1984-10-03,1984-10-04,1984-10-08,1984-10-09,0.08660367131233215,0.084897261644581,-0.019703664312302194,3,964,967,True,0.5332920682642144,11309
AAPL,A-NOMACD-LOOKAHEAD,1984-10-12,1984-10-15,1984-10-24,1984-10-25,0.0819111093878746,0.08959051652144252,0.09375293767788606,8,971,979,True,0.5504246284501062,11304
AAPL,A-NOMACD-LOOKAHEAD,1984-11-20,1984-11-21,1984-11-30,1984-12-03,0.07892494648694992,0.08447066289506536,0.07026569741206479,7,998,1005,True,0.5473684210526316,11305
AAPL,A-NOMACD-LOOKAHEAD,1985-03-01,1985-03-04,1985-03-06,1985-03-07,0.08617701381444931,0.08404409438869084,-0.024750444826864504,3,1067,1070,True,0.5332920682642144,11309
AAPL,A-NOMACD-LOOKAHEAD,1985-03-08,1985-03-11,1985-03-22,1985-03-25,0.07593803852796555,0.07593802886981092,-1.271846733486015e-07,10,1072,1082,True,0.5561847460626438,11302
AAPL,A-NOMACD-LOOKAHEAD,1985-04-09,1985-04-10,1985-04-19,1985-04-22,0.07167210429906845,0.07679121369336331,0.07142401418736344,8,1093,1101,True,0.5504246284501062,11304
AAPL,A-NOMACD-LOOKAHEAD,1985-05-08,1985-05-09,1985-05-21,1985-05-22,0.06825940310955048,0.0708189825165329,0.03749782872953822,9,1114,1123,True,0.5541891533221268,11303
AAPL,A-NOMACD-LOOKAHEAD,1985-06-04,1985-06-05,1985-06-07,1985-06-10,0.05887358986662744,0.05588746525991084,-0.050720953376231726,3,1132,1135,True,0.5332920682642144,11309
AAPL,A-NOMACD-LOOKAHEAD,1985-06-17,1985-06-18,1985-07-01,1985-07-02,0.05204734206199646,0.061859719521782514,0.18852792613497904,10,1141,1151,True,0.5561847460626438,11302
AAPL,A-NOMACD-LOOKAHEAD,1985-07-25,1985-07-26,1985-07-26,1985-07-29,0.05674062669277191,0.05674064440789052,3.122122478327327e-07,1,1168,1169,True,0.5194058880735567,11311
AAPL,A-NOMACD-LOOKAHEAD,1985-08-07,1985-08-08,1985-08-14,1985-08-15,0.051620762795209885,0.04991438919905061,-0.03305595469266509,5,1177,1182,True,0.5444414964181481,11307
AAPL,A-NOMACD-LOOKAHEAD,1985-08-16,1985-08-19,1985-08-28,1985-08-29,0.051194168627262115,0.05204733995294502,0.01666540054385357,8,1184,1192,True,0.5504246284501062,11304
AAPL,A-NOMACD-LOOKAHEAD,1986-08-01,1986-08-04,1986-08-28,1986-08-29,0.1070815797440703,0.12841272144611146,0.1992045854480624,19,1425,1444,True,0.5821305233330382,11293
AAPL,A-NOMACD-LOOKAHEAD,1987-10-20,1987-10-21,1987-10-22,1987-10-23,0.26353815272603975,0.24471358008530758,-0.07143016085530962,2,1733,1735,True,0.5263483642793988,11310
AAPL,A-NOMACD-LOOKAHEAD,1987-10-27,1987-10-28,1987-11-09,1987-11-10,0.21048868897701464,0.24984775231629078,0.18698897090652755,9,1738,1747,True,0.5541891533221268,11303
AAPL,A-NOMACD-LOOKAHEAD,1988-05-23,1988-05-24,1988-06-15,1988-06-16,0.2617139500154473,0.30992436225555736,0.1842103267222268,16,1882,1898,True,0.5717953257790368,11296
AAPL,A-NOMACD-LOOKAHEAD,1988-07-28,1988-07-29,1988-08-08,1988-08-09,0.29787157080963433,0.30303668649924936,0.017340076045444297,7,1928,1935,True,0.5473684210526316,11305
AAPL,A-NOMACD-LOOKAHEAD,1988-08-25,1988-08-26,1988-08-31,1988-09-01,0.2760075370847937,0.2742826798808741,-0.006249311964947046,4,1948,1952,True,0.5386452069331447,11308
AAPL,A-NOMACD-LOOKAHEAD,1989-02-16,1989-02-17,1989-02-28,1989-03-01,0.2514834414602904,0.2514835332314483,3.649192859001005e-07,7,2069,2076,True,0.5473684210526316,11305
AAPL,A-NOMACD-LOOKAHEAD,1989-06-29,1989-06-30,1989-07-10,1989-07-11,0.28158308857230646,0.28332108222642466,0.0061722231364469415,6,2161,2167,True,0.5477622501326729,11306
AAPL,A-NOMACD-LOOKAHEAD,1989-07-12,1989-07-13,1989-07-17,1989-07-18,0.27810686448646527,0.2833210348749432,0.018748801465602316,3,2169,2172,True,0.5332920682642144,11309
AAPL,A-NOMACD-LOOKAHEAD,1989-12-19,1989-12-20,1990-01-09,1990-01-10,0.24976122379302979,0.26286119716935363,0.05244998874276585,13,2281,2294,True,0.5693424196831578,11299
AAPL,A-NOMACD-LOOKAHEAD,1990-01-22,1990-01-23,1990-02-06,1990-02-07,0.23578864336013794,0.23054924586577386,-0.022220737265795987,11,2303,2314,True,0.560746836563136,11301
AAPL,A-NOMACD-LOOKAHEAD,1990-04-30,1990-05-01,1990-05-14,1990-05-15,0.2786016920737008,0.28999121111797443,0.0408810117393712,10,2371,2381,True,0.5561847460626438,11302
AAPL,A-NOMACD-LOOKAHEAD,1990-08-23,1990-08-24,1990-09-05,1990-09-06,0.248495865652884,0.2502581600239973,0.007091845840103472,8,2452,2460,True,0.5504246284501062,11304
AAPL,A-NOMACD-LOOKAHEAD,1990-09-27,1990-09-28,1990-10-09,1990-10-10,0.2009114088963028,0.19210010512276032,-0.043856662107676914,8,2476,2484,True,0.5504246284501062,11304
AAPL,A-NOMACD-LOOKAHEAD,1990-10-10,1990-10-11,1990-10-15,1990-10-16,0.18857476447006383,0.1938623717399773,0.028039845547588538,3,2485,2488,True,0.5332920682642144,11309
AAPL,A-NOMACD-LOOKAHEAD,1991-05-02,1991-05-03,1991-05-15,1991-05-16,0.34731125831604004,0.3614871029900867,0.040815966469901044,9,2626,2635,True,0.5541891533221268,11303
AAPL,A-NOMACD-LOOKAHEAD,1991-05-28,1991-05-29,1991-06-05,1991-06-06,0.32865764592500407,0.3428706672015209,0.04324567358387288,6,2643,2649,True,0.5477622501326729,11306
AAPL,A-NOMACD-LOOKAHEAD,1991-06-20,1991-06-21,1991-07-12,1991-07-15,0.2984570264816284,0.33221155674139113,0.1130967853485616,15,2660,2675,True,0.5700628485438612,11297
AAPL,A-NOMACD-LOOKAHEAD,1991-11-06,1991-11-07,1991-11-14,1991-11-15,0.345425080190408,0.3881577722962053,0.12371044998308123,6,2757,2763,True,0.5477622501326729,11306
AAPL,A-NOMACD-LOOKAHEAD,1992-03-13,1992-03-16,1992-03-26,1992-03-27,0.44882838754658766,0.4568754630961814,0.017929069936019726,9,2845,2854,True,0.5541891533221268,11303
AAPL,A-NOMACD-LOOKAHEAD,1992-04-03,1992-04-06,1992-04-06,1992-04-07,0.4220061889991232,0.4363113584279584,0.03389800861158676,1,2860,2861,True,0.5194058880735567,11311
AAPL,A-NOMACD-LOOKAHEAD,1992-04-08,1992-04-09,1992-04-09,1992-04-10,0.4005480383947544,0.40948909093800573,0.022322048009731033,1,2863,2864,True,0.5194058880735567,11311
AAPL,A-NOMACD-LOOKAHEAD,1992-04-10,1992-04-13,1992-04-20,1992-04-21,0.39697191896468503,0.4077010304047,0.027027381352305202,5,2865,2870,True,0.5444414964181481,11307
AAPL,A-NOMACD-LOOKAHEAD,1992-05-28,1992-05-29,1992-06-01,1992-06-02,0.4273703694343567,0.41210432485207604,-0.03572087742649521,2,2897,2899,True,0.5263483642793988,11310
AAPL,A-NOMACD-LOOKAHEAD,1992-06-11,1992-06-12,1992-06-12,1992-06-15,0.3906030658804884,0.3870199276922488,-0.00917334885777854,1,2907,2908,True,0.5194058880735567,11311
AAPL,A-NOMACD-LOOKAHEAD,1992-06-19,1992-06-22,1992-07-06,1992-07-07,0.315349399913537,0.33147499899303956,0.051135658047625654,10,2913,2923,True,0.5561847460626438,11302
AAPL,A-NOMACD-LOOKAHEAD,1992-09-29,1992-09-30,1992-09-30,1992-10-01,0.32338360576086367,0.32158695599584325,-0.005555784934716201,1,2983,2984,True,0.5194058880735567,11311
AAPL,A-NOMACD-LOOKAHEAD,1992-10-02,1992-10-05,1992-10-29,1992-10-30,0.3108074203396516,0.38446712482242823,0.2369946779336254,19,2986,3005,True,0.5821305233330382,11293
AAPL,A-NOMACD-LOOKAHEAD,1993-02-16,1993-02-17,1993-02-26,1993-03-01,0.3843203319637939,0.3825159752958599,-0.004694928989871894,8,3079,3087,True,0.5504246284501062,11304
AAPL,A-NOMACD-LOOKAHEAD,1993-03-29,1993-03-30,1993-04-01,1993-04-02,0.36898366297639024,0.36447317313503985,-0.012224090912228203,3,3108,3111,True,0.5332920682642144,11309
AAPL,A-NOMACD-LOOKAHEAD,1993-04-06,1993-04-07,1993-04-12,1993-04-13,0.35364704712838707,0.3644732424325759,0.030612995052828884,3,3114,3117,True,0.5332920682642144,11309
AAPL,A-NOMACD-LOOKAHEAD,1993-04-13,1993-04-14,1993-04-14,1993-04-15,0.34823446720792584,0.3482346264787776,4.573667078400234e-07,1,3118,3119,True,0.5194058880735567,11311
AAPL,A-NOMACD-LOOKAHEAD,1993-04-15,1993-04-16,1993-05-11,1993-05-12,0.3482346170429016,0.39153781450350145,0.1243506398884664,18,3120,3138,True,0.5807508411545954,11294
AAPL,A-NOMACD-LOOKAHEAD,1993-06-21,1993-06-22,1993-06-30,1993-07-01,0.2956230904507348,0.282062372887513,-0.045871645352688284,7,3166,3173,True,0.5473684210526316,11305
AAPL,A-NOMACD-LOOKAHEAD,1993-07-09,1993-07-12,1993-07-15,1993-07-16,0.26578976141259525,0.20612251143666632,-0.22449040045340674,4,3179,3183,True,0.5386452069331447,11308
AAPL,A-NOMACD-LOOKAHEAD,1993-07-27,1993-07-28,1993-08-09,1993-08-10,0.18984986775378193,0.21335525339252284,0.12381038721199045,9,3191,3200,True,0.5541891533221268,11303
AAPL,A-NOMACD-LOOKAHEAD,1993-09-03,1993-09-07,1993-09-13,1993-09-14,0.1888694856364225,0.17615710198879242,-0.06730776866783905,5,3219,3224,True,0.5444414964181481,11307
AAPL,A-NOMACD-LOOKAHEAD,1994-03-30,1994-03-31,1994-04-11,1994-04-12,0.23778680778772662,0.24418840832472496,0.026921596688042948,7,3363,3370,True,0.5473684210526316,11305
AAPL,A-NOMACD-LOOKAHEAD,1994-04-20,1994-04-21,1994-05-06,1994-05-09,0.20852024756143842,0.2359570348069963,0.13157852806343873,11,3377,3388,True,0.560746836563136,11301
AAPL,A-NOMACD-LOOKAHEAD,1994-06-09,1994-06-10,1994-06-20,1994-06-21,0.19924430729259915,0.1974072090175776,-0.009220330056023518,7,3411,3418,True,0.5473684210526316,11305
AAPL,A-NOMACD-LOOKAHEAD,1994-09-30,1994-10-03,1994-10-19,1994-10-20,0.24784434707833586,0.3040473935823914,0.22676751423461572,13,3490,3503,True,0.5693424196831578,11299
AAPL,A-NOMACD-LOOKAHEAD,1994-11-28,1994-11-29,1994-11-30,1994-12-01,0.28093452767592314,0.2735412373978618,-0.0263167733038141,2,3530,3532,True,0.5263483642793988,11310
AAPL,A-NOMACD-LOOKAHEAD,1994-12-02,1994-12-05,1994-12-07,1994-12-08,0.2698449523813982,0.27261720335685014,0.010273495764833163,3,3534,3537,True,0.5332920682642144,11309
AAPL,A-NOMACD-LOOKAHEAD,1994-12-08,1994-12-09,1994-12-29,1994-12-30,0.2652246227101175,0.29110016189265303,0.0975608483033521,14,3538,3552,True,0.5691272791644539,11298
AAPL,A-NOMACD-LOOKAHEAD,1995-08-10,1995-08-11,1995-08-25,1995-08-28,0.3187285983474724,0.33450696828153786,0.0495040922461063,11,3707,3718,True,0.560746836563136,11301
AAPL,A-NOMACD-LOOKAHEAD,1995-09-22,1995-09-25,1995-10-05,1995-10-06,0.2851226713572086,0.2739412960986528,-0.039216016058391534,9,3737,3746,True,0.5541891533221268,11303
AAPL,A-NOMACD-LOOKAHEAD,1995-12-29,1996-01-02,1996-01-17,1996-01-18,0.2411460097631821,0.24581998126542157,0.019382329845845536,12,3805,3817,True,0.5653097345132744,11300
AAPL,A-NOMACD-LOOKAHEAD,1996-02-01,1996-02-02,1996-02-08,1996-02-09,0.2159105882314799,0.20843277040578964,-0.03463386342902841,5,3828,3833,True,0.5444414964181481,11307
AAPL,A-NOMACD-LOOKAHEAD,1996-03-08,1996-03-11,1996-03-20,1996-03-21,0.19628196501893708,0.1906742396480341,-0.028569743380967072,8,3853,3861,True,0.5504246284501062,11304
AAPL,A-NOMACD-LOOKAHEAD,1996-06-04,1996-06-05,1996-06-05,1996-06-06,0.18973962972108924,0.1869349816656629,-0.014781561762026496,1,3913,3914,True,0.5194058880735567,11311
AAPL,A-NOMACD-LOOKAHEAD,1996-06-11,1996-06-12,1996-06-14,1996-06-17,0.18319651614349813,0.18039265496853277,-0.01530521013166597,3,3918,3921,True,0.5332920682642144,11309
AAPL,A-NOMACD-LOOKAHEAD,1996-06-26,1996-06-27,1996-07-02,1996-07-03,0.14954783351149017,0.15235250097699268,0.01875431692754681,4,3929,3933,True,0.5386452069331447,11308
AAPL,A-NOMACD-LOOKAHEAD,1996-07-11,1996-07-12,1996-07-12,1996-07-15,0.1373977490907909,0.13552766111749964,-0.013610761352833456,1,3939,3940,True,0.5194058880735567,11311
AAPL,A-NOMACD-LOOKAHEAD,1996-07-15,1996-07-16,1996-07-29,1996-07-30,0.12992000733334338,0.16917641914279208,0.3021583250740296,10,3941,3951,True,0.5561847460626438,11302
AAPL,A-NOMACD-LOOKAHEAD,1996-09-13,1996-09-16,1996-09-25,1996-09-26,0.16076402709607854,0.16730718314647675,0.040700374135861805,8,3984,3992,True,0.5504246284501062,11304
AAPL,A-NOMACD-LOOKAHEAD,1996-10-31,1996-11-01,1996-11-13,1996-11-14,0.17478412636774668,0.19067426834420165,0.0909129582112167,9,4018,4027,True,0.5541891533221268,11303
AAPL,A-NOMACD-LOOKAHEAD,1996-12-19,1996-12-20,1996-12-27,1996-12-30,0.16824178044848165,0.17291491091425568,0.027776278004886024,5,4052,4057,True,0.5444414964181481,11307
AAPL,A-NOMACD-LOOKAHEAD,1997-01-17,1997-01-20,1997-01-24,1997-01-27,0.12618155943022297,0.12805079891787535,0.014813887988807561,5,4071,4076,True,0.5444414964181481,11307
AAPL,A-NOMACD-LOOKAHEAD,1997-01-29,1997-01-30,1997-01-30,1997-01-31,0.12524695694446564,0.12431233376264572,-0.0074622426334424174,1,4079,4080,True,0.5194058880735567,11311
AAPL,A-NOMACD-LOOKAHEAD,1997-02-05,1997-02-06,1997-02-20,1997-02-21,0.11403067269878757,0.12618155133377296,0.10655798433358354,10,4084,4094,True,0.5561847460626438,11302
AAPL,A-NOMACD-LOOKAHEAD,1997-05-07,1997-05-08,1997-05-16,1997-05-19,0.12431231637012052,0.13085462323680325,0.05262798616996256,7,4147,4154,True,0.5473684210526316,11305
AAPL,A-NOMACD-LOOKAHEAD,1997-06-05,1997-06-06,1997-06-06,1997-06-09,0.12431234679729614,0.12477963254759611,0.0037589649165092887,1,4167,4168,True,0.5194058880735567,11311
AAPL,A-NOMACD-LOOKAHEAD,1997-06-16,1997-06-17,1997-06-19,1997-06-20,0.11636724143496266,0.11730188321801907,0.008031828988390943,3,4174,4177,True,0.5332920682642144,11309
AAPL,A-NOMACD-LOOKAHEAD,1997-07-02,1997-07-03,1997-07-21,1997-07-22,0.09814141078267283,0.12244223548351076,0.24761030544639695,12,4186,4198,True,0.5653097345132744,11300
AAPL,A-NOMACD-LOOKAHEAD,1997-09-03,1997-09-04,1997-09-05,1997-09-08,0.16870909519229613,0.16637260337279577,-0.013849234487549156,2,4229,4231,True,0.5263483642793988,11310
AAPL,A-NOMACD-LOOKAHEAD,1997-10-27,1997-10-28,1997-11-10,1997-11-11,0.11963840850055224,0.14207087105193125,0.18750218121862994,10,4267,4277,True,0.5561847460626438,11302
AAPL,A-NOMACD-LOOKAHEAD,1997-12-15,1997-12-16,1997-12-17,1997-12-18,0.10468368587014547,0.10468371734699747,3.0068536216454333e-07,2,4301,4303,True,0.5263483642793988,11310
AAPL,A-NOMACD-LOOKAHEAD,1997-12-18,1997-12-19,1997-12-19,1997-12-22,0.10141257129891043,0.10374908020289499,0.02303963772990003,1,4304,4305,True,0.5194058880735567,11311
AAPL,A-NOMACD-LOOKAHEAD,1997-12-24,1997-12-26,1998-01-16,1998-01-20,0.09767323607524488,0.1425381749868393,0.4593370785527333,15,4308,4323,True,0.5700628485438612,11297
AAPL,A-NOMACD-LOOKAHEAD,1998-05-27,1998-05-28,1998-05-28,1998-05-29,0.20002036541904436,0.20562897350116682,0.028040185160008058,1,4412,4413,True,0.5194058880735567,11311
AAPL,A-NOMACD-LOOKAHEAD,1998-06-01,1998-06-02,1998-06-02,1998-06-03,0.1976838355041789,0.202825099597457,0.026007508809031687,1,4415,4416,True,0.5194058880735567,11311
AAPL,A-NOMACD-LOOKAHEAD,1998-06-03,1998-06-04,1998-06-17,1998-06-18,0.1990857251506892,0.20749819915232,0.042255535876634776,10,4417,4427,True,0.5561847460626438,11302
AAPL,A-NOMACD-LOOKAHEAD,1998-12-14,1998-12-15,1999-01-05,1999-01-06,0.2448853995097471,0.32994035221147583,0.3473255362386083,14,4552,4566,True,0.5691272791644539,11298
AAPL,A-NOMACD-LOOKAHEAD,1999-01-26,1999-01-27,1999-02-03,1999-02-04,0.30657334355234983,0.3004982447590645,-0.019816135098020826,6,4580,4586,True,0.5477622501326729,11306
AAPL,A-NOMACD-LOOKAHEAD,1999-03-08,1999-03-09,1999-03-09,1999-03-10,0.2565689289362582,0.2556342653995467,-0.003642933462702058,1,4608,4609,True,0.5194058880735567,11311
AAPL,A-NOMACD-LOOKAHEAD,1999-03-11,1999-03-12,1999-03-22,1999-03-23,0.24161331791026502,0.2575035375809734,0.06576715144737988,7,4611,4618,True,0.5473684210526316,11305
AAPL,A-NOMACD-LOOKAHEAD,1999-06-28,1999-06-29,1999-07-14,1999-07-15,0.3194252296270488,0.4178002551720269,0.30797512663554416,11,4686,4697,True,0.560746836563136,11301
AAPL,A-NOMACD-LOOKAHEAD,1999-09-30,1999-10-01,1999-10-18,1999-10-19,0.46453423818201484,0.5355695940145982,0.1529173739928944,12,4752,4764,True,0.5653097345132744,11300
AAPL,A-NOMACD-LOOKAHEAD,2000-05-11,2000-05-12,2000-05-12,2000-05-15,0.7926055869340184,0.8080277018311106,0.019457489514739024,1,4907,4908,True,0.5194058880735567,11311
AAPL,A-NOMACD-LOOKAHEAD,2000-05-15,2000-05-16,2000-05-17,2000-05-18,0.7815056207480167,0.7701730882084962,-0.014500897035997773,2,4909,4911,True,0.5263483642793988,11310
AAPL,A-NOMACD-LOOKAHEAD,2000-05-24,2000-05-25,2000-05-25,2000-05-26,0.6617509152797796,0.6580117892984644,-0.0056503525646569575,1,4916,4917,True,0.5194058880735567,11311
AAPL,A-NOMACD-LOOKAHEAD,2000-05-26,2000-05-30,2000-05-30,2000-05-31,0.6552074283007435,0.649599897389578,-0.00855840558112786,1,4918,4919,True,0.5194058880735567,11311
AAPL,A-NOMACD-LOOKAHEAD,2000-05-31,2000-06-01,2000-06-13,2000-06-14,0.6112784492940039,0.7080169709220336,0.15825606438401008,9,4920,4929,True,0.5541891533221268,11303
AAPL,A-NOMACD-LOOKAHEAD,2000-08-02,2000-08-03,2000-09-05,2000-09-06,0.6813785359299941,0.91785153248893,0.3470508448526055,23,4964,4987,True,0.5843741695455753,11289
AAPL,A-NOMACD-LOOKAHEAD,2000-10-11,2000-10-12,2000-10-23,2000-10-24,0.3037694069149728,0.3093780100831096,0.018463357535233094,8,5013,5021,True,0.5504246284501062,11304
AAPL,A-NOMACD-LOOKAHEAD,2000-10-27,2000-10-30,2000-11-07,2000-11-08,0.28601102950198876,0.3196588069703662,0.11764503462319609,7,5025,5032,True,0.5473684210526316,11305
AAPL,A-NOMACD-LOOKAHEAD,2000-11-22,2000-11-24,2000-11-27,2000-11-28,0.2820389019444616,0.27946783764137784,-0.00911599174921629,2,5043,5045,True,0.5263483642793988,11310
AAPL,A-NOMACD-LOOKAHEAD,2000-12-04,2000-12-05,2000-12-05,2000-12-06,0.25329682586762053,0.21871436829610935,-0.1365293759724604,1,5050,5051,True,0.5194058880735567,11311
AAPL,A-NOMACD-LOOKAHEAD,2000-12-08,2000-12-11,2000-12-14,2000-12-15,0.2271258533000946,0.21777980903355298,-0.04114918724903138,4,5054,5058,True,0.5386452069331447,11308
AAPL,A-NOMACD-LOOKAHEAD,2000-12-19,2000-12-20,2001-01-04,2001-01-05,0.2060962649213061,0.25329687729700884,0.2290221629864344,10,5061,5071,True,0.5561847460626438,11302
AAPL,A-NOMACD-LOOKAHEAD,2001-02-22,2001-02-23,2001-02-27,2001-02-28,0.2785332550071036,0.28974939853888865,0.04026859748398448,3,5104,5107,True,0.5332920682642144,11309
AAPL,A-NOMACD-LOOKAHEAD,2001-05-15,2001-05-16,2001-05-22,2001-05-23,0.3478489862305005,0.3551767721895446,0.02106599774359652,5,5161,5166,True,0.5444414964181481,11307
AAPL,A-NOMACD-LOOKAHEAD,2001-05-31,2001-06-01,2001-06-13,2001-06-14,0.30104015808696455,0.29969439012182747,-0.004470393497296499,9,5172,5181,True,0.5541891533221268,11303
AAPL,A-NOMACD-LOOKAHEAD,2001-07-30,2001-07-31,2001-08-08,2001-08-09,0.2881791003136355,0.2835430594416067,-0.0160873597945973,7,5213,5220,True,0.5473684210526316,11305
AAPL,A-NOMACD-LOOKAHEAD,2001-09-21,2001-09-24,2001-09-25,2001-09-26,0.240922330577862,0.23643528447798143,-0.018624450830764472,2,5247,5249,True,0.5263483642793988,11310
AAPL,A-NOMACD-LOOKAHEAD,2001-09-27,2001-09-28,2001-10-01,2001-10-02,0.2349404179326607,0.23075299879399125,-0.017823323783605738,2,5251,5253,True,0.5263483642793988,11310
AAPL,A-NOMACD-LOOKAHEAD,2002-06-13,2002-06-14,2002-06-19,2002-06-20,0.2877303514582655,0.2567739825638168,-0.10758812456717426,4,5429,5433,True,0.5386452069331447,11308
AAPL,A-NOMACD-LOOKAHEAD,2002-06-26,2002-06-27,2002-07-09,2002-07-10,0.2510910150759798,0.264849722614626,0.05479569842227461,8,5438,5446,True,0.5504246284501062,11304
AAPL,A-NOMACD-LOOKAHEAD,2002-07-26,2002-07-29,2002-08-02,2002-08-05,0.21654531921975073,0.2169942197204433,0.0020730094850816005,5,5459,5464,True,0.5444414964181481,11307
AAPL,A-NOMACD-LOOKAHEAD,2002-09-09,2002-09-10,2002-09-11,2002-09-12,0.21549852775706388,0.2123580021957018,-0.014573304022301503,2,5489,5491,True,0.5263483642793988,11310
AAPL,A-NOMACD-LOOKAHEAD,2002-12-09,2002-12-10,2002-12-17,2002-12-18,0.22058366145511832,0.22133146198564477,0.003390099364537935,6,5553,5559,True,0.5477622501326729,11306
AAPL,A-NOMACD-LOOKAHEAD,2002-12-20,2002-12-23,2002-12-26,2002-12-27,0.21176000379253918,0.21400361328064424,0.010595057838698851,3,5562,5565,True,0.5332920682642144,11309
AAPL,A-NOMACD-LOOKAHEAD,2003-01-24,2003-01-27,2003-02-06,2003-02-07,0.20458210454501743,0.217592186917658,0.06359345262174565,9,5584,5593,True,0.5541891533221268,11303
AAPL,A-NOMACD-LOOKAHEAD,2003-04-21,2003-04-22,2003-05-16,2003-05-19,0.19710438165085392,0.2771128906774257,0.40591948467333916,19,5643,5662,True,0.5821305233330382,11293
AAPL,A-NOMACD-LOOKAHEAD,2003-11-21,2003-11-24,2003-12-04,2003-12-05,0.3065733481359116,0.3125554604882368,0.019512825849666404,8,5794,5802,True,0.5504246284501062,11304
AAPL,A-NOMACD-LOOKAHEAD,2004-02-04,2004-02-05,2004-02-18,2004-02-19,0.3263142391453837,0.34889572684257303,0.06920166204309752,9,5843,5852,True,0.5541891533221268,11303
AAPL,A-NOMACD-LOOKAHEAD,2004-05-04,2004-05-05,2004-05-14,2004-05-17,0.39181596677857444,0.39929383356219833,0.019085150728045397,8,5905,5913,True,0.5504246284501062,11304
AAPL,A-NOMACD-LOOKAHEAD,2005-03-14,2005-03-15,2005-03-28,2005-03-29,1.215527651092341,1.2729536385247344,0.04724367017137565,9,6121,6130,True,0.5541891533221268,11303
AAPL,A-NOMACD-LOOKAHEAD,2005-04-22,2005-04-25,2005-05-10,2005-05-11,1.0914023628380813,1.052819398208214,-0.035351732728098884,12,6149,6161,True,0.5653097345132744,11300
AAPL,A-NOMACD-LOOKAHEAD,2005-06-14,2005-06-15,2005-06-24,2005-06-27,1.1027680849742412,1.1018702559182039,-0.0008141594486371639,8,6185,6193,True,0.5504246284501062,11304
AAPL,A-NOMACD-LOOKAHEAD,2006-01-30,2006-01-31,2006-02-02,2006-02-03,2.2581773538576173,2.1606716279448093,-0.043178949494927954,3,6343,6346,True,0.5332920682642144,11309
AAPL,A-NOMACD-LOOKAHEAD,2006-02-09,2006-02-10,2006-02-10,2006-02-13,1.949509480675188,1.9928778925342898,0.02224580710635049,1,6351,6352,True,0.5194058880735567,11311
AAPL,A-NOMACD-LOOKAHEAD,2006-02-13,2006-02-14,2006-02-27,2006-02-28,1.9471172861810209,2.140931297577537,0.09953895061794316,9,6353,6362,True,0.5541891533221268,11303
AAPL,A-NOMACD-LOOKAHEAD,2006-03-10,2006-03-13,2006-03-20,2006-03-21,1.9456219166629112,1.848714828491211,-0.049807769609171104,6,6371,6377,True,0.5477622501326729,11306
AAPL,A-NOMACD-LOOKAHEAD,2006-03-28,2006-03-29,2006-04-11,2006-04-12,1.7685562039757006,2.034154212485551,0.15017787272623173,10,6383,6393,True,0.5561847460626438,11302
AAPL,A-NOMACD-LOOKAHEAD,2006-05-23,2006-05-24,2006-05-26,2006-05-30,1.884007252255722,1.8929805204432737,0.004762862869454487,3,6422,6425,True,0.5332920682642144,11309
AAPL,A-NOMACD-LOOKAHEAD,2006-05-31,2006-06-01,2006-06-05,2006-06-06,1.7900920124303956,1.8011577050299994,0.006181633414798604,3,6427,6430,True,0.5332920682642144,11309
AAPL,A-NOMACD-LOOKAHEAD,2006-06-07,2006-06-08,2006-06-09,2006-06-12,1.747919268902757,1.7766320332174554,0.01642682521185468,2,6432,6434,True,0.5263483642793988,11310
AAPL,A-NOMACD-LOOKAHEAD,2006-07-14,2006-07-17,2006-08-03,2006-08-04,1.547225754745026,2.0054409862914584,0.29615279485956036,14,6458,6472,True,0.5691272791644539,11298
AAPL,A-NOMACD-LOOKAHEAD,2006-12-26,2006-12-27,2007-01-17,2007-01-18,2.337437668282873,2.754676747204962,0.17850276162812095,13,6572,6585,True,0.5693424196831578,11299
AAPL,A-NOMACD-LOOKAHEAD,2007-02-01,2007-02-02,2007-02-02,2007-02-05,2.5159972547936547,2.5213812305737466,0.0021398973189792336,1,6596,6597,True,0.5194058880735567,11311
AAPL,A-NOMACD-LOOKAHEAD,2007-02-05,2007-02-06,2007-02-26,2007-02-27,2.5258677500524853,2.5812009820306376,0.021906622774293227,14,6598,6612,True,0.5691272791644539,11298
AAPL,A-NOMACD-LOOKAHEAD,2007-08-10,2007-08-13,2007-08-13,2007-08-14,3.8380047638255257,3.837108390927275,-0.00023355179407258397,1,6728,6729,True,0.5194058880735567,11311
AAPL,A-NOMACD-LOOKAHEAD,2007-08-16,2007-08-17,2007-09-04,2007-09-05,3.64927467138221,4.335998922599353,0.18818102583575547,12,6732,6744,True,0.5653097345132744,11300
AAPL,A-NOMACD-LOOKAHEAD,2008-01-18,2008-01-22,2008-01-23,2008-01-24,4.428419160351184,4.187049086981425,-0.054504793839483257,2,6839,6841,True,0.5263483642793988,11310
AAPL,A-NOMACD-LOOKAHEAD,2008-01-30,2008-01-31,2008-02-05,2008-02-06,3.8718014705659445,3.913078515629926,0.010660940489272575,4,6846,6850,True,0.5386452069331447,11308
AAPL,A-NOMACD-LOOKAHEAD,2008-02-07,2008-02-08,2008-02-20,2008-02-21,3.6513682086851986,3.770109608469432,0.03251970028708495,8,6852,6860,True,0.5504246284501062,11304
AAPL,A-NOMACD-LOOKAHEAD,2008-09-10,2008-09-11,2008-09-11,2008-09-12,4.432007599775039,4.513663130492593,0.018424050247950463,1,7001,7002,True,0.5194058880735567,11311
AAPL,A-NOMACD-LOOKAHEAD,2008-09-17,2008-09-18,2008-09-26,2008-09-29,3.905300141319662,3.5777901699857186,-0.0838629450957572,7,7006,7013,True,0.5473684210526316,11305
AAPL,A-NOMACD-LOOKAHEAD,2008-10-09,2008-10-10,2008-10-20,2008-10-21,2.5632551503747734,2.899738804474201,0.1312720093628723,7,7022,7029,True,0.5473684210526316,11305
AAPL,A-NOMACD-LOOKAHEAD,2008-12-29,2008-12-30,2008-12-30,2008-12-31,2.6146997143031263,2.5713305434664515,-0.016586673643414374,1,7077,7078,True,0.5194058880735567,11311
AAPL,A-NOMACD-LOOKAHEAD,2009-06-23,2009-06-24,2009-07-02,2009-07-06,4.05036321799517,4.148463985316248,0.02422023952944019,7,7198,7205,True,0.5473684210526316,11305
AAPL,A-NOMACD-LOOKAHEAD,2009-12-08,2009-12-09,2009-12-16,2009-12-17,5.72111766539482,5.810244651101539,0.015578596861557159,6,7315,7321,True,0.5477622501326729,11306
AAPL,A-NOMACD-LOOKAHEAD,2010-02-08,2010-02-09,2010-02-22,2010-02-23,5.874848962265179,5.981926280306654,0.018226395049344202,9,7356,7365,True,0.5541891533221268,11303
AAPL,A-NOMACD-LOOKAHEAD,2010-07-06,2010-07-07,2010-07-15,2010-07-16,7.492064485732728,7.572521135245844,0.010738915777664726,7,7458,7465,True,0.5473684210526316,11305
AAPL,A-NOMACD-LOOKAHEAD,2010-08-26,2010-08-27,2010-09-20,2010-09-21,7.230652941983338,8.490145787698031,0.17418798216710152,16,7495,7511,True,0.5717953257790368,11296
AAPL,A-NOMACD-LOOKAHEAD,2011-04-15,2011-04-18,2011-04-29,2011-05-02,9.753532369242146,10.460595424457523,0.0724930239064061,9,7656,7665,True,0.5541891533221268,11303
AAPL,A-NOMACD-LOOKAHEAD,2011-05-17,2011-05-18,2011-05-20,2011-05-23,10.063694466562351,9.869284226441229,-0.019317979174255595,3,7677,7680,True,0.5332920682642144,11309
AAPL,A-NOMACD-LOOKAHEAD,2011-10-04,2011-10-05,2011-10-18,2011-10-19,11.00255872408989,12.004229103841826,0.09103976673705882,10,7774,7784,True,0.5561847460626438,11302
AAPL,A-NOMACD-LOOKAHEAD,2011-11-21,2011-11-22,2011-11-22,2011-11-23,11.09707125374696,11.201454811785142,0.009406406037353099,1,7808,7809,True,0.5194058880735567,11311
AAPL,A-NOMACD-LOOKAHEAD,2011-11-25,2011-11-28,2011-12-12,2011-12-13,11.136849908481425,11.754484208259154,0.05545861754923731,11,7811,7822,True,0.560746836563136,11301
AAPL,A-NOMACD-LOOKAHEAD,2012-10-15,2012-10-16,2012-10-18,2012-10-19,19.085273069920788,18.955507993452684,-0.006799225559555588,3,8034,8037,True,0.5332920682642144,11309
AAPL,A-NOMACD-LOOKAHEAD,2012-11-09,2012-11-12,2012-11-13,2012-11-14,16.72160935164304,16.460594209236834,-0.015609451035318966,2,8051,8053,True,0.5263483642793988,11310
AAPL,A-NOMACD-LOOKAHEAD,2012-11-15,2012-11-16,2012-12-03,2012-12-04,15.848033093072578,17.55595765007497,0.10776886614080539,11,8055,8066,True,0.560746836563136,11301
AAPL,A-NOMACD-LOOKAHEAD,2013-03-04,2013-03-05,2013-03-26,2013-03-27,12.792382147036486,13.854065964867864,0.08299344138005837,16,8127,8143,True,0.5717953257790368,11296
AAPL,A-NOMACD-LOOKAHEAD,2013-04-09,2013-04-10,2013-04-12,2013-04-15,12.993307038683673,12.959920461860293,-0.0025695211176016697,3,8152,8155,True,0.5332920682642144,11309
AAPL,A-NOMACD-LOOKAHEAD,2013-04-22,2013-04-23,2013-05-09,2013-05-10,12.261543127621325,13.99190114331124,0.141120738040873,13,8161,8174,True,0.5693424196831578,11299
AAPL,A-NOMACD-LOOKAHEAD,2013-06-27,2013-06-28,2013-07-18,2013-07-19,11.956830464900193,13.232071619372865,0.1066537790442208,14,8208,8222,True,0.5691272791644539,11298
AAPL,A-NOMACD-LOOKAHEAD,2013-09-18,2013-09-19,2013-10-02,2013-10-03,14.475781766643095,15.085008909347913,0.042085957948652775,10,8265,8275,True,0.5561847460626438,11302
AAPL,A-NOMACD-LOOKAHEAD,2014-02-05,2014-02-06,2014-02-19,2014-02-20,15.872269381670641,16.585825877405007,0.04495617347311298,9,8361,8370,True,0.5541891533221268,11303
AAPL,A-NOMACD-LOOKAHEAD,2014-06-25,2014-06-26,2014-07-10,2014-07-11,19.795162822989443,20.88820640713718,0.055217711211665854,10,8458,8468,True,0.5561847460626438,11302
AAPL,A-NOMACD-LOOKAHEAD,2015-03-13,2015-03-16,2015-03-24,2015-03-25,27.496699838038737,28.08712909527531,0.021472731662865785,7,8638,8645,True,0.5473684210526316,11305
AAPL,A-NOMACD-LOOKAHEAD,2015-07-09,2015-07-10,2015-07-21,2015-07-22,27.179159625272575,27.190302192755343,0.00040996732924769574,8,8719,8727,True,0.5504246284501062,11304
AAPL,A-NOMACD-LOOKAHEAD,2015-08-05,2015-08-06,2015-08-19,2015-08-20,25.965507100240163,25.542333254611485,-0.016297538268557954,10,8738,8748,True,0.5561847460626438,11302
AAPL,A-NOMACD-LOOKAHEAD,2015-12-22,2015-12-23,2015-12-30,2015-12-31,24.120396142449295,24.061939474872332,-0.002423536795653436,5,8835,8840,True,0.5444414964181481,11307
AAPL,A-NOMACD-LOOKAHEAD,2015-12-31,2016-01-04,2016-01-04,2016-01-05,23.072563763387645,23.778619886268466,0.030601546066641117,1,8841,8842,True,0.5194058880735567,11311
AAPL,A-NOMACD-LOOKAHEAD,2016-01-11,2016-01-12,2016-01-12,2016-01-13,22.609358643191765,22.557645994841828,-0.0022872231435679957,1,8847,8848,True,0.5194058880735567,11311
AAPL,A-NOMACD-LOOKAHEAD,2016-01-13,2016-01-14,2016-01-26,2016-01-27,22.026976177281448,21.59524804358822,-0.01959997278875303,8,8849,8857,True,0.5504246284501062,11304
AAPL,A-NOMACD-LOOKAHEAD,2016-05-02,2016-05-03,2016-05-04,2016-05-05,21.29645296422147,21.380621124700756,0.003952214982499314,2,8924,8926,True,0.5263483642793988,11310
AAPL,A-NOMACD-LOOKAHEAD,2016-05-06,2016-05-09,2016-05-31,2016-06-01,21.153170823695866,22.52244251404356,0.06473127370643805,16,8928,8944,True,0.5717953257790368,11296
AAPL,A-NOMACD-LOOKAHEAD,2016-06-22,2016-06-23,2016-06-23,2016-06-24,21.821884717278408,21.132698469807497,-0.03158234297357543,1,8960,8961,True,0.5194058880735567,11311
AAPL,A-NOMACD-LOOKAHEAD,2016-06-27,2016-06-28,2016-07-20,2016-07-21,21.130427064931602,22.706679592844274,0.07459634029492213,16,8963,8979,True,0.5717953257790368,11296
AAPL,A-NOMACD-LOOKAHEAD,2016-11-07,2016-11-08,2016-11-11,2016-11-14,25.35582822681413,24.758196733598787,-0.023569787895287075,4,9056,9060,True,0.5386452069331447,11308
AAPL,A-NOMACD-LOOKAHEAD,2017-09-25,2017-09-26,2017-10-11,2017-10-12,35.322154239705256,36.38569824724422,0.03010982853201649,12,9277,9289,True,0.5653097345132744,11300
AAPL,A-NOMACD-LOOKAHEAD,2018-02-05,2018-02-06,2018-02-07,2018-02-08,36.161500373275416,37.43671114354451,0.035264321366806906,2,9368,9370,True,0.5263483642793988,11310
AAPL,A-NOMACD-LOOKAHEAD,2018-02-08,2018-02-09,2018-02-27,2018-02-28,36.83423501638265,42.03796544341421,0.1412742907438449,12,9371,9383,True,0.5653097345132744,11300
AAPL,A-NOMACD-LOOKAHEAD,2018-04-02,2018-04-03,2018-04-18,2018-04-19,39.31297982072446,40.748166767939104,0.03650669457668698,12,9406,9418,True,0.5653097345132744,11300
AAPL,A-NOMACD-LOOKAHEAD,2018-06-26,2018-06-27,2018-07-17,2018-07-18,43.60548924535381,45.147433749220426,0.03536124764454773,14,9466,9480,True,0.5691272791644539,11298
AAPL,A-NOMACD-LOOKAHEAD,2018-11-15,2018-11-16,2018-11-16,2018-11-19,45.16042002511673,45.041894349182606,-0.002624547687293477,1,9566,9567,True,0.5194058880735567,11311
AAPL,A-NOMACD-LOOKAHEAD,2018-11-26,2018-11-27,2018-12-06,2018-12-07,40.65859891607065,41.12798947795305,0.011544681184202599,7,9572,9579,True,0.5473684210526316,11305
AAPL,A-NOMACD-LOOKAHEAD,2018-12-24,2018-12-26,2019-01-02,2019-01-03,35.156370059261675,34.132268116287044,-0.029129911343188875,5,9591,9596,True,0.5444414964181481,11307
AAPL,A-NOMACD-LOOKAHEAD,2019-06-03,2019-06-04,2019-06-20,2019-06-21,41.92947146858037,47.51241796627832,0.13315089129805768,13,9700,9713,True,0.5693424196831578,11299
AAPL,A-NOMACD-LOOKAHEAD,2020-03-23,2020-03-24,2020-04-02,2020-04-03,57.008959824529704,58.56226659383969,0.027246713044598136,8,9903,9911,True,0.5504246284501062,11304
AAPL,A-NOMACD-LOOKAHEAD,2020-09-18,2020-09-21,2020-10-07,2020-10-08,101.31366180172101,112.66227875286972,0.11201467550702948,13,10028,10041,True,0.5693424196831578,11299
AAPL,A-NOMACD-LOOKAHEAD,2020-10-28,2020-10-29,2020-10-29,2020-10-30,108.90201007579887,107.63245134560678,-0.011657808054309049,1,10056,10057,True,0.5194058880735567,11311
AAPL,A-NOMACD-LOOKAHEAD,2021-10-05,2021-10-06,2021-10-26,2021-10-27,136.0349830573943,145.68143968000115,0.0709115876357842,15,10291,10306,True,0.5700628485438612,11297
AAPL,A-NOMACD-LOOKAHEAD,2022-01-24,2022-01-25,2022-02-09,2022-02-10,155.29081165334586,170.31571564595043,0.09675333545261222,12,10367,10379,True,0.5653097345132744,11300
AAPL,A-NOMACD-LOOKAHEAD,2022-04-19,2022-04-20,2022-04-21,2022-04-22,165.05389393478876,162.80440987833427,-0.013628785136951982,2,10426,10428,True,0.5263483642793988,11310
AAPL,A-NOMACD-LOOKAHEAD,2022-04-22,2022-04-25,2022-04-25,2022-04-26,157.5816959947762,158.68684707978605,0.00701319450862159,1,10429,10430,True,0.5194058880735567,11311
AAPL,A-NOMACD-LOOKAHEAD,2022-04-27,2022-04-28,2022-05-06,2022-05-09,155.75271956865106,151.75023984870148,-0.025697655431213273,7,10432,10439,True,0.5473684210526316,11305
AAPL,A-NOMACD-LOOKAHEAD,2022-05-13,2022-05-16,2022-05-17,2022-05-18,142.56275232444813,143.83608013972986,0.008931700563579614,2,10444,10446,True,0.5263483642793988,11310
AAPL,A-NOMACD-LOOKAHEAD,2022-05-20,2022-05-23,2022-06-03,2022-06-06,134.96201586760006,144.01238876362018,0.06705866712081932,9,10449,10458,True,0.5541891533221268,11303
AAPL,A-NOMACD-LOOKAHEAD,2022-06-21,2022-06-22,2022-06-30,2022-07-01,132.0235937967665,133.24794276909347,0.009273713410738571,7,10469,10476,True,0.5473684210526316,11305
AAPL,A-NOMACD-LOOKAHEAD,2022-09-08,2022-09-09,2022-09-14,2022-09-15,152.49069467763707,151.6863795720259,-0.005274519257135402,4,10524,10528,True,0.5386452069331447,11308
AAPL,A-NOMACD-LOOKAHEAD,2022-09-16,2022-09-19,2022-09-22,2022-09-23,146.44871449211215,148.29270193451399,0.012591352875966466,4,10530,10534,True,0.5386452069331447,11308
AAPL,A-NOMACD-LOOKAHEAD,2022-10-03,2022-10-04,2022-10-06,2022-10-07,142.25072959734777,139.80847323243142,-0.017168673734253237,3,10541,10544,True,0.5332920682642144,11309
AAPL,A-NOMACD-LOOKAHEAD,2022-12-28,2022-12-29,2023-01-04,2023-01-05,125.74554877459363,124.90062068574457,-0.0067193478980607235,4,10601,10605,True,0.5386452069331447,11308
AAPL,A-NOMACD-LOOKAHEAD,2023-08-17,2023-08-18,2023-09-05,2023-09-06,170.0007364455324,185.88589107308178,0.09344168125200403,12,10760,10772,True,0.5653097345132744,11300
AAPL,A-NOMACD-LOOKAHEAD,2023-09-22,2023-09-25,2023-09-25,2023-09-26,171.8753837600089,172.4871029695211,0.003559085635941539,1,10785,10786,True,0.5194058880735567,11311
AAPL,A-NOMACD-LOOKAHEAD,2023-09-28,2023-09-29,2023-10-13,2023-10-16,169.72448150635748,174.39132507709223,0.027496584637142885,11,10789,10800,True,0.560746836563136,11301
AAPL,A-NOMACD-LOOKAHEAD,2023-10-27,2023-10-30,2023-11-20,2023-11-21,166.76450604315932,189.10452557023848,0.1339614769182207,16,10810,10826,True,0.5717953257790368,11296
AAPL,A-NOMACD-LOOKAHEAD,2024-01-05,2024-01-08,2024-01-26,2024-01-29,179.89676064456035,189.6972958396627,0.054478664095938045,14,10857,10871,True,0.5691272791644539,11298
AAPL,A-NOMACD-LOOKAHEAD,2024-03-08,2024-03-11,2024-03-20,2024-03-21,171.07500788792643,175.14068113790177,0.023765442423003158,8,10900,10908,True,0.5504246284501062,11304
AAPL,A-NOMACD-LOOKAHEAD,2024-04-08,2024-04-09,2024-04-09,2024-04-10,166.88073030235694,166.97964653177021,0.000592736077041689,1,10920,10921,True,0.5194058880735567,11311
AAPL,A-NOMACD-LOOKAHEAD,2024-04-23,2024-04-24,2024-05-21,2024-05-22,164.74402954196006,190.45450146899057,0.15606314837942037,20,10931,10951,True,0.5808537017357421,11292
AAPL,A-NOMACD-LOOKAHEAD,2025-01-14,2025-01-15,2025-01-15,2025-01-16,232.94946471611047,235.6399687194268,0.011549732499257725,1,11113,11114,True,0.5194058880735567,11311
AAPL,A-NOMACD-LOOKAHEAD,2025-01-22,2025-01-23,2025-01-31,2025-02-03,223.1208199792776,228.33299411580026,0.023360321717205812,7,11118,11125,True,0.5473684210526316,11305
AAPL,A-NOMACD-LOOKAHEAD,2025-03-19,2025-03-20,2025-04-02,2025-04-03,212.6818553101102,204.28351646204925,-0.03948780132567198,10,11157,11167,True,0.5561847460626438,11302
AAPL,A-NOMACD-LOOKAHEAD,2025-06-18,2025-06-20,2025-07-07,2025-07-08,197.28651411005004,209.08947184941582,0.05982648024680426,11,11220,11231,True,0.560746836563136,11301
AAPL,A-NOMACD-LOOKAHEAD,2026-01-20,2026-01-21,2026-02-09,2026-02-10,248.02489020045314,274.40031021957236,0.10634182721662588,14,11367,11381,True,0.5691272791644539,11298
AAPL,A-NOMACD-LOOKAHEAD,2026-03-16,2026-03-17,2026-03-17,2026-03-18,252.5093881906664,252.1799767808244,-0.0013045511384839337,1,11405,11406,True,0.5194058880735567,11311
AAPL,A-NOMACD-LOOKAHEAD,2026-03-20,2026-03-23,2026-03-27,2026-03-30,253.51758537106093,249.62453299565456,-0.015356143321215043,5,11409,11414,True,0.5444414964181481,11307
AAPL,A-NOMACD-LOOKAHEAD,2026-06-15,2026-06-16,2026-06-24,2026-06-25,294.99559499590845,287.1523472601469,-0.026587677473185134,6,11468,11474,True,0.5477622501326729,11306
AAPL,A-NOMACD-LOOKAHEAD,2026-08-13,2026-08-14,,,306.0,,,3,11509,-1,False,,0
MSFT,A-NOMACD-LOOKAHEAD,1987-05-27,1987-05-28,1987-06-04,1987-06-05,0.23122263833817375,0.23755767662103064,0.027398001892840584,6,305,311,True,0.5567134268537074,9980
MSFT,A-NOMACD-LOOKAHEAD,1987-06-16,1987-06-17,1987-06-29,1987-06-30,0.21274593278771395,0.22066452194371372,0.03722087210899239,9,319,328,True,0.5753232434599579,9977
MSFT,A-NOMACD-LOOKAHEAD,1987-10-21,1987-10-22,1987-10-22,1987-10-23,0.23966921377662231,0.22172030422496636,-0.07489034268867256,1,408,409,True,0.5200801201802704,9985
MSFT,A-NOMACD-LOOKAHEAD,1987-10-28,1987-10-29,1987-11-13,1987-11-16,0.17420870890362977,0.20588348095685616,0.1818208300409856,12,413,425,True,0.5919390415079205,9974
MSFT,A-NOMACD-LOOKAHEAD,1988-07-28,1988-07-29,1988-08-01,1988-08-02,0.24705998246239136,0.24706017157460927,7.654506246623782e-07,2,602,604,True,0.5297475961538461,9984
MSFT,A-NOMACD-LOOKAHEAD,1988-08-04,1988-08-05,1988-08-08,1988-08-09,0.23439057356242873,0.22383251776328386,-0.045044711648068,2,607,609,True,0.5297475961538461,9984
MSFT,A-NOMACD-LOOKAHEAD,1988-08-10,1988-08-11,1988-08-19,1988-08-22,0.2153859594417376,0.2122180342139552,-0.014708132489199444,7,611,618,True,0.5661889968934763,9979
MSFT,A-NOMACD-LOOKAHEAD,1988-10-10,1988-10-11,1988-10-21,1988-10-24,0.21010662615299222,0.2248881308360399,0.07035239656023173,9,653,662,True,0.5753232434599579,9977
MSFT,A-NOMACD-LOOKAHEAD,1988-11-22,1988-11-23,1988-12-07,1988-12-08,0.19532551967410847,0.2079949736889736,0.06486328072237324,10,684,694,True,0.5839013632718525,9976
MSFT,A-NOMACD-LOOKAHEAD,1989-03-01,1989-03-02,1989-03-06,1989-03-07,0.2502272387715026,0.2523394434758699,0.008441146194703819,3,751,754,True,0.543223479915857,9983
MSFT,A-NOMACD-LOOKAHEAD,1989-03-20,1989-03-21,1989-04-10,1989-04-11,0.19743703305379326,0.21749733116764364,0.10160352292360875,14,764,778,True,0.5952667468912957,9972
MSFT,A-NOMACD-LOOKAHEAD,1989-06-22,1989-06-23,1989-06-26,1989-06-27,0.23439055431543718,0.23122265165312111,-0.013515487736134535,2,830,832,True,0.5297475961538461,9984
MSFT,A-NOMACD-LOOKAHEAD,1989-06-29,1989-06-30,1989-07-12,1989-07-13,0.21960889228581382,0.22436035597277973,0.021636025925498625,8,835,843,True,0.5703547805171377,9978
MSFT,A-NOMACD-LOOKAHEAD,1989-12-18,1989-12-19,1990-01-04,1990-01-05,0.3304692047149624,0.3864273734382408,0.1693294501420901,11,954,965,True,0.5885714285714285,9975
MSFT,A-NOMACD-LOOKAHEAD,1990-08-07,1990-08-08,1990-08-16,1990-08-17,0.5279063197032745,0.5152359841052382,-0.024001106115111637,7,1114,1121,True,0.5661889968934763,9979
MSFT,A-NOMACD-LOOKAHEAD,1991-03-19,1991-03-20,1991-03-20,1991-03-21,0.8362030982971191,0.840426195834009,0.005050325148866275,1,1269,1270,True,0.5200801201802704,9985
MSFT,A-NOMACD-LOOKAHEAD,1991-04-30,1991-05-01,1991-05-13,1991-05-14,0.8319801367570426,0.8668215205003283,0.04187766294408557,9,1298,1307,True,0.5753232434599579,9977
MSFT,A-NOMACD-LOOKAHEAD,1991-06-27,1991-06-28,1991-07-03,1991-07-05,0.8583752495805357,0.8076962435489129,-0.05904061895585666,4,1339,1343,True,0.5463834902825085,9982
MSFT,A-NOMACD-LOOKAHEAD,1992-04-30,1992-05-01,1992-05-12,1992-05-13,1.40000755480609,1.4411838988468029,0.029411515601725613,8,1552,1560,True,0.5703547805171377,9978
MSFT,A-NOMACD-LOOKAHEAD,1992-06-19,1992-06-22,1992-06-25,1992-06-26,1.3920884986238302,1.320821406573142,-0.05119436883584649,4,1587,1591,True,0.5463834902825085,9982
MSFT,A-NOMACD-LOOKAHEAD,1993-04-26,1993-04-27,1993-05-10,1993-05-11,1.5298715194066366,1.6771576568050666,0.09627353377723846,10,1801,1811,True,0.5839013632718525,9976
MSFT,A-NOMACD-LOOKAHEAD,1993-06-24,1993-06-25,1993-06-30,1993-07-01,1.6819080114364626,1.6771585709090537,-0.002823840837378855,4,1843,1847,True,0.5463834902825085,9982
MSFT,A-NOMACD-LOOKAHEAD,1993-07-07,1993-07-08,1993-07-12,1993-07-13,1.5963873067291388,1.596388640594272,8.355523297698397e-07,3,1851,1854,True,0.543223479915857,9983
MSFT,A-NOMACD-LOOKAHEAD,1993-07-13,1993-07-14,1993-07-15,1993-07-16,1.5773827755062158,1.5821346029486347,0.0030124758024532294,2,1855,1857,True,0.5297475961538461,9984
MSFT,A-NOMACD-LOOKAHEAD,1993-07-20,1993-07-21,1993-07-21,1993-07-22,1.4918621627590323,1.534623678250153,0.028663181196336485,1,1860,1861,True,0.5200801201802704,9985
MSFT,A-NOMACD-LOOKAHEAD,1993-07-27,1993-07-28,1993-07-30,1993-08-02,1.4443504271387602,1.4205955990152548,-0.016446720738376053,3,1865,1868,True,0.543223479915857,9983
MSFT,A-NOMACD-LOOKAHEAD,1993-08-04,1993-08-05,1993-08-05,1993-08-06,1.3968391118712948,1.4205952156137103,0.01700704364627237,1,1871,1872,True,0.5200801201802704,9985
MSFT,A-NOMACD-LOOKAHEAD,1993-08-10,1993-08-11,1993-08-23,1993-08-24,1.3540793814152252,1.4538532151082308,0.07368388815486315,9,1875,1884,True,0.5753232434599579,9977
MSFT,A-NOMACD-LOOKAHEAD,1994-02-14,1994-02-15,1994-02-15,1994-02-16,1.5156180858612063,1.525121028235773,0.00627001120085402,1,2006,2007,True,0.5200801201802704,9985
MSFT,A-NOMACD-LOOKAHEAD,1995-02-02,1995-02-03,1995-02-14,1995-02-15,2.2615492026887187,2.2853060402103664,0.010504674182371776,8,2250,2258,True,0.5703547805171377,9978
MSFT,A-NOMACD-LOOKAHEAD,1995-11-22,1995-11-24,1995-12-04,1995-12-05,3.3305592212731097,3.340061905706809,0.002853179842293052,7,2454,2461,True,0.5661889968934763,9979
MSFT,A-NOMACD-LOOKAHEAD,1996-07-15,1996-07-16,1996-07-23,1996-07-24,4.190516903554805,4.162011377172533,-0.006802389069971548,6,2615,2621,True,0.5567134268537074,9980
MSFT,A-NOMACD-LOOKAHEAD,1997-12-26,1997-12-29,1998-01-08,1998-01-09,9.302760835921564,9.887151095810838,0.06281901364514453,8,2983,2991,True,0.5703547805171377,9978
MSFT,A-NOMACD-LOOKAHEAD,1998-05-07,1998-05-08,1998-05-20,1998-05-21,12.44802167742315,13.046672767909666,0.04809206683599232,9,3073,3082,True,0.5753232434599579,9977
MSFT,A-NOMACD-LOOKAHEAD,1998-08-05,1998-08-06,1998-08-10,1998-08-11,15.773835433156867,15.640795697906585,-0.00843420332448952,3,3135,3138,True,0.543223479915857,9983
MSFT,A-NOMACD-LOOKAHEAD,1998-08-11,1998-08-12,1998-08-26,1998-08-27,15.859352390373271,16.809577626549135,0.059915765334318305,11,3139,3150,True,0.5885714285714285,9975
MSFT,A-NOMACD-LOOKAHEAD,1999-05-07,1999-05-10,1999-05-13,1999-05-14,24.287890750660615,23.983828719844663,-0.012519079319709192,4,3325,3329,True,0.5463834902825085,9982
MSFT,A-NOMACD-LOOKAHEAD,1999-08-04,1999-08-05,1999-08-06,1999-08-09,25.960301696732856,26.03631744270979,0.0029281534115030983,2,3386,3388,True,0.5297475961538461,9984
MSFT,A-NOMACD-LOOKAHEAD,1999-08-09,1999-08-10,1999-08-31,1999-09-01,25.409177675225635,28.069818701892487,0.10471181164044596,16,3389,3405,True,0.6038114343029087,9970
MSFT,A-NOMACD-LOOKAHEAD,2000-01-31,2000-02-01,2000-02-10,2000-02-11,29.951277899032803,31.889730657466583,0.06472020208848517,8,3510,3518,True,0.5703547805171377,9978
MSFT,A-NOMACD-LOOKAHEAD,2000-02-25,2000-02-28,2000-02-28,2000-02-29,27.44265620521311,27.89877683199369,0.01662086291391618,1,3528,3529,True,0.5200801201802704,9985
MSFT,A-NOMACD-LOOKAHEAD,2000-02-29,2000-03-01,2000-03-13,2000-03-14,27.252624537972686,29.989292360323333,0.10041850532734875,9,3530,3539,True,0.5753232434599579,9977
MSFT,A-NOMACD-LOOKAHEAD,2000-04-14,2000-04-17,2000-04-25,2000-04-26,22.577485626572635,21.285162813523236,-0.05723944793606228,6,3563,3569,True,0.5567134268537074,9980
MSFT,A-NOMACD-LOOKAHEAD,2000-04-26,2000-04-27,2000-05-08,2000-05-09,20.50598344486957,21.342187828731976,0.04077855549384135,8,3570,3578,True,0.5703547805171377,9978
MSFT,A-NOMACD-LOOKAHEAD,2000-05-26,2000-05-30,2000-06-09,2000-06-12,18.98560837175719,20.981106767030518,0.10510584418468305,9,3592,3601,True,0.5753232434599579,9977
MSFT,A-NOMACD-LOOKAHEAD,2000-07-27,2000-07-28,2000-08-14,2000-08-15,21.570247496190092,21.893315020656086,0.014977460250424013,12,3634,3646,True,0.5919390415079205,9974
MSFT,A-NOMACD-LOOKAHEAD,2000-09-12,2000-09-13,2000-09-13,2000-09-14,20.54398765319433,20.88608613154601,0.016651999802895556,1,3666,3667,True,0.5200801201802704,9985
MSFT,A-NOMACD-LOOKAHEAD,2000-09-18,2000-09-19,2000-09-22,2000-09-25,19.34669946523813,19.232676766843213,-0.005893651193568883,4,3670,3674,True,0.5463834902825085,9982
MSFT,A-NOMACD-LOOKAHEAD,2000-09-25,2000-09-26,2000-09-26,2000-09-27,18.529502843930977,19.28969052894828,0.04102580039087722,1,3675,3676,True,0.5200801201802704,9985
MSFT,A-NOMACD-LOOKAHEAD,2000-09-27,2000-09-28,2000-09-29,2000-10-02,18.491500518129993,18.39646645479424,-0.00513933756985141,2,3677,3679,True,0.5297475961538461,9984
MSFT,A-NOMACD-LOOKAHEAD,2000-10-09,2000-10-10,2000-10-13,2000-10-16,16.400989613309076,16.267955259413046,-0.008111361389319782,4,3685,3689,True,0.5463834902825085,9982
MSFT,A-NOMACD-LOOKAHEAD,2000-10-17,2000-10-18,2000-11-07,2000-11-08,15.089665707758659,21.6272527383964,0.43324929506399257,15,3691,3706,True,0.5951258650085247,9971
MSFT,A-NOMACD-LOOKAHEAD,2000-12-08,2000-12-11,2000-12-14,2000-12-15,16.87610489072276,15.522025871761569,-0.0802364661590581,4,3728,3732,True,0.5463834902825085,9982
MSFT,A-NOMACD-LOOKAHEAD,2000-12-21,2000-12-22,2001-01-16,2001-01-17,13.60730810665988,16.30596126209606,0.19832380763946733,15,3737,3752,True,0.5951258650085247,9971
MSFT,A-NOMACD-LOOKAHEAD,2001-02-22,2001-02-23,2001-03-08,2001-03-09,16.553016805438745,17.617284593929135,0.06429449090758554,10,3778,3788,True,0.5839013632718525,9976
MSFT,A-NOMACD-LOOKAHEAD,2001-08-23,2001-08-24,2001-08-29,2001-08-30,18.122799579177574,17.95251667827025,-0.009396059376111654,4,3905,3909,True,0.5463834902825085,9982
MSFT,A-NOMACD-LOOKAHEAD,2001-09-07,2001-09-10,2001-09-10,2001-09-17,16.699741403276025,16.42607084670965,-0.016387712238028374,1,3915,3916,True,0.5200801201802704,9985
MSFT,A-NOMACD-LOOKAHEAD,2001-09-17,2001-09-18,2001-09-19,2001-09-20,16.240581105036654,15.918260288961584,-0.01984663073263493,2,3917,3919,True,0.5297475961538461,9984
MSFT,A-NOMACD-LOOKAHEAD,2001-09-20,2001-09-21,2001-10-09,2001-10-10,14.57121570778606,16.298361621377843,0.11853135306128859,13,3920,3933,True,0.594003810287777,9973
MSFT,A-NOMACD-LOOKAHEAD,2002-01-30,2002-01-31,2002-02-01,2002-02-04,19.17489226663161,18.974210625966624,-0.010465854924995521,2,4010,4012,True,0.5297475961538461,9984
MSFT,A-NOMACD-LOOKAHEAD,2002-02-07,2002-02-08,2002-02-15,2002-02-19,18.280923395485328,18.217069233954476,-0.003492939615217794,6,4016,4022,True,0.5567134268537074,9980
MSFT,A-NOMACD-LOOKAHEAD,2002-03-27,2002-03-28,2002-04-01,2002-04-02,18.229232539205,17.909951269834714,-0.017514794914356258,2,4049,4051,True,0.5297475961538461,9984
MSFT,A-NOMACD-LOOKAHEAD,2002-04-05,2002-04-08,2002-04-08,2002-04-09,16.51121792775523,17.432558719091602,0.05580089823583556,1,4055,4056,True,0.5200801201802704,9985
MSFT,A-NOMACD-LOOKAHEAD,2002-04-09,2002-04-10,2002-04-10,2002-04-11,16.760550815635796,16.994688544097855,0.013969572422621868,1,4057,4058,True,0.5200801201802704,9985
MSFT,A-NOMACD-LOOKAHEAD,2002-04-11,2002-04-12,2002-04-22,2002-04-23,16.76967771658498,16.93692024735056,0.00997291263386546,7,4059,4066,True,0.5661889968934763,9979
MSFT,A-NOMACD-LOOKAHEAD,2002-06-04,2002-06-05,2002-06-19,2002-06-20,15.334441595565156,16.532491832873266,0.07812806419078178,11,4096,4107,True,0.5885714285714285,9975
MSFT,A-NOMACD-LOOKAHEAD,2002-09-06,2002-09-09,2002-09-16,2002-09-17,14.367490887025195,14.79927210150914,0.03005265274773028,6,4162,4168,True,0.5567134268537074,9980
MSFT,A-NOMACD-LOOKAHEAD,2002-09-24,2002-09-25,2002-09-26,2002-09-27,14.109027025543192,13.999561792214944,-0.007758524604855488,2,4174,4176,True,0.5297475961538461,9984
MSFT,A-NOMACD-LOOKAHEAD,2002-12-13,2002-12-16,2002-12-19,2002-12-20,16.115915473085835,16.264902317525664,0.009244702523331094,4,4231,4235,True,0.5463834902825085,9982
MSFT,A-NOMACD-LOOKAHEAD,2003-01-31,2003-02-03,2003-02-03,2003-02-04,14.574252790401918,14.534733074557698,-0.002711611800108593,1,4263,4264,True,0.5200801201802704,9985
MSFT,A-NOMACD-LOOKAHEAD,2003-02-05,2003-02-06,2003-02-06,2003-02-07,14.248904032451277,14.559052028591047,0.021766445716345784,1,4266,4267,True,0.5200801201802704,9985
MSFT,A-NOMACD-LOOKAHEAD,2003-02-07,2003-02-10,2003-02-25,2003-02-26,14.230657164001776,14.685188981024531,0.031940325157474136,11,4268,4279,True,0.5885714285714285,9975
MSFT,A-NOMACD-LOOKAHEAD,2003-03-06,2003-03-07,2003-03-07,2003-03-10,14.001867048212906,14.221501692468731,0.01568609696832235,1,4286,4287,True,0.5200801201802704,9985
MSFT,A-NOMACD-LOOKAHEAD,2003-03-11,2003-03-12,2003-03-21,2003-03-24,13.916457178865043,15.588132066820513,0.12012215943108329,8,4289,4297,True,0.5703547805171377,9978
MSFT,A-NOMACD-LOOKAHEAD,2003-05-23,2003-05-27,2003-06-04,2003-06-05,14.795000173115541,14.92923320420301,0.009072864448584905,7,4341,4348,True,0.5661889968934763,9979
MSFT,A-NOMACD-LOOKAHEAD,2003-08-15,2003-08-18,2003-09-09,2003-09-10,15.594231286550327,17.101190447347165,0.0966356810480653,16,4399,4415,True,0.6038114343029087,9970
MSFT,A-NOMACD-LOOKAHEAD,2003-11-11,2003-11-12,2003-11-13,2003-11-14,15.859639983745657,15.767605890607657,-0.005803037977679448,2,4460,4462,True,0.5297475961538461,9984
MSFT,A-NOMACD-LOOKAHEAD,2003-11-17,2003-11-18,2003-12-19,2003-12-22,15.54061446983654,16.663361679187428,0.07224599847902269,23,4464,4487,True,0.6087523838201345,9963
MSFT,A-NOMACD-LOOKAHEAD,2004-02-10,2004-02-11,2004-02-12,2004-02-13,16.54679551187843,16.552928674968932,0.00037065564061022904,2,4521,4523,True,0.5297475961538461,9984
MSFT,A-NOMACD-LOOKAHEAD,2004-02-13,2004-02-17,2004-02-18,2004-02-19,16.393410693345427,16.516120744641324,0.007485327708266931,2,4524,4526,True,0.5297475961538461,9984
MSFT,A-NOMACD-LOOKAHEAD,2004-03-17,2004-03-18,2004-03-18,2004-03-19,15.313608942030859,15.19703849705527,-0.007612212471721169,1,4546,4547,True,0.5200801201802704,9985
MSFT,A-NOMACD-LOOKAHEAD,2004-03-19,2004-03-22,2004-04-07,2004-04-08,15.019115575087199,15.84124265328496,0.05473871441281508,13,4548,4561,True,0.594003810287777,9973
MSFT,A-NOMACD-LOOKAHEAD,2004-05-11,2004-05-12,2004-05-14,2004-05-17,15.871922663451466,15.626506771684578,-0.015462266101636812,3,4584,4587,True,0.543223479915857,9983
MSFT,A-NOMACD-LOOKAHEAD,2004-08-09,2004-08-10,2004-08-11,2004-08-12,16.749254231291758,16.706311466637008,-0.0025638612956583318,2,4645,4647,True,0.5297475961538461,9984
MSFT,A-NOMACD-LOOKAHEAD,2004-08-17,2004-08-18,2004-09-02,2004-09-03,16.52225177833435,16.897123603840296,0.02268890648413402,12,4651,4663,True,0.5919390415079205,9974
MSFT,A-NOMACD-LOOKAHEAD,2005-01-03,2005-01-04,2005-01-06,2005-01-07,18.42790072259116,18.393607509524216,-0.0018609397556014207,3,4747,4750,True,0.543223479915857,9983
MSFT,A-NOMACD-LOOKAHEAD,2005-01-07,2005-01-10,2005-01-12,2005-01-13,18.242720288879102,18.297587912116498,0.0030076448231706188,3,4751,4754,True,0.543223479915857,9983
MSFT,A-NOMACD-LOOKAHEAD,2005-01-14,2005-01-18,2005-01-18,2005-01-19,17.851811141920003,17.975253843116107,0.006914855877353077,1,4756,4757,True,0.5200801201802704,9985
MSFT,A-NOMACD-LOOKAHEAD,2005-01-24,2005-01-25,2005-02-04,2005-02-07,17.66663912285672,18.016405911776943,0.01979815099453197,9,4761,4770,True,0.5753232434599579,9977
MSFT,A-NOMACD-LOOKAHEAD,2005-03-01,2005-03-02,2005-03-02,2005-03-03,17.329023118530834,17.404700161226067,0.004367069175082783,1,4786,4787,True,0.5200801201802704,9985
MSFT,A-NOMACD-LOOKAHEAD,2005-03-04,2005-03-07,2005-03-10,2005-03-11,17.31526908637593,17.507885267627973,0.011124065141072226,4,4789,4793,True,0.5463834902825085,9982
MSFT,A-NOMACD-LOOKAHEAD,2005-03-23,2005-03-24,2005-04-13,2005-04-14,16.675486901836628,17.20519974413503,0.0317659595438895,14,4802,4816,True,0.5952667468912957,9972
MSFT,A-NOMACD-LOOKAHEAD,2005-06-17,2005-06-20,2005-06-24,2005-06-27,17.239073066649695,17.30118283441146,0.0036028484548813466,5,4862,4867,True,0.5502454663861337,9981
MSFT,A-NOMACD-LOOKAHEAD,2005-07-01,2005-07-05,2005-07-05,2005-07-06,17.018224907474888,17.232169340545262,0.012571489343545128,1,4872,4873,True,0.5200801201802704,9985
MSFT,A-NOMACD-LOOKAHEAD,2005-09-26,2005-09-27,2005-10-04,2005-10-05,17.560144447961587,17.331724804949037,-0.01300784533347421,6,4931,4937,True,0.5567134268537074,9980
MSFT,A-NOMACD-LOOKAHEAD,2005-10-13,2005-10-14,2005-10-26,2005-10-27,17.103310239779333,17.456315350036242,0.020639578263386804,9,4944,4953,True,0.5753232434599579,9977
MSFT,A-NOMACD-LOOKAHEAD,2005-12-22,2005-12-23,2005-12-23,2005-12-27,18.409945806552138,18.52101278766483,0.006032987944655677,1,4993,4994,True,0.5200801201802704,9985
MSFT,A-NOMACD-LOOKAHEAD,2006-02-14,2006-02-15,2006-03-03,2006-03-06,18.528048445565165,18.75094218414165,0.012030071015376453,12,5028,5040,True,0.5919390415079205,9974
MSFT,A-NOMACD-LOOKAHEAD,2006-05-09,2006-05-10,2006-05-10,2006-05-11,16.487174878291032,16.515034873727693,0.0016897980182974948,1,5086,5087,True,0.5200801201802704,9985
MSFT,A-NOMACD-LOOKAHEAD,2006-05-19,2006-05-22,2006-05-30,2006-05-31,15.719353282096654,16.264776969517488,0.03469759077442691,6,5094,5100,True,0.5567134268537074,9980
MSFT,A-NOMACD-LOOKAHEAD,2006-06-13,2006-06-14,2006-07-03,2006-07-05,15.097010617427747,16.41860850802869,0.08754036968585766,14,5110,5124,True,0.5952667468912957,9972
MSFT,A-NOMACD-LOOKAHEAD,2007-02-13,2007-02-14,2007-02-26,2007-02-27,20.613732896778682,20.288661435935335,-0.015769655232805824,8,5278,5286,True,0.5703547805171377,9978
MSFT,A-NOMACD-LOOKAHEAD,2007-03-07,2007-03-08,2007-03-12,2007-03-13,19.589053190571363,19.25691046275691,-0.01695552738477024,3,5293,5296,True,0.543223479915857,9983
MSFT,A-NOMACD-LOOKAHEAD,2007-08-06,2007-08-07,2007-08-10,2007-08-13,20.793937441674412,20.517446664577886,-0.01329670140020689,4,5398,5402,True,0.5463834902825085,9982
MSFT,A-NOMACD-LOOKAHEAD,2007-08-17,2007-08-20,2007-09-06,2007-09-07,20.04865391448823,20.36169230529017,0.0156139355857563,13,5407,5420,True,0.594003810287777,9973
MSFT,A-NOMACD-LOOKAHEAD,2008-02-12,2008-02-13,2008-02-28,2008-02-29,20.429013818764354,19.84197803810404,-0.028735394956809657,11,5529,5540,True,0.5885714285714285,9975
MSFT,A-NOMACD-LOOKAHEAD,2008-07-14,2008-07-15,2008-07-18,2008-07-21,17.929992225398077,18.455016464253834,0.029281899972720238,4,5634,5638,True,0.5463834902825085,9982
MSFT,A-NOMACD-LOOKAHEAD,2008-09-09,2008-09-10,2008-09-16,2008-09-17,19.149609138684387,18.579173252623793,-0.02978838272517259,5,5674,5679,True,0.5502454663861337,9981
MSFT,A-NOMACD-LOOKAHEAD,2008-11-12,2008-11-13,2008-11-14,2008-11-17,14.549949832795262,14.253898970735136,-0.02034720844142246,2,5720,5722,True,0.5297475961538461,9984
MSFT,A-NOMACD-LOOKAHEAD,2008-11-17,2008-11-18,2008-11-18,2008-11-19,14.17598525197659,14.270482764056753,0.006666027821028431,1,5723,5724,True,0.5200801201802704,9985
MSFT,A-NOMACD-LOOKAHEAD,2008-11-20,2008-11-21,2008-12-01,2008-12-02,13.100065685639684,13.805228410672061,0.05382894574378949,6,5726,5732,True,0.5567134268537074,9980
MSFT,A-NOMACD-LOOKAHEAD,2009-01-27,2009-01-28,2009-01-29,2009-01-30,12.94013194053442,12.896511318691754,-0.003370956497439237,2,5770,5772,True,0.5297475961538461,9984
MSFT,A-NOMACD-LOOKAHEAD,2009-01-30,2009-02-02,2009-02-12,2009-02-13,12.38036601478062,14.00878134018589,0.13153208261057414,9,5773,5782,True,0.5753232434599579,9977
MSFT,A-NOMACD-LOOKAHEAD,2009-03-05,2009-03-06,2009-03-24,2009-03-25,11.235557037478578,13.160607020026989,0.17133551777869127,13,5796,5809,True,0.594003810287777,9973
MSFT,A-NOMACD-LOOKAHEAD,2010-02-02,2010-02-03,2010-02-03,2010-02-04,21.026092412553965,21.115367946733564,0.004245940350109834,1,6026,6027,True,0.5200801201802704,9985
MSFT,A-NOMACD-LOOKAHEAD,2010-02-10,2010-02-11,2010-02-25,2010-02-26,20.780554159203987,21.415933024708533,0.03057564589648476,10,6032,6042,True,0.5839013632718525,9976
MSFT,A-NOMACD-LOOKAHEAD,2010-05-07,2010-05-10,2010-05-19,2010-05-20,21.68503250605273,20.761690026146812,-0.042579713894742466,8,6092,6100,True,0.5703547805171377,9978
MSFT,A-NOMACD-LOOKAHEAD,2010-05-27,2010-05-28,2010-06-07,2010-06-08,19.4026095390948,18.95959708153638,-0.022832622419462933,6,6106,6112,True,0.5567134268537074,9980
MSFT,A-NOMACD-LOOKAHEAD,2010-07-02,2010-07-06,2010-07-20,2010-07-21,17.795740971669872,19.22240786602073,0.08016900766436508,11,6131,6142,True,0.5885714285714285,9975
MSFT,A-NOMACD-LOOKAHEAD,2010-08-26,2010-08-27,2010-08-27,2010-08-30,18.02654230390126,17.920859570287853,-0.005862618123417596,1,6169,6170,True,0.5200801201802704,9985
MSFT,A-NOMACD-LOOKAHEAD,2010-08-31,2010-09-01,2010-09-21,2010-09-22,17.86802475624171,18.78897756855482,0.051541948529671755,14,6172,6186,True,0.5952667468912957,9972
MSFT,A-NOMACD-LOOKAHEAD,2010-10-04,2010-10-05,2010-10-18,2010-10-19,18.162427765201056,19.075835728150196,0.05029107202833405,10,6195,6205,True,0.5839013632718525,9976
MSFT,A-NOMACD-LOOKAHEAD,2010-11-23,2010-11-24,2010-12-17,2010-12-20,19.139878907619213,21.228558462012376,0.10912710391086655,17,6231,6248,True,0.5986558330825559,9969
MSFT,A-NOMACD-LOOKAHEAD,2011-02-16,2011-02-17,2011-02-18,2011-02-22,20.605296386712116,20.46013768728573,-0.007044727564316622,2,6289,6291,True,0.5297475961538461,9984
MSFT,A-NOMACD-LOOKAHEAD,2011-03-07,2011-03-08,2011-03-09,2011-03-10,19.688481952249457,19.573885044893984,-0.005820504985270314,2,6301,6303,True,0.5297475961538461,9984
MSFT,A-NOMACD-LOOKAHEAD,2011-03-10,2011-03-11,2011-03-15,2011-03-16,19.413438004071264,19.26827662337663,-0.007477365970117833,3,6304,6307,True,0.543223479915857,9983
MSFT,A-NOMACD-LOOKAHEAD,2011-03-18,2011-03-21,2011-03-30,2011-03-31,19.237718825815033,19.558611050485148,0.01668036774919024,8,6310,6318,True,0.5703547805171377,9978
MSFT,A-NOMACD-LOOKAHEAD,2011-05-18,2011-05-19,2011-05-20,2011-05-23,19.11004559751706,18.61787229682938,-0.025754690022907645,2,6352,6354,True,0.5297475961538461,9984
MSFT,A-NOMACD-LOOKAHEAD,2011-06-13,2011-06-14,2011-06-14,2011-06-15,18.68707813394653,18.456375827063415,-0.012345552644959956,1,6369,6370,True,0.5200801201802704,9985
MSFT,A-NOMACD-LOOKAHEAD,2011-06-15,2011-06-16,2011-07-08,2011-07-11,18.264124989509583,20.471198691708526,0.1208420169850255,16,6371,6387,True,0.6038114343029087,9970
MSFT,A-NOMACD-LOOKAHEAD,2011-08-11,2011-08-12,2011-08-18,2011-08-19,19.325365218653953,18.890152377022428,-0.022520290649484465,5,6411,6416,True,0.5502454663861337,9981
MSFT,A-NOMACD-LOOKAHEAD,2011-11-28,2011-11-29,2011-12-09,2011-12-12,19.35207576513726,19.81210186668151,0.023771408665781646,9,6486,6495,True,0.5753232434599579,9977
MSFT,A-NOMACD-LOOKAHEAD,2012-04-13,2012-04-16,2012-04-26,2012-04-27,24.321884169742596,25.208731662324176,0.03646294367624914,9,6580,6589,True,0.5753232434599579,9977
MSFT,A-NOMACD-LOOKAHEAD,2012-05-21,2012-05-22,2012-05-31,2012-06-01,23.45449399872509,22.71981545561031,-0.03132357249551909,7,6606,6613,True,0.5661889968934763,9979
MSFT,A-NOMACD-LOOKAHEAD,2012-10-03,2012-10-04,2012-10-08,2012-10-09,23.83253324367023,23.60192705039255,-0.009676109162206958,3,6700,6703,True,0.543223479915857,9983
MSFT,A-NOMACD-LOOKAHEAD,2012-10-11,2012-10-12,2012-10-18,2012-10-19,23.037322312563475,23.10094539229026,0.0027617393577068494,5,6706,6711,True,0.5502454663861337,9981
MSFT,A-NOMACD-LOOKAHEAD,2012-10-26,2012-10-31,2012-11-07,2012-11-08,22.703331960308407,23.15661436279511,0.01996545719717102,6,6717,6723,True,0.5567134268537074,9980
MSFT,A-NOMACD-LOOKAHEAD,2012-11-21,2012-11-23,2012-11-29,2012-11-30,21.83158789316903,21.68726603457099,-0.006610689946341397,5,6733,6738,True,0.5502454663861337,9981
MSFT,A-NOMACD-LOOKAHEAD,2013-07-30,2013-07-31,2013-08-13,2013-08-14,26.025305706470036,26.348056979052775,0.01240144020681,10,6904,6914,True,0.5839013632718525,9976
MSFT,A-NOMACD-LOOKAHEAD,2013-12-19,2013-12-20,2014-01-02,2014-01-03,29.901472408845073,30.727484712798393,0.0276244692120573,8,7004,7012,True,0.5703547805171377,9978
MSFT,A-NOMACD-LOOKAHEAD,2014-08-06,2014-08-07,2014-08-25,2014-08-26,35.90301833438956,38.21022417424876,0.06426216922406369,13,7161,7174,True,0.594003810287777,9973
MSFT,A-NOMACD-LOOKAHEAD,2014-10-16,2014-10-17,2014-11-11,2014-11-12,36.430846373908146,40.95097981644579,0.12407434612265744,18,7211,7229,True,0.5990168539325843,9968
MSFT,A-NOMACD-LOOKAHEAD,2015-02-04,2015-02-05,2015-02-25,2015-02-26,35.82899394238098,37.59671362965295,0.0493376869614246,14,7286,7300,True,0.5952667468912957,9972
MSFT,A-NOMACD-LOOKAHEAD,2015-03-13,2015-03-16,2015-03-25,2015-03-26,35.44296221387934,35.22928211585783,-0.006028844223913032,8,7312,7320,True,0.5703547805171377,9978
MSFT,A-NOMACD-LOOKAHEAD,2015-04-02,2015-04-06,2015-04-16,2015-04-17,34.47719690718971,35.613899602870006,0.03296969584680065,9,7326,7335,True,0.5753232434599579,9977
MSFT,A-NOMACD-LOOKAHEAD,2015-06-09,2015-06-10,2015-06-12,2015-06-15,39.38946110733776,39.09696287644899,-0.007425799253554133,3,7372,7375,True,0.543223479915857,9983
MSFT,A-NOMACD-LOOKAHEAD,2015-06-15,2015-06-16,2015-06-23,2015-06-24,39.010957971780854,39.286234925091335,0.007056400755644177,6,7376,7382,True,0.5567134268537074,9980
MSFT,A-NOMACD-LOOKAHEAD,2015-07-06,2015-07-07,2015-07-21,2015-07-22,38.14213662181849,39.088372596671014,0.024808153361583152,11,7390,7401,True,0.5885714285714285,9975
MSFT,A-NOMACD-LOOKAHEAD,2016-01-13,2016-01-14,2016-01-14,2016-01-15,45.329885189895926,44.7283967096348,-0.013269137518027496,1,7523,7524,True,0.5200801201802704,9985
MSFT,A-NOMACD-LOOKAHEAD,2016-01-19,2016-01-20,2016-02-02,2016-02-03,43.56898801445944,46.41954458979608,0.06542627463347572,10,7526,7536,True,0.5839013632718525,9976
MSFT,A-NOMACD-LOOKAHEAD,2016-05-05,2016-05-06,2016-05-18,2016-05-19,43.829135563694045,44.62195852157951,0.0180889480864459,9,7601,7610,True,0.5753232434599579,9977
MSFT,A-NOMACD-LOOKAHEAD,2020-03-23,2020-03-24,2020-04-02,2020-04-03,136.2539396766585,147.01212796704385,0.07895689706965836,8,8577,8585,True,0.5703547805171377,9978
MSFT,A-NOMACD-LOOKAHEAD,2020-09-18,2020-09-21,2020-10-05,2020-10-06,187.88089322203805,198.96183443460671,0.05897854232294497,11,8702,8713,True,0.5885714285714285,9975
MSFT,A-NOMACD-LOOKAHEAD,2020-11-02,2020-11-03,2020-11-11,2020-11-12,194.26456377162967,206.95576195060497,0.06532945552486158,7,8733,8740,True,0.5661889968934763,9979
MSFT,A-NOMACD-LOOKAHEAD,2021-10-04,2021-10-05,2021-10-22,2021-10-25,273.1236812465694,297.4601338192577,0.08910414674265454,14,8964,8978,True,0.5952667468912957,9972
MSFT,A-NOMACD-LOOKAHEAD,2022-01-21,2022-01-24,2022-02-04,2022-02-07,281.47429461593225,294.931467433284,0.047809597802576986,10,9040,9050,True,0.5839013632718525,9976
MSFT,A-NOMACD-LOOKAHEAD,2022-04-19,2022-04-20,2022-04-20,2022-04-21,279.35345023812204,278.5619611641617,-0.0028332890583083747,1,9100,9101,True,0.5200801201802704,9985
MSFT,A-NOMACD-LOOKAHEAD,2022-04-22,2022-04-25,2022-04-25,2022-04-26,263.8027323682706,267.8665361916543,0.015404707096477566,1,9103,9104,True,0.5200801201802704,9985
MSFT,A-NOMACD-LOOKAHEAD,2022-04-26,2022-04-27,2022-05-05,2022-05-06,272.30682528051807,265.2699283325795,-0.02584179423593025,7,9105,9112,True,0.5661889968934763,9979
MSFT,A-NOMACD-LOOKAHEAD,2022-06-17,2022-06-21,2022-06-30,2022-07-01,242.13486575130284,248.0658334178518,0.024494480165614174,8,9142,9150,True,0.5703547805171377,9978
MSFT,A-NOMACD-LOOKAHEAD,2022-09-06,2022-09-07,2022-09-13,2022-09-14,246.953747797965,245.8193507310912,-0.004593560846875122,5,9196,9201,True,0.5502454663861337,9981
MSFT,A-NOMACD-LOOKAHEAD,2022-09-27,2022-09-28,2022-09-29,2022-09-30,229.60786226959718,231.0428606260345,0.006249778828359087,2,9211,9213,True,0.5297475961538461,9984
MSFT,A-NOMACD-LOOKAHEAD,2022-09-30,2022-10-03,2022-10-06,2022-10-07,228.25045038719026,233.5734806664739,0.023321006684779766,4,9214,9218,True,0.5463834902825085,9982
MSFT,A-NOMACD-LOOKAHEAD,2022-11-04,2022-11-07,2022-11-25,2022-11-28,215.23858262395112,239.26832798344634,0.11164236944209116,14,9239,9253,True,0.5952667468912957,9972
MSFT,A-NOMACD-LOOKAHEAD,2022-12-28,2022-12-29,2023-01-04,2023-01-05,229.12705170853215,220.91093644040888,-0.03585833801315974,4,9275,9279,True,0.5463834902825085,9982
MSFT,A-NOMACD-LOOKAHEAD,2023-01-09,2023-01-10,2023-01-27,2023-01-30,221.45546512498274,237.74180116090332,0.07354226289574317,13,9282,9295,True,0.594003810287777,9973
MSFT,A-NOMACD-LOOKAHEAD,2023-03-01,2023-03-02,2023-03-09,2023-03-10,240.32579620114032,244.74141460422547,0.018373468320435737,6,9317,9323,True,0.5567134268537074,9980
MSFT,A-NOMACD-LOOKAHEAD,2023-08-11,2023-08-14,2023-08-16,2023-08-17,313.9612774318456,313.79385086017476,-0.0005332714054432364,3,9430,9433,True,0.543223479915857,9983
MSFT,A-NOMACD-LOOKAHEAD,2023-08-17,2023-08-18,2023-09-11,2023-09-12,307.8711670676138,328.75228709732,0.0678242143575607,16,9434,9450,True,0.6038114343029087,9970
MSFT,A-NOMACD-LOOKAHEAD,2023-09-28,2023-09-29,2023-10-17,2023-10-18,311.0626136858314,325.49239077773996,0.04638865764332056,13,9463,9476,True,0.594003810287777,9973
MSFT,A-NOMACD-LOOKAHEAD,2024-04-22,2024-04-23,2024-04-29,2024-04-30,397.26879155025864,394.5662074998568,-0.006802910542898721,5,9604,9609,True,0.5502454663861337,9981
MSFT,A-NOMACD-LOOKAHEAD,2024-07-26,2024-07-29,2024-07-29,2024-07-30,424.90231413559286,421.10209315676275,-0.008943752134090266,1,9670,9671,True,0.5200801201802704,9985
MSFT,A-NOMACD-LOOKAHEAD,2024-08-05,2024-08-06,2024-08-21,2024-08-22,393.8109820824443,418.5470440541718,0.06281201667085301,12,9676,9688,True,0.5919390415079205,9974
MSFT,A-NOMACD-LOOKAHEAD,2024-10-08,2024-10-09,2024-10-30,2024-10-31,410.16348810998284,409.6703426075015,-0.001202314483801925,16,9721,9737,True,0.6038114343029087,9970
MSFT,A-NOMACD-LOOKAHEAD,2025-01-03,2025-01-06,2025-01-10,2025-01-13,422.9822197752049,410.3717995418403,-0.02981312131764413,4,9781,9785,True,0.5463834902825085,9982
MSFT,A-NOMACD-LOOKAHEAD,2025-02-11,2025-02-12,2025-02-21,2025-02-24,402.435914112503,404.5302202614153,0.0052040736809757515,7,9806,9813,True,0.5661889968934763,9979
MSFT,A-NOMACD-LOOKAHEAD,2025-03-13,2025-03-14,2025-03-27,2025-03-28,376.08007458561946,384.2992097422753,0.021854747730817747,10,9827,9837,True,0.5839013632718525,9976
MSFT,A-NOMACD-LOOKAHEAD,2025-08-26,2025-08-27,2025-09-04,2025-09-05,498.8407434548062,505.86622472604114,0.014083615589574272,6,9941,9947,True,0.5567134268537074,9980
MSFT,A-NOMACD-LOOKAHEAD,2025-11-10,2025-11-11,2025-11-18,2025-11-19,501.62311202080633,487.0156083775533,-0.029120475698191428,6,9994,10000,True,0.5567134268537074,9980
MSFT,A-NOMACD-LOOKAHEAD,2025-11-25,2025-11-26,2025-12-09,2025-12-10,484.1539406114854,481.88404333185355,-0.0046883792307153005,9,10005,10014,True,0.5753232434599579,9977
MSFT,A-NOMACD-LOOKAHEAD,2026-02-09,2026-02-10,2026-02-13,2026-02-17,417.75959730190846,397.45004705087115,-0.048615400776442,4,10055,10059,True,0.5463834902825085,9982
MSFT,A-NOMACD-LOOKAHEAD,2026-03-30,2026-03-31,2026-04-22,2026-04-23,363.7621155862403,418.9825380949446,0.15180366547987223,16,10089,10105,True,0.6038114343029087,9970
MSFT,A-NOMACD-LOOKAHEAD,2026-06-15,2026-06-16,2026-06-16,2026-06-17,395.7900085449219,390.25,-0.013997343099410475,1,10142,10143,True,0.5200801201802704,9985
MSFT,A-NOMACD-LOOKAHEAD,2026-06-25,2026-06-26,2026-07-13,2026-07-14,357.1499938964844,382.82000732421875,0.07187460133395529,11,10149,10160,True,0.5885714285714285,9975
META,A-NOMACD-LOOKAHEAD,2013-03-26,2013-03-27,2013-04-12,2013-04-15,24.78237108362989,26.9235688201775,0.08640003530420826,12,213,225,True,0.5979228486646885,3370
META,A-NOMACD-LOOKAHEAD,2013-05-29,2013-05-30,2013-06-04,2013-06-05,23.919944528553366,23.14673459744159,-0.032324904858737846,4,257,261,True,0.5476613380698638,3378
META,A-NOMACD-LOOKAHEAD,2013-06-06,2013-06-07,2013-06-19,2013-06-20,22.82952238988181,24.068641061090883,0.05427702998106776,9,263,272,True,0.5822709753928254,3373
META,A-NOMACD-LOOKAHEAD,2013-11-12,2013-11-13,2013-11-15,2013-11-18,45.82756537226565,48.04805530502862,0.04845315073418188,3,374,377,True,0.5377330571174904,3379
META,A-NOMACD-LOOKAHEAD,2013-11-25,2013-11-26,2013-12-24,2013-12-26,44.271231966879135,57.812319291802645,0.30586651248047647,20,383,403,True,0.6290898274836407,3362
META,A-NOMACD-LOOKAHEAD,2014-03-31,2014-04-01,2014-04-03,2014-04-04,59.9336857805438,59.41821461196733,-0.008600691945827355,3,468,471,True,0.5377330571174904,3379
META,A-NOMACD-LOOKAHEAD,2014-04-07,2014-04-08,2014-04-24,2014-04-25,57.1778900570445,59.44795884254519,0.039701863486671485,12,473,485,True,0.5979228486646885,3370
META,A-NOMACD-LOOKAHEAD,2014-10-15,2014-10-16,2014-10-28,2014-10-29,70.17376281896726,74.79318861522073,0.06582838956734527,9,606,615,True,0.5822709753928254,3373
META,A-NOMACD-LOOKAHEAD,2015-05-07,2015-05-08,2015-05-22,2015-05-26,78.41142899349488,79.72984234049169,0.016814045655336507,11,746,757,True,0.5891426876297835,3371
META,A-NOMACD-LOOKAHEAD,2016-01-13,2016-01-14,2016-02-04,2016-02-05,95.0156047520234,108.5566932535415,0.14251436421268182,15,919,934,True,0.6073656073656074,3367
META,A-NOMACD-LOOKAHEAD,2016-06-21,2016-06-22,2016-06-24,2016-06-27,113.65195972044715,110.5987655356332,-0.026864421804287164,3,1029,1032,True,0.5377330571174904,3379
META,A-NOMACD-LOOKAHEAD,2016-11-09,2016-11-10,2016-11-10,2016-11-11,122.85117086824003,118.48948742175958,-0.0355038003761351,1,1128,1129,True,0.5255841467021591,3381
META,A-NOMACD-LOOKAHEAD,2016-11-16,2016-11-17,2016-11-29,2016-11-30,115.79314566724183,119.27259129112748,0.03004880473568483,8,1133,1141,True,0.5696502667457024,3374
META,A-NOMACD-LOOKAHEAD,2016-12-30,2017-01-03,2017-01-18,2017-01-19,115.019951043206,127.11374768553799,0.10514520770217572,11,1163,1174,True,0.5891426876297835,3371
META,A-NOMACD-LOOKAHEAD,2018-04-02,2018-04-03,2018-04-20,2018-04-23,155.1871944442608,165.8139220472192,0.06847683303389607,14,1476,1490,True,0.6048099762470309,3368
META,A-NOMACD-LOOKAHEAD,2018-08-23,2018-08-24,2018-08-31,2018-09-04,172.18794194566263,171.98967045259835,-0.001151483029670275,6,1577,1583,True,0.5654620853080569,3376
META,A-NOMACD-LOOKAHEAD,2018-09-18,2018-09-19,2018-09-28,2018-10-01,158.68647907291242,161.61080028025717,0.01842829473833807,8,1594,1602,True,0.5696502667457024,3374
META,A-NOMACD-LOOKAHEAD,2018-10-11,2018-10-12,2018-10-23,2018-10-24,155.36563421957825,152.9369669569993,-0.015631946374617955,8,1611,1619,True,0.5696502667457024,3374
META,A-NOMACD-LOOKAHEAD,2018-11-20,2018-11-21,2018-12-06,2018-12-07,133.2300052086607,138.03781105661508,0.03608650949479841,10,1639,1649,True,0.5862989323843416,3372
META,A-NOMACD-LOOKAHEAD,2019-08-07,2019-08-08,2019-08-13,2019-08-14,184.9954612885677,184.18258120939504,-0.004394054175765327,4,1816,1820,True,0.5476613380698638,3378
META,A-NOMACD-LOOKAHEAD,2019-08-15,2019-08-16,2019-08-21,2019-08-22,182.15044362624923,181.83319086164633,-0.0017417073397518745,4,1822,1826,True,0.5476613380698638,3378
META,A-NOMACD-LOOKAHEAD,2019-10-02,2019-10-03,2019-10-21,2019-10-22,174.04165035077614,188.3460071495554,0.08218927348683036,13,1855,1868,True,0.6025526862570496,3369
META,A-NOMACD-LOOKAHEAD,2020-03-09,2020-03-10,2020-03-10,2020-03-11,173.149477456772,172.49518089714363,-0.003778796039345278,1,1963,1964,True,0.5255841467021591,3381
META,A-NOMACD-LOOKAHEAD,2020-03-12,2020-03-13,2020-03-13,2020-03-16,162.10644356283814,150.9940357178259,-0.06855006871275093,1,1966,1967,True,0.5255841467021591,3381
META,A-NOMACD-LOOKAHEAD,2020-03-17,2020-03-18,2020-04-01,2020-04-02,138.53346672486657,157.71502449327173,0.1384615445053472,11,1969,1980,True,0.5891426876297835,3371
META,A-NOMACD-LOOKAHEAD,2020-09-21,2020-09-22,2020-10-06,2020-10-07,251.10491205515729,256.9535087673083,0.023291446846990693,11,2099,2110,True,0.5891426876297835,3371
META,A-NOMACD-LOOKAHEAD,2021-09-24,2021-09-27,2021-09-27,2021-09-28,346.76487371815995,344.94091791460124,-0.005259920891067971,1,2354,2355,True,0.5255841467021591,3381
META,A-NOMACD-LOOKAHEAD,2021-10-04,2021-10-05,2021-10-08,2021-10-11,325.71967728805225,324.77795902146374,-0.002891192434025691,4,2360,2364,True,0.5476613380698638,3378
META,A-NOMACD-LOOKAHEAD,2021-10-11,2021-10-12,2021-10-21,2021-10-22,320.217959094543,323.5090838339694,0.0102777643975136,8,2365,2373,True,0.5696502667457024,3374
META,A-NOMACD-LOOKAHEAD,2021-12-03,2021-12-06,2021-12-16,2021-12-17,305.44764345541665,329.90293584106695,0.08006377822724908,9,2403,2412,True,0.5822709753928254,3373
META,A-NOMACD-LOOKAHEAD,2022-01-27,2022-01-28,2022-02-02,2022-02-03,293.04654529359937,242.52029856192772,-0.17241713831176575,4,2440,2444,True,0.5476613380698638,3378
META,A-NOMACD-LOOKAHEAD,2022-02-23,2022-02-24,2022-03-04,2022-03-07,189.3967909321892,199.04209884176245,0.05092645900756909,7,2458,2465,True,0.5721481481481482,3375
META,A-NOMACD-LOOKAHEAD,2022-04-18,2022-04-19,2022-04-19,2022-04-20,208.687388784282,211.75048946947976,0.014677938628884002,1,2495,2496,True,0.5255841467021591,3381
META,A-NOMACD-LOOKAHEAD,2022-08-30,2022-08-31,2022-09-02,2022-09-06,165.6156171428507,158.7063296993813,-0.041718815910397056,3,2588,2591,True,0.5377330571174904,3379
META,A-NOMACD-LOOKAHEAD,2022-09-06,2022-09-07,2022-09-12,2022-09-13,156.38667922477052,160.13375981705477,0.023960356539693972,4,2592,2596,True,0.5476613380698638,3378
META,A-NOMACD-LOOKAHEAD,2022-09-27,2022-09-28,2022-10-07,2022-10-10,133.44810215073147,132.3874193707211,-0.007948279240512002,8,2607,2615,True,0.5696502667457024,3374
META,A-NOMACD-LOOKAHEAD,2022-11-07,2022-11-08,2022-11-18,2022-11-21,95.08501088129792,110.54920157215746,0.1626354201101654,9,2636,2645,True,0.5822709753928254,3373
META,A-NOMACD-LOOKAHEAD,2023-08-18,2023-08-21,2023-09-07,2023-09-08,280.98256944649927,296.61525335375495,0.05563577818385723,13,2831,2844,True,0.6025526862570496,3369
META,A-NOMACD-LOOKAHEAD,2024-07-22,2024-07-23,2024-07-23,2024-07-24,486.5736915826986,469.16057574428834,-0.03578721196735868,1,3062,3063,True,0.5255841467021591,3381
META,A-NOMACD-LOOKAHEAD,2024-07-25,2024-07-26,2024-08-19,2024-08-20,461.1046372980924,524.8269052919596,0.1381948105472477,17,3065,3082,True,0.6148588410104012,3365
META,A-NOMACD-LOOKAHEAD,2024-10-24,2024-10-25,2024-10-30,2024-10-31,570.6468669862153,581.6534603775302,0.019287923982557853,4,3129,3133,True,0.5476613380698638,3378
META,A-NOMACD-LOOKAHEAD,2025-03-04,2025-03-05,2025-03-05,2025-03-06,637.847267619745,644.812846805576,0.010920449987697589,1,3216,3217,True,0.5255841467021591,3381
META,A-NOMACD-LOOKAHEAD,2025-03-11,2025-03-12,2025-03-12,2025-03-13,626.8018648059933,617.1993356753703,-0.015319879645851353,1,3221,3222,True,0.5255841467021591,3381
META,A-NOMACD-LOOKAHEAD,2025-03-13,2025-03-14,2025-03-17,2025-03-18,600.3687854957838,597.6298861819188,-0.004562028173405452,2,3223,3225,True,0.5325443786982249,3380
META,A-NOMACD-LOOKAHEAD,2025-03-20,2025-03-21,2025-03-27,2025-03-28,581.0670032780688,597.8888240380612,0.028949881278910627,5,3228,3233,True,0.5543381699733492,3377
META,A-NOMACD-LOOKAHEAD,2025-07-18,2025-07-21,2025-07-29,2025-07-30,704.4909815749821,705.7768321791035,0.001825219396345945,7,3310,3317,True,0.5721481481481482,3375
META,A-NOMACD-LOOKAHEAD,2025-10-03,2025-10-06,2025-10-29,2025-10-30,703.3607165744016,667.414190282622,-0.05110681538606676,18,3364,3382,True,0.6218787158145065,3364
META,A-NOMACD-LOOKAHEAD,2025-11-10,2025-11-11,2025-11-11,2025-11-12,626.3709044869131,626.5005716840028,0.00020701344229245855,1,3390,3391,True,0.5255841467021591,3381
META,A-NOMACD-LOOKAHEAD,2025-11-13,2025-11-14,2025-11-19,2025-11-20,600.2288811530552,601.9345167857809,0.0028416420573584844,4,3393,3397,True,0.5476613380698638,3378
META,A-NOMACD-LOOKAHEAD,2025-11-20,2025-11-21,2025-12-08,2025-12-09,586.9733513369498,662.0481300460407,0.1279015112663855,11,3398,3409,True,0.5891426876297835,3371
META,A-NOMACD-LOOKAHEAD,2026-02-18,2026-02-19,2026-02-23,2026-02-24,637.432932921519,631.9527863953055,-0.008597212731222714,3,3457,3460,True,0.5377330571174904,3379
META,A-NOMACD-LOOKAHEAD,2026-03-30,2026-03-31,2026-04-20,2026-04-21,549.4707059552647,670.3786762058809,0.22004443356159542,14,3485,3499,True,0.6048099762470309,3368
META,A-NOMACD-LOOKAHEAD,2026-06-12,2026-06-15,2026-06-18,2026-06-22,579.9000244140625,572.02001953125,-0.013588557597966178,4,3537,3541,True,0.5476613380698638,3378
META,A-NOMACD-LOOKAHEAD,2026-06-26,2026-06-29,2026-07-16,2026-07-17,560.0,647.7000122070312,0.15660716465541302,13,3546,3559,True,0.6025526862570496,3369
META,A-NOMACD-LOOKAHEAD,2026-07-31,2026-08-03,2026-08-13,2026-08-14,562.239990234375,596.97998046875,0.061788543749606406,9,3570,3579,True,0.5822709753928254,3373
AMD,A-NOMACD-LOOKAHEAD,1981-01-16,1981-01-19,1981-01-19,1981-01-20,4.7291669845581055,4.7916669845581055,0.013215858142475723,1,212,213,True,0.4729106878859031,11499
AMD,A-NOMACD-LOOKAHEAD,1981-01-20,1981-01-21,1981-01-22,1981-01-23,4.5625,4.5625,0.0,2,214,216,True,0.47408244912158637,11498
AMD,A-NOMACD-LOOKAHEAD,1981-01-23,1981-01-26,1981-01-29,1981-01-30,4.2708330154418945,4.125,-0.03414626957191058,4,217,221,True,0.48956158663883087,11496
AMD,A-NOMACD-LOOKAHEAD,1981-02-02,1981-02-03,1981-02-11,1981-02-12,3.4791669845581055,3.9166669845581055,0.12574849150437295,7,223,230,True,0.5026537892630296,11493
AMD,A-NOMACD-LOOKAHEAD,1981-05-06,1981-05-07,1981-05-19,1981-05-20,4.4583330154418945,4.5625,0.023364558950018433,9,288,297,True,0.5044817683404403,11491
AMD,A-NOMACD-LOOKAHEAD,1981-07-06,1981-07-07,1981-07-07,1981-07-08,3.7083330154418945,3.6666669845581055,-0.011235784572282803,1,329,330,True,0.4729106878859031,11499
AMD,A-NOMACD-LOOKAHEAD,1981-07-15,1981-07-16,1981-07-24,1981-07-27,3.6041669845581055,3.6041669845581055,0.0,7,336,343,True,0.5026537892630296,11493
AMD,A-NOMACD-LOOKAHEAD,1981-08-04,1981-08-05,1981-08-06,1981-08-07,3.2708330154418945,3.2708330154418945,0.0,2,350,352,True,0.47408244912158637,11498
AMD,A-NOMACD-LOOKAHEAD,1981-08-10,1981-08-11,1981-08-20,1981-08-21,3.2083330154418945,3.4166669845581055,0.06493526953514084,8,354,362,True,0.5043508527671423,11492
AMD,A-NOMACD-LOOKAHEAD,1981-09-03,1981-09-04,1981-09-15,1981-09-16,2.9583330154418945,2.9583330154418945,0.0,7,372,379,True,0.5026537892630296,11493
AMD,A-NOMACD-LOOKAHEAD,1981-11-20,1981-11-23,1981-11-25,1981-11-27,2.8958330154418945,2.8958330154418945,0.0,3,427,430,True,0.48377837696790466,11497
AMD,A-NOMACD-LOOKAHEAD,1981-11-27,1981-11-30,1981-12-07,1981-12-08,2.7291669845581055,2.9791669845581055,0.09160304276525566,6,431,437,True,0.49634591961023145,11494
AMD,A-NOMACD-LOOKAHEAD,1982-05-28,1982-06-01,1982-06-03,1982-06-04,3.9166669845581055,4.0208330154418945,0.0265955801947102,3,557,560,True,0.48377837696790466,11497
AMD,A-NOMACD-LOOKAHEAD,1982-06-09,1982-06-10,1982-06-16,1982-06-17,3.7291669845581055,3.8541669845581055,0.03351955021526409,5,564,569,True,0.4955197912135711,11495
AMD,A-NOMACD-LOOKAHEAD,1982-08-13,1982-08-16,1982-09-03,1982-09-07,3.5,5.1875,0.4821428571428572,15,610,625,True,0.5117979973878972,11485
AMD,A-NOMACD-LOOKAHEAD,1983-03-11,1983-03-14,1983-03-25,1983-03-28,8.1875,8.84375,0.08015267175572527,10,756,766,True,0.5081810269799826,11490
AMD,A-NOMACD-LOOKAHEAD,1983-04-08,1983-04-11,1983-04-22,1983-04-25,8.28125,9.0625,0.09433962264150941,10,775,785,True,0.5081810269799826,11490
AMD,A-NOMACD-LOOKAHEAD,1983-08-10,1983-08-11,1983-08-17,1983-08-18,13.53125,13.5625,0.002309468822170979,5,861,866,True,0.4955197912135711,11495
AMD,A-NOMACD-LOOKAHEAD,1983-11-08,1983-11-09,1983-11-22,1983-11-23,13.5625,16.4375,0.21198156682027647,10,924,934,True,0.5081810269799826,11490
AMD,A-NOMACD-LOOKAHEAD,1983-12-21,1983-12-22,1984-01-09,1984-01-10,15.9375,18.4375,0.15686274509803932,11,954,965,True,0.5088345373835843,11489
AMD,A-NOMACD-LOOKAHEAD,1984-02-06,1984-02-07,1984-02-07,1984-02-08,13.6875,13.9375,0.0182648401826484,1,985,986,True,0.4729106878859031,11499
AMD,A-NOMACD-LOOKAHEAD,1984-02-08,1984-02-09,1984-02-28,1984-02-29,12.875,14.25,0.10679611650485432,13,987,1000,True,0.5121441629668321,11487
AMD,A-NOMACD-LOOKAHEAD,1984-10-02,1984-10-03,1984-10-05,1984-10-08,16.5,16.5625,0.0037878787878788955,3,1151,1154,True,0.48377837696790466,11497
AMD,A-NOMACD-LOOKAHEAD,1984-10-08,1984-10-09,1984-10-19,1984-10-22,16.6875,18.0,0.0786516853932584,9,1155,1164,True,0.5044817683404403,11491
AMD,A-NOMACD-LOOKAHEAD,1984-11-05,1984-11-06,1984-11-13,1984-11-14,15.1875,15.125,-0.004115226337448541,6,1175,1181,True,0.49634591961023145,11494
AMD,A-NOMACD-LOOKAHEAD,1984-11-23,1984-11-26,1984-11-27,1984-11-28,14.25,13.8125,-0.030701754385964897,2,1188,1190,True,0.47408244912158637,11498
AMD,A-NOMACD-LOOKAHEAD,1984-11-29,1984-11-30,1984-12-10,1984-12-11,13.625,13.8125,0.013761467889908285,7,1192,1199,True,0.5026537892630296,11493
AMD,A-NOMACD-LOOKAHEAD,1985-02-25,1985-02-26,1985-03-05,1985-03-06,16.0,16.1875,0.01171875,6,1251,1257,True,0.49634591961023145,11494
AMD,A-NOMACD-LOOKAHEAD,1985-03-15,1985-03-18,1985-04-02,1985-04-03,15.5,16.5,0.06451612903225801,12,1265,1277,True,0.5098363509749304,11488
AMD,A-NOMACD-LOOKAHEAD,1985-04-23,1985-04-24,1985-04-26,1985-04-29,14.6875,14.4375,-0.017021276595744705,3,1291,1294,True,0.48377837696790466,11497
AMD,A-NOMACD-LOOKAHEAD,1985-05-02,1985-05-03,1985-05-03,1985-05-06,13.875,13.6875,-0.013513513513513487,1,1298,1299,True,0.4729106878859031,11499
AMD,A-NOMACD-LOOKAHEAD,1985-05-06,1985-05-07,1985-05-14,1985-05-15,13.4375,14.0,0.041860465116279055,6,1300,1306,True,0.49634591961023145,11494
AMD,A-NOMACD-LOOKAHEAD,1985-06-06,1985-06-07,1985-06-12,1985-06-13,12.9375,12.875,-0.004830917874396157,4,1322,1326,True,0.48956158663883087,11496
AMD,A-NOMACD-LOOKAHEAD,1985-09-05,1985-09-06,1985-09-10,1985-09-11,13.0625,12.625,-0.03349282296650713,3,1385,1388,True,0.48377837696790466,11497
AMD,A-NOMACD-LOOKAHEAD,1985-10-09,1985-10-10,1985-10-22,1985-10-23,11.6875,12.3125,0.053475935828877,9,1408,1417,True,0.5044817683404403,11491
AMD,A-NOMACD-LOOKAHEAD,1986-04-03,1986-04-04,1986-04-17,1986-04-18,13.875,15.0,0.08108108108108114,10,1529,1539,True,0.5081810269799826,11490
AMD,A-NOMACD-LOOKAHEAD,1986-05-08,1986-05-09,1986-05-09,1986-05-12,13.6875,14.1875,0.0365296803652968,1,1554,1555,True,0.4729106878859031,11499
AMD,A-NOMACD-LOOKAHEAD,1986-05-16,1986-05-19,1986-05-22,1986-05-23,13.0625,12.6875,-0.028708133971291905,4,1560,1564,True,0.48956158663883087,11496
AMD,A-NOMACD-LOOKAHEAD,1986-06-10,1986-06-11,1986-06-11,1986-06-12,12.0,12.4375,0.03645833333333326,1,1576,1577,True,0.4729106878859031,11499
AMD,A-NOMACD-LOOKAHEAD,1986-06-18,1986-06-19,1986-06-20,1986-06-23,10.625,10.875,0.0235294117647058,2,1582,1584,True,0.47408244912158637,11498
AMD,A-NOMACD-LOOKAHEAD,1986-06-24,1986-06-25,1986-06-27,1986-06-30,10.625,10.6875,0.00588235294117645,3,1586,1589,True,0.48377837696790466,11497
AMD,A-NOMACD-LOOKAHEAD,1986-07-07,1986-07-08,1986-07-09,1986-07-10,9.25,9.375,0.013513513513513598,2,1594,1596,True,0.47408244912158637,11498
AMD,A-NOMACD-LOOKAHEAD,1986-07-18,1986-07-21,1986-08-04,1986-08-05,7.1875,7.5625,0.05217391304347818,11,1603,1614,True,0.5088345373835843,11489
AMD,A-NOMACD-LOOKAHEAD,1986-09-22,1986-09-23,1986-09-26,1986-09-29,8.5,8.125,-0.044117647058823484,4,1648,1652,True,0.48956158663883087,11496
AMD,A-NOMACD-LOOKAHEAD,1986-10-08,1986-10-09,1986-10-17,1986-10-20,6.9375,6.9375,0.0,7,1660,1667,True,0.5026537892630296,11493
AMD,A-NOMACD-LOOKAHEAD,1986-12-22,1986-12-23,1987-01-20,1987-01-21,7.125,8.9375,0.2543859649122806,19,1712,1731,True,0.5119763086839125,11481
AMD,A-NOMACD-LOOKAHEAD,1987-05-22,1987-05-26,1987-06-02,1987-06-03,10.125,10.5625,0.043209876543209846,6,1817,1823,True,0.49634591961023145,11494
AMD,A-NOMACD-LOOKAHEAD,1987-06-25,1987-06-26,1987-07-06,1987-07-07,9.3125,9.3125,0.0,6,1840,1846,True,0.49634591961023145,11494
AMD,A-NOMACD-LOOKAHEAD,1987-10-21,1987-10-22,1987-10-22,1987-10-23,6.125,5.875,-0.04081632653061229,1,1922,1923,True,0.4729106878859031,11499
AMD,A-NOMACD-LOOKAHEAD,1987-10-28,1987-10-29,1987-11-06,1987-11-09,5.4375,5.125,-0.05747126436781613,7,1927,1934,True,0.5026537892630296,11493
AMD,A-NOMACD-LOOKAHEAD,1987-12-04,1987-12-07,1987-12-22,1987-12-23,4.125,5.1875,0.25757575757575757,12,1953,1965,True,0.5098363509749304,11488
AMD,A-NOMACD-LOOKAHEAD,1988-01-22,1988-01-25,1988-01-25,1988-01-26,4.6875,4.625,-0.013333333333333308,1,1986,1987,True,0.4729106878859031,11499
AMD,A-NOMACD-LOOKAHEAD,1988-01-26,1988-01-27,1988-02-24,1988-02-25,4.6875,6.1875,0.32000000000000006,20,1988,2008,True,0.510801393728223,11480
AMD,A-NOMACD-LOOKAHEAD,1988-03-28,1988-03-29,1988-03-29,1988-03-30,5.625,5.625,0.0,1,2031,2032,True,0.4729106878859031,11499
AMD,A-NOMACD-LOOKAHEAD,1988-04-04,1988-04-05,1988-04-14,1988-04-15,5.625,6.3125,0.12222222222222223,8,2035,2043,True,0.5043508527671423,11492
AMD,A-NOMACD-LOOKAHEAD,1988-07-21,1988-07-22,1988-07-26,1988-07-27,6.8125,6.8125,0.0,3,2111,2114,True,0.48377837696790466,11497
AMD,A-NOMACD-LOOKAHEAD,1988-07-27,1988-07-28,1988-08-05,1988-08-08,6.5,6.5,0.0,7,2115,2122,True,0.5026537892630296,11493
AMD,A-NOMACD-LOOKAHEAD,1988-08-18,1988-08-19,1988-08-31,1988-09-01,5.8125,5.625,-0.032258064516129004,9,2131,2140,True,0.5044817683404403,11491
AMD,A-NOMACD-LOOKAHEAD,1988-10-10,1988-10-11,1988-10-19,1988-10-20,4.4375,4.6875,0.05633802816901401,7,2167,2174,True,0.5026537892630296,11493
AMD,A-NOMACD-LOOKAHEAD,1988-11-03,1988-11-04,1988-11-04,1988-11-07,4.3125,4.3125,0.0,1,2185,2186,True,0.4729106878859031,11499
AMD,A-NOMACD-LOOKAHEAD,1988-11-07,1988-11-08,1988-11-08,1988-11-09,4.3125,4.1875,-0.02898550724637683,1,2187,2188,True,0.4729106878859031,11499
AMD,A-NOMACD-LOOKAHEAD,1988-11-16,1988-11-17,1988-11-25,1988-11-28,3.6875,3.6875,0.0,6,2194,2200,True,0.49634591961023145,11494
AMD,A-NOMACD-LOOKAHEAD,1989-02-17,1989-02-21,1989-02-21,1989-02-22,4.3125,4.5,0.04347826086956519,1,2258,2259,True,0.4729106878859031,11499
AMD,A-NOMACD-LOOKAHEAD,1989-02-22,1989-02-23,1989-02-23,1989-02-24,4.3125,4.25,-0.01449275362318836,1,2260,2261,True,0.4729106878859031,11499
AMD,A-NOMACD-LOOKAHEAD,1989-03-03,1989-03-06,1989-03-15,1989-03-16,4.0625,4.25,0.04615384615384621,8,2267,2275,True,0.5043508527671423,11492
AMD,A-NOMACD-LOOKAHEAD,1989-07-21,1989-07-24,1989-07-24,1989-07-25,4.375,4.4375,0.014285714285714235,1,2364,2365,True,0.4729106878859031,11499
AMD,A-NOMACD-LOOKAHEAD,1989-07-25,1989-07-26,1989-07-26,1989-07-27,4.375,4.4375,0.014285714285714235,1,2366,2367,True,0.4729106878859031,11499
AMD,A-NOMACD-LOOKAHEAD,1989-07-27,1989-07-28,1989-08-10,1989-08-11,4.4375,4.3125,-0.028169014084507005,10,2368,2378,True,0.5081810269799826,11490
AMD,A-NOMACD-LOOKAHEAD,1989-11-07,1989-11-08,1989-11-20,1989-11-21,3.75,3.875,0.03333333333333344,9,2440,2449,True,0.5044817683404403,11491
AMD,A-NOMACD-LOOKAHEAD,1990-04-10,1990-04-11,1990-04-20,1990-04-23,4.375,4.3125,-0.014285714285714235,7,2546,2553,True,0.5026537892630296,11493
AMD,A-NOMACD-LOOKAHEAD,1990-06-19,1990-06-20,1990-06-22,1990-06-25,4.625,4.5625,-0.013513513513513487,3,2594,2597,True,0.48377837696790466,11497
AMD,A-NOMACD-LOOKAHEAD,1990-06-26,1990-06-27,1990-07-09,1990-07-10,4.4375,4.6875,0.05633802816901401,8,2599,2607,True,0.5043508527671423,11492
AMD,A-NOMACD-LOOKAHEAD,1990-08-02,1990-08-03,1990-08-03,1990-08-06,3.125,2.875,-0.07999999999999996,1,2625,2626,True,0.4729106878859031,11499
AMD,A-NOMACD-LOOKAHEAD,1990-08-06,1990-08-07,1990-08-20,1990-08-21,2.875,2.75,-0.04347826086956519,10,2627,2637,True,0.5081810269799826,11490
AMD,A-NOMACD-LOOKAHEAD,1990-10-12,1990-10-15,1990-10-16,1990-10-17,2.125,1.9375,-0.08823529411764708,2,2675,2677,True,0.47408244912158637,11498
AMD,A-NOMACD-LOOKAHEAD,1990-10-18,1990-10-19,1990-10-30,1990-10-31,2.0,2.0,0.0,8,2679,2687,True,0.5043508527671423,11492
AMD,A-NOMACD-LOOKAHEAD,1990-11-08,1990-11-09,1990-11-16,1990-11-19,1.9375,2.1875,0.12903225806451624,6,2694,2700,True,0.49634591961023145,11494
AMD,A-NOMACD-LOOKAHEAD,1991-06-27,1991-06-28,1991-07-03,1991-07-05,6.0,5.6875,-0.05208333333333337,4,2853,2857,True,0.48956158663883087,11496
AMD,A-NOMACD-LOOKAHEAD,1991-07-29,1991-07-30,1991-08-08,1991-08-09,5.1875,5.625,0.0843373493975903,8,2874,2882,True,0.5043508527671423,11492
AMD,A-NOMACD-LOOKAHEAD,1991-09-25,1991-09-26,1991-10-02,1991-10-03,5.0625,4.5,-0.11111111111111116,5,2915,2920,True,0.4955197912135711,11495
AMD,A-NOMACD-LOOKAHEAD,1991-10-03,1991-10-04,1991-10-21,1991-10-22,4.3125,5.375,0.24637681159420288,12,2921,2933,True,0.5098363509749304,11488
AMD,A-NOMACD-LOOKAHEAD,1992-03-06,1992-03-09,1992-03-23,1992-03-24,8.625,9.3125,0.07971014492753614,11,3028,3039,True,0.5088345373835843,11489
AMD,A-NOMACD-LOOKAHEAD,1992-04-14,1992-04-15,1992-04-15,1992-04-16,8.8125,8.75,-0.007092198581560294,1,3055,3056,True,0.4729106878859031,11499
AMD,A-NOMACD-LOOKAHEAD,1992-04-27,1992-04-28,1992-05-12,1992-05-13,7.875,8.9375,0.13492063492063489,11,3063,3074,True,0.5088345373835843,11489
AMD,A-NOMACD-LOOKAHEAD,1992-05-26,1992-05-27,1992-06-03,1992-06-04,7.625,7.6875,0.008196721311475308,6,3083,3089,True,0.49634591961023145,11494
AMD,A-NOMACD-LOOKAHEAD,1992-06-29,1992-06-30,1992-07-21,1992-07-22,4.4375,4.375,-0.014084507042253502,15,3107,3122,True,0.5117979973878972,11485
AMD,A-NOMACD-LOOKAHEAD,1993-06-18,1993-06-21,1993-07-12,1993-07-13,10.375,12.375,0.19277108433734935,15,3353,3368,True,0.5117979973878972,11485
AMD,A-NOMACD-LOOKAHEAD,1993-10-15,1993-10-18,1993-10-19,1993-10-20,10.25,9.75,-0.04878048780487809,2,3436,3438,True,0.47408244912158637,11498
AMD,A-NOMACD-LOOKAHEAD,1993-10-20,1993-10-21,1993-11-03,1993-11-04,9.4375,9.8125,0.039735099337748325,10,3439,3449,True,0.5081810269799826,11490
AMD,A-NOMACD-LOOKAHEAD,1994-04-19,1994-04-20,1994-05-03,1994-05-04,11.9375,12.9375,0.08376963350785349,9,3564,3573,True,0.5044817683404403,11491
AMD,A-NOMACD-LOOKAHEAD,1994-05-16,1994-05-17,1994-06-02,1994-06-03,11.875,14.6875,0.23684210526315796,12,3582,3594,True,0.5098363509749304,11488
AMD,A-NOMACD-LOOKAHEAD,1994-06-21,1994-06-22,1994-06-22,1994-06-23,12.5,12.75,0.020000000000000018,1,3607,3608,True,0.4729106878859031,11499
AMD,A-NOMACD-LOOKAHEAD,1994-09-12,1994-09-13,1994-09-20,1994-09-21,14.125,14.8125,0.04867256637168138,6,3664,3670,True,0.49634591961023145,11494
AMD,A-NOMACD-LOOKAHEAD,1994-10-14,1994-10-17,1994-11-04,1994-11-07,11.4375,13.0,0.13661202185792343,15,3688,3703,True,0.5117979973878972,11485
AMD,A-NOMACD-LOOKAHEAD,1994-12-13,1994-12-14,1994-12-16,1994-12-19,11.4375,11.6875,0.021857923497267784,3,3729,3732,True,0.48377837696790466,11497
AMD,A-NOMACD-LOOKAHEAD,1994-12-20,1994-12-21,1995-01-19,1995-01-20,11.4375,15.9375,0.39344262295081966,20,3734,3754,True,0.510801393728223,11480
AMD,A-NOMACD-LOOKAHEAD,1995-05-31,1995-06-01,1995-06-15,1995-06-16,16.3125,17.375,0.06513409961685834,11,3845,3856,True,0.5088345373835843,11489
AMD,A-NOMACD-LOOKAHEAD,1995-10-10,1995-10-11,1995-10-19,1995-10-20,12.4375,13.5,0.085427135678392,7,3937,3944,True,0.5026537892630296,11493
AMD,A-NOMACD-LOOKAHEAD,1995-11-06,1995-11-07,1995-11-07,1995-11-08,11.125,11.3125,0.016853932584269593,1,3956,3957,True,0.4729106878859031,11499
AMD,A-NOMACD-LOOKAHEAD,1995-11-08,1995-11-09,1995-11-13,1995-11-14,10.875,10.5625,-0.028735632183908066,3,3958,3961,True,0.48377837696790466,11497
AMD,A-NOMACD-LOOKAHEAD,1995-11-14,1995-11-15,1995-11-20,1995-11-21,10.5625,10.625,0.00591715976331364,4,3962,3966,True,0.48956158663883087,11496
AMD,A-NOMACD-LOOKAHEAD,1995-11-22,1995-11-24,1995-11-30,1995-12-01,10.1875,10.25,0.006134969325153339,5,3968,3973,True,0.4955197912135711,11495
AMD,A-NOMACD-LOOKAHEAD,1995-12-18,1995-12-19,1995-12-19,1995-12-20,8.5625,8.75,0.021897810218978186,1,3985,3986,True,0.4729106878859031,11499
AMD,A-NOMACD-LOOKAHEAD,1995-12-20,1995-12-21,1995-12-27,1995-12-28,8.5,8.375,-0.014705882352941124,4,3987,3991,True,0.48956158663883087,11496
AMD,A-NOMACD-LOOKAHEAD,1996-03-07,1996-03-08,1996-03-20,1996-03-21,8.5,8.6875,0.022058823529411686,9,4040,4049,True,0.5044817683404403,11491
AMD,A-NOMACD-LOOKAHEAD,1996-05-29,1996-05-30,1996-06-05,1996-06-06,8.8125,8.8125,0.0,5,4097,4102,True,0.4955197912135711,11495
AMD,A-NOMACD-LOOKAHEAD,1996-06-06,1996-06-07,1996-06-07,1996-06-10,8.5,8.6875,0.022058823529411686,1,4103,4104,True,0.4729106878859031,11499
AMD,A-NOMACD-LOOKAHEAD,1996-06-19,1996-06-20,1996-06-25,1996-06-26,7.8125,6.875,-0.12,4,4112,4116,True,0.48956158663883087,11496
AMD,A-NOMACD-LOOKAHEAD,1996-06-28,1996-07-01,1996-07-08,1996-07-09,6.875,6.625,-0.036363636363636376,5,4119,4124,True,0.4955197912135711,11495
AMD,A-NOMACD-LOOKAHEAD,1996-07-15,1996-07-16,1996-07-18,1996-07-19,5.875,5.625,-0.04255319148936165,3,4129,4132,True,0.48377837696790466,11497
AMD,A-NOMACD-LOOKAHEAD,1996-08-28,1996-08-29,1996-09-04,1996-09-05,6.1875,6.25,0.010101010101010166,4,4161,4165,True,0.48956158663883087,11496
AMD,A-NOMACD-LOOKAHEAD,1997-04-21,1997-04-22,1997-05-06,1997-05-07,18.0,21.3125,0.18402777777777768,11,4323,4334,True,0.5088345373835843,11489
AMD,A-NOMACD-LOOKAHEAD,1997-07-30,1997-07-31,1997-08-08,1997-08-11,16.96875,18.0625,0.0644567219152854,7,4393,4400,True,0.5026537892630296,11493
AMD,A-NOMACD-LOOKAHEAD,1997-09-11,1997-09-12,1997-09-17,1997-09-18,17.5,16.5625,-0.0535714285714286,4,4423,4427,True,0.48956158663883087,11496
AMD,A-NOMACD-LOOKAHEAD,1997-09-18,1997-09-19,1997-09-23,1997-09-24,16.0,16.1875,0.01171875,3,4428,4431,True,0.48377837696790466,11497
AMD,A-NOMACD-LOOKAHEAD,1997-09-24,1997-09-25,1997-09-30,1997-10-01,16.0,14.75,-0.078125,4,4432,4436,True,0.48956158663883087,11496
AMD,A-NOMACD-LOOKAHEAD,1997-10-27,1997-10-28,1997-11-07,1997-11-10,9.8125,11.3125,0.15286624203821653,9,4455,4464,True,0.5044817683404403,11491
AMD,A-NOMACD-LOOKAHEAD,1997-12-16,1997-12-17,1997-12-17,1997-12-18,9.28125,9.46875,0.02020202020202011,1,4490,4491,True,0.4729106878859031,11499
AMD,A-NOMACD-LOOKAHEAD,1997-12-18,1997-12-19,1997-12-23,1997-12-24,9.125,9.09375,-0.003424657534246589,3,4492,4495,True,0.48377837696790466,11497
AMD,A-NOMACD-LOOKAHEAD,1997-12-30,1997-12-31,1998-01-08,1998-01-09,8.6875,9.53125,0.09712230215827344,6,4499,4505,True,0.49634591961023145,11494
AMD,A-NOMACD-LOOKAHEAD,1998-05-12,1998-05-13,1998-05-13,1998-05-14,13.15625,12.8125,-0.026128266033254133,1,4590,4591,True,0.4729106878859031,11499
AMD,A-NOMACD-LOOKAHEAD,1998-05-27,1998-05-28,1998-05-29,1998-06-01,10.0625,9.90625,-0.01552795031055898,2,4600,4602,True,0.47408244912158637,11498
AMD,A-NOMACD-LOOKAHEAD,1998-06-03,1998-06-04,1998-06-10,1998-06-11,9.125,8.90625,-0.023972602739726012,5,4605,4610,True,0.4955197912135711,11495
AMD,A-NOMACD-LOOKAHEAD,1998-06-11,1998-06-12,1998-06-25,1998-06-26,8.8125,8.96875,0.01773049645390068,10,4611,4621,True,0.5081810269799826,11490
AMD,A-NOMACD-LOOKAHEAD,1998-09-01,1998-09-02,1998-09-25,1998-09-28,7.40625,10.1875,0.37552742616033763,17,4668,4685,True,0.5114517112252895,11483
AMD,A-NOMACD-LOOKAHEAD,1999-01-26,1999-01-27,1999-02-03,1999-02-04,11.0625,8.875,-0.19774011299435024,6,4768,4774,True,0.49634591961023145,11494
AMD,A-NOMACD-LOOKAHEAD,1999-02-17,1999-02-18,1999-02-25,1999-02-26,8.53125,9.25,0.08424908424908417,6,4783,4789,True,0.49634591961023145,11494
AMD,A-NOMACD-LOOKAHEAD,1999-03-24,1999-03-25,1999-03-30,1999-03-31,8.0,7.96875,-0.00390625,4,4808,4812,True,0.48956158663883087,11496
AMD,A-NOMACD-LOOKAHEAD,1999-04-05,1999-04-06,1999-04-12,1999-04-13,7.875,7.75,-0.015873015873015928,5,4815,4820,True,0.4955197912135711,11495
AMD,A-NOMACD-LOOKAHEAD,1999-06-11,1999-06-14,1999-06-23,1999-06-24,8.4375,8.28125,-0.01851851851851849,8,4863,4871,True,0.5043508527671423,11492
AMD,A-NOMACD-LOOKAHEAD,1999-07-27,1999-07-28,1999-08-03,1999-08-04,8.40625,8.375,-0.0037174721189591198,5,4894,4899,True,0.4955197912135711,11495
AMD,A-NOMACD-LOOKAHEAD,1999-10-01,1999-10-04,1999-10-12,1999-10-13,8.90625,9.40625,0.056140350877192935,7,4941,4948,True,0.5026537892630296,11493
AMD,A-NOMACD-LOOKAHEAD,2000-08-02,2000-08-03,2000-08-09,2000-08-10,29.375,30.1875,0.027659574468085202,5,5152,5157,True,0.4955197912135711,11495
AMD,A-NOMACD-LOOKAHEAD,2000-09-18,2000-09-19,2000-09-26,2000-09-27,26.25,25.0625,-0.04523809523809519,6,5184,5190,True,0.49634591961023145,11494
AMD,A-NOMACD-LOOKAHEAD,2000-10-03,2000-10-04,2000-10-05,2000-10-06,23.5,23.8125,0.013297872340425565,2,5195,5197,True,0.47408244912158637,11498
AMD,A-NOMACD-LOOKAHEAD,2000-10-06,2000-10-09,2000-10-12,2000-10-13,22.75,22.125,-0.027472527472527486,4,5198,5202,True,0.48956158663883087,11496
AMD,A-NOMACD-LOOKAHEAD,2000-12-07,2000-12-08,2000-12-15,2000-12-18,15.25,16.0,0.049180327868852514,6,5241,5247,True,0.49634591961023145,11494
AMD,A-NOMACD-LOOKAHEAD,2001-03-01,2001-03-02,2001-03-14,2001-03-15,19.75,24.700000762939453,0.25063295002225083,9,5297,5306,True,0.5044817683404403,11491
AMD,A-NOMACD-LOOKAHEAD,2001-06-22,2001-06-25,2001-07-05,2001-07-06,25.950000762939453,23.5,-0.09441235803115766,8,5376,5384,True,0.5043508527671423,11492
AMD,A-NOMACD-LOOKAHEAD,2001-07-25,2001-07-26,2001-08-06,2001-08-07,16.299999237060547,17.690000534057617,0.08527615718144888,8,5398,5406,True,0.5043508527671423,11492
AMD,A-NOMACD-LOOKAHEAD,2001-08-21,2001-08-22,2001-08-22,2001-08-23,14.90999984741211,14.699999809265137,-0.01408450974487585,1,5417,5418,True,0.4729106878859031,11499
AMD,A-NOMACD-LOOKAHEAD,2001-08-23,2001-08-24,2001-08-29,2001-08-30,14.449999809265137,14.0,-0.03114185572352768,4,5419,5423,True,0.48956158663883087,11496
AMD,A-NOMACD-LOOKAHEAD,2001-09-19,2001-09-20,2001-09-25,2001-09-26,9.050000190734863,9.050000190734863,0.0,4,5433,5437,True,0.48956158663883087,11496
AMD,A-NOMACD-LOOKAHEAD,2001-10-02,2001-10-03,2001-10-16,2001-10-17,7.789999961853027,11.380000114440918,0.46084726189574043,10,5442,5452,True,0.5081810269799826,11490
AMD,A-NOMACD-LOOKAHEAD,2002-01-30,2002-01-31,2002-02-04,2002-02-05,16.049999237060547,15.050000190734863,-0.062305239492885245,3,5524,5527,True,0.48377837696790466,11497
AMD,A-NOMACD-LOOKAHEAD,2002-02-07,2002-02-08,2002-02-15,2002-02-19,13.75,14.5,0.05454545454545445,6,5530,5536,True,0.49634591961023145,11494
AMD,A-NOMACD-LOOKAHEAD,2002-03-25,2002-03-26,2002-03-26,2002-03-27,14.130000114440918,14.3100004196167,0.012738874997730631,1,5561,5562,True,0.4729106878859031,11499
AMD,A-NOMACD-LOOKAHEAD,2002-04-05,2002-04-08,2002-04-10,2002-04-11,13.010000228881836,13.399999618530273,0.02997689337334908,3,5569,5572,True,0.48377837696790466,11497
AMD,A-NOMACD-LOOKAHEAD,2002-04-30,2002-05-01,2002-05-03,2002-05-06,11.350000381469727,11.020000457763672,-0.02907488216871079,3,5586,5589,True,0.48377837696790466,11497
AMD,A-NOMACD-LOOKAHEAD,2002-06-07,2002-06-10,2002-06-10,2002-06-11,9.899999618530273,10.100000381469727,0.02020209804504458,1,5613,5614,True,0.4729106878859031,11499
AMD,A-NOMACD-LOOKAHEAD,2002-06-11,2002-06-12,2002-06-12,2002-06-13,9.59000015258789,9.529999732971191,-0.006256560861524929,1,5615,5616,True,0.4729106878859031,11499
AMD,A-NOMACD-LOOKAHEAD,2002-06-13,2002-06-14,2002-06-18,2002-06-19,9.300000190734863,9.0,-0.03225808436366906,3,5617,5620,True,0.48377837696790466,11497
AMD,A-NOMACD-LOOKAHEAD,2002-06-25,2002-06-26,2002-07-16,2002-07-17,8.25,10.0,0.21212121212121215,14,5625,5639,True,0.5123628765453596,11486
AMD,A-NOMACD-LOOKAHEAD,2002-08-02,2002-08-05,2002-08-19,2002-08-20,7.730000019073486,10.489999771118164,0.3570504198233482,11,5652,5663,True,0.5088345373835843,11489
AMD,A-NOMACD-LOOKAHEAD,2002-09-09,2002-09-10,2002-09-11,2002-09-12,8.199999809265137,8.180000305175781,-0.002438963970067154,2,5677,5679,True,0.47408244912158637,11498
AMD,A-NOMACD-LOOKAHEAD,2002-09-24,2002-09-25,2002-10-03,2002-10-04,5.949999809265137,3.630000114440918,-0.3899159275957613,7,5688,5695,True,0.5026537892630296,11493
AMD,A-NOMACD-LOOKAHEAD,2002-10-08,2002-10-09,2002-11-06,2002-11-07,3.5399999618530273,7.0,0.97740115125194,21,5698,5719,True,0.513807822981096,11479
AMD,A-NOMACD-LOOKAHEAD,2002-12-20,2002-12-23,2002-12-23,2002-12-24,6.699999809265137,6.599999904632568,-0.014925359325276832,1,5750,5751,True,0.4729106878859031,11499
AMD,A-NOMACD-LOOKAHEAD,2002-12-30,2002-12-31,2003-01-15,2003-01-16,6.420000076293945,7.369999885559082,0.1479750464136349,11,5755,5766,True,0.5088345373835843,11489
AMD,A-NOMACD-LOOKAHEAD,2003-02-03,2003-02-04,2003-02-24,2003-02-25,5.039999961853027,5.150000095367432,0.02182542348154337,14,5778,5792,True,0.5123628765453596,11486
AMD,A-NOMACD-LOOKAHEAD,2003-05-23,2003-05-27,2003-05-30,2003-06-02,6.900000095367432,7.199999809265137,0.04347821880453617,4,5855,5859,True,0.48956158663883087,11496
AMD,A-NOMACD-LOOKAHEAD,2003-06-11,2003-06-12,2003-07-16,2003-07-17,6.550000190734863,7.260000228881836,0.10839694923235044,24,5867,5891,True,0.5155106308818403,11476
AMD,A-NOMACD-LOOKAHEAD,2003-12-17,2003-12-18,2004-01-12,2004-01-13,14.130000114440918,15.84000015258789,0.12101910999981835,16,5999,6015,True,0.512365029606409,11484
AMD,A-NOMACD-LOOKAHEAD,2004-02-05,2004-02-06,2004-02-18,2004-02-19,14.199999809265137,15.539999961853027,0.09436620919625471,8,6032,6040,True,0.5043508527671423,11492
AMD,A-NOMACD-LOOKAHEAD,2004-05-06,2004-05-07,2004-05-13,2004-05-14,14.3100004196167,14.670000076293945,0.02515720797490295,5,6095,6100,True,0.4955197912135711,11495
AMD,A-NOMACD-LOOKAHEAD,2004-07-27,2004-07-28,2004-08-05,2004-08-06,11.510000228881836,11.550000190734863,0.0034752355393230516,7,6150,6157,True,0.5026537892630296,11493
AMD,A-NOMACD-LOOKAHEAD,2004-08-13,2004-08-16,2004-08-26,2004-08-27,11.0600004196167,11.859999656677246,0.0723326588344082,9,6163,6172,True,0.5044817683404403,11491
AMD,A-NOMACD-LOOKAHEAD,2005-01-19,2005-01-20,2005-02-09,2005-02-10,15.359999656677246,18.149999618530273,0.1816406265764574,15,6272,6287,True,0.5117979973878972,11485
AMD,A-NOMACD-LOOKAHEAD,2005-03-22,2005-03-23,2005-04-13,2005-04-14,15.329999923706055,17.0,0.10893673089400902,15,6315,6330,True,0.5117979973878972,11485
AMD,A-NOMACD-LOOKAHEAD,2005-04-29,2005-05-02,2005-05-26,2005-05-27,14.210000038146973,16.299999237060547,0.14707946469408428,19,6342,6361,True,0.5119763086839125,11481
AMD,A-NOMACD-LOOKAHEAD,2005-10-20,2005-10-21,2005-11-11,2005-11-14,21.15999984741211,24.760000228881836,0.17013234439649638,16,6463,6479,True,0.512365029606409,11484
AMD,A-NOMACD-LOOKAHEAD,2006-03-14,2006-03-15,2006-03-28,2006-03-29,35.16999816894531,34.25,-0.026158607246037913,10,6561,6571,True,0.5081810269799826,11490
AMD,A-NOMACD-LOOKAHEAD,2006-06-14,2006-06-15,2006-06-27,2006-06-28,25.399999618530273,24.329999923706055,-0.042125972869842654,9,6625,6634,True,0.5044817683404403,11491
AMD,A-NOMACD-LOOKAHEAD,2006-07-18,2006-07-19,2006-07-20,2006-07-21,20.780000686645508,19.780000686645508,-0.04812319379001084,2,6648,6650,True,0.47408244912158637,11498
AMD,A-NOMACD-LOOKAHEAD,2006-07-25,2006-07-26,2006-08-09,2006-08-10,17.8799991607666,19.770000457763672,0.10570477548702728,11,6653,6664,True,0.5088345373835843,11489
AMD,A-NOMACD-LOOKAHEAD,2006-10-04,2006-10-05,2006-10-05,2006-10-06,24.799999237060547,24.65999984741211,-0.005645136853037691,1,6703,6704,True,0.4729106878859031,11499
AMD,A-NOMACD-LOOKAHEAD,2006-10-10,2006-10-11,2006-10-18,2006-10-19,23.079999923706055,21.989999771118164,-0.04722704316252291,6,6707,6713,True,0.49634591961023145,11494
AMD,A-NOMACD-LOOKAHEAD,2007-01-09,2007-01-10,2007-01-12,2007-01-16,19.639999389648438,18.149999618530273,-0.07586557115187542,3,6768,6771,True,0.48377837696790466,11497
AMD,A-NOMACD-LOOKAHEAD,2007-02-01,2007-02-02,2007-02-08,2007-02-09,15.899999618530273,15.220000267028809,-0.04276725583747665,5,6784,6789,True,0.4955197912135711,11495
AMD,A-NOMACD-LOOKAHEAD,2007-02-13,2007-02-14,2007-02-21,2007-02-22,14.649999618530273,14.65999984741211,0.0006826094977632202,5,6792,6797,True,0.4955197912135711,11495
AMD,A-NOMACD-LOOKAHEAD,2007-02-22,2007-02-23,2007-03-01,2007-03-02,14.59000015258789,14.6899995803833,0.006853970304974366,5,6798,6803,True,0.4955197912135711,11495
AMD,A-NOMACD-LOOKAHEAD,2007-03-08,2007-03-09,2007-03-16,2007-03-19,14.260000228881836,14.010000228881836,-0.0175315565208517,6,6808,6814,True,0.49634591961023145,11494
AMD,A-NOMACD-LOOKAHEAD,2007-04-04,2007-04-05,2007-04-20,2007-04-23,12.680000305175781,14.029999732971191,0.10646682928267448,11,6827,6838,True,0.5088345373835843,11489
AMD,A-NOMACD-LOOKAHEAD,2007-06-07,2007-06-08,2007-06-14,2007-06-15,13.770000457763672,13.850000381469727,0.005809725566199964,5,6871,6876,True,0.4955197912135711,11495
AMD,A-NOMACD-LOOKAHEAD,2007-06-19,2007-06-20,2007-07-02,2007-07-03,13.550000190734863,14.380000114440918,0.061254606053333216,9,6879,6888,True,0.5044817683404403,11491
AMD,A-NOMACD-LOOKAHEAD,2007-08-07,2007-08-08,2007-08-13,2007-08-14,12.819999694824219,12.869999885559082,0.0039001709769970194,4,6913,6917,True,0.48956158663883087,11496
AMD,A-NOMACD-LOOKAHEAD,2007-08-17,2007-08-20,2007-09-06,2007-09-07,12.050000190734863,12.75,0.05809126955892996,13,6921,6934,True,0.5121441629668321,11487
AMD,A-NOMACD-LOOKAHEAD,2007-11-01,2007-11-02,2007-11-07,2007-11-08,12.960000038146973,13.039999961853027,0.006172833601125083,4,6974,6978,True,0.48956158663883087,11496
AMD,A-NOMACD-LOOKAHEAD,2007-11-14,2007-11-15,2007-11-16,2007-11-19,12.239999771118164,12.539999961853027,0.024509819962803547,2,6983,6985,True,0.47408244912158637,11498
AMD,A-NOMACD-LOOKAHEAD,2007-12-06,2007-12-07,2007-12-13,2007-12-14,9.079999923706055,8.850000381469727,-0.025330346274105797,5,6998,7003,True,0.4955197912135711,11495
AMD,A-NOMACD-LOOKAHEAD,2007-12-18,2007-12-19,2007-12-26,2007-12-27,7.699999809265137,7.739999771118164,0.005194800369332064,5,7006,7011,True,0.4955197912135711,11495
AMD,A-NOMACD-LOOKAHEAD,2007-12-28,2007-12-31,2008-01-02,2008-01-03,7.260000228881836,7.150000095367432,-0.015151533064255318,2,7013,7015,True,0.47408244912158637,11498
AMD,A-NOMACD-LOOKAHEAD,2008-01-09,2008-01-10,2008-02-04,2008-02-05,5.519999980926514,7.769999980926514,0.4076086970606012,17,7020,7037,True,0.5114517112252895,11483
AMD,A-NOMACD-LOOKAHEAD,2008-03-31,2008-04-01,2008-04-10,2008-04-11,5.929999828338623,6.210000038146973,0.04721757469035137,8,7075,7083,True,0.5043508527671423,11492
AMD,A-NOMACD-LOOKAHEAD,2008-07-03,2008-07-07,2008-07-09,2008-07-10,5.46999979019165,5.110000133514404,-0.06581346809606237,3,7142,7145,True,0.48377837696790466,11497
AMD,A-NOMACD-LOOKAHEAD,2008-07-10,2008-07-11,2008-07-18,2008-07-21,4.75,4.730000019073486,-0.004210522300318709,6,7146,7152,True,0.49634591961023145,11494
AMD,A-NOMACD-LOOKAHEAD,2008-07-22,2008-07-23,2008-07-23,2008-07-24,4.449999809265137,4.679999828338623,0.05168539975993114,1,7154,7155,True,0.4729106878859031,11499
AMD,A-NOMACD-LOOKAHEAD,2008-07-31,2008-08-01,2008-08-18,2008-08-19,4.260000228881836,5.71999979019165,0.342722883302059,12,7161,7173,True,0.5098363509749304,11488
AMD,A-NOMACD-LOOKAHEAD,2008-09-24,2008-09-25,2008-10-07,2008-10-08,4.949999809265137,4.449999809265137,-0.10101010490225226,9,7199,7208,True,0.5044817683404403,11491
AMD,A-NOMACD-LOOKAHEAD,2008-10-29,2008-10-30,2008-11-06,2008-11-07,3.200000047683716,3.25,0.015624984866008385,6,7224,7230,True,0.49634591961023145,11494
AMD,A-NOMACD-LOOKAHEAD,2008-11-24,2008-11-25,2008-12-19,2008-12-22,1.9199999570846558,2.259999990463257,0.17708335467614278,18,7242,7260,True,0.5098414910294374,11482
AMD,A-NOMACD-LOOKAHEAD,2009-06-25,2009-06-26,2009-07-06,2009-07-07,3.690000057220459,3.630000114440918,-0.016260146842582146,6,7388,7394,True,0.49634591961023145,11494
AMD,A-NOMACD-LOOKAHEAD,2009-11-03,2009-11-04,2009-11-23,2009-11-24,4.710000038146973,7.010000228881836,0.48832275416280857,14,7479,7493,True,0.5123628765453596,11486
AMD,A-NOMACD-LOOKAHEAD,2010-01-29,2010-02-01,2010-02-03,2010-02-04,7.610000133514404,7.639999866485596,0.003942146181978634,3,7538,7541,True,0.48377837696790466,11497
AMD,A-NOMACD-LOOKAHEAD,2010-02-04,2010-02-05,2010-02-19,2010-02-22,7.130000114440918,7.960000038146973,0.11640952459804232,10,7542,7552,True,0.5081810269799826,11490
AMD,A-NOMACD-LOOKAHEAD,2010-07-07,2010-07-08,2010-07-28,2010-07-29,7.519999980926514,7.880000114440918,0.047872358301528806,15,7647,7662,True,0.5117979973878972,11485
AMD,A-NOMACD-LOOKAHEAD,2010-08-13,2010-08-16,2010-08-18,2010-08-19,6.46999979019165,6.480000019073486,0.0015456304800807175,3,7674,7677,True,0.48377837696790466,11497
AMD,A-NOMACD-LOOKAHEAD,2010-08-24,2010-08-25,2010-08-25,2010-08-26,5.920000076293945,6.190000057220459,0.045608104298461294,1,7681,7682,True,0.4729106878859031,11499
AMD,A-NOMACD-LOOKAHEAD,2010-08-26,2010-08-27,2010-08-30,2010-08-31,5.940000057220459,5.690000057220459,-0.04208754168210971,2,7683,7685,True,0.47408244912158637,11498
AMD,A-NOMACD-LOOKAHEAD,2010-08-31,2010-09-01,2010-09-17,2010-09-20,5.75,6.159999847412109,0.0713043212890625,12,7686,7698,True,0.5098363509749304,11488
AMD,A-NOMACD-LOOKAHEAD,2011-01-26,2011-01-27,2011-02-10,2011-02-11,7.610000133514404,8.15999984741211,0.07227328570935354,11,7788,7799,True,0.5088345373835843,11489
AMD,A-NOMACD-LOOKAHEAD,2011-05-26,2011-05-27,2011-06-01,2011-06-02,8.529999732971191,8.390000343322754,-0.016412590156045903,3,7872,7875,True,0.48377837696790466,11497
AMD,A-NOMACD-LOOKAHEAD,2011-06-13,2011-06-14,2011-06-14,2011-06-15,7.670000076293945,7.579999923706055,-0.011734048460580682,1,7883,7884,True,0.4729106878859031,11499
AMD,A-NOMACD-LOOKAHEAD,2011-06-15,2011-06-16,2011-06-16,2011-06-17,7.650000095367432,7.289999961853027,-0.047058840395624024,1,7885,7886,True,0.4729106878859031,11499
AMD,A-NOMACD-LOOKAHEAD,2011-06-20,2011-06-21,2011-07-08,2011-07-11,6.980000019073486,6.800000190734863,-0.02578794095225745,13,7888,7901,True,0.5121441629668321,11487
AMD,A-NOMACD-LOOKAHEAD,2011-08-11,2011-08-12,2011-08-17,2011-08-18,6.309999942779541,5.900000095367432,-0.06497620461649412,4,7925,7929,True,0.48956158663883087,11496
AMD,A-NOMACD-LOOKAHEAD,2011-10-05,2011-10-06,2011-10-18,2011-10-19,4.909999847412109,4.900000095367432,-0.00203660944102646,9,7963,7972,True,0.5044817683404403,11491
AMD,A-NOMACD-LOOKAHEAD,2011-11-28,2011-11-29,2011-12-07,2011-12-08,5.329999923706055,5.639999866485596,0.05816134094125691,7,8000,8007,True,0.5026537892630296,11493
AMD,A-NOMACD-LOOKAHEAD,2011-12-20,2011-12-21,2012-01-05,2012-01-06,5.119999885559082,5.440000057220459,0.06250003492459744,10,8016,8026,True,0.5081810269799826,11490
AMD,A-NOMACD-LOOKAHEAD,2012-04-30,2012-05-01,2012-05-03,2012-05-04,7.340000152587891,7.349999904632568,0.0013623640104629686,3,8105,8108,True,0.48377837696790466,11497
AMD,A-NOMACD-LOOKAHEAD,2012-05-10,2012-05-11,2012-05-14,2012-05-15,6.730000019073486,6.760000228881836,0.004457683465575846,2,8113,8115,True,0.47408244912158637,11498
AMD,A-NOMACD-LOOKAHEAD,2012-05-18,2012-05-21,2012-05-31,2012-06-01,6.099999904632568,5.900000095367432,-0.03278685449048113,8,8119,8127,True,0.5043508527671423,11492
AMD,A-NOMACD-LOOKAHEAD,2012-06-28,2012-06-29,2012-07-09,2012-07-10,5.590000152587891,5.079999923706055,-0.09123438550278595,6,8147,8153,True,0.49634591961023145,11494
AMD,A-NOMACD-LOOKAHEAD,2012-07-27,2012-07-30,2012-07-30,2012-07-31,4.079999923706055,4.090000152587891,0.0024510365364791564,1,8167,8168,True,0.4729106878859031,11499
AMD,A-NOMACD-LOOKAHEAD,2012-07-31,2012-08-01,2012-08-13,2012-08-14,4.090000152587891,4.309999942779541,0.053789677746698406,9,8169,8178,True,0.5044817683404403,11491
AMD,A-NOMACD-LOOKAHEAD,2012-09-04,2012-09-05,2012-09-07,2012-09-10,3.569999933242798,3.490000009536743,-0.022408942633617035,3,8193,8196,True,0.48377837696790466,11497
AMD,A-NOMACD-LOOKAHEAD,2012-10-03,2012-10-04,2012-10-11,2012-10-12,3.1700000762939453,2.859999895095825,-0.09779185291394132,6,8214,8220,True,0.49634591961023145,11494
AMD,A-NOMACD-LOOKAHEAD,2012-10-24,2012-10-25,2012-10-25,2012-10-26,2.0999999046325684,2.130000114440918,0.014285814843214784,1,8229,8230,True,0.4729106878859031,11499
AMD,A-NOMACD-LOOKAHEAD,2012-10-31,2012-11-01,2012-11-06,2012-11-07,2.069999933242798,2.069999933242798,0.0,4,8232,8236,True,0.48956158663883087,11496
AMD,A-NOMACD-LOOKAHEAD,2012-11-08,2012-11-09,2012-11-13,2012-11-14,2.0,2.0399999618530273,0.019999980926513672,3,8238,8241,True,0.48377837696790466,11497
AMD,A-NOMACD-LOOKAHEAD,2012-11-21,2012-11-23,2012-12-13,2012-12-14,1.9199999570846558,2.430000066757202,0.2656250630583008,15,8247,8262,True,0.5117979973878972,11485
AMD,A-NOMACD-LOOKAHEAD,2013-07-30,2013-07-31,2013-08-07,2013-08-08,3.8499999046325684,3.7100000381469727,-0.03636360258532445,6,8418,8424,True,0.49634591961023145,11494
AMD,A-NOMACD-LOOKAHEAD,2013-09-04,2013-09-05,2013-09-19,2013-09-20,3.319999933242798,3.9100000858306885,0.1777108929070399,11,8443,8454,True,0.5088345373835843,11489
AMD,A-NOMACD-LOOKAHEAD,2014-02-05,2014-02-06,2014-02-21,2014-02-24,3.319999933242798,3.7100000381469727,0.11746991347775237,11,8549,8560,True,0.5088345373835843,11489
AMD,A-NOMACD-LOOKAHEAD,2014-09-17,2014-09-18,2014-09-22,2014-09-23,3.880000114440918,3.759999990463257,-0.03092786609233189,3,8704,8707,True,0.48377837696790466,11497
AMD,A-NOMACD-LOOKAHEAD,2014-10-01,2014-10-02,2014-10-06,2014-10-07,3.369999885559082,3.3499999046325684,-0.00593471264263723,3,8714,8717,True,0.48377837696790466,11497
AMD,A-NOMACD-LOOKAHEAD,2014-10-07,2014-10-08,2014-10-08,2014-10-09,3.299999952316284,3.0299999713897705,-0.08181817722057827,1,8718,8719,True,0.4729106878859031,11499
AMD,A-NOMACD-LOOKAHEAD,2014-10-15,2014-10-16,2014-11-05,2014-11-06,2.559999942779541,2.7799999713897705,0.08593751309672393,15,8724,8739,True,0.5117979973878972,11485
AMD,A-NOMACD-LOOKAHEAD,2014-11-19,2014-11-20,2014-11-28,2014-12-01,2.5999999046325684,2.7699999809265137,0.06538464712673497,6,8749,8755,True,0.49634591961023145,11494
AMD,A-NOMACD-LOOKAHEAD,2014-12-15,2014-12-16,2015-01-02,2015-01-05,2.440000057220459,2.6700000762939453,0.09426230068842378,12,8766,8778,True,0.5098363509749304,11488
AMD,A-NOMACD-LOOKAHEAD,2015-03-19,2015-03-20,2015-04-13,2015-04-14,2.759999990463257,2.7699999809265137,0.003623184962974646,16,8830,8846,True,0.512365029606409,11484
AMD,A-NOMACD-LOOKAHEAD,2015-04-30,2015-05-01,2015-05-18,2015-05-19,2.259999990463257,2.359999895095825,0.04424774559935751,12,8859,8871,True,0.5098363509749304,11488
AMD,A-NOMACD-LOOKAHEAD,2015-05-27,2015-05-28,2015-06-08,2015-06-09,2.2799999713897705,2.3499999046325684,0.0307017254917461,8,8877,8885,True,0.5043508527671423,11492
AMD,A-NOMACD-LOOKAHEAD,2015-07-17,2015-07-20,2015-07-22,2015-07-23,1.8200000524520874,1.7999999523162842,-0.010989065691980104,3,8913,8916,True,0.48377837696790466,11497
AMD,A-NOMACD-LOOKAHEAD,2015-07-27,2015-07-28,2015-08-07,2015-08-10,1.6200000047683716,1.9199999570846558,0.18518515520571155,9,8919,8928,True,0.5044817683404403,11491
AMD,A-NOMACD-LOOKAHEAD,2015-08-20,2015-08-21,2015-08-24,2015-08-25,1.6799999475479126,1.8200000524520874,0.08333339837808662,2,8937,8939,True,0.47408244912158637,11498
AMD,A-NOMACD-LOOKAHEAD,2015-08-25,2015-08-26,2015-09-09,2015-09-10,1.690000057220459,1.840000033378601,0.0887573793369254,10,8940,8950,True,0.5081810269799826,11490
AMD,A-NOMACD-LOOKAHEAD,2015-09-29,2015-09-30,2015-10-15,2015-10-16,1.7000000476837158,2.0,0.17647055523618382,12,8964,8976,True,0.5098363509749304,11488
AMD,A-NOMACD-LOOKAHEAD,2016-01-20,2016-01-21,2016-02-02,2016-02-03,1.8200000524520874,2.0399999618530273,0.12087906761570366,9,9041,9050,True,0.5044817683404403,11491
AMD,A-NOMACD-LOOKAHEAD,2016-02-17,2016-02-18,2016-03-03,2016-03-04,1.9299999475479126,2.4200000762939453,0.25388608397040824,11,9060,9071,True,0.5088345373835843,11489
AMD,A-NOMACD-LOOKAHEAD,2016-09-16,2016-09-19,2016-10-04,2016-10-05,6.119999885559082,6.96999979019165,0.13888887590312726,12,9208,9220,True,0.5098363509749304,11488
AMD,A-NOMACD-LOOKAHEAD,2017-01-23,2017-01-24,2017-02-10,2017-02-13,9.949999809265137,13.699999809265137,0.37688442933517585,14,9295,9309,True,0.5123628765453596,11486
AMD,A-NOMACD-LOOKAHEAD,2017-04-18,2017-04-19,2017-05-01,2017-05-02,13.09000015258789,11.729999542236328,-0.10389614931231994,9,9354,9363,True,0.5044817683404403,11491
AMD,A-NOMACD-LOOKAHEAD,2017-08-11,2017-08-14,2017-08-18,2017-08-21,12.579999923706055,12.420000076293945,-0.01271858890162647,5,9435,9440,True,0.4955197912135711,11495
AMD,A-NOMACD-LOOKAHEAD,2017-11-03,2017-11-06,2017-11-10,2017-11-13,12.039999961853027,11.180000305175781,-0.07142854313970337,5,9494,9499,True,0.4955197912135711,11495
AMD,A-NOMACD-LOOKAHEAD,2017-12-08,2017-12-11,2017-12-11,2017-12-12,9.970000267028809,10.130000114440918,0.01604812869877592,1,9518,9519,True,0.4729106878859031,11499
AMD,A-NOMACD-LOOKAHEAD,2017-12-12,2017-12-13,2017-12-22,2017-12-26,9.970000267028809,10.380000114440918,0.041123353704211496,8,9520,9528,True,0.5043508527671423,11492
AMD,A-NOMACD-LOOKAHEAD,2018-04-03,2018-04-04,2018-04-18,2018-04-19,9.079999923706055,10.180000305175781,0.12114541747933782,11,9595,9606,True,0.5088345373835843,11489
AMD,A-NOMACD-LOOKAHEAD,2018-10-11,2018-10-12,2018-10-18,2018-10-19,26.770000457763672,27.030000686645508,0.009712372971081962,5,9729,9734,True,0.4955197912135711,11495
AMD,A-NOMACD-LOOKAHEAD,2018-10-31,2018-11-01,2018-11-12,2018-11-13,18.40999984741211,19.280000686645508,0.04725697156133846,8,9743,9751,True,0.5043508527671423,11492
AMD,A-NOMACD-LOOKAHEAD,2018-12-24,2018-12-26,2019-01-15,2019-01-16,16.8799991607666,20.399999618530273,0.20853084317356152,14,9779,9793,True,0.5123628765453596,11486
AMD,A-NOMACD-LOOKAHEAD,2019-06-25,2019-06-26,2019-07-16,2019-07-17,29.979999542236328,34.0099983215332,0.1344229099676717,14,9904,9918,True,0.5123628765453596,11486
AMD,A-NOMACD-LOOKAHEAD,2020-09-18,2020-09-21,2020-10-08,2020-10-09,74.2300033569336,84.73999786376953,0.14158687904537492,14,10216,10230,True,0.5123628765453596,11486
AMD,A-NOMACD-LOOKAHEAD,2020-10-22,2020-10-23,2020-10-27,2020-10-28,80.93000030517578,78.7300033569336,-0.027183948349762788,3,10240,10243,True,0.48377837696790466,11497
AMD,A-NOMACD-LOOKAHEAD,2021-05-13,2021-05-14,2021-06-02,2021-06-03,74.0199966430664,81.12999725341797,0.0960551328398036,13,10379,10392,True,0.5121441629668321,11487
AMD,A-NOMACD-LOOKAHEAD,2021-09-14,2021-09-15,2021-09-16,2021-09-17,106.0,105.55999755859375,-0.0041509664283608805,2,10464,10466,True,0.47408244912158637,11498
AMD,A-NOMACD-LOOKAHEAD,2022-01-28,2022-01-31,2022-02-10,2022-02-11,107.93000030517578,126.13999938964844,0.16872045800966617,9,10559,10568,True,0.5044817683404403,11491
AMD,A-NOMACD-LOOKAHEAD,2022-02-23,2022-02-24,2022-03-03,2022-03-04,104.55999755859375,112.0,0.07115534253180322,6,10576,10582,True,0.49634591961023145,11494
AMD,A-NOMACD-LOOKAHEAD,2022-04-18,2022-04-19,2022-04-20,2022-04-21,93.38999938964844,95.16000366210938,0.01895282454255076,2,10613,10615,True,0.47408244912158637,11498
AMD,A-NOMACD-LOOKAHEAD,2022-04-22,2022-04-25,2022-04-25,2022-04-26,89.86000061035156,89.73999786376953,-0.0013354411948246492,1,10617,10618,True,0.4729106878859031,11499
AMD,A-NOMACD-LOOKAHEAD,2022-04-27,2022-04-28,2022-05-06,2022-05-09,86.66999816894531,92.87000274658203,0.07153576449316512,7,10620,10627,True,0.5026537892630296,11493
AMD,A-NOMACD-LOOKAHEAD,2022-06-23,2022-06-24,2022-06-28,2022-06-29,83.55999755859375,79.55000305175781,-0.04798940430825238,3,10659,10662,True,0.48377837696790466,11497
AMD,A-NOMACD-LOOKAHEAD,2022-07-06,2022-07-07,2022-07-25,2022-07-26,77.19000244140625,87.0,0.1270889655177867,13,10667,10680,True,0.5121441629668321,11487
AMD,A-NOMACD-LOOKAHEAD,2022-09-07,2022-09-08,2022-09-13,2022-09-14,80.02999877929688,77.0999984741211,-0.036611275145161604,4,10711,10715,True,0.48956158663883087,11496
AMD,A-NOMACD-LOOKAHEAD,2022-09-27,2022-09-28,2022-09-29,2022-09-30,67.11000061035156,63.619998931884766,-0.052004196792221014,2,10725,10727,True,0.47408244912158637,11498
AMD,A-NOMACD-LOOKAHEAD,2022-09-30,2022-10-03,2022-10-07,2022-10-10,64.45999908447266,57.310001373291016,-0.11092146777432943,5,10728,10733,True,0.4955197912135711,11495
AMD,A-NOMACD-LOOKAHEAD,2022-10-18,2022-10-19,2022-11-01,2022-11-02,57.33000183105469,63.0,0.09890106380345465,10,10740,10750,True,0.5081810269799826,11490
AMD,A-NOMACD-LOOKAHEAD,2022-12-20,2022-12-21,2022-12-23,2022-12-27,65.43000030517578,63.869998931884766,-0.02384229506365465,3,10784,10787,True,0.48377837696790466,11497
AMD,A-NOMACD-LOOKAHEAD,2022-12-28,2022-12-29,2023-01-04,2023-01-05,63.63999938964844,64.1500015258789,0.008013861425545832,4,10789,10793,True,0.48956158663883087,11496
AMD,A-NOMACD-LOOKAHEAD,2023-02-28,2023-03-01,2023-03-10,2023-03-13,78.55000305175781,81.38999938964844,0.03615526705987904,8,10830,10838,True,0.5043508527671423,11492
AMD,A-NOMACD-LOOKAHEAD,2023-04-26,2023-04-27,2023-05-02,2023-05-03,86.41000366210938,83.54000091552734,-0.033213778786593484,4,10870,10874,True,0.48956158663883087,11496
AMD,A-NOMACD-LOOKAHEAD,2023-06-28,2023-06-29,2023-07-19,2023-07-20,112.06999969482422,114.95999908447266,0.02578744889371065,14,10913,10927,True,0.5123628765453596,11486
AMD,A-NOMACD-LOOKAHEAD,2023-09-26,2023-09-27,2023-10-12,2023-10-13,96.81999969482422,108.6500015258789,0.12218551816094547,12,10975,10987,True,0.5098363509749304,11488
AMD,A-NOMACD-LOOKAHEAD,2023-10-27,2023-10-30,2023-11-14,2023-11-15,96.13999938964844,120.54000091552734,0.25379656418539676,12,10998,11010,True,0.5098363509749304,11488
AMD,A-NOMACD-LOOKAHEAD,2024-03-25,2024-03-26,2024-04-03,2024-04-04,179.5399932861328,182.9199981689453,0.018825916281648647,6,11099,11105,True,0.49634591961023145,11494
AMD,A-NOMACD-LOOKAHEAD,2024-04-22,2024-04-23,2024-05-01,2024-05-02,151.64999389648438,145.50999450683594,-0.0404879633153139,7,11118,11125,True,0.5026537892630296,11493
AMD,A-NOMACD-LOOKAHEAD,2024-07-30,2024-07-31,2024-08-01,2024-08-02,150.72999572753906,133.5,-0.1143103311611855,2,11186,11188,True,0.47408244912158637,11498
AMD,A-NOMACD-LOOKAHEAD,2024-08-02,2024-08-05,2024-08-21,2024-08-22,122.16000366210938,158.8699951171875,0.3005074521495332,13,11189,11202,True,0.5121441629668321,11487
AMD,A-NOMACD-LOOKAHEAD,2024-10-24,2024-10-25,2024-10-30,2024-10-31,155.39999389648438,147.8000030517578,-0.04890599191264511,4,11247,11251,True,0.48956158663883087,11496
AMD,A-NOMACD-LOOKAHEAD,2024-11-06,2024-11-07,2024-11-12,2024-11-13,146.67999267578125,142.86000061035156,-0.026043034198081294,4,11256,11260,True,0.48956158663883087,11496
AMD,A-NOMACD-LOOKAHEAD,2024-11-18,2024-11-19,2024-12-06,2024-12-09,137.41000366210938,135.7100067138672,-0.012371711687181652,13,11264,11277,True,0.5121441629668321,11487
AMD,A-NOMACD-LOOKAHEAD,2024-12-20,2024-12-23,2024-12-31,2025-01-02,120.70999908447266,122.29000091552734,0.013089237370874418,6,11287,11293,True,0.49634591961023145,11494
AMD,A-NOMACD-LOOKAHEAD,2025-03-04,2025-03-05,2025-03-07,2025-03-10,100.36000061035156,98.56999969482422,-0.01783580016581543,3,11334,11337,True,0.48377837696790466,11497
AMD,A-NOMACD-LOOKAHEAD,2025-11-25,2025-11-26,2025-12-11,2025-12-12,210.0500030517578,218.3699951171875,0.039609578407764134,11,11519,11530,True,0.5088345373835843,11489
