symbol,arm,signal_date,entry_date,exit_signal_date,exit_date,entry_price,exit_price,ret,hold_bars,entry_bar,exit_bar,closed,base_rate,base_n
NVDA,A-NOMACD-CLOSE-FILL,2000-03-31,2000-03-31,2000-04-12,2000-04-12,0.16117455065250397,0.15035445988178253,-0.06713274972330963,8,301,309,True,0.56064209274673,6728
NVDA,A-NOMACD-CLOSE-FILL,2000-12-01,2000-12-01,2000-12-07,2000-12-07,0.16978958249092102,0.15452733635902405,-0.08988917875873259,4,471,475,True,0.5460487225193108,6732
NVDA,A-NOMACD-CLOSE-FILL,2000-12-26,2000-12-26,2001-01-02,2001-01-02,0.12829571962356567,0.11422662436962128,-0.10966145476423328,4,487,491,True,0.5460487225193108,6732
NVDA,A-NOMACD-CLOSE-FILL,2001-07-13,2001-07-13,2001-07-16,2001-07-16,0.30890175700187683,0.28406286239624023,-0.08041033772911066,1,624,625,True,0.5178916109873793,6735
NVDA,A-NOMACD-CLOSE-FILL,2001-07-17,2001-07-17,2001-07-23,2001-07-23,0.299935907125473,0.25869014859199524,-0.13751524093520195,4,626,630,True,0.5460487225193108,6732
NVDA,A-NOMACD-CLOSE-FILL,2001-07-25,2001-07-25,2001-08-08,2001-08-08,0.27353212237358093,0.32908597588539124,0.20309809696111936,10,632,642,True,0.5697294082664288,6726
NVDA,A-NOMACD-CLOSE-FILL,2001-09-24,2001-09-24,2001-09-26,2001-09-26,0.22892935574054718,0.21206462383270264,-0.073667843310396,2,670,672,True,0.534006534006534,6734
NVDA,A-NOMACD-CLOSE-FILL,2001-09-28,2001-09-28,2001-10-01,2001-10-01,0.209623321890831,0.19184279441833496,-0.08482132289534028,1,674,675,True,0.5178916109873793,6735
NVDA,A-NOMACD-CLOSE-FILL,2002-02-26,2002-02-26,2002-02-28,2002-02-28,0.4197036325931549,0.389256089925766,-0.07254533986105294,2,776,778,True,0.534006534006534,6734
NVDA,A-NOMACD-CLOSE-FILL,2002-04-01,2002-04-01,2002-04-09,2002-04-09,0.33293941617012024,0.31103891134262085,-0.06577924920823741,6,799,805,True,0.5570579494799406,6730
NVDA,A-NOMACD-CLOSE-FILL,2002-04-10,2002-04-10,2002-04-11,2002-04-11,0.2938692569732666,0.28097227215766907,-0.04388681193953803,1,806,807,True,0.5178916109873793,6735
NVDA,A-NOMACD-CLOSE-FILL,2002-04-15,2002-04-15,2002-04-19,2002-04-19,0.29119813442230225,0.2817360460758209,-0.03249364342684691,4,809,813,True,0.5460487225193108,6732
NVDA,A-NOMACD-CLOSE-FILL,2002-04-29,2002-04-29,2002-05-06,2002-05-06,0.2703655958175659,0.2403758019208908,-0.11092311433334612,5,819,824,True,0.5522210667062843,6731
NVDA,A-NOMACD-CLOSE-FILL,2002-06-06,2002-06-06,2002-06-11,2002-06-11,0.24884627759456635,0.23343198001384735,-0.06194305066452632,3,846,849,True,0.5330461904054656,6733
NVDA,A-NOMACD-CLOSE-FILL,2002-06-17,2002-06-17,2002-06-19,2002-06-19,0.21694906055927277,0.1819988340139389,-0.16109876878579565,2,853,855,True,0.534006534006534,6734
NVDA,A-NOMACD-CLOSE-FILL,2002-07-03,2002-07-03,2002-07-17,2002-07-17,0.13316088914871216,0.1487281322479248,0.11690552082321548,9,865,874,True,0.5645904563698528,6727
NVDA,A-NOMACD-CLOSE-FILL,2002-07-30,2002-07-30,2002-07-31,2002-07-31,0.12377482652664185,0.08447492867708206,-0.3175112335229223,1,883,884,True,0.5178916109873793,6735
NVDA,A-NOMACD-CLOSE-FILL,2002-08-08,2002-08-08,2002-08-26,2002-08-26,0.07188380509614944,0.08836672455072403,0.2292994845296179,12,890,902,True,0.573170731707317,6724
NVDA,A-NOMACD-CLOSE-FILL,2002-10-01,2002-10-01,2002-10-04,2002-10-04,0.06883176416158676,0.06211589276790619,-0.09756936314917997,3,927,930,True,0.5330461904054656,6733
NVDA,A-NOMACD-CLOSE-FILL,2002-12-16,2002-12-16,2002-12-18,2002-12-18,0.10698600113391876,0.09866856783628464,-0.07774319265585838,2,980,982,True,0.534006534006534,6734
NVDA,A-NOMACD-CLOSE-FILL,2002-12-23,2002-12-23,2002-12-24,2002-12-24,0.09851564466953278,0.09653220325708389,-0.02013326329135101,1,985,986,True,0.5178916109873793,6735
NVDA,A-NOMACD-CLOSE-FILL,2003-01-02,2003-01-02,2003-01-10,2003-01-10,0.09393706917762756,0.09439489245414734,0.004873723233307148,6,991,997,True,0.5570579494799406,6730
NVDA,A-NOMACD-CLOSE-FILL,2003-01-28,2003-01-28,2003-02-07,2003-02-07,0.07920955866575241,0.07447803020477295,-0.05973431162450371,8,1008,1016,True,0.56064209274673,6728
NVDA,A-NOMACD-CLOSE-FILL,2003-08-01,2003-08-01,2003-08-08,2003-08-08,0.15048258006572723,0.11828052252531052,-0.21399192867607408,5,1137,1142,True,0.5522210667062843,6731
NVDA,A-NOMACD-CLOSE-FILL,2003-10-03,2003-10-03,2003-10-17,2003-10-17,0.12804751098155975,0.12713180482387543,-0.007151299940661882,10,1181,1191,True,0.5697294082664288,6726
NVDA,A-NOMACD-CLOSE-FILL,2004-02-02,2004-02-02,2004-02-19,2004-02-19,0.17253680527210236,0.17970961332321167,0.041572625851031164,12,1263,1275,True,0.573170731707317,6724
NVDA,A-NOMACD-CLOSE-FILL,2004-03-05,2004-03-05,2004-03-08,2004-03-08,0.16933175921440125,0.1634555459022522,-0.034702369711453906,1,1286,1287,True,0.5178916109873793,6735
NVDA,A-NOMACD-CLOSE-FILL,2004-03-16,2004-03-16,2004-04-06,2004-04-06,0.1652110517024994,0.1994735598564148,0.20738629650280882,15,1293,1308,True,0.5841392649903289,6721
NVDA,A-NOMACD-CLOSE-FILL,2004-04-23,2004-04-23,2004-04-26,2004-04-26,0.17734430730342865,0.17039945721626282,-0.0391602650954197,1,1320,1321,True,0.5178916109873793,6735
NVDA,A-NOMACD-CLOSE-FILL,2004-05-04,2004-05-04,2004-05-17,2004-05-17,0.16444724798202515,0.16154812276363373,-0.017629514959765724,9,1327,1336,True,0.5645904563698528,6727
NVDA,A-NOMACD-CLOSE-FILL,2004-06-22,2004-06-22,2004-07-01,2004-07-01,0.15231402218341827,0.1490330547094345,-0.021540810405707655,7,1360,1367,True,0.5575865656115322,6729
NVDA,A-NOMACD-CLOSE-FILL,2004-07-20,2004-07-20,2004-07-21,2004-07-21,0.11950117349624634,0.1122513934969902,-0.060667019303236036,1,1379,1380,True,0.5178916109873793,6735
NVDA,A-NOMACD-CLOSE-FILL,2004-07-22,2004-07-22,2004-07-26,2004-07-26,0.11461762338876724,0.10843653231859207,-0.05392792912142108,2,1381,1383,True,0.534006534006534,6734
NVDA,A-NOMACD-CLOSE-FILL,2004-07-27,2004-07-27,2004-08-06,2004-08-06,0.11202246695756912,0.07195983082056046,-0.35763036848834295,8,1384,1392,True,0.56064209274673,6728
NVDA,A-NOMACD-CLOSE-FILL,2005-01-14,2005-01-14,2005-01-24,2005-01-24,0.16414235532283783,0.15704557299613953,-0.043235533648461666,5,1504,1509,True,0.5522210667062843,6731
NVDA,A-NOMACD-CLOSE-FILL,2005-01-25,2005-01-25,2005-02-09,2005-02-09,0.15979275107383728,0.18947747349739075,0.18577014429044225,11,1510,1521,True,0.5723420074349442,6725
NVDA,A-NOMACD-CLOSE-FILL,2005-03-21,2005-03-21,2005-03-31,2005-03-31,0.19077415764331818,0.18131214380264282,-0.04959798516508751,7,1548,1555,True,0.5575865656115322,6729
NVDA,A-NOMACD-CLOSE-FILL,2005-04-07,2005-04-07,2005-04-11,2005-04-11,0.18131214380264282,0.17543591558933258,-0.03240945746969093,2,1560,1562,True,0.534006534006534,6734
NVDA,A-NOMACD-CLOSE-FILL,2005-04-12,2005-04-12,2005-04-13,2005-04-13,0.17757320404052734,0.17017048597335815,-0.04168826094662159,1,1563,1564,True,0.5178916109873793,6735
NVDA,A-NOMACD-CLOSE-FILL,2005-04-19,2005-04-19,2005-04-20,2005-04-20,0.16742335259914398,0.16231094300746918,-0.030535821391148854,1,1568,1569,True,0.5178916109873793,6735
NVDA,A-NOMACD-CLOSE-FILL,2005-04-21,2005-04-21,2005-04-28,2005-04-28,0.17131517827510834,0.1655919849872589,-0.033407391834591404,5,1570,1575,True,0.5522210667062843,6731
NVDA,A-NOMACD-CLOSE-FILL,2005-10-17,2005-10-17,2005-10-27,2005-10-27,0.24678584933280945,0.23999406397342682,-0.027520967582802536,8,1694,1702,True,0.56064209274673,6728
NVDA,A-NOMACD-CLOSE-FILL,2006-05-25,2006-05-25,2006-05-30,2006-05-30,0.36506643891334534,0.3505668640136719,-0.039717633159686794,2,1846,1848,True,0.534006534006534,6734
NVDA,A-NOMACD-CLOSE-FILL,2006-06-01,2006-06-01,2006-06-06,2006-06-06,0.36903420090675354,0.3391202986240387,-0.0810599727862985,3,1850,1853,True,0.5330461904054656,6733
NVDA,A-NOMACD-CLOSE-FILL,2006-06-15,2006-06-15,2006-06-22,2006-06-22,0.3392733633518219,0.3098173439502716,-0.08682090191384928,5,1860,1865,True,0.5522210667062843,6731
NVDA,A-NOMACD-CLOSE-FILL,2006-06-28,2006-06-28,2006-07-06,2006-07-06,0.31378626823425293,0.30508679151535034,-0.02772421103019118,5,1869,1874,True,0.5522210667062843,6731
NVDA,A-NOMACD-CLOSE-FILL,2006-07-18,2006-07-18,2006-08-07,2006-08-07,0.2866195738315582,0.36186134815216064,0.2625144309398102,14,1882,1896,True,0.5807795299018149,6722
NVDA,A-NOMACD-CLOSE-FILL,2007-01-10,2007-01-10,2007-01-18,2007-01-18,0.532489538192749,0.4836517870426178,-0.09171588857104096,5,2003,2008,True,0.5522210667062843,6731
NVDA,A-NOMACD-CLOSE-FILL,2007-02-01,2007-02-01,2007-02-15,2007-02-15,0.4737308621406555,0.5150909423828125,0.0873071263612899,10,2018,2028,True,0.5697294082664288,6726
NVDA,A-NOMACD-CLOSE-FILL,2007-03-06,2007-03-06,2007-03-14,2007-03-14,0.4648796617984772,0.4412229061126709,-0.050887912786473644,6,2040,2046,True,0.5570579494799406,6730
NVDA,A-NOMACD-CLOSE-FILL,2007-03-21,2007-03-21,2007-03-29,2007-03-29,0.45740097761154175,0.438017874956131,-0.04237660959236578,6,2051,2057,True,0.5570579494799406,6730
NVDA,A-NOMACD-CLOSE-FILL,2007-11-27,2007-11-27,2007-12-13,2007-12-13,0.7048737406730652,0.7898062467575073,0.12049321911657884,12,2225,2237,True,0.573170731707317,6724
NVDA,A-NOMACD-CLOSE-FILL,2008-01-14,2008-01-14,2008-01-15,2008-01-15,0.6604613661766052,0.6119282245635986,-0.07348369503270691,1,2257,2258,True,0.5178916109873793,6735
NVDA,A-NOMACD-CLOSE-FILL,2008-01-18,2008-01-18,2008-02-05,2008-02-05,0.5686604380607605,0.5583584904670715,-0.018116167231222446,11,2261,2272,True,0.5723420074349442,6725
NVDA,A-NOMACD-CLOSE-FILL,2008-02-27,2008-02-27,2008-03-03,2008-03-03,0.5231035351753235,0.48395657539367676,-0.07483596869313114,3,2287,2290,True,0.5330461904054656,6733
NVDA,A-NOMACD-CLOSE-FILL,2008-03-04,2008-03-04,2008-03-06,2008-03-06,0.47914913296699524,0.45419591665267944,-0.052078183173994486,2,2291,2293,True,0.534006534006534,6734
NVDA,A-NOMACD-CLOSE-FILL,2008-03-13,2008-03-13,2008-03-14,2008-03-14,0.4509909451007843,0.4193987548351288,-0.07005060879569436,1,2298,2299,True,0.5178916109873793,6735
NVDA,A-NOMACD-CLOSE-FILL,2008-03-18,2008-03-18,2008-04-03,2008-04-03,0.4342789649963379,0.45740097761154175,0.05324230386198603,11,2301,2312,True,0.5723420074349442,6725
NVDA,A-NOMACD-CLOSE-FILL,2008-04-16,2008-04-16,2008-05-07,2008-05-07,0.4313030242919922,0.5038737058639526,0.16825915304231698,15,2321,2336,True,0.5841392649903289,6721
NVDA,A-NOMACD-CLOSE-FILL,2008-06-24,2008-06-24,2008-06-26,2008-06-26,0.45762985944747925,0.43656834959983826,-0.04602302365730604,2,2369,2371,True,0.534006534006534,6734
NVDA,A-NOMACD-CLOSE-FILL,2008-06-27,2008-06-27,2008-06-30,2008-06-30,0.44137585163116455,0.42855584621429443,-0.029045552377847672,1,2372,2373,True,0.5178916109873793,6735
NVDA,A-NOMACD-CLOSE-FILL,2008-07-01,2008-07-01,2008-07-02,2008-07-02,0.42924264073371887,0.4127596914768219,-0.038400074206798585,1,2374,2375,True,0.5178916109873793,6735
NVDA,A-NOMACD-CLOSE-FILL,2008-07-16,2008-07-16,2008-08-01,2008-08-01,0.2591480612754822,0.24815942347049713,-0.04240293271306317,12,2384,2396,True,0.573170731707317,6724
NVDA,A-NOMACD-CLOSE-FILL,2008-09-12,2008-09-12,2008-09-15,2008-09-15,0.2332790046930313,0.21290433406829834,-0.08734035303152865,1,2425,2426,True,0.5178916109873793,6735
NVDA,A-NOMACD-CLOSE-FILL,2008-09-16,2008-09-16,2008-09-29,2008-09-29,0.21954327821731567,0.23121866583824158,0.053180346561870095,9,2427,2436,True,0.5645904563698528,6727
NVDA,A-NOMACD-CLOSE-FILL,2008-10-13,2008-10-13,2008-10-23,2008-10-23,0.18428821861743927,0.14971981942653656,-0.18757791165512672,8,2446,2454,True,0.56064209274673,6728
NVDA,A-NOMACD-CLOSE-FILL,2008-11-24,2008-11-24,2008-12-08,2008-12-08,0.15567199885845184,0.16299773752689362,0.047058807763513455,9,2476,2485,True,0.5645904563698528,6727
NVDA,A-NOMACD-CLOSE-FILL,2009-02-24,2009-02-24,2009-03-11,2009-03-11,0.18108312785625458,0.21290433406829834,0.17572706297244722,11,2537,2548,True,0.5723420074349442,6725
NVDA,A-NOMACD-CLOSE-FILL,2009-05-19,2009-05-19,2009-06-03,2009-06-03,0.21633827686309814,0.24060486257076263,0.11216963571832794,10,2596,2606,True,0.5697294082664288,6726
NVDA,A-NOMACD-CLOSE-FILL,2009-09-30,2009-09-30,2009-10-01,2009-10-01,0.34408095479011536,0.31958550214767456,-0.0711909575389974,1,2689,2690,True,0.5178916109873793,6735
NVDA,A-NOMACD-CLOSE-FILL,2009-10-06,2009-10-06,2009-10-15,2009-10-15,0.3207300305366516,0.309741348028183,-0.034261470589711074,7,2693,2700,True,0.5575865656115322,6729
NVDA,A-NOMACD-CLOSE-FILL,2009-11-03,2009-11-03,2009-11-19,2009-11-19,0.27494415640830994,0.29715031385421753,0.08076606441102174,12,2713,2725,True,0.573170731707317,6724
NVDA,A-NOMACD-CLOSE-FILL,2010-02-01,2010-02-01,2010-02-18,2010-02-18,0.3793359696865082,0.38162529468536377,0.006035085469873858,12,2773,2785,True,0.573170731707317,6724
NVDA,A-NOMACD-CLOSE-FILL,2010-05-06,2010-05-06,2010-05-14,2010-05-14,0.3250797390937805,0.29669255018234253,-0.08732377167082905,6,2839,2845,True,0.5570579494799406,6730
NVDA,A-NOMACD-CLOSE-FILL,2010-05-26,2010-05-26,2010-06-04,2010-06-04,0.2918849587440491,0.2770046293735504,-0.05098011707943839,6,2853,2859,True,0.5570579494799406,6730
NVDA,A-NOMACD-CLOSE-FILL,2010-07-07,2010-07-07,2010-07-16,2010-07-16,0.24335183203220367,0.2300739884376526,-0.05456233258516818,7,2881,2888,True,0.5575865656115322,6729
NVDA,A-NOMACD-CLOSE-FILL,2010-08-05,2010-08-05,2010-08-11,2010-08-11,0.21610939502716064,0.20328933000564575,-0.05932210869362564,4,2902,2906,True,0.5460487225193108,6732
NVDA,A-NOMACD-CLOSE-FILL,2011-03-15,2011-03-15,2011-04-01,2011-04-01,0.40428945422172546,0.41665151715278625,0.030577257957070225,13,3055,3068,True,0.5793544548564629,6723
NVDA,A-NOMACD-CLOSE-FILL,2011-06-21,2011-06-21,2011-07-08,2011-07-08,0.36537131667137146,0.353238046169281,-0.0332080542408959,12,3123,3135,True,0.573170731707317,6724
NVDA,A-NOMACD-CLOSE-FILL,2011-08-11,2011-08-11,2011-08-18,2011-08-18,0.30699434876441956,0.2733415961265564,-0.10962010464787908,5,3159,3164,True,0.5522210667062843,6731
NVDA,A-NOMACD-CLOSE-FILL,2011-08-23,2011-08-23,2011-09-02,2011-09-02,0.3028736114501953,0.29577675461769104,-0.023431743685175088,8,3167,3175,True,0.56064209274673,6728
NVDA,A-NOMACD-CLOSE-FILL,2011-10-04,2011-10-04,2011-10-19,2011-10-19,0.29531896114349365,0.3472859859466553,0.17596914401277197,11,3196,3207,True,0.5723420074349442,6725
NVDA,A-NOMACD-CLOSE-FILL,2011-12-20,2011-12-20,2012-01-11,2012-01-11,0.31821194291114807,0.3248507082462311,0.020862715818735555,14,3250,3264,True,0.5807795299018149,6722
NVDA,A-NOMACD-CLOSE-FILL,2012-03-08,2012-03-08,2012-03-12,2012-03-12,0.3401889204978943,0.33400800824165344,-0.018169058084533063,2,3303,3305,True,0.534006534006534,6734
NVDA,A-NOMACD-CLOSE-FILL,2012-03-13,2012-03-13,2012-03-14,2012-03-14,0.33858659863471985,0.3289715051651001,-0.02839773785610722,1,3306,3307,True,0.5178916109873793,6735
NVDA,A-NOMACD-CLOSE-FILL,2012-03-16,2012-03-16,2012-04-04,2012-04-04,0.3342369794845581,0.33538156747817993,0.0034244804251970518,13,3309,3322,True,0.5793544548564629,6723
NVDA,A-NOMACD-CLOSE-FILL,2012-04-26,2012-04-26,2012-05-03,2012-05-03,0.29966863989830017,0.2891378402709961,-0.03514148037271425,5,3337,3342,True,0.5522210667062843,6731
NVDA,A-NOMACD-CLOSE-FILL,2012-05-08,2012-05-08,2012-05-18,2012-05-18,0.28524601459503174,0.2765466570854187,-0.030497735514249502,8,3345,3353,True,0.56064209274673,6728
NVDA,A-NOMACD-CLOSE-FILL,2012-05-25,2012-05-25,2012-06-01,2012-06-01,0.2838723957538605,0.2742573916912079,-0.033870866651611875,4,3358,3362,True,0.5460487225193108,6732
NVDA,A-NOMACD-CLOSE-FILL,2012-09-06,2012-09-06,2012-09-24,2012-09-24,0.3143201172351837,0.3127174973487854,-0.005098686970771205,12,3429,3441,True,0.573170731707317,6724
NVDA,A-NOMACD-CLOSE-FILL,2012-10-16,2012-10-16,2012-10-19,2012-10-19,0.3012711703777313,0.27723345160484314,-0.07978765025126666,3,3457,3460,True,0.5330461904054656,6733
NVDA,A-NOMACD-CLOSE-FILL,2012-10-23,2012-10-23,2012-10-26,2012-10-26,0.2822699248790741,0.2758598029613495,-0.02270919199227739,3,3462,3465,True,0.5330461904054656,6733
NVDA,A-NOMACD-CLOSE-FILL,2012-11-21,2012-11-21,2012-12-03,2012-12-03,0.2723403573036194,0.27072733640670776,-0.005922812589664539,7,3481,3488,True,0.5575865656115322,6729
NVDA,A-NOMACD-CLOSE-FILL,2013-01-22,2013-01-22,2013-01-31,2013-01-31,0.2790221571922302,0.2824782431125641,0.012386421046672647,7,3521,3528,True,0.5575865656115322,6729
NVDA,A-NOMACD-CLOSE-FILL,2013-07-03,2013-07-03,2013-07-18,2013-07-18,0.3292253315448761,0.3390112519264221,0.029724080876845083,10,3634,3644,True,0.5697294082664288,6726
NVDA,A-NOMACD-CLOSE-FILL,2013-11-06,2013-11-06,2013-11-07,2013-11-07,0.34891653060913086,0.340720534324646,-0.02348984804525156,1,3722,3723,True,0.5178916109873793,6735
NVDA,A-NOMACD-CLOSE-FILL,2013-12-18,2013-12-18,2014-01-03,2014-01-03,0.3606948256492615,0.3689351975917816,0.02284582798682311,10,3751,3761,True,0.5697294082664288,6726
NVDA,A-NOMACD-CLOSE-FILL,2014-05-08,2014-05-08,2014-05-15,2014-05-15,0.43753156065940857,0.4257063567638397,-0.027027087777958148,5,3847,3852,True,0.5522210667062843,6731
NVDA,A-NOMACD-CLOSE-FILL,2014-07-01,2014-07-01,2014-07-18,2014-07-18,0.445486456155777,0.4381210505962372,-0.01653339951813093,12,3884,3896,True,0.573170731707317,6724
NVDA,A-NOMACD-CLOSE-FILL,2014-07-30,2014-07-30,2014-07-31,2014-07-31,0.4295678734779358,0.41578736901283264,-0.03207992337399734,1,3904,3905,True,0.5178916109873793,6735
NVDA,A-NOMACD-CLOSE-FILL,2014-08-04,2014-08-04,2014-08-21,2014-08-21,0.419351190328598,0.45509377121925354,0.08523304980402724,13,3907,3920,True,0.5793544548564629,6723
NVDA,A-NOMACD-CLOSE-FILL,2014-10-02,2014-10-02,2014-10-10,2014-10-10,0.43409308791160583,0.40211474895477295,-0.0736670079467946,6,3949,3955,True,0.5570579494799406,6730
NVDA,A-NOMACD-CLOSE-FILL,2014-10-15,2014-10-15,2014-11-07,2014-11-07,0.41619473695755005,0.4722760021686554,0.13474765591960236,17,3958,3975,True,0.5877362702783152,6719
NVDA,A-NOMACD-CLOSE-FILL,2015-07-07,2015-07-07,2015-07-09,2015-07-09,0.4783047139644623,0.46912047266960144,-0.01920165331162349,2,4139,4141,True,0.534006534006534,6734
NVDA,A-NOMACD-CLOSE-FILL,2015-07-10,2015-07-10,2015-07-22,2015-07-22,0.477338045835495,0.46912047266960144,-0.01721541628116019,8,4142,4150,True,0.56064209274673,6728
NVDA,A-NOMACD-CLOSE-FILL,2016-01-20,2016-01-20,2016-02-03,2016-02-03,0.6694914698600769,0.6870327591896057,0.026200915350265586,10,4275,4285,True,0.5697294082664288,6726
NVDA,A-NOMACD-CLOSE-FILL,2017-03-08,2017-03-08,2017-03-23,2017-03-23,2.4273464679718018,2.6374239921569824,0.0865461634575444,11,4560,4571,True,0.5723420074349442,6725
NVDA,A-NOMACD-CLOSE-FILL,2017-04-17,2017-04-17,2017-05-02,2017-05-02,2.443847179412842,2.548516273498535,0.04282963966300102,11,4587,4598,True,0.5723420074349442,6725
NVDA,A-NOMACD-CLOSE-FILL,2017-07-07,2017-07-07,2017-07-24,2017-07-24,3.618227481842041,4.096269607543945,0.13212052810414576,11,4644,4655,True,0.5723420074349442,6725
NVDA,A-NOMACD-CLOSE-FILL,2018-07-05,2018-07-05,2018-07-20,2018-07-20,6.00114107131958,6.202886581420898,0.03361785828790009,11,4894,4905,True,0.5723420074349442,6725
NVDA,A-NOMACD-CLOSE-FILL,2018-10-25,2018-10-25,2018-10-26,2018-10-26,5.141347408294678,4.905108451843262,-0.04594884136214661,1,4973,4974,True,0.5178916109873793,6735
NVDA,A-NOMACD-CLOSE-FILL,2018-10-29,2018-10-29,2018-11-12,2018-11-12,4.591691493988037,4.688660144805908,0.021118285264773107,10,4975,4985,True,0.5697294082664288,6726
NVDA,A-NOMACD-CLOSE-FILL,2018-11-27,2018-11-27,2018-12-07,2018-12-07,3.8028266429901123,3.655088424682617,-0.03884958010900297,7,4995,5002,True,0.5575865656115322,6729
NVDA,A-NOMACD-CLOSE-FILL,2018-12-26,2018-12-26,2019-01-22,2019-01-22,3.295795440673828,3.6838130950927734,0.11773110965273226,17,5014,5031,True,0.5877362702783152,6719
NVDA,A-NOMACD-CLOSE-FILL,2019-06-04,2019-06-04,2019-06-17,2019-06-17,3.548632860183716,3.5990078449249268,0.014195603412916258,9,5123,5132,True,0.5645904563698528,6727
NVDA,A-NOMACD-CLOSE-FILL,2020-03-19,2020-03-19,2020-04-02,2020-04-02,5.2972822189331055,6.354400157928467,0.19955854630835002,10,5323,5333,True,0.5697294082664288,6726
NVDA,A-NOMACD-CLOSE-FILL,2020-11-03,2020-11-03,2020-11-10,2020-11-10,12.96334171295166,12.714920043945312,-0.01916339740995565,5,5482,5487,True,0.5522210667062843,6731
NVDA,A-NOMACD-CLOSE-FILL,2021-03-09,2021-03-09,2021-03-23,2021-03-23,12.474235534667969,13.022712707519531,0.04396880043889295,10,5567,5577,True,0.5697294082664288,6726
NVDA,A-NOMACD-CLOSE-FILL,2021-05-14,2021-05-14,2021-06-08,2021-06-08,14.190652847290039,17.392841339111328,0.225654769113234,16,5614,5630,True,0.5870535714285714,6720
NVDA,A-NOMACD-CLOSE-FILL,2021-10-06,2021-10-06,2021-10-27,2021-10-27,20.632286071777344,24.37101936340332,0.1812079029255098,15,5714,5729,True,0.5841392649903289,6721
NVDA,A-NOMACD-CLOSE-FILL,2022-01-24,2022-01-24,2022-02-11,2022-02-11,23.29839515686035,23.873580932617188,0.024687785226591874,14,5789,5803,True,0.5807795299018149,6722
NVDA,A-NOMACD-CLOSE-FILL,2022-04-19,2022-04-19,2022-04-21,2022-04-21,22.131864547729492,20.122867584228516,-0.0907739589300477,2,5848,5850,True,0.534006534006534,6734
NVDA,A-NOMACD-CLOSE-FILL,2022-04-25,2022-04-25,2022-04-26,2022-04-26,19.84270668029785,18.732027053833008,-0.05597419970772721,1,5852,5853,True,0.5178916109873793,6735
NVDA,A-NOMACD-CLOSE-FILL,2022-04-28,2022-04-28,2022-05-09,2022-05-09,19.723064422607422,16.89950180053711,-0.14316044208798628,7,5855,5862,True,0.5575865656115322,6729
NVDA,A-NOMACD-CLOSE-FILL,2022-05-13,2022-05-13,2022-05-24,2022-05-24,17.653244018554688,16.105867385864258,-0.08765395363390649,7,5866,5873,True,0.5575865656115322,6729
NVDA,A-NOMACD-CLOSE-FILL,2022-06-22,2022-06-22,2022-06-29,2022-06-29,16.314706802368164,15.498970031738281,-0.05000008768232811,5,5892,5897,True,0.5522210667062843,6731
NVDA,A-NOMACD-CLOSE-FILL,2022-09-09,2022-09-09,2022-09-14,2022-09-14,14.351433753967285,13.095544815063477,-0.08750964958860874,3,5947,5950,True,0.5330461904054656,6733
NVDA,A-NOMACD-CLOSE-FILL,2022-09-16,2022-09-16,2022-09-22,2022-09-22,13.165369033813477,12.529948234558105,-0.04826456422325709,4,5952,5956,True,0.5460487225193108,6732
NVDA,A-NOMACD-CLOSE-FILL,2022-09-28,2022-09-28,2022-09-29,2022-09-29,12.704513549804688,12.189789772033691,-0.04051503237437293,1,5960,5961,True,0.5178916109873793,6735
NVDA,A-NOMACD-CLOSE-FILL,2022-10-03,2022-10-03,2022-10-07,2022-10-07,12.48106575012207,12.046144485473633,-0.034846484535520084,4,5963,5967,True,0.5460487225193108,6732
NVDA,A-NOMACD-CLOSE-FILL,2022-10-17,2022-10-17,2022-11-02,2022-11-02,11.85860824584961,13.186320304870605,0.11196187878840513,12,5973,5985,True,0.573170731707317,6724
NVDA,A-NOMACD-CLOSE-FILL,2022-12-30,2022-12-30,2023-01-03,2023-01-03,14.581600189208984,14.283263206481934,-0.02045982463213014,1,6025,6026,True,0.5178916109873793,6735
NVDA,A-NOMACD-CLOSE-FILL,2023-01-04,2023-01-04,2023-01-30,2023-01-30,14.716300010681152,19.11952018737793,0.2992070135496627,17,6027,6044,True,0.5877362702783152,6719
NVDA,A-NOMACD-CLOSE-FILL,2023-09-19,2023-09-19,2023-09-20,2023-09-20,43.43895721435547,42.16034698486328,-0.02943464372735083,1,6204,6205,True,0.5178916109873793,6735
NVDA,A-NOMACD-CLOSE-FILL,2023-09-26,2023-09-26,2023-10-13,2023-10-13,41.83295822143555,45.376338958740234,0.08470308789898184,13,6209,6222,True,0.5793544548564629,6723
NVDA,A-NOMACD-CLOSE-FILL,2023-10-31,2023-10-31,2023-11-17,2023-11-17,40.704063415527344,49.20620346069336,0.20887693590617573,13,6234,6247,True,0.5793544548564629,6723
NVDA,A-NOMACD-CLOSE-FILL,2023-12-07,2023-12-07,2023-12-20,2023-12-20,46.51332092285156,48.025630950927734,0.032513482118048165,9,6260,6269,True,0.5645904563698528,6727
NVDA,A-NOMACD-CLOSE-FILL,2024-04-10,2024-04-10,2024-04-17,2024-04-17,86.88864135742188,83.88982391357422,-0.03451334256121963,5,6344,6349,True,0.5522210667062843,6731
NVDA,A-NOMACD-CLOSE-FILL,2024-07-29,2024-07-29,2024-07-30,2024-07-30,111.4063720703125,103.5593032836914,-0.07043644488906375,1,6419,6420,True,0.5178916109873793,6735
NVDA,A-NOMACD-CLOSE-FILL,2025-03-12,2025-03-12,2025-03-26,2025-03-26,115.57803344726562,113.60079956054688,-0.017107350140378452,10,6574,6584,True,0.5697294082664288,6726
NVDA,A-NOMACD-CLOSE-FILL,2025-04-08,2025-04-08,2025-04-17,2025-04-17,96.16522979736328,101.34796905517578,0.053894107763621246,7,6593,6600,True,0.5575865656115322,6729
NVDA,A-NOMACD-CLOSE-FILL,2025-10-23,2025-10-23,2025-11-04,2025-11-04,181.92796325683594,198.43690490722656,0.09074438780521166,8,6730,6738,True,0.56064209274673,6728
NVDA,A-NOMACD-CLOSE-FILL,2025-11-24,2025-11-24,2025-12-11,2025-12-11,182.31747436523438,180.70957946777344,-0.008819203442012702,12,6752,6764,True,0.573170731707317,6724
NVDA,A-NOMACD-CLOSE-FILL,2026-03-31,2026-03-31,2026-04-23,2026-04-23,174.1969757080078,199.4075927734375,0.14472476897468178,16,6838,6854,True,0.5870535714285714,6720
NVDA,A-NOMACD-CLOSE-FILL,2026-06-30,2026-06-30,2026-07-02,2026-07-02,200.08999633789062,194.8300018310547,-0.02628814335102203,2,6900,6902,True,0.534006534006534,6734
AAPL,A-NOMACD-CLOSE-FILL,1981-09-29,1981-09-29,1981-10-14,1981-10-14,0.051620762795209885,0.061859745532274246,0.1983500859467051,11,200,211,True,0.5576889046186516,11302
AAPL,A-NOMACD-CLOSE-FILL,1982-01-15,1982-01-15,1982-01-26,1982-01-26,0.06825940310955048,0.06612645834684372,-0.03124763278816789,7,275,282,True,0.5430744737307625,11306
AAPL,A-NOMACD-CLOSE-FILL,1982-02-18,1982-02-18,1982-02-23,1982-02-23,0.06441929936408997,0.062286362051963806,-0.03311022214121051,3,298,301,True,0.5259062776304155,11310
AAPL,A-NOMACD-CLOSE-FILL,1982-03-03,1982-03-03,1982-03-04,1982-03-04,0.06271293014287949,0.06143313646316528,-0.02040717403569625,1,307,308,True,0.5018564356435643,11312
AAPL,A-NOMACD-CLOSE-FILL,1982-03-18,1982-03-18,1982-03-31,1982-03-31,0.05204734206199646,0.05759381502866745,0.10656592146558186,9,318,327,True,0.5502476999292286,11304
AAPL,A-NOMACD-CLOSE-FILL,1982-05-03,1982-05-03,1982-05-12,1982-05-12,0.05204734206199646,0.051620762795209885,-0.008195985613990708,7,349,356,True,0.5430744737307625,11306
AAPL,A-NOMACD-CLOSE-FILL,1982-05-24,1982-05-24,1982-05-27,1982-05-27,0.049061212688684464,0.047781430184841156,-0.02608542336619568,3,364,367,True,0.5259062776304155,11310
AAPL,A-NOMACD-CLOSE-FILL,1982-06-02,1982-06-02,1982-06-03,1982-06-03,0.047781430184841156,0.04607504606246948,-0.03571228646297475,1,370,371,True,0.5018564356435643,11312
AAPL,A-NOMACD-CLOSE-FILL,1982-06-11,1982-06-11,1982-06-21,1982-06-21,0.04564845934510231,0.04394209012389183,-0.03738065305359661,6,377,383,True,0.5432033253736623,11307
AAPL,A-NOMACD-CLOSE-FILL,1982-07-12,1982-07-12,1982-07-26,1982-07-26,0.03967539966106415,0.04607504606246948,0.161300111809225,10,397,407,True,0.5541891533221268,11303
AAPL,A-NOMACD-CLOSE-FILL,1982-08-10,1982-08-10,1982-08-27,1982-08-27,0.04479529708623886,0.05759381502866745,0.2857111968202639,13,418,431,True,0.564070796460177,11300
AAPL,A-NOMACD-CLOSE-FILL,1983-01-11,1983-01-11,1983-01-24,1983-01-24,0.09940221905708313,0.12030676752328873,0.21030263372893976,9,525,534,True,0.5502476999292286,11304
AAPL,A-NOMACD-CLOSE-FILL,1983-03-16,1983-03-16,1983-03-28,1983-03-28,0.1433442085981369,0.14505067467689514,0.011904674039132646,8,570,578,True,0.5476337903582486,11305
AAPL,A-NOMACD-CLOSE-FILL,1983-04-11,1983-04-11,1983-04-25,1983-04-25,0.14206446707248688,0.16595517098903656,0.1681680465838069,10,587,597,True,0.5541891533221268,11303
AAPL,A-NOMACD-CLOSE-FILL,1983-06-30,1983-06-30,1983-07-06,1983-07-06,0.16680839657783508,0.16168922185897827,-0.03068895105929592,3,644,647,True,0.5259062776304155,11310
AAPL,A-NOMACD-CLOSE-FILL,1983-07-11,1983-07-11,1983-07-13,1983-07-13,0.16211585700511932,0.15742263197898865,-0.028949820904826562,2,650,652,True,0.5171072407391035,11311
AAPL,A-NOMACD-CLOSE-FILL,1983-07-21,1983-07-21,1983-07-27,1983-07-27,0.14803682267665863,0.12371949106454849,-0.16426542513158326,4,658,662,True,0.5317888407463083,11309
AAPL,A-NOMACD-CLOSE-FILL,1983-08-05,1983-08-05,1983-08-17,1983-08-17,0.11561420559883118,0.11305385828018188,-0.022145611825015843,8,669,677,True,0.5476337903582486,11305
AAPL,A-NOMACD-CLOSE-FILL,1983-09-20,1983-09-20,1983-09-26,1983-09-26,0.1096411645412445,0.08489728718996048,-0.22568054119833747,4,700,704,True,0.5317888407463083,11309
AAPL,A-NOMACD-CLOSE-FILL,1983-10-10,1983-10-10,1983-10-18,1983-10-18,0.06740618497133255,0.06612645834684372,-0.018985299717423465,6,714,720,True,0.5432033253736623,11307
AAPL,A-NOMACD-CLOSE-FILL,1984-02-09,1984-02-09,1984-02-28,1984-02-28,0.08063136041164398,0.08703020960092545,0.07935931077701874,12,799,811,True,0.5625165914520839,11301
AAPL,A-NOMACD-CLOSE-FILL,1984-04-03,1984-04-03,1984-04-04,1984-04-04,0.08532385528087616,0.08361747115850449,-0.019998910231546096,1,836,837,True,0.5018564356435643,11312
AAPL,A-NOMACD-CLOSE-FILL,1984-09-11,1984-09-11,1984-09-12,1984-09-12,0.09172350913286209,0.08916318416595459,-0.027913508664380138,1,947,948,True,0.5018564356435643,11312
AAPL,A-NOMACD-CLOSE-FILL,1984-10-04,1984-10-04,1984-10-09,1984-10-09,0.08660367131233215,0.08404407650232315,-0.029555269092206737,3,964,967,True,0.5259062776304155,11310
AAPL,A-NOMACD-CLOSE-FILL,1984-10-15,1984-10-15,1984-10-25,1984-10-25,0.0819111093878746,0.08617701381444931,0.05207968074726366,8,971,979,True,0.5476337903582486,11305
AAPL,A-NOMACD-CLOSE-FILL,1984-11-21,1984-11-21,1984-12-03,1984-12-03,0.07892494648694992,0.08319088816642761,0.05405061225075469,7,998,1005,True,0.5430744737307625,11306
AAPL,A-NOMACD-CLOSE-FILL,1985-03-04,1985-03-04,1985-03-07,1985-03-07,0.08617701381444931,0.07551147788763046,-0.1237631179676657,3,1067,1070,True,0.5259062776304155,11310
AAPL,A-NOMACD-CLOSE-FILL,1985-03-11,1985-03-11,1985-03-25,1985-03-25,0.07593803852796555,0.0738050639629364,-0.028088354747846656,10,1072,1082,True,0.5541891533221268,11303
AAPL,A-NOMACD-CLOSE-FILL,1985-04-10,1985-04-10,1985-04-22,1985-04-22,0.07167210429906845,0.0738050639629364,0.029759969861742563,8,1093,1101,True,0.5476337903582486,11305
AAPL,A-NOMACD-CLOSE-FILL,1985-05-09,1985-05-09,1985-05-22,1985-05-22,0.06825940310955048,0.07039239257574081,0.031248287694034982,9,1114,1123,True,0.5502476999292286,11304
AAPL,A-NOMACD-CLOSE-FILL,1985-06-05,1985-06-05,1985-06-10,1985-06-10,0.05759381502866745,0.05503427982330322,-0.04444114709348934,3,1132,1135,True,0.5259062776304155,11310
AAPL,A-NOMACD-CLOSE-FILL,1985-06-18,1985-06-18,1985-07-02,1985-07-02,0.05204734206199646,0.05887357518076897,0.13115430775776038,10,1141,1151,True,0.5541891533221268,11303
AAPL,A-NOMACD-CLOSE-FILL,1985-07-26,1985-07-26,1985-07-29,1985-07-29,0.05674062669277191,0.05460767820477486,-0.03759120426261997,1,1168,1169,True,0.5018564356435643,11312
AAPL,A-NOMACD-CLOSE-FILL,1985-08-08,1985-08-08,1985-08-15,1985-08-15,0.051620762795209885,0.049487799406051636,-0.041319873509427785,5,1177,1182,True,0.5405022992571631,11308
AAPL,A-NOMACD-CLOSE-FILL,1985-08-19,1985-08-19,1985-08-29,1985-08-29,0.051194168627262115,0.05076755955815315,-0.008333157477662057,8,1184,1192,True,0.5476337903582486,11305
AAPL,A-NOMACD-CLOSE-FILL,1986-08-04,1986-08-04,1986-08-29,1986-08-29,0.10750817507505417,0.12627975642681122,0.17460608310625814,19,1425,1444,True,0.5807508411545954,11294
AAPL,A-NOMACD-CLOSE-FILL,1987-10-21,1987-10-21,1987-10-23,1987-10-23,0.27722832560539246,0.24300241470336914,-0.12345748158050984,2,1733,1735,True,0.5171072407391035,11311
AAPL,A-NOMACD-CLOSE-FILL,1987-10-28,1987-10-28,1987-11-10,1987-11-10,0.22931239008903503,0.24813656508922577,0.08208965504603505,9,1738,1747,True,0.5502476999292286,11304
AAPL,A-NOMACD-CLOSE-FILL,1988-05-24,1988-05-24,1988-06-16,1988-06-16,0.267739862203598,0.30648019909858704,0.14469394499624277,16,1882,1898,True,0.5705054439231655,11297
AAPL,A-NOMACD-CLOSE-FILL,1988-07-29,1988-07-29,1988-08-09,1988-08-09,0.30561918020248413,0.29959332942962646,-0.019716860600389352,7,1928,1935,True,0.5430744737307625,11306
AAPL,A-NOMACD-CLOSE-FILL,1988-08-26,1988-08-26,1988-09-01,1988-09-01,0.2777324616909027,0.2682446241378784,-0.03416178827372229,4,1948,1952,True,0.5317888407463083,11309
AAPL,A-NOMACD-CLOSE-FILL,1989-02-17,1989-02-17,1989-03-01,1989-03-01,0.25495195388793945,0.2497492879629135,-0.020406456376140136,7,2069,2076,True,0.5430744737307625,11306
AAPL,A-NOMACD-CLOSE-FILL,1989-06-30,1989-06-30,1989-07-11,1989-07-11,0.28679805994033813,0.2763688564300537,-0.03636427496215977,6,2161,2167,True,0.5432033253736623,11307
AAPL,A-NOMACD-CLOSE-FILL,1989-07-13,1989-07-13,1989-07-18,1989-07-18,0.2824519872665405,0.27289190888404846,-0.03384673790052162,3,2169,2172,True,0.5259062776304155,11310
AAPL,A-NOMACD-CLOSE-FILL,1989-12-20,1989-12-20,1990-01-10,1990-01-10,0.24976122379302979,0.25150835514068604,0.0069952065461693635,13,2281,2294,True,0.564070796460177,11300
AAPL,A-NOMACD-CLOSE-FILL,1990-01-23,1990-01-23,1990-02-07,1990-02-07,0.23578864336013794,0.2322957068681717,-0.014813845324311181,11,2303,2314,True,0.5576889046186516,11302
AAPL,A-NOMACD-CLOSE-FILL,1990-05-01,1990-05-01,1990-05-15,1990-05-15,0.2777256369590759,0.29261937737464905,0.05362753175634194,10,2371,2381,True,0.5541891533221268,11303
AAPL,A-NOMACD-CLOSE-FILL,1990-08-24,1990-08-24,1990-09-06,1990-09-06,0.2502581477165222,0.2520204186439514,0.007041812398553393,8,2452,2460,True,0.5476337903582486,11305
AAPL,A-NOMACD-CLOSE-FILL,1990-09-28,1990-09-28,1990-10-10,1990-10-10,0.2044367492198944,0.18681250512599945,-0.08620878663521558,8,2476,2484,True,0.5476337903582486,11305
AAPL,A-NOMACD-CLOSE-FILL,1990-10-11,1990-10-11,1990-10-16,1990-10-16,0.19562463462352753,0.17623808979988098,-0.09910073371360029,3,2485,2488,True,0.5259062776304155,11310
AAPL,A-NOMACD-CLOSE-FILL,1991-05-03,1991-05-03,1991-05-16,1991-05-16,0.34731125831604004,0.34731125831604004,0.0,9,2626,2635,True,0.5502476999292286,11304
AAPL,A-NOMACD-CLOSE-FILL,1991-05-29,1991-05-29,1991-06-06,1991-06-06,0.3339877128601074,0.33132314682006836,-0.007978036129596022,6,2643,2649,True,0.5432033253736623,11307
AAPL,A-NOMACD-CLOSE-FILL,1991-06-21,1991-06-21,1991-07-15,1991-07-15,0.2984570264816284,0.3233286738395691,0.08333409888566212,15,2660,2675,True,0.5686847229598159,11298
AAPL,A-NOMACD-CLOSE-FILL,1991-11-07,1991-11-07,1991-11-15,1991-11-15,0.3543272018432617,0.35610851645469666,0.005027315436602953,6,2757,2763,True,0.5432033253736623,11307
AAPL,A-NOMACD-CLOSE-FILL,1992-03-16,1992-03-16,1992-03-27,1992-03-27,0.45329850912094116,0.4363113343715668,-0.03747458773318435,9,2845,2854,True,0.5502476999292286,11304
AAPL,A-NOMACD-CLOSE-FILL,1992-04-06,1992-04-06,1992-04-07,1992-04-07,0.4345233142375946,0.40948909521102905,-0.05761306288130952,1,2860,2861,True,0.5018564356435643,11312
AAPL,A-NOMACD-CLOSE-FILL,1992-04-09,1992-04-09,1992-04-10,1992-04-10,0.40948909521102905,0.3969719409942627,-0.030567735168419263,1,2863,2864,True,0.5018564356435643,11312
AAPL,A-NOMACD-CLOSE-FILL,1992-04-13,1992-04-13,1992-04-21,1992-04-21,0.40412408113479614,0.40233609080314636,-0.004424359782344678,5,2865,2870,True,0.5405022992571631,11308
AAPL,A-NOMACD-CLOSE-FILL,1992-05-29,1992-05-29,1992-06-02,1992-06-02,0.4273703694343567,0.40493693947792053,-0.05249177659679072,2,2897,2899,True,0.5171072407391035,11311
AAPL,A-NOMACD-CLOSE-FILL,1992-06-12,1992-06-12,1992-06-15,1992-06-15,0.3914988934993744,0.3771650791168213,-0.03661265618002574,1,2907,2908,True,0.5018564356435643,11312
AAPL,A-NOMACD-CLOSE-FILL,1992-06-22,1992-06-22,1992-07-07,1992-07-07,0.317141056060791,0.317141056060791,0.0,10,2913,2923,True,0.5541891533221268,11303
AAPL,A-NOMACD-CLOSE-FILL,1992-09-30,1992-09-30,1992-10-01,1992-10-01,0.32428184151649475,0.3179932236671448,-0.019392445225861032,1,2983,2984,True,0.5018564356435643,11312
AAPL,A-NOMACD-CLOSE-FILL,1992-10-05,1992-10-05,1992-10-30,1992-10-30,0.3126038908958435,0.37728047370910645,0.20689628215412248,19,2986,3005,True,0.5807508411545954,11294
AAPL,A-NOMACD-CLOSE-FILL,1993-02-17,1993-02-17,1993-03-01,1993-03-01,0.3888316750526428,0.3843201696872711,-0.01160272080395941,8,3079,3087,True,0.5476337903582486,11305
AAPL,A-NOMACD-CLOSE-FILL,1993-03-30,1993-03-30,1993-04-02,1993-04-02,0.37710341811180115,0.36176684498786926,-0.04066940894018889,3,3108,3111,True,0.5259062776304155,11310
AAPL,A-NOMACD-CLOSE-FILL,1993-04-07,1993-04-07,1993-04-13,1993-04-13,0.3644731044769287,0.3500387668609619,-0.039603299773469325,3,3114,3117,True,0.5259062776304155,11310
AAPL,A-NOMACD-CLOSE-FILL,1993-04-14,1993-04-14,1993-04-15,1993-04-15,0.35184288024902344,0.3410169780254364,-0.030769138246949268,1,3118,3119,True,0.5018564356435643,11312
AAPL,A-NOMACD-CLOSE-FILL,1993-04-16,1993-04-16,1993-05-12,1993-05-12,0.34733250737190247,0.3843201696872711,0.10649064377888617,18,3120,3138,True,0.5769809650287738,11295
AAPL,A-NOMACD-CLOSE-FILL,1993-06-22,1993-06-22,1993-07-01,1993-07-01,0.299239844083786,0.2748304605484009,-0.08157130147598457,7,3166,3173,True,0.5430744737307625,11306
AAPL,A-NOMACD-CLOSE-FILL,1993-07-12,1993-07-12,1993-07-16,1993-07-16,0.2748304605484009,0.1988905966281891,-0.2763153100594462,4,3179,3183,True,0.5317888407463083,11309
AAPL,A-NOMACD-CLOSE-FILL,1993-07-28,1993-07-28,1993-08-10,1993-08-10,0.19436980783939362,0.2061225175857544,0.060465716754075194,9,3191,3200,True,0.5502476999292286,11304
AAPL,A-NOMACD-CLOSE-FILL,1993-09-07,1993-09-07,1993-09-14,1993-09-14,0.1906854212284088,0.17615710198879242,-0.07618998424747914,5,3219,3224,True,0.5405022992571631,11308
AAPL,A-NOMACD-CLOSE-FILL,1994-03-31,1994-03-31,1994-04-12,1994-04-12,0.24327382445335388,0.23412802815437317,-0.03759465828077346,7,3363,3370,True,0.5430744737307625,11306
AAPL,A-NOMACD-CLOSE-FILL,1994-04-21,1994-04-21,1994-05-09,1994-05-09,0.2167516052722931,0.22864101827144623,0.054852710245062,11,3377,3388,True,0.5576889046186516,11302
AAPL,A-NOMACD-CLOSE-FILL,1994-06-10,1994-06-10,1994-06-21,1994-06-21,0.19465290009975433,0.19098040461540222,-0.018866893236474058,7,3411,3418,True,0.5430744737307625,11306
AAPL,A-NOMACD-CLOSE-FILL,1994-10-03,1994-10-03,1994-10-20,1994-10-20,0.24415916204452515,0.3022039532661438,0.23773341428421824,13,3490,3503,True,0.564070796460177,11300
AAPL,A-NOMACD-CLOSE-FILL,1994-11-29,1994-11-29,1994-12-01,1994-12-01,0.2827826738357544,0.2675348222255707,-0.053920742043198744,2,3530,3532,True,0.5171072407391035,11311
AAPL,A-NOMACD-CLOSE-FILL,1994-12-05,1994-12-05,1994-12-08,1994-12-08,0.2749273180961609,0.2652246654033661,-0.03529170094839795,3,3534,3537,True,0.5259062776304155,11310
AAPL,A-NOMACD-CLOSE-FILL,1994-12-09,1994-12-09,1994-12-30,1994-12-30,0.26799681782722473,0.2883271276950836,0.07586026592661144,14,3538,3552,True,0.5671298344986282,11299
AAPL,A-NOMACD-CLOSE-FILL,1995-08-11,1995-08-11,1995-08-28,1995-08-28,0.3201223611831665,0.3205304443836212,0.0012747725555517508,11,3707,3718,True,0.5576889046186516,11302
AAPL,A-NOMACD-CLOSE-FILL,1995-09-25,1995-09-25,1995-10-06,1995-10-06,0.27964842319488525,0.26602089405059814,-0.048730935038350576,9,3737,3746,True,0.5502476999292286,11304
AAPL,A-NOMACD-CLOSE-FILL,1996-01-02,1996-01-02,1996-01-18,1996-01-18,0.24021141231060028,0.2388095259666443,-0.005836052211138587,12,3805,3817,True,0.5625165914520839,11301
AAPL,A-NOMACD-CLOSE-FILL,1996-02-02,1996-02-02,1996-02-09,1996-02-09,0.21871443092823029,0.20749814808368683,-0.05128277451534058,5,3828,3833,True,0.5405022992571631,11308
AAPL,A-NOMACD-CLOSE-FILL,1996-03-11,1996-03-11,1996-03-21,1996-03-21,0.19347812235355377,0.18786954879760742,-0.028988153739147204,8,3853,3861,True,0.5476337903582486,11305
AAPL,A-NOMACD-CLOSE-FILL,1996-06-05,1996-06-05,1996-06-06,1996-06-06,0.18786954879760742,0.18132728338241577,-0.03482344774373014,1,3913,3914,True,0.5018564356435643,11312
AAPL,A-NOMACD-CLOSE-FILL,1996-06-12,1996-06-12,1996-06-17,1996-06-17,0.18132728338241577,0.17665418982505798,-0.025771596365354088,3,3918,3921,True,0.5259062776304155,11310
AAPL,A-NOMACD-CLOSE-FILL,1996-06-27,1996-06-27,1996-07-03,1996-07-03,0.15422175824642181,0.1448747217655182,-0.060607767588595096,4,3929,3933,True,0.5317888407463083,11309
AAPL,A-NOMACD-CLOSE-FILL,1996-07-12,1996-07-12,1996-07-15,1996-07-15,0.1350603699684143,0.12851804494857788,-0.04844000517225322,1,3939,3940,True,0.5018564356435643,11312
AAPL,A-NOMACD-CLOSE-FILL,1996-07-16,1996-07-16,1996-07-30,1996-07-30,0.12618154287338257,0.15982940793037415,0.2666623365887646,10,3941,3951,True,0.5541891533221268,11303
AAPL,A-NOMACD-CLOSE-FILL,1996-09-16,1996-09-16,1996-09-26,1996-09-26,0.16730718314647675,0.16730718314647675,0.0,8,3984,3992,True,0.5476337903582486,11305
AAPL,A-NOMACD-CLOSE-FILL,1996-11-01,1996-11-01,1996-11-14,1996-11-14,0.18132728338241577,0.19160889089107513,0.05670193319433148,9,4018,4027,True,0.5502476999292286,11304
AAPL,A-NOMACD-CLOSE-FILL,1996-12-20,1996-12-20,1996-12-30,1996-12-30,0.17571870982646942,0.16263329982757568,-0.07446793805745677,5,4052,4057,True,0.5405022992571631,11308
AAPL,A-NOMACD-CLOSE-FILL,1997-01-20,1997-01-20,1997-01-27,1997-01-27,0.12664885818958282,0.12431233376264572,-0.0184488392579073,5,4071,4076,True,0.5405022992571631,11308
AAPL,A-NOMACD-CLOSE-FILL,1997-01-30,1997-01-30,1997-01-31,1997-01-31,0.12524695694446564,0.12431233376264572,-0.0074622426334424174,1,4079,4080,True,0.5018564356435643,11312
AAPL,A-NOMACD-CLOSE-FILL,1997-02-06,1997-02-06,1997-02-21,1997-02-21,0.1196383684873581,0.12244223803281784,0.02343620680313796,10,4084,4094,True,0.5541891533221268,11303
AAPL,A-NOMACD-CLOSE-FILL,1997-05-08,1997-05-08,1997-05-19,1997-05-19,0.1271161586046219,0.1271161586046219,0.0,7,4147,4154,True,0.5430744737307625,11306
AAPL,A-NOMACD-CLOSE-FILL,1997-06-06,1997-06-06,1997-06-09,1997-06-09,0.12524695694446564,0.12431233376264572,-0.0074622426334424174,1,4167,4168,True,0.5018564356435643,11312
AAPL,A-NOMACD-CLOSE-FILL,1997-06-17,1997-06-17,1997-06-20,1997-06-20,0.12220858782529831,0.11636727303266525,-0.047797907631364156,3,4174,4177,True,0.5259062776304155,11310
AAPL,A-NOMACD-CLOSE-FILL,1997-07-03,1997-07-03,1997-07-22,1997-07-22,0.10234718769788742,0.12384416908025742,0.2100397858104872,12,4186,4198,True,0.5625165914520839,11301
AAPL,A-NOMACD-CLOSE-FILL,1997-09-04,1997-09-04,1997-09-08,1997-09-08,0.16824178397655487,0.16076406836509705,-0.04444624536613251,2,4229,4231,True,0.5171072407391035,11311
AAPL,A-NOMACD-CLOSE-FILL,1997-10-28,1997-10-28,1997-11-11,1997-11-11,0.13552771508693695,0.13739779591560364,0.013798512189680867,10,4267,4277,True,0.5541891533221268,11303
AAPL,A-NOMACD-CLOSE-FILL,1997-12-16,1997-12-16,1997-12-18,1997-12-18,0.10702022910118103,0.10328179597854614,-0.034932023170128224,2,4301,4303,True,0.5171072407391035,11311
AAPL,A-NOMACD-CLOSE-FILL,1997-12-19,1997-12-19,1997-12-22,1997-12-22,0.10234718769788742,0.09954331070184708,-0.027395740509421174,1,4304,4305,True,0.5018564356435643,11312
AAPL,A-NOMACD-CLOSE-FILL,1997-12-26,1997-12-26,1998-01-20,1998-01-20,0.09954331070184708,0.1425381749868393,0.4319211806584451,15,4308,4323,True,0.5686847229598159,11298
AAPL,A-NOMACD-CLOSE-FILL,1998-05-28,1998-05-28,1998-05-29,1998-05-29,0.20516158640384674,0.19908581674098969,-0.029614557819305,1,4412,4413,True,0.5018564356435643,11312
AAPL,A-NOMACD-CLOSE-FILL,1998-06-02,1998-06-02,1998-06-03,1998-06-03,0.20095498859882355,0.1967492550611496,-0.020928734175741592,1,4415,4416,True,0.5018564356435643,11312
AAPL,A-NOMACD-CLOSE-FILL,1998-06-04,1998-06-04,1998-06-18,1998-06-18,0.2004876583814621,0.2042270451784134,0.018651456289825452,10,4417,4427,True,0.5541891533221268,11303
AAPL,A-NOMACD-CLOSE-FILL,1998-12-15,1998-12-15,1999-01-06,1999-01-06,0.25096040964126587,0.31218183040618896,0.24394852101347686,14,4552,4566,True,0.5671298344986282,11299
AAPL,A-NOMACD-CLOSE-FILL,1999-01-27,1999-01-27,1999-02-04,1999-02-04,0.30003103613853455,0.2832069993019104,-0.05607432168736004,6,4580,4586,True,0.5432033253736623,11307
AAPL,A-NOMACD-CLOSE-FILL,1999-03-09,1999-03-09,1999-03-10,1999-03-10,0.25516700744628906,0.24348342418670654,-0.04578798558838704,1,4608,4609,True,0.5018564356435643,11312
AAPL,A-NOMACD-CLOSE-FILL,1999-03-12,1999-03-12,1999-03-23,1999-03-23,0.24815647304058075,0.24675461649894714,-0.0056490831146055465,7,4611,4618,True,0.5430744737307625,11306
AAPL,A-NOMACD-CLOSE-FILL,1999-06-29,1999-06-29,1999-07-15,1999-07-15,0.33928748965263367,0.39817163348197937,0.17355235788278534,11,4686,4697,True,0.5576889046186516,11302
AAPL,A-NOMACD-CLOSE-FILL,1999-10-01,1999-10-01,1999-10-19,1999-10-19,0.46149593591690063,0.5122025012969971,0.10987434868598056,12,4752,4764,True,0.5625165914520839,11301
AAPL,A-NOMACD-CLOSE-FILL,2000-05-12,2000-05-12,2000-05-15,2000-05-15,0.8047564029693604,0.7552185654640198,-0.06155631359074332,1,4907,4908,True,0.5018564356435643,11312
AAPL,A-NOMACD-CLOSE-FILL,2000-05-16,2000-05-16,2000-05-18,2000-05-18,0.790268063545227,0.7533491849899292,-0.04671690564044284,2,4909,4911,True,0.5171072407391035,11311
AAPL,A-NOMACD-CLOSE-FILL,2000-05-25,2000-05-25,2000-05-26,2000-05-26,0.6525202989578247,0.6458609700202942,-0.01020555061377626,1,4916,4917,True,0.5018564356435643,11312
AAPL,A-NOMACD-CLOSE-FILL,2000-05-30,2000-05-30,2000-05-31,2000-05-31,0.6547401547431946,0.6281020641326904,-0.04068498077829408,1,4918,4919,True,0.5018564356435643,11312
AAPL,A-NOMACD-CLOSE-FILL,2000-06-01,2000-06-01,2000-06-14,2000-06-14,0.6664241552352905,0.6762383580207825,0.014726661253787965,9,4920,4929,True,0.5502476999292286,11304
AAPL,A-NOMACD-CLOSE-FILL,2000-08-03,2000-08-03,2000-09-06,2000-09-06,0.7178310751914978,0.8739221096038818,0.21744814317315986,23,4964,4987,True,0.5824623560673162,11290
AAPL,A-NOMACD-CLOSE-FILL,2000-10-12,2000-10-12,2000-10-24,2000-10-24,0.29909634590148926,0.28227248787879944,-0.05624895874933544,8,5013,5021,True,0.5476337903582486,11305
AAPL,A-NOMACD-CLOSE-FILL,2000-10-30,2000-10-30,2000-11-08,2000-11-08,0.28881487250328064,0.30003103613853455,0.038835131785418975,7,5025,5032,True,0.5430744737307625,11306
AAPL,A-NOMACD-CLOSE-FILL,2000-11-24,2000-11-24,2000-11-28,2000-11-28,0.28881487250328064,0.26965436339378357,-0.06634183670468508,2,5043,5045,True,0.5171072407391035,11311
AAPL,A-NOMACD-CLOSE-FILL,2000-12-05,2000-12-05,2000-12-06,2000-12-06,0.25423142313957214,0.21404045820236206,-0.15808810901847248,1,5050,5051,True,0.5018564356435643,11312
AAPL,A-NOMACD-CLOSE-FILL,2000-12-11,2000-12-11,2000-12-15,2000-12-15,0.2271258533000946,0.21030205488204956,-0.07407258211074841,4,5054,5058,True,0.5317888407463083,11309
AAPL,A-NOMACD-CLOSE-FILL,2000-12-20,2000-12-20,2001-01-05,2001-01-05,0.21497510373592377,0.24488532543182373,0.1391334213874449,10,5061,5071,True,0.5541891533221268,11303
AAPL,A-NOMACD-CLOSE-FILL,2001-02-23,2001-02-23,2001-02-28,2001-02-28,0.2813379466533661,0.2729254961013794,-0.029901585093857208,3,5104,5107,True,0.5259062776304155,11310
AAPL,A-NOMACD-CLOSE-FILL,2001-05-16,2001-05-16,2001-05-23,2001-05-23,0.36041104793548584,0.347400039434433,-0.036100470769647064,5,5161,5166,True,0.5405022992571631,11308
AAPL,A-NOMACD-CLOSE-FILL,2001-06-01,2001-06-01,2001-06-14,2001-06-14,0.3124063014984131,0.2973017394542694,-0.048349095302165024,9,5172,5181,True,0.5502476999292286,11304
AAPL,A-NOMACD-CLOSE-FILL,2001-07-31,2001-07-31,2001-08-09,2001-08-09,0.28100115060806274,0.28488969802856445,0.013838190384940496,7,5213,5220,True,0.5430744737307625,11306
AAPL,A-NOMACD-CLOSE-FILL,2001-09-24,2001-09-24,2001-09-26,2001-09-26,0.24600660800933838,0.22656570374965668,-0.0790259433150825,2,5247,5249,True,0.5171072407391035,11311
AAPL,A-NOMACD-CLOSE-FILL,2001-09-28,2001-09-28,2001-10-02,2001-10-02,0.23194898664951324,0.22506994009017944,-0.029657584017508065,2,5251,5253,True,0.5171072407391035,11311
AAPL,A-NOMACD-CLOSE-FILL,2002-06-14,2002-06-14,2002-06-20,2002-06-20,0.30059221386909485,0.2558770477771759,-0.1487569006407864,4,5429,5433,True,0.5317888407463083,11309
AAPL,A-NOMACD-CLOSE-FILL,2002-06-27,2002-06-27,2002-07-10,2002-07-10,0.25512930750846863,0.25901758670806885,0.015240425482953013,8,5438,5446,True,0.5476337903582486,11305
AAPL,A-NOMACD-CLOSE-FILL,2002-07-29,2002-07-29,2002-08-05,2002-08-05,0.2246210277080536,0.20921748876571655,-0.0685756765495591,5,5459,5464,True,0.5405022992571631,11308
AAPL,A-NOMACD-CLOSE-FILL,2002-09-10,2002-09-10,2002-09-12,2002-09-12,0.21430261433124542,0.21146106719970703,-0.013259507544533422,2,5489,5491,True,0.5171072407391035,11311
AAPL,A-NOMACD-CLOSE-FILL,2002-12-10,2002-12-10,2002-12-18,2002-12-18,0.22850947082042694,0.21789197623729706,-0.046464133609033564,6,5553,5559,True,0.5432033253736623,11307
AAPL,A-NOMACD-CLOSE-FILL,2002-12-23,2002-12-23,2002-12-27,2002-12-27,0.21669520437717438,0.21026432514190674,-0.029677072244174818,3,5562,5565,True,0.5259062776304155,11310
AAPL,A-NOMACD-CLOSE-FILL,2003-01-27,2003-01-27,2003-02-07,2003-02-07,0.21131117641925812,0.21161097288131714,0.001418743992339433,9,5584,5593,True,0.5502476999292286,11304
AAPL,A-NOMACD-CLOSE-FILL,2003-04-22,2003-04-22,2003-05-19,2003-05-19,0.20203958451747894,0.2706819474697113,0.33974710013469633,19,5643,5662,True,0.5807508411545954,11294
AAPL,A-NOMACD-CLOSE-FILL,2003-11-24,2003-11-24,2003-12-05,2003-12-05,0.31629469990730286,0.3118076026439667,-0.014186444681656751,8,5794,5802,True,0.5476337903582486,11305
AAPL,A-NOMACD-CLOSE-FILL,2004-02-05,2004-02-05,2004-02-19,2004-02-19,0.3352868854999542,0.33603471517562866,0.002230417317275357,9,5843,5852,True,0.5502476999292286,11304
AAPL,A-NOMACD-CLOSE-FILL,2004-05-05,2004-05-05,2004-05-17,2004-05-17,0.39854586124420166,0.3983960747718811,-0.0003758324621737641,8,5905,5913,True,0.5476337903582486,11305
AAPL,A-NOMACD-CLOSE-FILL,2005-03-15,2005-03-15,2005-03-29,2005-03-29,1.2250982522964478,1.248726487159729,0.019286808073548434,9,6121,6130,True,0.5502476999292286,11304
AAPL,A-NOMACD-CLOSE-FILL,2005-04-25,2005-04-25,2005-05-11,2005-05-11,1.106058120727539,1.0650824308395386,-0.03704659738951843,12,6149,6161,True,0.5625165914520839,11301
AAPL,A-NOMACD-CLOSE-FILL,2005-06-15,2005-06-15,2005-06-27,2005-06-27,1.110543966293335,1.1096470355987549,-0.0008076498741186322,8,6185,6193,True,0.5476337903582486,11305
AAPL,A-NOMACD-CLOSE-FILL,2006-01-31,2006-01-31,2006-02-03,2006-02-03,2.2584762573242188,2.1490066051483154,-0.048470579144188175,3,6343,6346,True,0.5259062776304155,11310
AAPL,A-NOMACD-CLOSE-FILL,2006-02-10,2006-02-10,2006-02-13,2006-02-13,2.0132174491882324,1.9354509115219116,-0.03862798710476001,1,6351,6352,True,0.5018564356435643,11312
AAPL,A-NOMACD-CLOSE-FILL,2006-02-14,2006-02-14,2006-02-28,2006-02-28,2.023087501525879,2.0485098361968994,0.012566107324496034,9,6353,6362,True,0.5502476999292286,11304
AAPL,A-NOMACD-CLOSE-FILL,2006-03-13,2006-03-13,2006-03-21,2006-03-21,1.9644650220870972,1.848714828491211,-0.05892199265167386,6,6371,6377,True,0.5432033253736623,11307
AAPL,A-NOMACD-CLOSE-FILL,2006-03-29,2006-03-29,2006-04-12,2006-04-12,1.8642663955688477,1.9952712059020996,0.07027150767971557,10,6383,6393,True,0.5541891533221268,11303
AAPL,A-NOMACD-CLOSE-FILL,2006-05-24,2006-05-24,2006-05-30,2006-05-30,1.8944754600524902,1.8310681581497192,-0.03346958207683204,3,6422,6425,True,0.5259062776304155,11310
AAPL,A-NOMACD-CLOSE-FILL,2006-06-01,2006-06-01,2006-06-06,2006-06-06,1.8594821691513062,1.786203145980835,-0.0394082956998274,3,6427,6430,True,0.5259062776304155,11310
AAPL,A-NOMACD-CLOSE-FILL,2006-06-08,2006-06-08,2006-06-12,2006-06-12,1.8173096179962158,1.704848289489746,-0.06188341677873843,2,6432,6434,True,0.5171072407391035,11311
AAPL,A-NOMACD-CLOSE-FILL,2006-07-17,2006-07-17,2006-08-04,2006-08-04,1.5663678646087646,2.04282808303833,0.3041815586203769,14,6458,6472,True,0.5671298344986282,11299
AAPL,A-NOMACD-CLOSE-FILL,2006-12-27,2006-12-27,2007-01-18,2007-01-18,2.4382338523864746,2.6640501022338867,0.09261468075606838,13,6572,6585,True,0.564070796460177,11300
AAPL,A-NOMACD-CLOSE-FILL,2007-02-02,2007-02-02,2007-02-05,2007-02-05,2.5348403453826904,2.5106139183044434,-0.009557377892606356,1,6596,6597,True,0.5018564356435643,11312
AAPL,A-NOMACD-CLOSE-FILL,2007-02-06,2007-02-06,2007-02-27,2007-02-27,2.516895055770874,2.51031494140625,-0.0026143777228759824,14,6598,6612,True,0.5671298344986282,11299
AAPL,A-NOMACD-CLOSE-FILL,2007-08-13,2007-08-13,2007-08-14,2007-08-14,3.822153091430664,3.709693193435669,-0.0294231798948954,1,6728,6729,True,0.5018564356435643,11312
AAPL,A-NOMACD-CLOSE-FILL,2007-08-17,2007-08-17,2007-09-05,2007-09-05,3.6507701873779297,4.0904412269592285,0.12043240659228704,12,6732,6744,True,0.5625165914520839,11301
AAPL,A-NOMACD-CLOSE-FILL,2008-01-22,2008-01-22,2008-01-24,2008-01-24,4.6551337242126465,4.055745601654053,-0.12875851867391253,2,6839,6841,True,0.5171072407391035,11311
AAPL,A-NOMACD-CLOSE-FILL,2008-01-31,2008-01-31,2008-02-06,2008-02-06,4.048568248748779,3.6489763259887695,-0.09869956444071426,4,6846,6850,True,0.5317888407463083,11309
AAPL,A-NOMACD-CLOSE-FILL,2008-02-08,2008-02-08,2008-02-21,2008-02-21,3.753061294555664,3.635216474533081,-0.03139965238338449,8,6852,6860,True,0.5476337903582486,11305
AAPL,A-NOMACD-CLOSE-FILL,2008-09-11,2008-09-11,2008-09-12,2008-09-12,4.565703868865967,4.45474100112915,-0.024303562150292835,1,7001,7002,True,0.5018564356435643,11312
AAPL,A-NOMACD-CLOSE-FILL,2008-09-18,2008-09-18,2008-09-29,2008-09-29,4.010582447052002,3.1482880115509033,-0.21500478967461,7,7006,7013,True,0.5430744737307625,11306
AAPL,A-NOMACD-CLOSE-FILL,2008-10-10,2008-10-10,2008-10-21,2008-10-21,2.8952524662017822,2.7364320755004883,-0.05485545476786935,7,7022,7029,True,0.5430744737307625,11306
AAPL,A-NOMACD-CLOSE-FILL,2008-12-30,2008-12-30,2008-12-31,2008-12-31,2.580901861190796,2.552786350250244,-0.010893676882227421,1,7077,7078,True,0.5018564356435643,11312
AAPL,A-NOMACD-CLOSE-FILL,2009-06-24,2009-06-24,2009-07-06,2009-07-06,4.0742902755737305,4.145772457122803,0.017544695324636983,7,7198,7205,True,0.5430744737307625,11306
AAPL,A-NOMACD-CLOSE-FILL,2009-12-09,2009-12-09,2009-12-17,2009-12-17,5.916128635406494,5.738461494445801,-0.03003098003944704,6,7315,7321,True,0.5432033253736623,11307
AAPL,A-NOMACD-CLOSE-FILL,2010-02-09,2010-02-09,2010-02-23,2010-02-23,5.867969989776611,5.893991947174072,0.004434575746433245,9,7356,7365,True,0.5502476999292286,11304
AAPL,A-NOMACD-CLOSE-FILL,2010-07-07,2010-07-07,2010-07-16,2010-07-16,7.736725330352783,7.474417686462402,-0.033904220802733365,7,7458,7465,True,0.5430744737307625,11306
AAPL,A-NOMACD-CLOSE-FILL,2010-08-27,2010-08-27,2010-09-21,2010-09-21,7.22676420211792,8.48745346069336,0.17444726620608075,16,7495,7511,True,0.5705054439231655,11297
AAPL,A-NOMACD-CLOSE-FILL,2011-04-18,2011-04-18,2011-05-02,2011-05-02,9.925512313842773,10.357108116149902,0.043483478601421544,9,7656,7665,True,0.5502476999292286,11304
AAPL,A-NOMACD-CLOSE-FILL,2011-05-18,2011-05-18,2011-05-23,2011-05-23,10.165387153625488,10.00178337097168,-0.01609420085839619,3,7677,7680,True,0.5259062776304155,11310
AAPL,A-NOMACD-CLOSE-FILL,2011-10-05,2011-10-05,2011-10-19,2011-10-19,11.31332015991211,11.922575950622559,0.05385296112005222,10,7774,7784,True,0.5541891533221268,11303
AAPL,A-NOMACD-CLOSE-FILL,2011-11-22,2011-11-22,2011-11-23,2011-11-23,11.261275291442871,10.976534843444824,-0.02528492028024687,1,7808,7809,True,0.5018564356435643,11312
AAPL,A-NOMACD-CLOSE-FILL,2011-11-28,2011-11-28,2011-12-13,2011-12-13,11.249608993530273,11.629162788391113,0.03373928774583401,11,7811,7822,True,0.5576889046186516,11302
AAPL,A-NOMACD-CLOSE-FILL,2012-10-16,2012-10-16,2012-10-19,2012-10-19,19.518421173095703,18.318401336669922,-0.061481398817230914,3,8034,8037,True,0.5259062776304155,11310
AAPL,A-NOMACD-CLOSE-FILL,2012-11-12,2012-11-12,2012-11-14,2012-11-14,16.38002586364746,16.200483322143555,-0.010961065812623016,2,8051,8053,True,0.5171072407391035,11311
AAPL,A-NOMACD-CLOSE-FILL,2012-11-16,2012-11-16,2012-12-04,2012-12-04,15.922867774963379,17.376415252685547,0.09128678943171797,11,8055,8066,True,0.5576889046186516,11302
AAPL,A-NOMACD-CLOSE-FILL,2013-03-05,2013-03-05,2013-03-27,2013-03-27,13.085573196411133,13.7211275100708,0.04856908475617838,16,8127,8143,True,0.5705054439231655,11297
AAPL,A-NOMACD-CLOSE-FILL,2013-04-10,2013-04-10,2013-04-15,2013-04-15,13.223671913146973,12.742910385131836,-0.03635612946031752,3,8152,8155,True,0.5259062776304155,11310
AAPL,A-NOMACD-CLOSE-FILL,2013-04-23,2013-04-23,2013-05-10,2013-05-10,12.326495170593262,13.839140892028809,0.12271498917585233,13,8161,8174,True,0.564070796460177,11300
AAPL,A-NOMACD-CLOSE-FILL,2013-06-28,2013-06-28,2013-07-19,2013-07-19,12.114784240722656,12.983073234558105,0.07167184958331996,14,8208,8222,True,0.5671298344986282,11299
AAPL,A-NOMACD-CLOSE-FILL,2013-09-19,2013-09-19,2013-10-03,2013-10-03,14.52498722076416,14.866658210754395,0.02352298041968659,10,8265,8275,True,0.5541891533221268,11303
AAPL,A-NOMACD-CLOSE-FILL,2014-02-06,2014-02-06,2014-02-20,2014-02-20,15.948509216308594,16.528568267822266,0.03637073808256108,9,8361,8370,True,0.5502476999292286,11304
AAPL,A-NOMACD-CLOSE-FILL,2014-06-26,2014-06-26,2014-07-11,2014-07-11,19.911256790161133,20.857540130615234,0.047525043267067524,10,8458,8468,True,0.5541891533221268,11303
AAPL,A-NOMACD-CLOSE-FILL,2015-03-16,2015-03-16,2015-03-25,2015-03-25,27.73419952392578,27.385726928710938,-0.01256472518394569,7,8638,8645,True,0.5430744737307625,11306
AAPL,A-NOMACD-CLOSE-FILL,2015-07-10,2015-07-10,2015-07-22,2015-07-22,27.47783088684082,27.910236358642578,0.01573652132813863,8,8719,8727,True,0.5476337903582486,11305
AAPL,A-NOMACD-CLOSE-FILL,2015-08-06,2015-08-06,2015-08-20,2015-08-20,25.77743148803711,25.222158432006836,-0.02154105447968957,10,8738,8748,True,0.5541891533221268,11303
AAPL,A-NOMACD-CLOSE-FILL,2015-12-23,2015-12-23,2015-12-31,2015-12-31,24.42170524597168,23.668439865112305,-0.030844094352650675,5,8835,8840,True,0.5405022992571631,11308
AAPL,A-NOMACD-CLOSE-FILL,2016-01-04,2016-01-04,2016-01-05,2016-01-05,23.688671112060547,23.095054626464844,-0.02505908764521103,1,8841,8842,True,0.5018564356435643,11312
AAPL,A-NOMACD-CLOSE-FILL,2016-01-12,2016-01-12,2016-01-13,2016-01-13,22.47669219970703,21.898815155029297,-0.025710057313738877,1,8847,8848,True,0.5018564356435643,11312
AAPL,A-NOMACD-CLOSE-FILL,2016-01-14,2016-01-14,2016-01-27,2016-01-27,22.37775230407715,21.006122589111328,-0.061294347007134986,8,8849,8857,True,0.5476337903582486,11305
AAPL,A-NOMACD-CLOSE-FILL,2016-05-03,2016-05-03,2016-05-05,2016-05-05,21.518009185791016,21.20775604248047,-0.014418301462359118,2,8924,8926,True,0.5171072407391035,11311
AAPL,A-NOMACD-CLOSE-FILL,2016-05-09,2016-05-09,2016-06-01,2016-06-01,21.105405807495117,22.395069122314453,0.06110582883752658,16,8928,8944,True,0.5705054439231655,11297
AAPL,A-NOMACD-CLOSE-FILL,2016-06-23,2016-06-23,2016-06-24,2016-06-24,21.8582763671875,21.244150161743164,-0.028095820325807153,1,8960,8961,True,0.5018564356435643,11312
AAPL,A-NOMACD-CLOSE-FILL,2016-06-28,2016-06-28,2016-07-21,2016-07-21,21.287368774414062,22.615697860717773,0.062399871979493815,16,8963,8979,True,0.5705054439231655,11297
AAPL,A-NOMACD-CLOSE-FILL,2016-11-08,2016-11-08,2016-11-14,2016-11-14,25.528223037719727,24.298477172851562,-0.048172011935618486,4,9056,9060,True,0.5317888407463083,11309
AAPL,A-NOMACD-CLOSE-FILL,2017-09-26,2017-09-26,2017-10-12,2017-10-12,35.63865280151367,36.30424499511719,0.018676132268816925,12,9277,9289,True,0.5625165914520839,11301
AAPL,A-NOMACD-CLOSE-FILL,2018-02-06,2018-02-06,2018-02-08,2018-02-08,38.07666015625,36.23623275756836,-0.04833479068619284,2,9368,9370,True,0.5171072407391035,11311
AAPL,A-NOMACD-CLOSE-FILL,2018-02-09,2018-02-09,2018-02-28,2018-02-28,36.67945861816406,41.770626068115234,0.1388015974540575,12,9371,9383,True,0.5625165914520839,11301
AAPL,A-NOMACD-CLOSE-FILL,2018-04-03,2018-04-03,2018-04-19,2018-04-19,39.488861083984375,40.523040771484375,0.026189149524989297,12,9406,9418,True,0.5625165914520839,11301
AAPL,A-NOMACD-CLOSE-FILL,2018-06-27,2018-06-27,2018-07-18,2018-07-18,43.353599548339844,44.82256317138672,0.03388331391973498,14,9466,9480,True,0.5671298344986282,11299
AAPL,A-NOMACD-CLOSE-FILL,2018-11-16,2018-11-16,2018-11-19,2018-11-19,45.878719329833984,44.060455322265625,-0.03963196955207904,1,9566,9567,True,0.5018564356435643,11312
AAPL,A-NOMACD-CLOSE-FILL,2018-11-27,2018-11-27,2018-12-07,2018-12-07,41.305782318115234,39.94267654418945,-0.033000362114627535,7,9572,9579,True,0.5430744737307625,11306
AAPL,A-NOMACD-CLOSE-FILL,2018-12-26,2018-12-26,2019-01-03,2019-01-03,37.25911331176758,33.70792770385742,-0.0953105238494385,5,9591,9596,True,0.5405022992571631,11308
AAPL,A-NOMACD-CLOSE-FILL,2019-06-04,2019-06-04,2019-06-21,2019-06-21,42.93325424194336,47.50763702392578,0.10654637908890474,13,9700,9713,True,0.564070796460177,11300
AAPL,A-NOMACD-CLOSE-FILL,2020-03-24,2020-03-24,2020-04-03,2020-04-03,59.54633712768555,58.22700500488281,-0.022156394271131807,8,9903,9911,True,0.5476337903582486,11305
AAPL,A-NOMACD-CLOSE-FILL,2020-09-21,2020-09-21,2020-10-08,2020-10-08,106.68268585205078,111.42178344726562,0.044422368609908336,13,10028,10041,True,0.564070796460177,11300
AAPL,A-NOMACD-CLOSE-FILL,2020-10-29,2020-10-29,2020-10-30,2020-10-30,111.7609634399414,105.50035095214844,-0.056017882229132065,1,10056,10057,True,0.5018564356435643,11312
AAPL,A-NOMACD-CLOSE-FILL,2021-10-06,2021-10-06,2021-10-27,2021-10-27,138.50267028808594,145.1840057373047,0.048239759098662516,15,10291,10306,True,0.5686847229598159,11298
AAPL,A-NOMACD-CLOSE-FILL,2022-01-25,2022-01-25,2022-02-10,2022-02-10,156.07225036621094,168.34007263183594,0.07860348163648267,12,10367,10379,True,0.5625165914520839,11301
AAPL,A-NOMACD-CLOSE-FILL,2022-04-20,2022-04-20,2022-04-22,2022-04-22,163.5574951171875,158.23695373535156,-0.03253009822646047,2,10426,10428,True,0.5171072407391035,11311
AAPL,A-NOMACD-CLOSE-FILL,2022-04-25,2022-04-25,2022-04-26,2022-04-26,159.3030548095703,153.35653686523438,-0.03732833592829943,1,10429,10430,True,0.5018564356435643,11312
AAPL,A-NOMACD-CLOSE-FILL,2022-04-28,2022-04-28,2022-05-09,2022-05-09,160.0463104248047,148.93914794921875,-0.06939967841873163,7,10432,10439,True,0.5430744737307625,11306
AAPL,A-NOMACD-CLOSE-FILL,2022-05-16,2022-05-16,2022-05-18,2022-05-18,142.55294799804688,137.92984008789062,-0.032430812375901175,2,10444,10446,True,0.5171072407391035,11311
AAPL,A-NOMACD-CLOSE-FILL,2022-05-23,2022-05-23,2022-06-06,2022-06-06,140.17283630371094,143.14065551757812,0.02117257017926666,9,10449,10458,True,0.5502476999292286,11304
AAPL,A-NOMACD-CLOSE-FILL,2022-06-22,2022-06-22,2022-07-01,2022-07-01,132.57211303710938,136.07862854003906,0.026449872621010062,7,10469,10476,True,0.5430744737307625,11306
AAPL,A-NOMACD-CLOSE-FILL,2022-09-09,2022-09-09,2022-09-15,2022-09-15,154.35427856445312,149.4500732421875,-0.031772396384968316,4,10524,10528,True,0.5317888407463083,11309
AAPL,A-NOMACD-CLOSE-FILL,2022-09-19,2022-09-19,2022-09-23,2022-09-23,151.51963806152344,147.54725646972656,-0.026216942190582015,4,10530,10534,True,0.5317888407463083,11309
AAPL,A-NOMACD-CLOSE-FILL,2022-10-04,2022-10-04,2022-10-07,2022-10-07,143.30023193359375,137.40542602539062,-0.041136052807889456,3,10541,10544,True,0.5259062776304155,11310
AAPL,A-NOMACD-CLOSE-FILL,2022-12-29,2022-12-29,2023-01-05,2023-01-05,127.33714294433594,122.82762145996094,-0.035414030659901674,4,10601,10605,True,0.5317888407463083,11309
AAPL,A-NOMACD-CLOSE-FILL,2023-08-18,2023-08-18,2023-09-06,2023-09-06,172.16151428222656,180.4691619873047,0.048254964181247306,12,10760,10772,True,0.5625165914520839,11301
AAPL,A-NOMACD-CLOSE-FILL,2023-09-25,2023-09-25,2023-09-26,2023-09-26,173.7303009033203,169.66526794433594,-0.023398525978761353,1,10785,10786,True,0.5018564356435643,11312
AAPL,A-NOMACD-CLOSE-FILL,2023-09-29,2023-09-29,2023-10-16,2023-10-16,168.92529296875,176.3350372314453,0.0438640308533671,11,10789,10800,True,0.5576889046186516,11302
AAPL,A-NOMACD-CLOSE-FILL,2023-10-30,2023-10-30,2023-11-21,2023-11-21,168.01754760742188,188.3437957763672,0.12097693638784812,16,10810,10826,True,0.5705054439231655,11297
AAPL,A-NOMACD-CLOSE-FILL,2024-01-08,2024-01-08,2024-01-29,2024-01-29,183.32496643066406,189.42066955566406,0.0332508072614619,14,10857,10871,True,0.5671298344986282,11299
AAPL,A-NOMACD-CLOSE-FILL,2024-03-11,2024-03-11,2024-03-21,2024-03-21,170.88705444335938,169.5219268798828,-0.007988478518301312,8,10900,10908,True,0.5476337903582486,11305
AAPL,A-NOMACD-CLOSE-FILL,2024-04-09,2024-04-09,2024-04-10,2024-04-10,167.84027099609375,165.97064208984375,-0.011139334410950275,1,10920,10921,True,0.5018564356435643,11312
AAPL,A-NOMACD-CLOSE-FILL,2024-04-24,2024-04-24,2024-05-22,2024-05-22,167.19729614257812,189.09742736816406,0.13098376427637026,20,10931,10951,True,0.5791198087310724,11293
AAPL,A-NOMACD-CLOSE-FILL,2025-01-15,2025-01-15,2025-01-16,2025-01-16,236.15618896484375,226.61544799804688,-0.040400130983724525,1,11113,11114,True,0.5018564356435643,11312
AAPL,A-NOMACD-CLOSE-FILL,2025-01-23,2025-01-23,2025-02-03,2025-02-03,222.04859924316406,226.36724853515625,0.01944911747568767,7,11118,11125,True,0.5430744737307625,11306
AAPL,A-NOMACD-CLOSE-FILL,2025-03-20,2025-03-20,2025-04-03,2025-04-03,212.7911834716797,201.94789123535156,-0.05095743187955559,10,11157,11167,True,0.5541891533221268,11303
AAPL,A-NOMACD-CLOSE-FILL,2025-06-20,2025-06-20,2025-07-08,2025-07-08,200.03323364257812,208.99989318847656,0.044825849098256265,11,11220,11231,True,0.5576889046186516,11302
AAPL,A-NOMACD-CLOSE-FILL,2026-01-21,2026-01-21,2026-02-10,2026-02-10,246.9777374267578,273.19244384765625,0.10614198143536124,14,11367,11381,True,0.5671298344986282,11299
AAPL,A-NOMACD-CLOSE-FILL,2026-03-17,2026-03-17,2026-03-18,2026-03-18,253.77711486816406,249.49476623535156,-0.01687444762321122,1,11405,11406,True,0.5018564356435643,11312
AAPL,A-NOMACD-CLOSE-FILL,2026-03-23,2026-03-23,2026-03-30,2026-03-30,251.04200744628906,246.19065856933594,-0.019324848961746244,5,11409,11414,True,0.5405022992571631,11308
AAPL,A-NOMACD-CLOSE-FILL,2026-06-16,2026-06-16,2026-06-25,2026-06-25,298.9821472167969,274.91290283203125,-0.08050395185406378,6,11468,11474,True,0.5432033253736623,11307
AAPL,A-NOMACD-CLOSE-FILL,2026-08-14,2026-08-14,,,305.92999267578125,,,3,11509,-1,False,,0
MSFT,A-NOMACD-CLOSE-FILL,1987-05-28,1987-05-28,1987-06-05,1987-06-05,0.24547640979290009,0.2306947261095047,-0.06021631038137709,6,305,311,True,0.5576595531509869,9981
MSFT,A-NOMACD-CLOSE-FILL,1987-06-17,1987-06-17,1987-06-30,1987-06-30,0.21908099949359894,0.2153858095407486,-0.016866775126057054,9,319,328,True,0.5704550010022048,9978
MSFT,A-NOMACD-CLOSE-FILL,1987-10-22,1987-10-22,1987-10-23,1987-10-23,0.22488819062709808,0.2037714421749115,-0.09389887656307239,1,408,409,True,0.5083116362908071,9986
MSFT,A-NOMACD-CLOSE-FILL,1987-10-29,1987-10-29,1987-11-16,1987-11-16,0.2016598880290985,0.2016598880290985,0.0,12,413,425,True,0.586265664160401,9975
MSFT,A-NOMACD-CLOSE-FILL,1988-07-29,1988-07-29,1988-08-02,1988-08-02,0.2512829601764679,0.24283719062805176,-0.03361059397933286,2,602,604,True,0.5248873309964948,9985
MSFT,A-NOMACD-CLOSE-FILL,1988-08-05,1988-08-05,1988-08-09,1988-08-09,0.22594399750232697,0.21855318546295166,-0.03271081383473884,2,607,609,True,0.5248873309964948,9985
MSFT,A-NOMACD-CLOSE-FILL,1988-08-11,1988-08-11,1988-08-22,1988-08-22,0.21855318546295166,0.20271572470664978,-0.07246501908793546,7,611,618,True,0.5613226452905812,9980
MSFT,A-NOMACD-CLOSE-FILL,1988-10-11,1988-10-11,1988-10-24,1988-10-24,0.21010662615299225,0.21960878372192383,0.04522540646582196,9,653,662,True,0.5704550010022048,9978
MSFT,A-NOMACD-CLOSE-FILL,1988-11-23,1988-11-23,1988-12-08,1988-12-08,0.1979648768901825,0.2069392204284668,0.04533300896230519,10,684,694,True,0.5792322341385185,9977
MSFT,A-NOMACD-CLOSE-FILL,1989-03-02,1989-03-02,1989-03-07,1989-03-07,0.25656232237815857,0.22594399750232697,-0.11934069115067447,3,751,754,True,0.5396634615384616,9984
MSFT,A-NOMACD-CLOSE-FILL,1989-03-21,1989-03-21,1989-04-11,1989-04-11,0.21063445508480072,0.21696944534778595,0.03007575498716375,14,764,778,True,0.5933019151709616,9973
MSFT,A-NOMACD-CLOSE-FILL,1989-06-23,1989-06-23,1989-06-27,1989-06-27,0.23386266827583313,0.22752755880355835,-0.027089015613226186,2,830,832,True,0.5248873309964948,9985
MSFT,A-NOMACD-CLOSE-FILL,1989-06-30,1989-06-30,1989-07-13,1989-07-13,0.22383248805999756,0.22383248805999756,0.0,8,835,843,True,0.5698967832448141,9979
MSFT,A-NOMACD-CLOSE-FILL,1989-12-19,1989-12-19,1990-01-05,1990-01-05,0.3394436240196228,0.37850868701934814,0.11508557013716958,11,954,965,True,0.5852044907778668,9976
MSFT,A-NOMACD-CLOSE-FILL,1990-08-08,1990-08-08,1990-08-17,1990-08-17,0.536352276802063,0.5089015364646912,-0.05118043033404018,7,1114,1121,True,0.5613226452905812,9980
MSFT,A-NOMACD-CLOSE-FILL,1991-03-20,1991-03-20,1991-03-21,1991-03-21,0.8362030982971191,0.8003054857254028,-0.0429292986893014,1,1269,1270,True,0.5083116362908071,9986
MSFT,A-NOMACD-CLOSE-FILL,1991-05-01,1991-05-01,1991-05-14,1991-05-14,0.8509847521781921,0.8552077412605286,0.004962473265857303,9,1298,1307,True,0.5704550010022048,9978
MSFT,A-NOMACD-CLOSE-FILL,1991-06-28,1991-06-28,1991-07-05,1991-07-05,0.8631266951560974,0.7823565602302551,-0.09357853879288824,4,1339,1343,True,0.5438245016528098,9983
MSFT,A-NOMACD-CLOSE-FILL,1992-05-01,1992-05-01,1992-05-13,1992-05-13,1.441184639930725,1.428513765335083,-0.008791985596135143,8,1552,1560,True,0.5698967832448141,9979
MSFT,A-NOMACD-CLOSE-FILL,1992-06-22,1992-06-22,1992-06-26,1992-06-26,1.4110931158065796,1.2685589790344238,-0.10100973151632409,4,1587,1591,True,0.5438245016528098,9983
MSFT,A-NOMACD-CLOSE-FILL,1993-04-27,1993-04-27,1993-05-11,1993-05-11,1.5678807497024536,1.667655348777771,0.06363659933592025,10,1801,1811,True,0.5792322341385185,9977
MSFT,A-NOMACD-CLOSE-FILL,1993-06-25,1993-06-25,1993-07-01,1993-07-01,1.6819080114364624,1.655777931213379,-0.015535974646298634,4,1843,1847,True,0.5438245016528098,9983
MSFT,A-NOMACD-CLOSE-FILL,1993-07-08,1993-07-08,1993-07-13,1993-07-13,1.6130164861679077,1.572633147239685,-0.025035912078098188,3,1851,1854,True,0.5396634615384616,9984
MSFT,A-NOMACD-CLOSE-FILL,1993-07-14,1993-07-14,1993-07-16,1993-07-16,1.6011388301849365,1.541749358177185,-0.037092019060515735,2,1855,1857,True,0.5248873309964948,9985
MSFT,A-NOMACD-CLOSE-FILL,1993-07-21,1993-07-21,1993-07-22,1993-07-22,1.5013644695281982,1.475233793258667,-0.017404618798353977,1,1860,1861,True,0.5083116362908071,9986
MSFT,A-NOMACD-CLOSE-FILL,1993-07-28,1993-07-28,1993-08-02,1993-08-02,1.4871110916137695,1.3825863599777222,-0.07028710378497693,3,1865,1868,True,0.5396634615384616,9984
MSFT,A-NOMACD-CLOSE-FILL,1993-08-05,1993-08-05,1993-08-06,1993-08-06,1.4205951690673828,1.3920882940292358,-0.02006685342796266,1,1871,1872,True,0.5083116362908071,9986
MSFT,A-NOMACD-CLOSE-FILL,1993-08-11,1993-08-11,1993-08-24,1993-08-24,1.3754594326019287,1.441975474357605,0.04835914471853897,9,1875,1884,True,0.5704550010022048,9978
MSFT,A-NOMACD-CLOSE-FILL,1994-02-15,1994-02-15,1994-02-16,1994-02-16,1.515618085861206,1.4966140985488892,-0.012538770478922046,1,2006,2007,True,0.5083116362908071,9986
MSFT,A-NOMACD-CLOSE-FILL,1995-02-03,1995-02-03,1995-02-15,1995-02-15,2.2853052616119385,2.3090615272521973,0.01039522642305668,8,2250,2258,True,0.5698967832448141,9979
MSFT,A-NOMACD-CLOSE-FILL,1995-11-24,1995-11-24,1995-12-05,1995-12-05,3.3448123931884766,3.268794298171997,-0.02272716256711027,7,2454,2461,True,0.5613226452905812,9980
MSFT,A-NOMACD-CLOSE-FILL,1996-07-16,1996-07-16,1996-07-24,1996-07-24,4.385314464569092,4.361559867858887,-0.005416851380244059,6,2615,2621,True,0.5576595531509869,9981
MSFT,A-NOMACD-CLOSE-FILL,1997-12-29,1997-12-29,1998-01-09,1998-01-09,9.602084159851074,9.65434455871582,0.005442609957873712,8,2983,2991,True,0.5698967832448141,9979
MSFT,A-NOMACD-CLOSE-FILL,1998-05-08,1998-05-08,1998-05-21,1998-05-21,13.037164688110352,13.132193565368652,0.00728907546477231,9,3073,3082,True,0.5704550010022048,9978
MSFT,A-NOMACD-CLOSE-FILL,1998-08-06,1998-08-06,1998-08-11,1998-08-11,16.248950958251953,15.726316452026367,-0.03216419986547925,3,3135,3138,True,0.5396634615384616,9984
MSFT,A-NOMACD-CLOSE-FILL,1998-08-12,1998-08-12,1998-08-27,1998-08-27,15.973380088806152,16.610029220581055,0.03985688240280805,11,3139,3150,True,0.5852044907778668,9976
MSFT,A-NOMACD-CLOSE-FILL,1999-05-10,1999-05-10,1999-05-14,1999-05-14,24.230876922607422,23.375680923461914,-0.03529364627937215,4,3325,3329,True,0.5438245016528098,9983
MSFT,A-NOMACD-CLOSE-FILL,1999-08-05,1999-08-05,1999-08-09,1999-08-09,26.074329376220703,25.485183715820312,-0.022594853808116766,2,3386,3388,True,0.5248873309964948,9985
MSFT,A-NOMACD-CLOSE-FILL,1999-08-10,1999-08-10,1999-09-01,1999-09-01,25.219131469726562,28.088823318481445,0.11379027276176057,16,3389,3405,True,0.6005415705546083,9971
MSFT,A-NOMACD-CLOSE-FILL,2000-02-01,2000-02-01,2000-02-11,2000-02-11,31.30060577392578,30.38836669921875,-0.029144454305320533,8,3510,3518,True,0.5698967832448141,9979
MSFT,A-NOMACD-CLOSE-FILL,2000-02-28,2000-02-28,2000-02-29,2000-02-29,27.841753005981445,27.17660140991211,-0.02389043520091705,1,3528,3529,True,0.5083116362908071,9986
MSFT,A-NOMACD-CLOSE-FILL,2000-03-01,2000-03-01,2000-03-14,2000-03-14,27.613712310791016,28.925033569335938,0.04748804665544659,9,3530,3539,True,0.5704550010022048,9978
MSFT,A-NOMACD-CLOSE-FILL,2000-04-17,2000-04-17,2000-04-26,2000-04-26,23.071605682373047,20.67701530456543,-0.10378949825920047,6,3563,3569,True,0.5576595531509869,9981
MSFT,A-NOMACD-CLOSE-FILL,2000-04-27,2000-04-27,2000-05-09,2000-05-09,21.228158950805664,20.620012283325195,-0.028648111637461948,8,3570,3578,True,0.5698967832448141,9979
MSFT,A-NOMACD-CLOSE-FILL,2000-05-30,2000-05-30,2000-06-12,2000-06-12,19.27067756652832,20.334949493408203,0.05522753017924198,9,3592,3601,True,0.5704550010022048,9978
MSFT,A-NOMACD-CLOSE-FILL,2000-07-28,2000-07-28,2000-08-15,2000-08-15,21.190155029296875,21.779287338256836,0.02780217077909275,12,3634,3646,True,0.586265664160401,9975
MSFT,A-NOMACD-CLOSE-FILL,2000-09-13,2000-09-13,2000-09-14,2000-09-14,20.75303840637207,20.011873245239258,-0.03571357343535986,1,3666,3667,True,0.5083116362908071,9986
MSFT,A-NOMACD-CLOSE-FILL,2000-09-19,2000-09-19,2000-09-25,2000-09-25,19.764801025390625,18.624528884887695,-0.05769206272494687,4,3670,3674,True,0.5438245016528098,9983
MSFT,A-NOMACD-CLOSE-FILL,2000-09-26,2000-09-26,2000-09-27,2000-09-27,19.06163215637207,18.43448257446289,-0.03290114806352151,1,3675,3676,True,0.5083116362908071,9986
MSFT,A-NOMACD-CLOSE-FILL,2000-09-28,2000-09-28,2000-10-02,2000-10-02,18.643537521362305,17.978364944458008,-0.035678452983620934,2,3677,3679,True,0.5248873309964948,9985
MSFT,A-NOMACD-CLOSE-FILL,2000-10-10,2000-10-10,2000-10-16,2000-10-16,16.591035842895508,15.317724227905273,-0.07674696306171158,4,3685,3689,True,0.5438245016528098,9983
MSFT,A-NOMACD-CLOSE-FILL,2000-10-18,2000-10-18,2000-11-08,2000-11-08,15.735822677612305,21.11412811279297,0.3417873692001179,15,3691,3706,True,0.5967709586843161,9972
MSFT,A-NOMACD-CLOSE-FILL,2000-12-11,2000-12-11,2000-12-15,2000-12-15,17.65529441833496,14.95663833618164,-0.15285251087916019,4,3728,3732,True,0.5438245016528098,9983
MSFT,A-NOMACD-CLOSE-FILL,2000-12-22,2000-12-22,2001-01-17,2001-01-17,14.12043285369873,16.09691047668457,0.13997287784758794,15,3737,3752,True,0.5967709586843161,9972
MSFT,A-NOMACD-CLOSE-FILL,2001-02-23,2001-02-23,2001-03-09,2001-03-09,17.256187438964844,17.237192153930664,-0.0011007811025097736,10,3778,3788,True,0.5792322341385185,9977
MSFT,A-NOMACD-CLOSE-FILL,2001-08-24,2001-08-24,2001-08-30,2001-08-30,18.867780685424805,17.313961029052734,-0.08235306962055067,4,3905,3909,True,0.5438245016528098,9983
MSFT,A-NOMACD-CLOSE-FILL,2001-09-10,2001-09-10,2001-09-17,2001-09-17,17.50857925415039,16.08854866027832,-0.08110484427429787,1,3915,3916,True,0.5083116362908071,9986
MSFT,A-NOMACD-CLOSE-FILL,2001-09-18,2001-09-18,2001-09-20,2001-09-20,16.517288208007812,15.434782981872559,-0.06553770888434585,2,3917,3919,True,0.5248873309964948,9985
MSFT,A-NOMACD-CLOSE-FILL,2001-09-21,2001-09-21,2001-10-10,2001-10-10,15.115508079528809,16.87914276123047,0.11667716840363318,13,3920,3933,True,0.5917385201523963,9974
MSFT,A-NOMACD-CLOSE-FILL,2002-01-31,2002-01-31,2002-02-04,2002-02-04,19.372539520263672,18.58499526977539,-0.040652607762885706,2,4010,4012,True,0.5248873309964948,9985
MSFT,A-NOMACD-CLOSE-FILL,2002-02-08,2002-02-08,2002-02-19,2002-02-19,18.44208335876465,17.919076919555664,-0.028359401106406112,6,4016,4022,True,0.5576595531509869,9981
MSFT,A-NOMACD-CLOSE-FILL,2002-03-28,2002-03-28,2002-04-02,2002-04-02,18.338699340820312,17.41735076904297,-0.050240671634029344,2,4049,4051,True,0.5248873309964948,9985
MSFT,A-NOMACD-CLOSE-FILL,2002-04-08,2002-04-08,2002-04-09,2002-04-09,17.39911460876465,16.68453598022461,-0.041069827092240496,1,4055,4056,True,0.5083116362908071,9986
MSFT,A-NOMACD-CLOSE-FILL,2002-04-10,2002-04-10,2002-04-11,2002-04-11,17.11935806274414,16.660207748413086,-0.026820533377958644,1,4057,4058,True,0.5083116362908071,9986
MSFT,A-NOMACD-CLOSE-FILL,2002-04-12,2002-04-12,2002-04-23,2002-04-23,17.006855010986328,16.416954040527344,-0.03468607041560079,7,4059,4066,True,0.5613226452905812,9980
MSFT,A-NOMACD-CLOSE-FILL,2002-06-05,2002-06-05,2002-06-20,2002-06-20,15.708452224731445,16.45039176940918,0.047231868172831204,11,4096,4107,True,0.5852044907778668,9976
MSFT,A-NOMACD-CLOSE-FILL,2002-09-09,2002-09-09,2002-09-17,2002-09-17,14.808398246765137,14.379651069641113,-0.028952974520230934,6,4162,4168,True,0.5576595531509869,9981
MSFT,A-NOMACD-CLOSE-FILL,2002-09-25,2002-09-25,2002-09-27,2002-09-27,14.142474174499512,13.759343147277832,-0.027090806212148433,2,4174,4176,True,0.5248873309964948,9985
MSFT,A-NOMACD-CLOSE-FILL,2002-12-16,2002-12-16,2002-12-20,2002-12-20,16.56594467163086,16.128068923950195,-0.02643228360109917,4,4231,4235,True,0.5438245016528098,9983
MSFT,A-NOMACD-CLOSE-FILL,2003-02-03,2003-02-03,2003-02-04,2003-02-04,14.765819549560547,14.388777732849121,-0.025534770721388544,1,4263,4264,True,0.5083116362908071,9986
MSFT,A-NOMACD-CLOSE-FILL,2003-02-06,2003-02-06,2003-02-07,2003-02-07,14.419184684753418,14.163756370544434,-0.017714476913460286,1,4266,4267,True,0.5083116362908071,9986
MSFT,A-NOMACD-CLOSE-FILL,2003-02-10,2003-02-10,2003-02-26,2003-02-26,14.407020568847656,14.404541969299316,-0.00017204109180624094,11,4268,4279,True,0.5852044907778668,9976
MSFT,A-NOMACD-CLOSE-FILL,2003-03-07,2003-03-07,2003-03-10,2003-03-10,14.374029159545898,14.00186538696289,-0.025891402365484373,1,4286,4287,True,0.5083116362908071,9986
MSFT,A-NOMACD-CLOSE-FILL,2003-03-12,2003-03-12,2003-03-24,2003-03-24,14.270317077636719,15.429506301879883,0.08123079662047261,8,4289,4297,True,0.5698967832448141,9979
MSFT,A-NOMACD-CLOSE-FILL,2003-05-27,2003-05-27,2003-06-05,2003-06-05,15.124456405639648,14.697394371032715,-0.02823652124433973,7,4341,4348,True,0.5613226452905812,9980
MSFT,A-NOMACD-CLOSE-FILL,2003-08-18,2003-08-18,2003-09-10,2003-09-10,15.679646492004395,16.808340072631836,0.07198463187311033,16,4399,4415,True,0.6005415705546083,9971
MSFT,A-NOMACD-CLOSE-FILL,2003-11-12,2003-11-12,2003-11-14,2003-11-14,15.939397811889648,15.64490032196045,-0.01847607377673488,2,4460,4462,True,0.5248873309964948,9985
MSFT,A-NOMACD-CLOSE-FILL,2003-11-18,2003-11-18,2003-12-22,2003-12-22,15.430179595947266,16.67563247680664,0.08071538462108974,23,4464,4487,True,0.6114010437575271,9964
MSFT,A-NOMACD-CLOSE-FILL,2004-02-11,2004-02-11,2004-02-13,2004-02-13,16.657230377197266,16.31365394592285,-0.02062626400033163,2,4521,4523,True,0.5248873309964948,9985
MSFT,A-NOMACD-CLOSE-FILL,2004-02-17,2004-02-17,2004-02-19,2004-02-19,16.559062957763672,16.233898162841797,-0.01963666638331263,2,4524,4526,True,0.5248873309964948,9985
MSFT,A-NOMACD-CLOSE-FILL,2004-03-18,2004-03-18,2004-03-19,2004-03-19,15.270662307739258,15.111144065856934,-0.010446059160215904,1,4546,4547,True,0.5083116362908071,9986
MSFT,A-NOMACD-CLOSE-FILL,2004-03-22,2004-03-22,2004-04-08,2004-04-08,15.031386375427246,15.632643699645996,0.04000012435324418,13,4548,4561,True,0.5917385201523963,9974
MSFT,A-NOMACD-CLOSE-FILL,2004-05-12,2004-05-12,2004-05-17,2004-05-17,15.91486930847168,15.669454574584961,-0.015420468062284476,3,4584,4587,True,0.5396634615384616,9984
MSFT,A-NOMACD-CLOSE-FILL,2004-08-10,2004-08-10,2004-08-12,2004-08-12,17.006935119628906,16.4915771484375,-0.03030281279762137,2,4645,4647,True,0.5248873309964948,9985
MSFT,A-NOMACD-CLOSE-FILL,2004-08-18,2004-08-18,2004-09-03,2004-09-03,16.84741973876953,16.6817569732666,-0.009833123889096407,12,4651,4663,True,0.586265664160401,9975
MSFT,A-NOMACD-CLOSE-FILL,2005-01-04,2005-01-04,2005-01-07,2005-01-07,18.407325744628906,18.290735244750977,-0.006333918435270203,3,4747,4750,True,0.5396634615384616,9984
MSFT,A-NOMACD-CLOSE-FILL,2005-01-10,2005-01-10,2005-01-13,2005-01-13,18.3798828125,18.016403198242188,-0.019775948408692456,3,4751,4754,True,0.5396634615384616,9984
MSFT,A-NOMACD-CLOSE-FILL,2005-01-18,2005-01-18,2005-01-19,2005-01-19,18.050697326660156,17.817516326904297,-0.012918115878629233,1,4756,4757,True,0.5083116362908071,9986
MSFT,A-NOMACD-CLOSE-FILL,2005-01-25,2005-01-25,2005-02-07,2005-02-07,17.844951629638672,17.94096565246582,0.005380458564408608,9,4761,4770,True,0.5704550010022048,9978
MSFT,A-NOMACD-CLOSE-FILL,2005-03-02,2005-03-02,2005-03-03,2005-03-03,17.377178192138672,17.315269470214844,-0.0035626452833311673,1,4786,4787,True,0.5083116362908071,9986
MSFT,A-NOMACD-CLOSE-FILL,2005-03-07,2005-03-07,2005-03-11,2005-03-11,17.521648406982422,17.260229110717773,-0.014919788948651203,4,4789,4793,True,0.5438245016528098,9983
MSFT,A-NOMACD-CLOSE-FILL,2005-03-24,2005-03-24,2005-04-14,2005-04-14,16.703004837036133,17.0882511138916,0.023064489330760996,14,4802,4816,True,0.5933019151709616,9973
MSFT,A-NOMACD-CLOSE-FILL,2005-06-20,2005-06-20,2005-06-27,2005-06-27,17.32878875732422,17.28738021850586,-0.002389580679772463,5,4862,4867,True,0.5514926868363054,9982
MSFT,A-NOMACD-CLOSE-FILL,2005-07-05,2005-07-05,2005-07-06,2005-07-06,17.23906135559082,17.045839309692383,-0.011208385532880172,1,4872,4873,True,0.5083116362908071,9986
MSFT,A-NOMACD-CLOSE-FILL,2005-09-27,2005-09-27,2005-10-05,2005-10-05,17.539379119873047,17.075624465942383,-0.02644076798620576,6,4931,4937,True,0.5576595531509869,9981
MSFT,A-NOMACD-CLOSE-FILL,2005-10-14,2005-10-14,2005-10-27,2005-10-27,17.075624465942383,17.20021629333496,0.007296472678997912,9,4944,4953,True,0.5704550010022048,9978
MSFT,A-NOMACD-CLOSE-FILL,2005-12-23,2005-12-23,2005-12-27,2005-12-27,18.493247985839844,18.368289947509766,-0.006756954669388415,1,4993,4994,True,0.5083116362908071,9986
MSFT,A-NOMACD-CLOSE-FILL,2006-02-15,2006-02-15,2006-03-06,2006-03-06,18.723079681396484,18.743976593017578,0.0011161044003811238,12,5028,5040,True,0.586265664160401,9975
MSFT,A-NOMACD-CLOSE-FILL,2006-05-10,2006-05-10,2006-05-11,2006-05-11,16.55682945251465,16.173728942871094,-0.023138518805324138,1,5086,5087,True,0.5083116362908071,9986
MSFT,A-NOMACD-CLOSE-FILL,2006-05-22,2006-05-22,2006-05-31,2006-05-31,15.999056816101074,15.838228225708008,-0.01005237947722093,6,5094,5100,True,0.5576595531509869,9981
MSFT,A-NOMACD-CLOSE-FILL,2006-06-14,2006-06-14,2006-07-05,2006-07-05,15.299795150756836,16.32770538330078,0.0671845748531541,14,5110,5124,True,0.5933019151709616,9973
MSFT,A-NOMACD-CLOSE-FILL,2007-02-14,2007-02-14,2007-02-27,2007-02-27,20.776268005371094,19.69505500793457,-0.0520407706117868,8,5278,5286,True,0.5698967832448141,9979
MSFT,A-NOMACD-CLOSE-FILL,2007-03-08,2007-03-08,2007-03-13,2007-03-13,19.30638313293457,18.88237190246582,-0.021962230188285914,3,5293,5296,True,0.5396634615384616,9984
MSFT,A-NOMACD-CLOSE-FILL,2007-08-07,2007-08-07,2007-08-13,2007-08-13,20.949909210205078,20.297666549682617,-0.031133436139414994,4,5398,5402,True,0.5438245016528098,9983
MSFT,A-NOMACD-CLOSE-FILL,2007-08-20,2007-08-20,2007-09-07,2007-09-07,20.10556983947754,20.233631134033203,0.006369443670490416,13,5407,5420,True,0.5917385201523963,9974
MSFT,A-NOMACD-CLOSE-FILL,2008-02-13,2008-02-13,2008-02-29,2008-02-29,20.67170524597168,19.490856170654297,-0.057123931541520845,11,5529,5540,True,0.5852044907778668,9976
MSFT,A-NOMACD-CLOSE-FILL,2008-07-15,2008-07-15,2008-07-21,2008-07-21,18.807432174682617,18.440631866455078,-0.01950294462426949,4,5634,5638,True,0.5438245016528098,9983
MSFT,A-NOMACD-CLOSE-FILL,2008-09-10,2008-09-10,2008-09-17,2008-09-17,19.091842651367188,17.741558074951172,-0.07072573355402756,5,5674,5679,True,0.5514926868363054,9982
MSFT,A-NOMACD-CLOSE-FILL,2008-11-13,2008-11-13,2008-11-17,2008-11-17,15.344240188598633,13.950624465942383,-0.09082337773177984,2,5720,5722,True,0.5248873309964948,9985
MSFT,A-NOMACD-CLOSE-FILL,2008-11-18,2008-11-18,2008-11-19,2008-11-19,14.263222694396973,13.296339988708496,-0.0677885164106915,1,5723,5724,True,0.5083116362908071,9986
MSFT,A-NOMACD-CLOSE-FILL,2008-11-21,2008-11-21,2008-12-02,2008-12-02,14.306841850280762,13.921544075012207,-0.026931015195432062,6,5726,5732,True,0.5576595531509869,9981
MSFT,A-NOMACD-CLOSE-FILL,2009-01-28,2009-01-28,2009-01-30,2009-01-30,13.114606857299805,12.431248664855957,-0.05210664718199154,2,5770,5772,True,0.5248873309964948,9985
MSFT,A-NOMACD-CLOSE-FILL,2009-02-02,2009-02-02,2009-02-13,2009-02-13,12.961944580078125,13.877925872802734,0.07066696567522968,9,5773,5782,True,0.5704550010022048,9978
MSFT,A-NOMACD-CLOSE-FILL,2009-03-06,2009-03-06,2009-03-25,2009-03-25,11.184319496154785,13.087410926818848,0.170157105340057,13,5796,5809,True,0.5917385201523963,9974
MSFT,A-NOMACD-CLOSE-FILL,2010-02-03,2010-02-03,2010-02-04,2010-02-04,21.301380157470703,20.71359634399414,-0.027593696236176468,1,6026,6027,True,0.5083116362908071,9986
MSFT,A-NOMACD-CLOSE-FILL,2010-02-11,2010-02-11,2010-02-26,2010-02-26,20.921918869018555,21.430883407592773,0.02432685748188712,10,6032,6042,True,0.5792322341385185,9977
MSFT,A-NOMACD-CLOSE-FILL,2010-05-10,2010-05-10,2010-05-20,2010-05-20,21.632707595825195,20.356218338012695,-0.05900737354111163,8,6092,6100,True,0.5698967832448141,9979
MSFT,A-NOMACD-CLOSE-FILL,2010-05-28,2010-05-28,2010-06-08,2010-06-08,19.372573852539062,18.854475021362305,-0.02674393372405981,6,6106,6112,True,0.5576595531509869,9981
MSFT,A-NOMACD-CLOSE-FILL,2010-07-06,2010-07-06,2010-07-21,2010-07-21,17.885845184326172,18.861988067626953,0.054576279356158164,11,6131,6142,True,0.5852044907778668,9976
MSFT,A-NOMACD-CLOSE-FILL,2010-08-27,2010-08-27,2010-08-30,2010-08-30,18.064287185668945,17.84537124633789,-0.012118714515606754,1,6169,6170,True,0.5083116362908071,9986
MSFT,A-NOMACD-CLOSE-FILL,2010-09-01,2010-09-01,2010-09-22,2010-09-22,18.04164695739746,18.577611923217773,0.029707097533052895,14,6172,6186,True,0.5933019151709616,9973
MSFT,A-NOMACD-CLOSE-FILL,2010-10-05,2010-10-05,2010-10-19,2010-10-19,18.381343841552734,18.947505950927734,0.030800909566532253,10,6195,6205,True,0.5792322341385185,9977
MSFT,A-NOMACD-CLOSE-FILL,2010-11-24,2010-11-24,2010-12-20,2010-12-20,19.268997192382812,21.122224807739258,0.09617665085804461,17,6231,6248,True,0.6017051153460381,9970
MSFT,A-NOMACD-CLOSE-FILL,2011-02-17,2011-02-17,2011-02-22,2011-02-22,20.788658142089844,20.31497573852539,-0.022785617057476615,2,6289,6291,True,0.5248873309964948,9985
MSFT,A-NOMACD-CLOSE-FILL,2011-03-08,2011-03-08,2011-03-10,2011-03-10,19.795442581176758,19.413442611694336,-0.01929736947865268,2,6301,6303,True,0.5248873309964948,9985
MSFT,A-NOMACD-CLOSE-FILL,2011-03-11,2011-03-11,2011-03-16,2011-03-16,19.619720458984375,18.939754486083984,-0.03465727120434159,3,6304,6307,True,0.5396634615384616,9984
MSFT,A-NOMACD-CLOSE-FILL,2011-03-21,2011-03-21,2011-03-31,2011-03-31,19.352319717407227,19.398168563842773,0.002369165407819729,8,6310,6318,True,0.5698967832448141,9979
MSFT,A-NOMACD-CLOSE-FILL,2011-05-19,2011-05-19,2011-05-23,2011-05-23,19.010072708129883,18.587112426757812,-0.02224927215513417,2,6352,6354,True,0.5248873309964948,9985
MSFT,A-NOMACD-CLOSE-FILL,2011-06-14,2011-06-14,2011-06-15,2011-06-15,18.62555694580078,18.256431579589844,-0.01981821898185754,1,6369,6370,True,0.5083116362908071,9986
MSFT,A-NOMACD-CLOSE-FILL,2011-06-16,2011-06-16,2011-07-11,2011-07-11,18.456378936767578,20.4788875579834,0.10958317599270306,16,6371,6387,True,0.6005415705546083,9971
MSFT,A-NOMACD-CLOSE-FILL,2011-08-12,2011-08-12,2011-08-19,2011-08-19,19.302295684814453,18.61155891418457,-0.035785213422738105,5,6411,6416,True,0.5514926868363054,9982
MSFT,A-NOMACD-CLOSE-FILL,2011-11-29,2011-11-29,2011-12-12,2011-12-12,19.3676700592041,19.890071868896484,0.026972878415187695,9,6486,6495,True,0.5704550010022048,9978
MSFT,A-NOMACD-CLOSE-FILL,2012-04-16,2012-04-16,2012-04-27,2012-04-27,24.392518997192383,25.09885597229004,0.02895711489161723,9,6580,6589,True,0.5704550010022048,9978
MSFT,A-NOMACD-CLOSE-FILL,2012-05-22,2012-05-22,2012-06-01,2012-06-01,23.50979232788086,22.47492218017578,-0.04401868520453922,7,6606,6613,True,0.5613226452905812,9980
MSFT,A-NOMACD-CLOSE-FILL,2012-10-04,2012-10-04,2012-10-09,2012-10-09,23.880247116088867,23.283842086791992,-0.02497482653330918,3,6700,6703,True,0.5396634615384616,9984
MSFT,A-NOMACD-CLOSE-FILL,2012-10-12,2012-10-12,2012-10-19,2012-10-19,23.22022247314453,22.7749080657959,-0.019177869973625916,5,6706,6711,True,0.5514926868363054,9982
MSFT,A-NOMACD-CLOSE-FILL,2012-10-31,2012-10-31,2012-11-08,2012-11-08,22.69538116455078,22.910097122192383,0.009460777771689521,6,6717,6723,True,0.5576595531509869,9981
MSFT,A-NOMACD-CLOSE-FILL,2012-11-23,2012-11-23,2012-11-30,2012-11-30,22.208410263061523,21.34251594543457,-0.0389894777415547,5,6733,6738,True,0.5514926868363054,9982
MSFT,A-NOMACD-CLOSE-FILL,2013-07-31,2013-07-31,2013-08-14,2013-08-14,25.919479370117188,26.520212173461914,0.02317688541372931,10,6904,6914,True,0.5792322341385185,9977
MSFT,A-NOMACD-CLOSE-FILL,2013-12-20,2013-12-20,2014-01-03,2014-01-03,30.397075653076172,30.48794174194336,0.002989303639081786,8,7004,7012,True,0.5698967832448141,9979
MSFT,A-NOMACD-CLOSE-FILL,2014-08-07,2014-08-07,2014-08-26,2014-08-26,36.22986602783203,37.95722961425781,0.04767789053094518,13,7161,7174,True,0.5917385201523963,9974
MSFT,A-NOMACD-CLOSE-FILL,2014-10-17,2014-10-17,2014-11-12,2014-11-12,36.7934684753418,41.136505126953125,0.11803825058031525,18,7211,7229,True,0.6001604975423814,9969
MSFT,A-NOMACD-CLOSE-FILL,2015-02-05,2015-02-05,2015-02-26,2015-02-26,36.02417755126953,37.65653991699219,0.04531296692060449,14,7286,7300,True,0.5933019151709616,9973
MSFT,A-NOMACD-CLOSE-FILL,2015-03-16,2015-03-16,2015-03-26,2015-03-26,35.51988220214844,35.220733642578125,-0.008422003143699008,8,7312,7320,True,0.5698967832448141,9979
MSFT,A-NOMACD-CLOSE-FILL,2015-04-06,2015-04-06,2015-04-17,2015-04-17,35.5113410949707,35.5711669921875,0.0016846983350136124,9,7326,7335,True,0.5704550010022048,9978
MSFT,A-NOMACD-CLOSE-FILL,2015-06-10,2015-06-10,2015-06-15,2015-06-15,40.09484100341797,39.12276840209961,-0.024244331115703677,3,7372,7375,True,0.5396634615384616,9984
MSFT,A-NOMACD-CLOSE-FILL,2015-06-16,2015-06-16,2015-06-24,2015-06-24,39.423866271972656,39.26042938232422,-0.004145633219251987,6,7376,7382,True,0.5576595531509869,9981
MSFT,A-NOMACD-CLOSE-FILL,2015-07-07,2015-07-07,2015-07-22,2015-07-22,38.10772705078125,39.17439651489258,0.027990897034869455,11,7390,7401,True,0.5852044907778668,9976
MSFT,A-NOMACD-CLOSE-FILL,2016-01-14,2016-01-14,2016-01-15,2016-01-15,46.29750442504883,44.44944381713867,-0.03991706747178969,1,7523,7524,True,0.5083116362908071,9986
MSFT,A-NOMACD-CLOSE-FILL,2016-01-20,2016-01-20,2016-02-03,2016-02-03,44.275089263916016,45.4693603515625,0.026973883226471873,10,7526,7536,True,0.5792322341385185,9977
MSFT,A-NOMACD-CLOSE-FILL,2016-05-06,2016-05-06,2016-05-19,2016-05-19,44.241790771484375,44.48933792114258,0.005595323908492267,9,7601,7610,True,0.5704550010022048,9978
MSFT,A-NOMACD-CLOSE-FILL,2020-03-24,2020-03-24,2020-04-03,2020-04-03,140.60458374023438,145.808349609375,0.0370099304781879,8,8577,8585,True,0.5698967832448141,9979
MSFT,A-NOMACD-CLOSE-FILL,2020-09-21,2020-09-21,2020-10-06,2020-10-06,192.9783172607422,196.189208984375,0.016638613960419324,11,8702,8713,True,0.5852044907778668,9976
MSFT,A-NOMACD-CLOSE-FILL,2020-11-03,2020-11-03,2020-11-12,2020-11-12,196.6846466064453,205.26931762695312,0.043646879248715464,7,8733,8740,True,0.5613226452905812,9980
MSFT,A-NOMACD-CLOSE-FILL,2021-10-05,2021-10-05,2021-10-25,2021-10-25,277.65252685546875,296.2774658203125,0.06708002688028447,14,8964,8978,True,0.5933019151709616,9973
MSFT,A-NOMACD-CLOSE-FILL,2022-01-24,2022-01-24,2022-02-07,2022-02-07,285.4912109375,289.903076171875,0.015453593894842799,10,9040,9050,True,0.5792322341385185,9977
MSFT,A-NOMACD-CLOSE-FILL,2022-04-20,2022-04-20,2022-04-21,2022-04-21,276.4189758300781,271.06170654296875,-0.019380975097753828,1,9100,9101,True,0.5083116362908071,9986
MSFT,A-NOMACD-CLOSE-FILL,2022-04-25,2022-04-25,2022-04-26,2022-04-26,270.97479248046875,260.8392639160156,-0.03740395359905546,1,9103,9104,True,0.5083116362908071,9986
MSFT,A-NOMACD-CLOSE-FILL,2022-04-27,2022-04-27,2022-05-06,2022-05-06,273.387939453125,265.1927185058594,-0.029976526995517894,7,9105,9112,True,0.5613226452905812,9980
MSFT,A-NOMACD-CLOSE-FILL,2022-06-21,2022-06-21,2022-07-01,2022-07-01,245.50189208984375,251.15223693847656,0.023015483915557855,8,9142,9150,True,0.5698967832448141,9979
MSFT,A-NOMACD-CLOSE-FILL,2022-09-07,2022-09-07,2022-09-14,2022-09-14,250.2406463623047,244.5491943359375,-0.022743915143693116,5,9196,9201,True,0.5514926868363054,9982
MSFT,A-NOMACD-CLOSE-FILL,2022-09-28,2022-09-28,2022-09-30,2022-09-30,233.73831176757812,225.81678771972656,-0.03389056756655484,2,9211,9213,True,0.5248873309964948,9985
MSFT,A-NOMACD-CLOSE-FILL,2022-10-03,2022-10-03,2022-10-07,2022-10-07,233.41835021972656,227.1160430908203,-0.027000050008808785,4,9214,9218,True,0.5438245016528098,9983
MSFT,A-NOMACD-CLOSE-FILL,2022-11-07,2022-11-07,2022-11-28,2022-11-28,220.9397430419922,235.06790161132812,0.06394575450669704,14,9239,9253,True,0.5933019151709616,9973
MSFT,A-NOMACD-CLOSE-FILL,2022-12-29,2022-12-29,2023-01-05,2023-01-05,234.33868408203125,216.1562957763672,-0.07759021254595444,4,9275,9279,True,0.5438245016528098,9983
MSFT,A-NOMACD-CLOSE-FILL,2023-01-10,2023-01-10,2023-01-30,2023-01-30,222.5153045654297,235.99163818359375,0.06056362569973883,13,9282,9295,True,0.5917385201523963,9974
MSFT,A-NOMACD-CLOSE-FILL,2023-03-02,2023-03-02,2023-03-10,2023-03-10,244.7706756591797,242.31427001953125,-0.01003553891017872,6,9317,9323,True,0.5576595531509869,9981
MSFT,A-NOMACD-CLOSE-FILL,2023-08-14,2023-08-14,2023-08-17,2023-08-17,316.5500183105469,310.21087646484375,-0.020025719409323184,3,9430,9433,True,0.5396634615384616,9984
MSFT,A-NOMACD-CLOSE-FILL,2023-08-18,2023-08-18,2023-09-12,2023-09-12,309.8193054199219,324.7875061035156,0.04831267910599113,16,9434,9450,True,0.6005415705546083,9971
MSFT,A-NOMACD-CLOSE-FILL,2023-09-29,2023-09-29,2023-10-18,2023-10-18,309.1047058105469,323.1624755859375,0.04547898984108878,13,9463,9476,True,0.5917385201523963,9974
MSFT,A-NOMACD-CLOSE-FILL,2024-04-23,2024-04-23,2024-04-30,2024-04-30,400.5413818359375,382.61590576171875,-0.04475311887140054,5,9604,9609,True,0.5514926868363054,9982
MSFT,A-NOMACD-CLOSE-FILL,2024-07-29,2024-07-29,2024-07-30,2024-07-30,420.12738037109375,416.3763732910156,-0.008928261416251693,1,9670,9671,True,0.5083116362908071,9986
MSFT,A-NOMACD-CLOSE-FILL,2024-08-06,2024-08-06,2024-08-22,2024-08-22,393.427001953125,409.85772705078125,0.041763084425033625,12,9676,9688,True,0.586265664160401,9975
MSFT,A-NOMACD-CLOSE-FILL,2024-10-09,2024-10-09,2024-10-31,2024-10-31,411.7415771484375,400.7837829589844,-0.02661328075085967,16,9721,9737,True,0.6005415705546083,9971
MSFT,A-NOMACD-CLOSE-FILL,2025-01-06,2025-01-06,2025-01-13,2025-01-13,422.833984375,412.2989501953125,-0.024915296709793977,4,9781,9785,True,0.5438245016528098,9983
MSFT,A-NOMACD-CLOSE-FILL,2025-02-12,2025-02-12,2025-02-24,2025-02-24,404.2444763183594,400.06414794921875,-0.01034108964756375,7,9806,9813,True,0.5613226452905812,9980
MSFT,A-NOMACD-CLOSE-FILL,2025-03-14,2025-03-14,2025-03-28,2025-03-28,384.7745361328125,375.109619140625,-0.02511839034184804,10,9827,9837,True,0.5792322341385185,9977
MSFT,A-NOMACD-CLOSE-FILL,2025-08-27,2025-08-27,2025-09-05,2025-09-05,503.5509033203125,491.884765625,-0.02316774256264531,6,9941,9947,True,0.5576595531509869,9981
MSFT,A-NOMACD-CLOSE-FILL,2025-11-11,2025-11-11,2025-11-19,2025-11-19,505.47869873046875,484.0543518066406,-0.042384272527480005,6,9994,10000,True,0.5576595531509869,9981
MSFT,A-NOMACD-CLOSE-FILL,2025-11-26,2025-11-26,2025-12-10,2025-12-10,483.3475341796875,476.43829345703125,-0.014294560816126345,9,10005,10014,True,0.5704550010022048,9978
MSFT,A-NOMACD-CLOSE-FILL,2026-02-10,2026-02-10,2026-02-17,2026-02-17,411.437744140625,395.1004943847656,-0.03970770788174327,4,10055,10059,True,0.5438245016528098,9983
MSFT,A-NOMACD-CLOSE-FILL,2026-03-31,2026-03-31,2026-04-23,2026-04-23,369.3699951171875,414.8514709472656,0.12313256742916678,16,10089,10105,True,0.6005415705546083,9971
MSFT,A-NOMACD-CLOSE-FILL,2026-06-16,2026-06-16,2026-06-17,2026-06-17,393.8299865722656,378.9100036621094,-0.03788432424867805,1,10142,10143,True,0.5083116362908071,9986
MSFT,A-NOMACD-CLOSE-FILL,2026-06-26,2026-06-26,2026-07-14,2026-07-14,372.9700012207031,384.92999267578125,0.032066899257135795,11,10149,10160,True,0.5852044907778668,9976
META,A-NOMACD-CLOSE-FILL,2013-03-27,2013-03-27,2013-04-15,2013-04-15,25.862882614135742,26.289140701293945,0.016481460845560347,12,213,225,True,0.6021951943043607,3371
META,A-NOMACD-CLOSE-FILL,2013-05-30,2013-05-30,2013-06-05,2013-06-05,24.336288452148438,22.700651168823242,-0.06720980837079116,4,257,261,True,0.5554897898786624,3379
META,A-NOMACD-CLOSE-FILL,2013-06-07,2013-06-07,2013-06-20,2013-06-20,23.08725929260254,23.69194793701172,0.02619144337339896,9,263,272,True,0.583580320094843,3374
META,A-NOMACD-CLOSE-FILL,2013-11-13,2013-11-13,2013-11-18,2013-11-18,48.28597640991211,45.43103790283203,-0.059125624443084,3,374,377,True,0.5476331360946746,3380
META,A-NOMACD-CLOSE-FILL,2013-11-26,2013-11-26,2013-12-26,2013-12-26,45.49052429199219,57.227455139160156,0.2580082562212642,20,383,403,True,0.6205768658935474,3363
META,A-NOMACD-CLOSE-FILL,2014-04-01,2014-04-01,2014-04-04,2014-04-04,62.07488250732422,56.255985260009766,-0.0937399639319153,3,468,471,True,0.5476331360946746,3380
META,A-NOMACD-CLOSE-FILL,2014-04-08,2014-04-08,2014-04-25,2014-04-25,57.683448791503906,57.2076301574707,-0.008248789626865816,12,473,485,True,0.6021951943043607,3371
META,A-NOMACD-CLOSE-FILL,2014-10-16,2014-10-16,2014-10-29,2014-10-29,71.99774169921875,75.19962310791016,0.04447196999688874,9,606,615,True,0.583580320094843,3374
META,A-NOMACD-CLOSE-FILL,2015-05-08,2015-05-08,2015-05-26,2015-05-26,77.82656860351562,78.63941955566406,0.010444388937272508,11,746,757,True,0.5901542111506525,3372
META,A-NOMACD-CLOSE-FILL,2016-01-14,2016-01-14,2016-02-05,2016-02-05,97.513671875,103.16404724121094,0.05794444263624898,15,919,934,True,0.6104513064133017,3368
META,A-NOMACD-CLOSE-FILL,2016-06-22,2016-06-22,2016-06-27,2016-06-27,112.91840362548828,108.02140045166016,-0.04336762668085359,3,1029,1032,True,0.5476331360946746,3380
META,A-NOMACD-CLOSE-FILL,2016-11-10,2016-11-10,2016-11-11,2016-11-11,119.74842071533203,117.98392486572266,-0.014735023969994265,1,1128,1129,True,0.5254287403903016,3382
META,A-NOMACD-CLOSE-FILL,2016-11-17,2016-11-17,2016-11-30,2016-11-30,116.76461791992188,117.38912963867188,0.0053484671116579285,8,1133,1141,True,0.5682962962962963,3375
META,A-NOMACD-CLOSE-FILL,2017-01-03,2017-01-03,2017-01-19,2017-01-19,115.84272766113281,126.4396743774414,0.0914770131044147,11,1163,1174,True,0.5901542111506525,3372
META,A-NOMACD-CLOSE-FILL,2018-04-03,2018-04-03,2018-04-23,2018-04-23,154.7510223388672,164.3963623046875,0.06232811790218329,14,1476,1490,True,0.6084891659246067,3369
META,A-NOMACD-CLOSE-FILL,2018-08-24,2018-08-24,2018-09-04,2018-09-04,173.12966918945312,169.6700439453125,-0.01998285597343119,6,1577,1583,True,0.5623334320402724,3377
META,A-NOMACD-CLOSE-FILL,2018-09-19,2018-09-19,2018-10-01,2018-10-01,161.64053344726562,161.02593994140625,-0.0038022239394543966,8,1594,1602,True,0.5682962962962963,3375
META,A-NOMACD-CLOSE-FILL,2018-10-12,2018-10-12,2018-10-24,2018-10-24,152.40167236328125,144.76869201660156,-0.0500846232742439,8,1611,1619,True,0.5682962962962963,3375
META,A-NOMACD-CLOSE-FILL,2018-11-21,2018-11-21,2018-12-07,2018-12-07,133.6463623046875,136.22373962402344,0.019285054040304006,10,1639,1649,True,0.5849392232434035,3373
META,A-NOMACD-CLOSE-FILL,2019-08-08,2019-08-08,2019-08-14,2019-08-14,188.50465393066406,178.14559936523438,-0.05495383986243629,4,1816,1820,True,0.5554897898786624,3379
META,A-NOMACD-CLOSE-FILL,2019-08-16,2019-08-16,2019-08-22,2019-08-22,182.1008758544922,180.45529174804688,-0.009036662227589809,4,1822,1826,True,0.5554897898786624,3379
META,A-NOMACD-CLOSE-FILL,2019-10-03,2019-10-03,2019-10-22,2019-10-22,177.8184814453125,180.752685546875,0.01650112000571169,13,1855,1868,True,0.6086053412462908,3370
META,A-NOMACD-CLOSE-FILL,2020-03-10,2020-03-10,2020-03-11,2020-03-11,176.6388397216797,168.7580108642578,-0.04461549266197218,1,1963,1964,True,0.5254287403903016,3382
META,A-NOMACD-CLOSE-FILL,2020-03-13,2020-03-13,2020-03-16,2020-03-16,168.7976837158203,144.73895263671875,-0.1425299835251631,1,1966,1967,True,0.5254287403903016,3382
META,A-NOMACD-CLOSE-FILL,2020-03-18,2020-03-18,2020-04-02,2020-04-02,145.6807098388672,156.8129425048828,0.07641528297280153,11,1969,1980,True,0.5901542111506525,3372
META,A-NOMACD-CLOSE-FILL,2020-09-22,2020-09-22,2020-10-07,2020-10-07,252.53237915039062,255.8730010986328,0.013228489588072767,11,2099,2110,True,0.5901542111506525,3372
META,A-NOMACD-CLOSE-FILL,2021-09-27,2021-09-27,2021-09-28,2021-09-28,350.5020446777344,337.68463134765625,-0.036568726273374486,1,2354,2355,True,0.5254287403903016,3382
META,A-NOMACD-CLOSE-FILL,2021-10-05,2021-10-05,2021-10-11,2021-10-11,330.0615539550781,322.616943359375,-0.02255521888719081,4,2360,2364,True,0.5554897898786624,3379
META,A-NOMACD-CLOSE-FILL,2021-10-12,2021-10-12,2021-10-22,2021-10-22,320.9515075683594,321.7842102050781,0.002594481150836714,8,2365,2373,True,0.5682962962962963,3375
META,A-NOMACD-CLOSE-FILL,2021-12-06,2021-12-06,2021-12-17,2021-12-17,315.10284423828125,330.88433837890625,0.05008362961234014,9,2403,2412,True,0.583580320094843,3374
META,A-NOMACD-CLOSE-FILL,2022-01-28,2022-01-28,2022-02-03,2022-02-03,299.0835266113281,235.69027709960938,-0.21195834565004645,4,2440,2444,True,0.5554897898786624,3379
META,A-NOMACD-CLOSE-FILL,2022-02-24,2022-02-24,2022-03-07,2022-03-07,205.79281616210938,185.8380584716797,-0.0969652782957725,7,2458,2465,True,0.5699052132701422,3376
META,A-NOMACD-CLOSE-FILL,2022-04-19,2022-04-19,2022-04-20,2022-04-20,215.41827392578125,198.67530822753906,-0.07772305196359852,1,2495,2496,True,0.5254287403903016,3382
META,A-NOMACD-CLOSE-FILL,2022-08-31,2022-08-31,2022-09-06,2022-09-06,161.5116424560547,157.15989685058594,-0.026943850853679563,3,2588,2591,True,0.5476331360946746,3380
META,A-NOMACD-CLOSE-FILL,2022-09-07,2022-09-07,2022-09-13,2022-09-13,158.99378967285156,151.79698181152344,-0.045264710503073124,4,2592,2596,True,0.5554897898786624,3379
META,A-NOMACD-CLOSE-FILL,2022-09-28,2022-09-28,2022-10-10,2022-10-10,140.37725830078125,132.6253204345703,-0.05522217743846469,8,2607,2615,True,0.5682962962962963,3375
META,A-NOMACD-CLOSE-FILL,2022-11-08,2022-11-08,2022-11-21,2022-11-21,95.6302261352539,108.90365600585938,0.1387995240315787,9,2636,2645,True,0.583580320094843,3374
META,A-NOMACD-CLOSE-FILL,2023-08-21,2023-08-21,2023-09-08,2023-09-08,287.37640380859375,295.2968444824219,0.027561207422943212,13,2831,2844,True,0.6086053412462908,3370
META,A-NOMACD-CLOSE-FILL,2024-07-23,2024-07-23,2024-07-24,2024-07-24,485.4313659667969,458.1941833496094,-0.05610923505723875,1,3062,3063,True,0.5254287403903016,3382
META,A-NOMACD-CLOSE-FILL,2024-07-26,2024-07-26,2024-08-20,2024-08-20,462.5946350097656,523.2177124023438,0.13105010911183257,17,3065,3082,True,0.6182412358882947,3366
META,A-NOMACD-CLOSE-FILL,2024-10-25,2024-10-25,2024-10-31,2024-10-31,569.9707641601562,564.3331298828125,-0.009891093775047821,4,3129,3133,True,0.5554897898786624,3379
META,A-NOMACD-CLOSE-FILL,2025-03-05,2025-03-05,2025-03-06,2025-03-06,653.2411499023438,624.841552734375,-0.043474905358020344,1,3216,3217,True,0.5254287403903016,3382
META,A-NOMACD-CLOSE-FILL,2025-03-12,2025-03-12,2025-03-13,2025-03-13,616.5126953125,587.7349853515625,-0.046678211462215846,1,3221,3222,True,0.5254287403903016,3382
META,A-NOMACD-CLOSE-FILL,2025-03-14,2025-03-14,2025-03-18,2025-03-18,605.1494140625,580.01123046875,-0.04154045762845893,2,3223,3225,True,0.5374149659863946,3381
META,A-NOMACD-CLOSE-FILL,2025-03-21,2025-03-21,2025-03-28,2025-03-28,593.8452758789062,574.4138793945312,-0.03272131188652805,5,3228,3233,True,0.5618709295441089,3378
META,A-NOMACD-CLOSE-FILL,2025-07-21,2025-07-21,2025-07-30,2025-07-30,710.6408081054688,692.9389038085938,-0.02490977733753763,7,3310,3317,True,0.5699052132701422,3376
META,A-NOMACD-CLOSE-FILL,2025-10-06,2025-10-06,2025-10-30,2025-10-30,713.8035278320312,664.7410888671875,-0.06873381407045787,18,3364,3382,True,0.6205052005943537,3365
META,A-NOMACD-CLOSE-FILL,2025-11-11,2025-11-11,2025-11-12,2025-11-12,625.4533081054688,607.43017578125,-0.02881611159562303,1,3390,3391,True,0.5254287403903016,3382
META,A-NOMACD-CLOSE-FILL,2025-11-14,2025-11-14,2025-11-20,2025-11-20,607.8790283203125,587.6217651367188,-0.033324497539532594,4,3393,3397,True,0.5554897898786624,3379
META,A-NOMACD-CLOSE-FILL,2025-11-21,2025-11-21,2025-12-09,2025-12-09,592.7084350585938,655.2557983398438,0.10552804647544245,11,3398,3409,True,0.5901542111506525,3372
META,A-NOMACD-CLOSE-FILL,2026-02-19,2026-02-19,2026-02-24,2026-02-24,643.6318969726562,638.1616821289062,-0.008498980348051965,3,3457,3460,True,0.5476331360946746,3380
META,A-NOMACD-CLOSE-FILL,2026-03-31,2026-03-31,2026-04-21,2026-04-21,571.6002197265625,668.220703125,0.16903507042852084,14,3485,3499,True,0.6084891659246067,3369
META,A-NOMACD-CLOSE-FILL,2026-06-15,2026-06-15,2026-06-22,2026-06-22,593.47998046875,563.8499755859375,-0.04992587089358891,4,3537,3541,True,0.5554897898786624,3379
META,A-NOMACD-CLOSE-FILL,2026-06-29,2026-06-29,2026-07-17,2026-07-17,562.5999755859375,646.010009765625,0.14825815463788006,13,3546,3559,True,0.6086053412462908,3370
META,A-NOMACD-CLOSE-FILL,2026-08-03,2026-08-03,2026-08-14,2026-08-14,590.239990234375,589.8499755859375,-0.0006607729989333011,9,3570,3579,True,0.583580320094843,3374
AMD,A-NOMACD-CLOSE-FILL,1981-01-19,1981-01-19,1981-01-20,1981-01-20,4.8125,4.5625,-0.051948051948051965,1,212,213,True,0.472695652173913,11500
AMD,A-NOMACD-CLOSE-FILL,1981-01-21,1981-01-21,1981-01-23,1981-01-23,4.6041669845581055,4.375,-0.049773821263804585,2,214,216,True,0.4789981737542395,11499
AMD,A-NOMACD-CLOSE-FILL,1981-01-26,1981-01-26,1981-01-30,1981-01-30,4.0833330154418945,3.9375,-0.035714210643706834,4,217,221,True,0.49186744368096025,11497
AMD,A-NOMACD-CLOSE-FILL,1981-02-03,1981-02-03,1981-02-12,1981-02-12,4.0,3.8125,-0.046875,7,223,230,True,0.4998259961719158,11494
AMD,A-NOMACD-CLOSE-FILL,1981-05-07,1981-05-07,1981-05-20,1981-05-20,4.5416669845581055,4.5208330154418945,-0.004587295631108046,9,288,297,True,0.5047859380438566,11492
AMD,A-NOMACD-CLOSE-FILL,1981-07-07,1981-07-07,1981-07-08,1981-07-08,3.7083330154418945,3.5416669845581055,-0.044943652630379693,1,329,330,True,0.472695652173913,11500
AMD,A-NOMACD-CLOSE-FILL,1981-07-16,1981-07-16,1981-07-27,1981-07-27,3.625,3.5416669845581055,-0.022988418052936388,7,336,343,True,0.4998259961719158,11494
AMD,A-NOMACD-CLOSE-FILL,1981-08-05,1981-08-05,1981-08-07,1981-08-07,3.375,3.2291669845581055,-0.04320978235315398,2,350,352,True,0.4789981737542395,11499
AMD,A-NOMACD-CLOSE-FILL,1981-08-11,1981-08-11,1981-08-21,1981-08-21,3.3333330154418945,3.2916669845581055,-0.012499810457211491,8,354,362,True,0.5044809884277386,11493
AMD,A-NOMACD-CLOSE-FILL,1981-09-04,1981-09-04,1981-09-16,1981-09-16,2.9791669845581055,2.8333330154418945,-0.048951257137351156,7,372,379,True,0.4998259961719158,11494
AMD,A-NOMACD-CLOSE-FILL,1981-11-23,1981-11-23,1981-11-27,1981-11-27,2.8541669845581055,2.7291669845581055,-0.04379561556008715,3,427,430,True,0.4865193946773352,11498
AMD,A-NOMACD-CLOSE-FILL,1981-11-30,1981-11-30,1981-12-08,1981-12-08,2.8333330154418945,2.8958330154418945,0.0220588260043455,6,431,437,True,0.4989125706829056,11495
AMD,A-NOMACD-CLOSE-FILL,1982-06-01,1982-06-01,1982-06-04,1982-06-04,3.9583330154418945,3.7708330154418945,-0.04736842485676207,3,557,560,True,0.4865193946773352,11498
AMD,A-NOMACD-CLOSE-FILL,1982-06-10,1982-06-10,1982-06-17,1982-06-17,3.8125,3.8125,0.0,5,564,569,True,0.49504175365344466,11496
AMD,A-NOMACD-CLOSE-FILL,1982-08-16,1982-08-16,1982-09-07,1982-09-07,3.5208330154418945,5.0416669845581055,0.4319528822997398,15,610,625,True,0.5111440013930002,11486
AMD,A-NOMACD-CLOSE-FILL,1983-03-14,1983-03-14,1983-03-28,1983-03-28,8.375,8.6875,0.03731343283582089,10,756,766,True,0.5072665564354712,11491
AMD,A-NOMACD-CLOSE-FILL,1983-04-11,1983-04-11,1983-04-25,1983-04-25,8.40625,8.875,0.055762081784386686,10,775,785,True,0.5072665564354712,11491
AMD,A-NOMACD-CLOSE-FILL,1983-08-11,1983-08-11,1983-08-18,1983-08-18,14.0,13.3125,-0.049107142857142905,5,861,866,True,0.49504175365344466,11496
AMD,A-NOMACD-CLOSE-FILL,1983-11-09,1983-11-09,1983-11-23,1983-11-23,14.75,16.3125,0.10593220338983045,10,924,934,True,0.5072665564354712,11491
AMD,A-NOMACD-CLOSE-FILL,1983-12-22,1983-12-22,1984-01-10,1984-01-10,16.125,17.9375,0.11240310077519378,11,954,965,True,0.5090513489991296,11490
AMD,A-NOMACD-CLOSE-FILL,1984-02-07,1984-02-07,1984-02-08,1984-02-08,13.875,13.0,-0.06306306306306309,1,985,986,True,0.472695652173913,11500
AMD,A-NOMACD-CLOSE-FILL,1984-02-09,1984-02-09,1984-02-29,1984-02-29,13.5,14.125,0.04629629629629628,13,987,1000,True,0.5126218662952646,11488
AMD,A-NOMACD-CLOSE-FILL,1984-10-03,1984-10-03,1984-10-08,1984-10-08,17.25,16.25,-0.05797101449275366,3,1151,1154,True,0.4865193946773352,11498
AMD,A-NOMACD-CLOSE-FILL,1984-10-09,1984-10-09,1984-10-22,1984-10-22,16.5,17.75,0.07575757575757569,9,1155,1164,True,0.5047859380438566,11492
AMD,A-NOMACD-CLOSE-FILL,1984-11-06,1984-11-06,1984-11-14,1984-11-14,15.75,15.0,-0.04761904761904767,6,1175,1181,True,0.4989125706829056,11495
AMD,A-NOMACD-CLOSE-FILL,1984-11-26,1984-11-26,1984-11-28,1984-11-28,14.25,13.5,-0.052631578947368474,2,1188,1190,True,0.4789981737542395,11499
AMD,A-NOMACD-CLOSE-FILL,1984-11-30,1984-11-30,1984-12-11,1984-12-11,13.875,13.5,-0.027027027027026973,7,1192,1199,True,0.4998259961719158,11494
AMD,A-NOMACD-CLOSE-FILL,1985-02-26,1985-02-26,1985-03-06,1985-03-06,16.75,15.8125,-0.05597014925373134,6,1251,1257,True,0.4989125706829056,11495
AMD,A-NOMACD-CLOSE-FILL,1985-03-18,1985-03-18,1985-04-03,1985-04-03,15.625,15.9375,0.020000000000000018,12,1265,1277,True,0.5123161284707111,11489
AMD,A-NOMACD-CLOSE-FILL,1985-04-24,1985-04-24,1985-04-29,1985-04-29,14.5625,13.625,-0.06437768240343344,3,1291,1294,True,0.4865193946773352,11498
AMD,A-NOMACD-CLOSE-FILL,1985-05-03,1985-05-03,1985-05-06,1985-05-06,14.0,13.375,-0.044642857142857095,1,1298,1299,True,0.472695652173913,11500
AMD,A-NOMACD-CLOSE-FILL,1985-05-07,1985-05-07,1985-05-15,1985-05-15,13.9375,14.125,0.013452914798206317,6,1300,1306,True,0.4989125706829056,11495
AMD,A-NOMACD-CLOSE-FILL,1985-06-07,1985-06-07,1985-06-13,1985-06-13,13.125,12.4375,-0.05238095238095242,4,1322,1326,True,0.49186744368096025,11497
AMD,A-NOMACD-CLOSE-FILL,1985-09-06,1985-09-06,1985-09-11,1985-09-11,13.5,12.6875,-0.06018518518518523,3,1385,1388,True,0.4865193946773352,11498
AMD,A-NOMACD-CLOSE-FILL,1985-10-10,1985-10-10,1985-10-23,1985-10-23,11.9375,12.1875,0.020942408376963373,9,1408,1417,True,0.5047859380438566,11492
AMD,A-NOMACD-CLOSE-FILL,1986-04-04,1986-04-04,1986-04-18,1986-04-18,13.9375,15.0,0.07623318385650224,10,1529,1539,True,0.5072665564354712,11491
AMD,A-NOMACD-CLOSE-FILL,1986-05-09,1986-05-09,1986-05-12,1986-05-12,14.125,13.75,-0.026548672566371723,1,1554,1555,True,0.472695652173913,11500
AMD,A-NOMACD-CLOSE-FILL,1986-05-19,1986-05-19,1986-05-23,1986-05-23,13.25,12.375,-0.06603773584905659,4,1560,1564,True,0.49186744368096025,11497
AMD,A-NOMACD-CLOSE-FILL,1986-06-11,1986-06-11,1986-06-12,1986-06-12,12.5,12.0,-0.040000000000000036,1,1576,1577,True,0.472695652173913,11500
AMD,A-NOMACD-CLOSE-FILL,1986-06-19,1986-06-19,1986-06-23,1986-06-23,10.9375,10.25,-0.06285714285714283,2,1582,1584,True,0.4789981737542395,11499
AMD,A-NOMACD-CLOSE-FILL,1986-06-25,1986-06-25,1986-06-30,1986-06-30,10.75,10.0,-0.06976744186046513,3,1586,1589,True,0.4865193946773352,11498
AMD,A-NOMACD-CLOSE-FILL,1986-07-08,1986-07-08,1986-07-10,1986-07-10,9.625,8.9375,-0.0714285714285714,2,1594,1596,True,0.4789981737542395,11499
AMD,A-NOMACD-CLOSE-FILL,1986-07-21,1986-07-21,1986-08-05,1986-08-05,7.375,7.3125,-0.008474576271186418,11,1603,1614,True,0.5090513489991296,11490
AMD,A-NOMACD-CLOSE-FILL,1986-09-23,1986-09-23,1986-09-29,1986-09-29,8.6875,7.8125,-0.1007194244604317,4,1648,1652,True,0.49186744368096025,11497
AMD,A-NOMACD-CLOSE-FILL,1986-10-09,1986-10-09,1986-10-20,1986-10-20,6.875,6.75,-0.018181818181818188,7,1660,1667,True,0.4998259961719158,11494
AMD,A-NOMACD-CLOSE-FILL,1986-12-23,1986-12-23,1987-01-21,1987-01-21,6.8125,8.75,0.2844036697247707,19,1712,1731,True,0.5115833478488069,11482
AMD,A-NOMACD-CLOSE-FILL,1987-05-26,1987-05-26,1987-06-03,1987-06-03,10.5,10.375,-0.011904761904761862,6,1817,1823,True,0.4989125706829056,11495
AMD,A-NOMACD-CLOSE-FILL,1987-06-26,1987-06-26,1987-07-07,1987-07-07,9.4375,9.1875,-0.026490066225165587,6,1840,1846,True,0.4989125706829056,11495
AMD,A-NOMACD-CLOSE-FILL,1987-10-22,1987-10-22,1987-10-23,1987-10-23,6.0,5.6875,-0.05208333333333337,1,1922,1923,True,0.472695652173913,11500
AMD,A-NOMACD-CLOSE-FILL,1987-10-29,1987-10-29,1987-11-09,1987-11-09,6.0625,5.0625,-0.1649484536082474,7,1927,1934,True,0.4998259961719158,11494
AMD,A-NOMACD-CLOSE-FILL,1987-12-07,1987-12-07,1987-12-23,1987-12-23,4.25,5.1875,0.22058823529411775,12,1953,1965,True,0.5123161284707111,11489
AMD,A-NOMACD-CLOSE-FILL,1988-01-25,1988-01-25,1988-01-26,1988-01-26,4.6875,4.5625,-0.026666666666666616,1,1986,1987,True,0.472695652173913,11500
AMD,A-NOMACD-CLOSE-FILL,1988-01-27,1988-01-27,1988-02-25,1988-02-25,4.6875,6.0,0.28,20,1988,2008,True,0.510495601428447,11481
AMD,A-NOMACD-CLOSE-FILL,1988-03-29,1988-03-29,1988-03-30,1988-03-30,5.6875,5.5,-0.03296703296703296,1,2031,2032,True,0.472695652173913,11500
AMD,A-NOMACD-CLOSE-FILL,1988-04-05,1988-04-05,1988-04-15,1988-04-15,5.6875,6.25,0.098901098901099,8,2035,2043,True,0.5044809884277386,11493
AMD,A-NOMACD-CLOSE-FILL,1988-07-22,1988-07-22,1988-07-27,1988-07-27,6.9375,6.4375,-0.07207207207207211,3,2111,2114,True,0.4865193946773352,11498
AMD,A-NOMACD-CLOSE-FILL,1988-07-28,1988-07-28,1988-08-08,1988-08-08,6.5,6.375,-0.019230769230769273,7,2115,2122,True,0.4998259961719158,11494
AMD,A-NOMACD-CLOSE-FILL,1988-08-19,1988-08-19,1988-09-01,1988-09-01,5.9375,5.375,-0.09473684210526312,9,2131,2140,True,0.5047859380438566,11492
AMD,A-NOMACD-CLOSE-FILL,1988-10-11,1988-10-11,1988-10-20,1988-10-20,4.625,4.625,0.0,7,2167,2174,True,0.4998259961719158,11494
AMD,A-NOMACD-CLOSE-FILL,1988-11-04,1988-11-04,1988-11-07,1988-11-07,4.375,4.25,-0.02857142857142858,1,2185,2186,True,0.472695652173913,11500
AMD,A-NOMACD-CLOSE-FILL,1988-11-08,1988-11-08,1988-11-09,1988-11-09,4.375,4.25,-0.02857142857142858,1,2187,2188,True,0.472695652173913,11500
AMD,A-NOMACD-CLOSE-FILL,1988-11-17,1988-11-17,1988-11-28,1988-11-28,3.75,3.625,-0.033333333333333326,6,2194,2200,True,0.4989125706829056,11495
AMD,A-NOMACD-CLOSE-FILL,1989-02-21,1989-02-21,1989-02-22,1989-02-22,4.5,4.3125,-0.04166666666666663,1,2258,2259,True,0.472695652173913,11500
AMD,A-NOMACD-CLOSE-FILL,1989-02-23,1989-02-23,1989-02-24,1989-02-24,4.3125,4.1875,-0.02898550724637683,1,2260,2261,True,0.472695652173913,11500
AMD,A-NOMACD-CLOSE-FILL,1989-03-06,1989-03-06,1989-03-16,1989-03-16,4.125,4.1875,0.015151515151515138,8,2267,2275,True,0.5044809884277386,11493
AMD,A-NOMACD-CLOSE-FILL,1989-07-24,1989-07-24,1989-07-25,1989-07-25,4.5,4.4375,-0.01388888888888884,1,2364,2365,True,0.472695652173913,11500
AMD,A-NOMACD-CLOSE-FILL,1989-07-26,1989-07-26,1989-07-27,1989-07-27,4.5,4.4375,-0.01388888888888884,1,2366,2367,True,0.472695652173913,11500
AMD,A-NOMACD-CLOSE-FILL,1989-07-28,1989-07-28,1989-08-11,1989-08-11,4.25,4.3125,0.014705882352941124,10,2368,2378,True,0.5072665564354712,11491
AMD,A-NOMACD-CLOSE-FILL,1989-11-08,1989-11-08,1989-11-21,1989-11-21,3.6875,3.8125,0.03389830508474567,9,2440,2449,True,0.5047859380438566,11492
AMD,A-NOMACD-CLOSE-FILL,1990-04-11,1990-04-11,1990-04-23,1990-04-23,4.4375,4.1875,-0.05633802816901412,7,2546,2553,True,0.4998259961719158,11494
AMD,A-NOMACD-CLOSE-FILL,1990-06-20,1990-06-20,1990-06-25,1990-06-25,4.5625,4.5,-0.013698630136986356,3,2594,2597,True,0.4865193946773352,11498
AMD,A-NOMACD-CLOSE-FILL,1990-06-27,1990-06-27,1990-07-10,1990-07-10,4.5625,4.5,-0.013698630136986356,8,2599,2607,True,0.5044809884277386,11493
AMD,A-NOMACD-CLOSE-FILL,1990-08-03,1990-08-03,1990-08-06,1990-08-06,3.0625,2.8125,-0.08163265306122447,1,2625,2626,True,0.472695652173913,11500
AMD,A-NOMACD-CLOSE-FILL,1990-08-07,1990-08-07,1990-08-21,1990-08-21,2.6875,2.75,0.023255813953488413,10,2627,2637,True,0.5072665564354712,11491
AMD,A-NOMACD-CLOSE-FILL,1990-10-15,1990-10-15,1990-10-17,1990-10-17,2.0625,1.875,-0.09090909090909094,2,2675,2677,True,0.4789981737542395,11499
AMD,A-NOMACD-CLOSE-FILL,1990-10-19,1990-10-19,1990-10-31,1990-10-31,2.0,1.9375,-0.03125,8,2679,2687,True,0.5044809884277386,11493
AMD,A-NOMACD-CLOSE-FILL,1990-11-09,1990-11-09,1990-11-19,1990-11-19,1.9375,2.0625,0.06451612903225801,6,2694,2700,True,0.4989125706829056,11495
AMD,A-NOMACD-CLOSE-FILL,1991-06-28,1991-06-28,1991-07-05,1991-07-05,6.0,5.6875,-0.05208333333333337,4,2853,2857,True,0.49186744368096025,11497
AMD,A-NOMACD-CLOSE-FILL,1991-07-30,1991-07-30,1991-08-09,1991-08-09,5.375,5.5,0.023255813953488413,8,2874,2882,True,0.5044809884277386,11493
AMD,A-NOMACD-CLOSE-FILL,1991-09-26,1991-09-26,1991-10-03,1991-10-03,5.25,4.3125,-0.1785714285714286,5,2915,2920,True,0.49504175365344466,11496
AMD,A-NOMACD-CLOSE-FILL,1991-10-04,1991-10-04,1991-10-22,1991-10-22,4.5,5.4375,0.20833333333333326,12,2921,2933,True,0.5123161284707111,11489
AMD,A-NOMACD-CLOSE-FILL,1992-03-09,1992-03-09,1992-03-24,1992-03-24,9.0,9.125,0.01388888888888884,11,3028,3039,True,0.5090513489991296,11490
AMD,A-NOMACD-CLOSE-FILL,1992-04-15,1992-04-15,1992-04-16,1992-04-16,8.75,8.4375,-0.0357142857142857,1,3055,3056,True,0.472695652173913,11500
AMD,A-NOMACD-CLOSE-FILL,1992-04-28,1992-04-28,1992-05-13,1992-05-13,7.75,8.75,0.12903225806451624,11,3063,3074,True,0.5090513489991296,11490
AMD,A-NOMACD-CLOSE-FILL,1992-05-27,1992-05-27,1992-06-04,1992-06-04,7.6875,7.5,-0.024390243902439046,6,3083,3089,True,0.4989125706829056,11495
AMD,A-NOMACD-CLOSE-FILL,1992-06-30,1992-06-30,1992-07-22,1992-07-22,4.375,4.3125,-0.014285714285714235,15,3107,3122,True,0.5111440013930002,11486
AMD,A-NOMACD-CLOSE-FILL,1993-06-21,1993-06-21,1993-07-13,1993-07-13,10.6875,12.3125,0.1520467836257311,15,3353,3368,True,0.5111440013930002,11486
AMD,A-NOMACD-CLOSE-FILL,1993-10-18,1993-10-18,1993-10-20,1993-10-20,10.0625,9.4375,-0.06211180124223603,2,3436,3438,True,0.4789981737542395,11499
AMD,A-NOMACD-CLOSE-FILL,1993-10-21,1993-10-21,1993-11-04,1993-11-04,9.9375,9.4375,-0.05031446540880502,10,3439,3449,True,0.5072665564354712,11491
AMD,A-NOMACD-CLOSE-FILL,1994-04-20,1994-04-20,1994-05-04,1994-05-04,12.0,12.625,0.05208333333333326,9,3564,3573,True,0.5047859380438566,11492
AMD,A-NOMACD-CLOSE-FILL,1994-05-17,1994-05-17,1994-06-03,1994-06-03,11.8125,14.125,0.1957671957671958,12,3582,3594,True,0.5123161284707111,11489
AMD,A-NOMACD-CLOSE-FILL,1994-06-22,1994-06-22,1994-06-23,1994-06-23,12.875,12.3125,-0.043689320388349495,1,3607,3608,True,0.472695652173913,11500
AMD,A-NOMACD-CLOSE-FILL,1994-09-13,1994-09-13,1994-09-21,1994-09-21,14.1875,14.5625,0.026431718061673992,6,3664,3670,True,0.4989125706829056,11495
AMD,A-NOMACD-CLOSE-FILL,1994-10-17,1994-10-17,1994-11-07,1994-11-07,11.8125,12.8125,0.08465608465608465,15,3688,3703,True,0.5111440013930002,11486
AMD,A-NOMACD-CLOSE-FILL,1994-12-14,1994-12-14,1994-12-19,1994-12-19,11.6875,11.25,-0.03743315508021394,3,3729,3732,True,0.4865193946773352,11498
AMD,A-NOMACD-CLOSE-FILL,1994-12-21,1994-12-21,1995-01-20,1995-01-20,11.4375,15.6875,0.3715846994535519,20,3734,3754,True,0.510495601428447,11481
AMD,A-NOMACD-CLOSE-FILL,1995-06-01,1995-06-01,1995-06-16,1995-06-16,16.9375,17.375,0.02583025830258312,11,3845,3856,True,0.5090513489991296,11490
AMD,A-NOMACD-CLOSE-FILL,1995-10-11,1995-10-11,1995-10-20,1995-10-20,13.4375,13.0625,-0.027906976744186074,7,3937,3944,True,0.4998259961719158,11494
AMD,A-NOMACD-CLOSE-FILL,1995-11-07,1995-11-07,1995-11-08,1995-11-08,11.25,10.5,-0.06666666666666665,1,3956,3957,True,0.472695652173913,11500
AMD,A-NOMACD-CLOSE-FILL,1995-11-09,1995-11-09,1995-11-14,1995-11-14,11.1875,10.5,-0.06145251396648044,3,3958,3961,True,0.4865193946773352,11498
AMD,A-NOMACD-CLOSE-FILL,1995-11-15,1995-11-15,1995-11-21,1995-11-21,10.8125,10.25,-0.052023121387283267,4,3962,3966,True,0.49186744368096025,11497
AMD,A-NOMACD-CLOSE-FILL,1995-11-24,1995-11-24,1995-12-01,1995-12-01,10.375,9.75,-0.06024096385542166,5,3968,3973,True,0.49504175365344466,11496
AMD,A-NOMACD-CLOSE-FILL,1995-12-19,1995-12-19,1995-12-20,1995-12-20,8.75,8.4375,-0.0357142857142857,1,3985,3986,True,0.472695652173913,11500
AMD,A-NOMACD-CLOSE-FILL,1995-12-21,1995-12-21,1995-12-28,1995-12-28,8.625,8.3125,-0.036231884057971064,4,3987,3991,True,0.49186744368096025,11497
AMD,A-NOMACD-CLOSE-FILL,1996-03-08,1996-03-08,1996-03-21,1996-03-21,8.75,8.625,-0.014285714285714235,9,4040,4049,True,0.5047859380438566,11492
AMD,A-NOMACD-CLOSE-FILL,1996-05-30,1996-05-30,1996-06-06,1996-06-06,8.875,8.5625,-0.035211267605633756,5,4097,4102,True,0.49504175365344466,11496
AMD,A-NOMACD-CLOSE-FILL,1996-06-07,1996-06-07,1996-06-10,1996-06-10,8.6875,8.4375,-0.02877697841726623,1,4103,4104,True,0.472695652173913,11500
AMD,A-NOMACD-CLOSE-FILL,1996-06-20,1996-06-20,1996-06-26,1996-06-26,7.875,6.625,-0.15873015873015872,4,4112,4116,True,0.49186744368096025,11497
AMD,A-NOMACD-CLOSE-FILL,1996-07-01,1996-07-01,1996-07-09,1996-07-09,7.0,6.5625,-0.0625,5,4119,4124,True,0.49504175365344466,11496
AMD,A-NOMACD-CLOSE-FILL,1996-07-16,1996-07-16,1996-07-19,1996-07-19,5.875,5.5625,-0.05319148936170215,3,4129,4132,True,0.4865193946773352,11498
AMD,A-NOMACD-CLOSE-FILL,1996-08-29,1996-08-29,1996-09-05,1996-09-05,6.375,6.125,-0.039215686274509776,4,4161,4165,True,0.49186744368096025,11497
AMD,A-NOMACD-CLOSE-FILL,1997-04-22,1997-04-22,1997-05-07,1997-05-07,19.0,21.8125,0.14802631578947367,11,4323,4334,True,0.5090513489991296,11490
AMD,A-NOMACD-CLOSE-FILL,1997-07-31,1997-07-31,1997-08-11,1997-08-11,17.5625,17.8125,0.014234875444839812,7,4393,4400,True,0.4998259961719158,11494
AMD,A-NOMACD-CLOSE-FILL,1997-09-12,1997-09-12,1997-09-18,1997-09-18,17.75,16.09375,-0.09330985915492962,4,4423,4427,True,0.49186744368096025,11497
AMD,A-NOMACD-CLOSE-FILL,1997-09-19,1997-09-19,1997-09-24,1997-09-24,16.25,15.625,-0.038461538461538436,3,4428,4431,True,0.4865193946773352,11498
AMD,A-NOMACD-CLOSE-FILL,1997-09-25,1997-09-25,1997-10-01,1997-10-01,16.3125,13.5,-0.1724137931034483,4,4432,4436,True,0.49186744368096025,11497
AMD,A-NOMACD-CLOSE-FILL,1997-10-28,1997-10-28,1997-11-10,1997-11-10,12.5,10.625,-0.15000000000000002,9,4455,4464,True,0.5047859380438566,11492
AMD,A-NOMACD-CLOSE-FILL,1997-12-17,1997-12-17,1997-12-18,1997-12-18,9.46875,9.125,-0.0363036303630363,1,4490,4491,True,0.472695652173913,11500
AMD,A-NOMACD-CLOSE-FILL,1997-12-19,1997-12-19,1997-12-24,1997-12-24,9.40625,8.875,-0.056478405315614655,3,4492,4495,True,0.4865193946773352,11498
AMD,A-NOMACD-CLOSE-FILL,1997-12-31,1997-12-31,1998-01-09,1998-01-09,8.875,9.125,0.028169014084507005,6,4499,4505,True,0.4989125706829056,11495
AMD,A-NOMACD-CLOSE-FILL,1998-05-13,1998-05-13,1998-05-14,1998-05-14,13.0,12.5625,-0.033653846153846145,1,4590,4591,True,0.472695652173913,11500
AMD,A-NOMACD-CLOSE-FILL,1998-05-28,1998-05-28,1998-06-01,1998-06-01,10.0625,9.625,-0.04347826086956519,2,4600,4602,True,0.4789981737542395,11499
AMD,A-NOMACD-CLOSE-FILL,1998-06-04,1998-06-04,1998-06-11,1998-06-11,9.1875,8.8125,-0.04081632653061229,5,4605,4610,True,0.49504175365344466,11496
AMD,A-NOMACD-CLOSE-FILL,1998-06-12,1998-06-12,1998-06-26,1998-06-26,8.4375,8.875,0.051851851851851816,10,4611,4621,True,0.5072665564354712,11491
AMD,A-NOMACD-CLOSE-FILL,1998-09-02,1998-09-02,1998-09-28,1998-09-28,7.34375,9.78125,0.3319148936170213,17,4668,4685,True,0.5106234761407176,11484
AMD,A-NOMACD-CLOSE-FILL,1999-01-27,1999-01-27,1999-02-04,1999-02-04,10.625,9.46875,-0.10882352941176465,6,4768,4774,True,0.4989125706829056,11495
AMD,A-NOMACD-CLOSE-FILL,1999-02-18,1999-02-18,1999-02-26,1999-02-26,8.5625,8.9375,0.04379562043795615,6,4783,4789,True,0.4989125706829056,11495
AMD,A-NOMACD-CLOSE-FILL,1999-03-25,1999-03-25,1999-03-31,1999-03-31,8.0625,7.75,-0.03875968992248058,4,4808,4812,True,0.49186744368096025,11497
AMD,A-NOMACD-CLOSE-FILL,1999-04-06,1999-04-06,1999-04-13,1999-04-13,7.875,7.5,-0.04761904761904767,5,4815,4820,True,0.49504175365344466,11496
AMD,A-NOMACD-CLOSE-FILL,1999-06-14,1999-06-14,1999-06-24,1999-06-24,8.46875,8.53125,0.007380073800737907,8,4863,4871,True,0.5044809884277386,11493
AMD,A-NOMACD-CLOSE-FILL,1999-07-28,1999-07-28,1999-08-04,1999-08-04,8.40625,8.15625,-0.029739776951672847,5,4894,4899,True,0.49504175365344466,11496
AMD,A-NOMACD-CLOSE-FILL,1999-10-04,1999-10-04,1999-10-13,1999-10-13,8.9375,9.125,0.020979020979021046,7,4941,4948,True,0.4998259961719158,11494
AMD,A-NOMACD-CLOSE-FILL,2000-08-03,2000-08-03,2000-08-10,2000-08-10,32.75,28.5,-0.1297709923664122,5,5152,5157,True,0.49504175365344466,11496
AMD,A-NOMACD-CLOSE-FILL,2000-09-19,2000-09-19,2000-09-27,2000-09-27,30.375,24.0,-0.2098765432098766,6,5184,5190,True,0.4989125706829056,11495
AMD,A-NOMACD-CLOSE-FILL,2000-10-04,2000-10-04,2000-10-06,2000-10-06,24.5,22.0,-0.10204081632653061,2,5195,5197,True,0.4789981737542395,11499
AMD,A-NOMACD-CLOSE-FILL,2000-10-09,2000-10-09,2000-10-13,2000-10-13,22.375,21.875,-0.022346368715083775,4,5198,5202,True,0.49186744368096025,11497
AMD,A-NOMACD-CLOSE-FILL,2000-12-08,2000-12-08,2000-12-18,2000-12-18,16.0625,15.25,-0.05058365758754868,6,5241,5247,True,0.4989125706829056,11495
AMD,A-NOMACD-CLOSE-FILL,2001-03-02,2001-03-02,2001-03-15,2001-03-15,21.739999771118164,23.559999465942383,0.08371663817780295,9,5297,5306,True,0.5047859380438566,11492
AMD,A-NOMACD-CLOSE-FILL,2001-06-25,2001-06-25,2001-07-06,2001-07-06,25.290000915527344,20.799999237060547,-0.17754058979531562,8,5376,5384,True,0.5044809884277386,11493
AMD,A-NOMACD-CLOSE-FILL,2001-07-26,2001-07-26,2001-08-07,2001-08-07,17.5,17.549999237060547,0.0028570992606027357,8,5398,5406,True,0.5044809884277386,11493
AMD,A-NOMACD-CLOSE-FILL,2001-08-22,2001-08-22,2001-08-23,2001-08-23,14.510000228881836,14.300000190734863,-0.014472779795617896,1,5417,5418,True,0.472695652173913,11500
AMD,A-NOMACD-CLOSE-FILL,2001-08-24,2001-08-24,2001-08-30,2001-08-30,15.0,13.289999961853027,-0.11400000254313147,4,5419,5423,True,0.49186744368096025,11497
AMD,A-NOMACD-CLOSE-FILL,2001-09-20,2001-09-20,2001-09-26,2001-09-26,8.989999771118164,8.350000381469727,-0.07119014526613665,4,5433,5437,True,0.49186744368096025,11497
AMD,A-NOMACD-CLOSE-FILL,2001-10-03,2001-10-03,2001-10-17,2001-10-17,8.460000038146973,9.710000038146973,0.14775413644960134,10,5442,5452,True,0.5072665564354712,11491
AMD,A-NOMACD-CLOSE-FILL,2002-01-31,2002-01-31,2002-02-05,2002-02-05,16.049999237060547,14.579999923706055,-0.09158874661876393,3,5524,5527,True,0.4865193946773352,11498
AMD,A-NOMACD-CLOSE-FILL,2002-02-08,2002-02-08,2002-02-19,2002-02-19,15.25,13.760000228881836,-0.09770490302414192,6,5530,5536,True,0.4989125706829056,11495
AMD,A-NOMACD-CLOSE-FILL,2002-03-26,2002-03-26,2002-03-27,2002-03-27,14.359999656677246,14.140000343322754,-0.015320286811580486,1,5561,5562,True,0.472695652173913,11500
AMD,A-NOMACD-CLOSE-FILL,2002-04-08,2002-04-08,2002-04-11,2002-04-11,13.75,13.229999542236328,-0.03781821511008521,3,5569,5572,True,0.4865193946773352,11498
AMD,A-NOMACD-CLOSE-FILL,2002-05-01,2002-05-01,2002-05-06,2002-05-06,11.520000457763672,10.609999656677246,-0.07899312195540309,3,5586,5589,True,0.4865193946773352,11498
AMD,A-NOMACD-CLOSE-FILL,2002-06-10,2002-06-10,2002-06-11,2002-06-11,9.890000343322754,9.329999923706055,-0.056622891827782795,1,5613,5614,True,0.472695652173913,11500
AMD,A-NOMACD-CLOSE-FILL,2002-06-12,2002-06-12,2002-06-13,2002-06-13,9.670000076293945,9.390000343322754,-0.028955504732374515,1,5615,5616,True,0.472695652173913,11500
AMD,A-NOMACD-CLOSE-FILL,2002-06-14,2002-06-14,2002-06-19,2002-06-19,9.600000381469727,8.699999809265137,-0.09375005587935226,3,5617,5620,True,0.4865193946773352,11498
AMD,A-NOMACD-CLOSE-FILL,2002-06-26,2002-06-26,2002-07-17,2002-07-17,8.970000267028809,9.329999923706055,0.040133739794914414,14,5625,5639,True,0.5128406024201271,11487
AMD,A-NOMACD-CLOSE-FILL,2002-08-05,2002-08-05,2002-08-20,2002-08-20,7.570000171661377,10.1899995803833,0.34610295235263067,11,5652,5663,True,0.5090513489991296,11490
AMD,A-NOMACD-CLOSE-FILL,2002-09-10,2002-09-10,2002-09-12,2002-09-12,8.270000457763672,7.639999866485596,-0.07617902737679383,2,5677,5679,True,0.4789981737542395,11499
AMD,A-NOMACD-CLOSE-FILL,2002-09-25,2002-09-25,2002-10-04,2002-10-04,5.929999828338623,3.509999990463257,-0.40809441954964865,7,5688,5695,True,0.4998259961719158,11494
AMD,A-NOMACD-CLOSE-FILL,2002-10-09,2002-10-09,2002-11-07,2002-11-07,3.559999942779541,6.820000171661377,0.9157304160899862,21,5698,5719,True,0.5165505226480837,11480
AMD,A-NOMACD-CLOSE-FILL,2002-12-23,2002-12-23,2002-12-24,2002-12-24,6.760000228881836,6.570000171661377,-0.028106516388666902,1,5750,5751,True,0.472695652173913,11500
AMD,A-NOMACD-CLOSE-FILL,2002-12-31,2002-12-31,2003-01-16,2003-01-16,6.460000038146973,7.199999809265137,0.11455104748427059,11,5755,5766,True,0.5090513489991296,11490
AMD,A-NOMACD-CLOSE-FILL,2003-02-04,2003-02-04,2003-02-25,2003-02-25,5.059999942779541,5.25,0.03754941884763907,14,5778,5792,True,0.5128406024201271,11487
AMD,A-NOMACD-CLOSE-FILL,2003-05-27,2003-05-27,2003-06-02,2003-06-02,7.199999809265137,6.869999885559082,-0.0458333239511205,4,5855,5859,True,0.49186744368096025,11497
AMD,A-NOMACD-CLOSE-FILL,2003-06-12,2003-06-12,2003-07-17,2003-07-17,6.900000095367432,7.269999980926514,0.05362317107901138,24,5867,5891,True,0.5163370218698267,11477
AMD,A-NOMACD-CLOSE-FILL,2003-12-18,2003-12-18,2004-01-13,2004-01-13,14.5600004196167,15.1899995803833,0.043269171882564184,16,5999,6015,True,0.5110143665650849,11485
AMD,A-NOMACD-CLOSE-FILL,2004-02-06,2004-02-06,2004-02-19,2004-02-19,14.9399995803833,14.970000267028809,0.002008078145122605,8,6032,6040,True,0.5044809884277386,11493
AMD,A-NOMACD-CLOSE-FILL,2004-05-07,2004-05-07,2004-05-14,2004-05-14,14.90999984741211,13.869999885559082,-0.06975184255508482,5,6095,6100,True,0.49504175365344466,11496
AMD,A-NOMACD-CLOSE-FILL,2004-07-28,2004-07-28,2004-08-06,2004-08-06,11.329999923706055,11.260000228881836,-0.006178260838092031,7,6150,6157,True,0.4998259961719158,11494
AMD,A-NOMACD-CLOSE-FILL,2004-08-16,2004-08-16,2004-08-27,2004-08-27,11.239999771118164,11.960000038146973,0.06405696456319254,9,6163,6172,True,0.5047859380438566,11492
AMD,A-NOMACD-CLOSE-FILL,2005-01-20,2005-01-20,2005-02-10,2005-02-10,15.640000343322754,17.75,0.13491046102042303,15,6272,6287,True,0.5111440013930002,11486
AMD,A-NOMACD-CLOSE-FILL,2005-03-23,2005-03-23,2005-04-14,2005-04-14,15.649999618530273,16.260000228881836,0.03897767573293076,15,6315,6330,True,0.5111440013930002,11486
AMD,A-NOMACD-CLOSE-FILL,2005-05-02,2005-05-02,2005-05-27,2005-05-27,14.319999694824219,16.209999084472656,0.1319832004138628,19,6342,6361,True,0.5115833478488069,11482
AMD,A-NOMACD-CLOSE-FILL,2005-10-21,2005-10-21,2005-11-14,2005-11-14,21.850000381469727,25.0,0.14416473974992172,16,6463,6479,True,0.5110143665650849,11485
AMD,A-NOMACD-CLOSE-FILL,2006-03-15,2006-03-15,2006-03-29,2006-03-29,35.119998931884766,34.290000915527344,-0.02363320164010263,10,6561,6571,True,0.5072665564354712,11491
AMD,A-NOMACD-CLOSE-FILL,2006-06-15,2006-06-15,2006-06-28,2006-06-28,26.110000610351562,23.889999389648438,-0.08502493944113443,9,6625,6634,True,0.5047859380438566,11492
AMD,A-NOMACD-CLOSE-FILL,2006-07-19,2006-07-19,2006-07-21,2006-07-21,21.459999084472656,18.260000228881836,-0.14911458490723672,2,6648,6650,True,0.4789981737542395,11499
AMD,A-NOMACD-CLOSE-FILL,2006-07-26,2006-07-26,2006-08-10,2006-08-10,18.25,20.010000228881836,0.0964383687058541,11,6653,6664,True,0.5090513489991296,11490
AMD,A-NOMACD-CLOSE-FILL,2006-10-05,2006-10-05,2006-10-06,2006-10-06,25.110000610351562,24.010000228881836,-0.04380726223543985,1,6703,6704,True,0.472695652173913,11500
AMD,A-NOMACD-CLOSE-FILL,2006-10-11,2006-10-11,2006-10-19,2006-10-19,24.270000457763672,21.010000228881836,-0.13432221538500233,6,6707,6713,True,0.4989125706829056,11495
AMD,A-NOMACD-CLOSE-FILL,2007-01-10,2007-01-10,2007-01-16,2007-01-16,20.010000228881836,18.1299991607666,-0.09395307579265777,3,6768,6771,True,0.4865193946773352,11498
AMD,A-NOMACD-CLOSE-FILL,2007-02-02,2007-02-02,2007-02-09,2007-02-09,15.6899995803833,14.899999618530273,-0.050350540661628695,5,6784,6789,True,0.49504175365344466,11496
AMD,A-NOMACD-CLOSE-FILL,2007-02-14,2007-02-14,2007-02-22,2007-02-22,14.949999809265137,14.539999961853027,-0.02742473930722167,5,6792,6797,True,0.49504175365344466,11496
AMD,A-NOMACD-CLOSE-FILL,2007-02-23,2007-02-23,2007-03-02,2007-03-02,14.6899995803833,14.180000305175781,-0.03471744654700748,5,6798,6803,True,0.49504175365344466,11496
AMD,A-NOMACD-CLOSE-FILL,2007-03-09,2007-03-09,2007-03-19,2007-03-19,14.199999809265137,13.720000267028809,-0.03380278511857027,6,6808,6814,True,0.4989125706829056,11495
AMD,A-NOMACD-CLOSE-FILL,2007-04-05,2007-04-05,2007-04-23,2007-04-23,12.859999656677246,14.039999961853027,0.09175741342754185,11,6827,6838,True,0.5090513489991296,11490
AMD,A-NOMACD-CLOSE-FILL,2007-06-08,2007-06-08,2007-06-15,2007-06-15,14.069999694824219,13.630000114440918,-0.03127218123147213,5,6871,6876,True,0.49504175365344466,11496
AMD,A-NOMACD-CLOSE-FILL,2007-06-20,2007-06-20,2007-07-03,2007-07-03,13.640000343322754,14.359999656677246,0.05278587208445029,9,6879,6888,True,0.5047859380438566,11492
AMD,A-NOMACD-CLOSE-FILL,2007-08-08,2007-08-08,2007-08-14,2007-08-14,13.420000076293945,12.539999961853027,-0.06557377864664948,4,6913,6917,True,0.49186744368096025,11497
AMD,A-NOMACD-CLOSE-FILL,2007-08-20,2007-08-20,2007-09-07,2007-09-07,12.100000381469727,12.609999656677246,0.042148699101575815,13,6921,6934,True,0.5126218662952646,11488
AMD,A-NOMACD-CLOSE-FILL,2007-11-02,2007-11-02,2007-11-08,2007-11-08,13.170000076293945,12.510000228881836,-0.050113883340070164,4,6974,6978,True,0.49186744368096025,11497
AMD,A-NOMACD-CLOSE-FILL,2007-11-15,2007-11-15,2007-11-19,2007-11-19,12.699999809265137,12.069999694824219,-0.049606308968706325,2,6983,6985,True,0.4789981737542395,11499
AMD,A-NOMACD-CLOSE-FILL,2007-12-07,2007-12-07,2007-12-14,2007-12-14,9.050000190734863,8.430000305175781,-0.06850827320355424,5,6998,7003,True,0.49504175365344466,11496
AMD,A-NOMACD-CLOSE-FILL,2007-12-19,2007-12-19,2007-12-27,2007-12-27,7.980000019073486,7.53000020980835,-0.05639095340721356,5,7006,7011,True,0.49504175365344466,11496
AMD,A-NOMACD-CLOSE-FILL,2007-12-31,2007-12-31,2008-01-03,2008-01-03,7.5,6.769999980926514,-0.09733333587646487,2,7013,7015,True,0.4789981737542395,11499
AMD,A-NOMACD-CLOSE-FILL,2008-01-10,2008-01-10,2008-02-05,2008-02-05,5.960000038146973,7.210000038146973,0.20973154228177449,17,7020,7037,True,0.5106234761407176,11484
AMD,A-NOMACD-CLOSE-FILL,2008-04-01,2008-04-01,2008-04-11,2008-04-11,6.070000171661377,6.010000228881836,-0.009884669041635097,8,7075,7083,True,0.5044809884277386,11493
AMD,A-NOMACD-CLOSE-FILL,2008-07-07,2008-07-07,2008-07-10,2008-07-10,5.380000114440918,4.960000038146973,-0.07806692701856777,3,7142,7145,True,0.4865193946773352,11498
AMD,A-NOMACD-CLOSE-FILL,2008-07-11,2008-07-11,2008-07-21,2008-07-21,4.840000152587891,4.590000152587891,-0.05165289093355252,6,7146,7152,True,0.4989125706829056,11495
AMD,A-NOMACD-CLOSE-FILL,2008-07-23,2008-07-23,2008-07-24,2008-07-24,4.670000076293945,4.369999885559082,-0.06423986848688445,1,7154,7155,True,0.472695652173913,11500
AMD,A-NOMACD-CLOSE-FILL,2008-08-01,2008-08-01,2008-08-19,2008-08-19,4.28000020980835,5.579999923706055,0.3037382360212353,12,7161,7173,True,0.5123161284707111,11489
AMD,A-NOMACD-CLOSE-FILL,2008-09-25,2008-09-25,2008-10-08,2008-10-08,5.230000019073486,4.050000190734863,-0.2256213812686877,9,7199,7208,True,0.5047859380438566,11492
AMD,A-NOMACD-CLOSE-FILL,2008-10-30,2008-10-30,2008-11-07,2008-11-07,3.559999942779541,3.1600000858306885,-0.11235951218486384,6,7224,7230,True,0.4989125706829056,11495
AMD,A-NOMACD-CLOSE-FILL,2008-11-25,2008-11-25,2008-12-22,2008-12-22,1.7999999523162842,2.0199999809265137,0.12222224135457793,18,7242,7260,True,0.5109291996864931,11483
AMD,A-NOMACD-CLOSE-FILL,2009-06-26,2009-06-26,2009-07-07,2009-07-07,3.619999885559082,3.430000066757202,-0.052486139449845814,6,7388,7394,True,0.4989125706829056,11495
AMD,A-NOMACD-CLOSE-FILL,2009-11-04,2009-11-04,2009-11-24,2009-11-24,4.690000057220459,6.949999809265137,0.4818762738745195,14,7479,7493,True,0.5128406024201271,11487
AMD,A-NOMACD-CLOSE-FILL,2010-02-01,2010-02-01,2010-02-04,2010-02-04,7.980000019073486,7.190000057220459,-0.09899748871739344,3,7538,7541,True,0.4865193946773352,11498
AMD,A-NOMACD-CLOSE-FILL,2010-02-05,2010-02-05,2010-02-22,2010-02-22,7.349999904632568,7.900000095367432,0.07482995889404132,10,7542,7552,True,0.5072665564354712,11491
AMD,A-NOMACD-CLOSE-FILL,2010-07-08,2010-07-08,2010-07-29,2010-07-29,7.369999885559082,7.78000020980835,0.05563098108761566,15,7647,7662,True,0.5111440013930002,11486
AMD,A-NOMACD-CLOSE-FILL,2010-08-16,2010-08-16,2010-08-19,2010-08-19,6.619999885559082,6.420000076293945,-0.030211452072894662,3,7674,7677,True,0.4865193946773352,11498
AMD,A-NOMACD-CLOSE-FILL,2010-08-25,2010-08-25,2010-08-26,2010-08-26,6.130000114440918,5.869999885559082,-0.04241439217420784,1,7681,7682,True,0.472695652173913,11500
AMD,A-NOMACD-CLOSE-FILL,2010-08-27,2010-08-27,2010-08-31,2010-08-31,6.079999923706055,5.610000133514404,-0.07730259804101491,2,7683,7685,True,0.4789981737542395,11499
AMD,A-NOMACD-CLOSE-FILL,2010-09-01,2010-09-01,2010-09-20,2010-09-20,5.760000228881836,6.090000152587891,0.05729165114462442,12,7686,7698,True,0.5123161284707111,11489
AMD,A-NOMACD-CLOSE-FILL,2011-01-27,2011-01-27,2011-02-11,2011-02-11,7.75,8.279999732971191,0.06838706231886338,11,7788,7799,True,0.5090513489991296,11490
AMD,A-NOMACD-CLOSE-FILL,2011-05-27,2011-05-27,2011-06-02,2011-06-02,8.489999771118164,8.239999771118164,-0.02944640833212575,3,7872,7875,True,0.4865193946773352,11498
AMD,A-NOMACD-CLOSE-FILL,2011-06-14,2011-06-14,2011-06-15,2011-06-15,7.670000076293945,7.5,-0.022164286128154465,1,7883,7884,True,0.472695652173913,11500
AMD,A-NOMACD-CLOSE-FILL,2011-06-16,2011-06-16,2011-06-17,2011-06-17,7.190000057220459,7.0,-0.026425598846783638,1,7885,7886,True,0.472695652173913,11500
AMD,A-NOMACD-CLOSE-FILL,2011-06-21,2011-06-21,2011-07-11,2011-07-11,7.21999979019165,6.760000228881836,-0.06371185244835087,13,7888,7901,True,0.5126218662952646,11488
AMD,A-NOMACD-CLOSE-FILL,2011-08-12,2011-08-12,2011-08-18,2011-08-18,6.210000038146973,5.789999961853027,-0.06763286211174824,4,7925,7929,True,0.49186744368096025,11497
AMD,A-NOMACD-CLOSE-FILL,2011-10-06,2011-10-06,2011-10-19,2011-10-19,4.849999904632568,4.730000019073486,-0.024742244931687862,9,7963,7972,True,0.5047859380438566,11492
AMD,A-NOMACD-CLOSE-FILL,2011-11-29,2011-11-29,2011-12-08,2011-12-08,5.320000171661377,5.46999979019165,0.028195416107182236,7,8000,8007,True,0.4998259961719158,11494
AMD,A-NOMACD-CLOSE-FILL,2011-12-21,2011-12-21,2012-01-06,2012-01-06,5.079999923706055,5.429999828338623,0.06889762005689759,10,8016,8026,True,0.5072665564354712,11491
AMD,A-NOMACD-CLOSE-FILL,2012-05-01,2012-05-01,2012-05-04,2012-05-04,7.590000152587891,7.179999828338623,-0.05401848695740452,3,8105,8108,True,0.4865193946773352,11498
AMD,A-NOMACD-CLOSE-FILL,2012-05-11,2012-05-11,2012-05-15,2012-05-15,6.78000020980835,6.599999904632568,-0.026548716755993906,2,8113,8115,True,0.4789981737542395,11499
AMD,A-NOMACD-CLOSE-FILL,2012-05-21,2012-05-21,2012-06-01,2012-06-01,6.300000190734863,5.730000019073486,-0.09047621498482672,8,8119,8127,True,0.5044809884277386,11493
AMD,A-NOMACD-CLOSE-FILL,2012-06-29,2012-06-29,2012-07-10,2012-07-10,5.730000019073486,4.989999771118164,-0.12914489450123545,6,8147,8153,True,0.4989125706829056,11495
AMD,A-NOMACD-CLOSE-FILL,2012-07-30,2012-07-30,2012-07-31,2012-07-31,4.099999904632568,4.059999942779541,-0.009756088483765968,1,8167,8168,True,0.472695652173913,11500
AMD,A-NOMACD-CLOSE-FILL,2012-08-01,2012-08-01,2012-08-14,2012-08-14,4.050000190734863,4.119999885559082,0.017283874451254677,9,8169,8178,True,0.5047859380438566,11492
AMD,A-NOMACD-CLOSE-FILL,2012-09-05,2012-09-05,2012-09-10,2012-09-10,3.509999990463257,3.4700000286102295,-0.011396000558891228,3,8193,8196,True,0.4865193946773352,11498
AMD,A-NOMACD-CLOSE-FILL,2012-10-04,2012-10-04,2012-10-12,2012-10-12,3.2200000286102295,2.740000009536743,-0.14906832758031285,6,8214,8220,True,0.4989125706829056,11495
AMD,A-NOMACD-CLOSE-FILL,2012-10-25,2012-10-25,2012-10-26,2012-10-26,2.119999885559082,2.069999933242798,-0.023584884441207543,1,8229,8230,True,0.472695652173913,11500
AMD,A-NOMACD-CLOSE-FILL,2012-11-01,2012-11-01,2012-11-07,2012-11-07,2.140000104904175,2.009999990463257,-0.06074771405057433,4,8232,8236,True,0.49186744368096025,11497
AMD,A-NOMACD-CLOSE-FILL,2012-11-09,2012-11-09,2012-11-14,2012-11-14,2.0299999713897705,1.9299999475479126,-0.049261096182871555,3,8238,8241,True,0.4865193946773352,11498
AMD,A-NOMACD-CLOSE-FILL,2012-11-23,2012-11-23,2012-12-14,2012-12-14,1.9500000476837158,2.390000104904175,0.22564104946720787,15,8247,8262,True,0.5111440013930002,11486
AMD,A-NOMACD-CLOSE-FILL,2013-07-31,2013-07-31,2013-08-08,2013-08-08,3.7699999809265137,3.7100000381469727,-0.015915104266073565,6,8418,8424,True,0.4989125706829056,11495
AMD,A-NOMACD-CLOSE-FILL,2013-09-05,2013-09-05,2013-09-20,2013-09-20,3.4100000858306885,3.8299999237060547,0.12316710478118731,11,8443,8454,True,0.5090513489991296,11490
AMD,A-NOMACD-CLOSE-FILL,2014-02-06,2014-02-06,2014-02-24,2014-02-24,3.4100000858306885,3.7100000381469727,0.08797652339155393,11,8549,8560,True,0.5090513489991296,11490
AMD,A-NOMACD-CLOSE-FILL,2014-09-18,2014-09-18,2014-09-23,2014-09-23,3.880000114440918,3.690000057220459,-0.04896908546814227,3,8704,8707,True,0.4865193946773352,11498
AMD,A-NOMACD-CLOSE-FILL,2014-10-02,2014-10-02,2014-10-07,2014-10-07,3.390000104904175,3.2799999713897705,-0.03244841596177872,3,8714,8717,True,0.4865193946773352,11498
AMD,A-NOMACD-CLOSE-FILL,2014-10-08,2014-10-08,2014-10-09,2014-10-09,3.2799999713897705,2.950000047683716,-0.10060973371479343,1,8718,8719,True,0.472695652173913,11500
AMD,A-NOMACD-CLOSE-FILL,2014-10-16,2014-10-16,2014-11-06,2014-11-06,2.640000104904175,2.759999990463257,0.045454500299513256,15,8724,8739,True,0.5111440013930002,11486
AMD,A-NOMACD-CLOSE-FILL,2014-11-20,2014-11-20,2014-12-01,2014-12-01,2.690000057220459,2.6700000762939453,-0.00743493698925024,6,8749,8755,True,0.4989125706829056,11495
AMD,A-NOMACD-CLOSE-FILL,2014-12-16,2014-12-16,2015-01-05,2015-01-05,2.5,2.6600000858306885,0.0640000343322753,12,8766,8778,True,0.5123161284707111,11489
AMD,A-NOMACD-CLOSE-FILL,2015-03-20,2015-03-20,2015-04-14,2015-04-14,2.799999952316284,2.6700000762939453,-0.046428527941508424,16,8830,8846,True,0.5110143665650849,11485
AMD,A-NOMACD-CLOSE-FILL,2015-05-01,2015-05-01,2015-05-19,2015-05-19,2.309999942779541,2.2799999713897705,-0.012987000923330161,12,8859,8871,True,0.5123161284707111,11489
AMD,A-NOMACD-CLOSE-FILL,2015-05-28,2015-05-28,2015-06-09,2015-06-09,2.2699999809265137,2.2899999618530273,0.008810564358837869,8,8877,8885,True,0.5044809884277386,11493
AMD,A-NOMACD-CLOSE-FILL,2015-07-20,2015-07-20,2015-07-23,2015-07-23,1.7999999523162842,1.7599999904632568,-0.02222220161814692,3,8913,8916,True,0.4865193946773352,11498
AMD,A-NOMACD-CLOSE-FILL,2015-07-28,2015-07-28,2015-08-10,2015-08-10,1.7699999809265137,1.9299999475479126,0.0903954623421217,9,8919,8928,True,0.5047859380438566,11492
AMD,A-NOMACD-CLOSE-FILL,2015-08-21,2015-08-21,2015-08-25,2015-08-25,1.7799999713897705,1.659999966621399,-0.06741573409952317,2,8937,8939,True,0.4789981737542395,11499
AMD,A-NOMACD-CLOSE-FILL,2015-08-26,2015-08-26,2015-09-10,2015-09-10,1.7200000286102295,1.840000033378601,0.0697674434722726,10,8940,8950,True,0.5072665564354712,11491
AMD,A-NOMACD-CLOSE-FILL,2015-09-30,2015-09-30,2015-10-16,2015-10-16,1.7200000286102295,1.940000057220459,0.12790699125045424,12,8964,8976,True,0.5123161284707111,11489
AMD,A-NOMACD-CLOSE-FILL,2016-01-21,2016-01-21,2016-02-03,2016-02-03,2.0899999141693115,2.069999933242798,-0.009569369257348859,9,9041,9050,True,0.5047859380438566,11492
AMD,A-NOMACD-CLOSE-FILL,2016-02-18,2016-02-18,2016-03-04,2016-03-04,1.909999966621399,2.369999885559082,0.24083765810288327,11,9060,9071,True,0.5090513489991296,11490
AMD,A-NOMACD-CLOSE-FILL,2016-09-19,2016-09-19,2016-10-05,2016-10-05,6.159999847412109,6.78000020980835,0.10064941197307165,12,9208,9220,True,0.5123161284707111,11489
AMD,A-NOMACD-CLOSE-FILL,2017-01-24,2017-01-24,2017-02-13,2017-02-13,10.4399995803833,13.489999771118164,0.2921456238816136,14,9295,9309,True,0.5128406024201271,11487
AMD,A-NOMACD-CLOSE-FILL,2017-04-19,2017-04-19,2017-05-02,2017-05-02,12.84000015258789,10.319999694824219,-0.19626171556203353,9,9354,9363,True,0.5047859380438566,11492
AMD,A-NOMACD-CLOSE-FILL,2017-08-14,2017-08-14,2017-08-21,2017-08-21,12.760000228881836,12.050000190734863,-0.05564263522032786,5,9435,9440,True,0.49504175365344466,11496
AMD,A-NOMACD-CLOSE-FILL,2017-11-06,2017-11-06,2017-11-13,2017-11-13,11.930000305175781,11.09000015258789,-0.07041074024310456,5,9494,9499,True,0.49504175365344466,11496
AMD,A-NOMACD-CLOSE-FILL,2017-12-11,2017-12-11,2017-12-12,2017-12-12,10.15999984741211,9.899999618530273,-0.025590574093174,1,9518,9519,True,0.472695652173913,11500
AMD,A-NOMACD-CLOSE-FILL,2017-12-13,2017-12-13,2017-12-26,2017-12-26,10.109999656677246,10.460000038146973,0.03461922782940596,8,9520,9528,True,0.5044809884277386,11493
AMD,A-NOMACD-CLOSE-FILL,2018-04-04,2018-04-04,2018-04-19,2018-04-19,9.770000457763672,10.109999656677246,0.03480032579153014,11,9595,9606,True,0.5090513489991296,11490
AMD,A-NOMACD-CLOSE-FILL,2018-10-12,2018-10-12,2018-10-19,2018-10-19,26.34000015258789,23.65999984741211,-0.1017464043147499,5,9729,9734,True,0.49504175365344466,11496
AMD,A-NOMACD-CLOSE-FILL,2018-11-01,2018-11-01,2018-11-13,2018-11-13,20.219999313354492,19.610000610351562,-0.03016808722639519,8,9743,9751,True,0.5044809884277386,11493
AMD,A-NOMACD-CLOSE-FILL,2018-12-26,2018-12-26,2019-01-16,2019-01-16,17.899999618530273,19.729999542236328,0.1022346347880152,14,9779,9793,True,0.5128406024201271,11487
AMD,A-NOMACD-CLOSE-FILL,2019-06-26,2019-06-26,2019-07-17,2019-07-17,29.920000076293945,33.599998474121094,0.12299459854423156,14,9904,9918,True,0.5128406024201271,11487
AMD,A-NOMACD-CLOSE-FILL,2020-09-21,2020-09-21,2020-10-09,2020-10-09,77.94000244140625,83.0999984741211,0.06620471992663868,14,10216,10230,True,0.5128406024201271,11487
AMD,A-NOMACD-CLOSE-FILL,2020-10-23,2020-10-23,2020-10-28,2020-10-28,81.95999908447266,76.4000015258789,-0.06783794071133775,3,10240,10243,True,0.4865193946773352,11498
AMD,A-NOMACD-CLOSE-FILL,2021-05-14,2021-05-14,2021-06-03,2021-06-03,74.58999633789062,80.27999877929688,0.07628372061624322,13,10379,10392,True,0.5126218662952646,11488
AMD,A-NOMACD-CLOSE-FILL,2021-09-15,2021-09-15,2021-09-17,2021-09-17,105.5999984741211,103.87999725341797,-0.016287890582921127,2,10464,10466,True,0.4789981737542395,11499
AMD,A-NOMACD-CLOSE-FILL,2022-01-31,2022-01-31,2022-02-11,2022-02-11,114.25,113.18000030517578,-0.009365424024719626,9,10559,10568,True,0.5047859380438566,11492
AMD,A-NOMACD-CLOSE-FILL,2022-02-24,2022-02-24,2022-03-04,2022-03-04,116.61000061035156,108.41000366210938,-0.0703198431122748,6,10576,10582,True,0.4989125706829056,11495
AMD,A-NOMACD-CLOSE-FILL,2022-04-19,2022-04-19,2022-04-21,2022-04-21,96.93000030517578,89.8499984741211,-0.07304242039372655,2,10613,10615,True,0.4789981737542395,11499
AMD,A-NOMACD-CLOSE-FILL,2022-04-25,2022-04-25,2022-04-26,2022-04-26,90.69000244140625,85.16000366210938,-0.060976939358555415,1,10617,10618,True,0.472695652173913,11500
AMD,A-NOMACD-CLOSE-FILL,2022-04-28,2022-04-28,2022-05-09,2022-05-09,89.63999938964844,86.36000061035156,-0.0365907943064494,7,10620,10627,True,0.4998259961719158,11494
AMD,A-NOMACD-CLOSE-FILL,2022-06-24,2022-06-24,2022-06-29,2022-06-29,87.08000183105469,77.98999786376953,-0.10438681414960027,3,10659,10662,True,0.4865193946773352,11498
AMD,A-NOMACD-CLOSE-FILL,2022-07-07,2022-07-07,2022-07-26,2022-07-26,79.30000305175781,85.25,0.0750314844800033,13,10667,10680,True,0.5126218662952646,11488
AMD,A-NOMACD-CLOSE-FILL,2022-09-08,2022-09-08,2022-09-14,2022-09-14,82.77999877929688,77.44999694824219,-0.06438755628959625,4,10711,10715,True,0.49186744368096025,11497
AMD,A-NOMACD-CLOSE-FILL,2022-09-28,2022-09-28,2022-09-30,2022-09-30,68.36000061035156,63.36000061035156,-0.07314218776122805,2,10725,10727,True,0.4789981737542395,11499
AMD,A-NOMACD-CLOSE-FILL,2022-10-03,2022-10-03,2022-10-10,2022-10-10,66.11000061035156,57.810001373291016,-0.12554831584377457,5,10728,10733,True,0.49504175365344466,11496
AMD,A-NOMACD-CLOSE-FILL,2022-10-19,2022-10-19,2022-11-02,2022-11-02,57.22999954223633,58.630001068115234,0.024462721248943664,10,10740,10750,True,0.5072665564354712,11491
AMD,A-NOMACD-CLOSE-FILL,2022-12-21,2022-12-21,2022-12-27,2022-12-27,67.68000030517578,63.27000045776367,-0.06515957191972499,3,10784,10787,True,0.4865193946773352,11498
AMD,A-NOMACD-CLOSE-FILL,2022-12-29,2022-12-29,2023-01-05,2023-01-05,64.81999969482422,62.33000183105469,-0.03841403695607171,4,10789,10793,True,0.49186744368096025,11497
AMD,A-NOMACD-CLOSE-FILL,2023-03-01,2023-03-01,2023-03-13,2023-03-13,78.29000091552734,82.01000213623047,0.04751566199005275,8,10830,10838,True,0.5044809884277386,11493
AMD,A-NOMACD-CLOSE-FILL,2023-04-27,2023-04-27,2023-05-03,2023-05-03,87.44000244140625,81.62000274658203,-0.06655992145842193,4,10870,10874,True,0.49186744368096025,11497
AMD,A-NOMACD-CLOSE-FILL,2023-06-29,2023-06-29,2023-07-20,2023-07-20,111.23999786376953,110.25,-0.008899657342513967,14,10913,10927,True,0.5128406024201271,11487
AMD,A-NOMACD-CLOSE-FILL,2023-09-27,2023-09-27,2023-10-13,2023-10-13,98.06999969482422,105.08999633789062,0.07158148939442577,12,10975,10987,True,0.5123161284707111,11489
AMD,A-NOMACD-CLOSE-FILL,2023-10-30,2023-10-30,2023-11-15,2023-11-15,96.18000030517578,118.0,0.2268662884756718,12,10998,11010,True,0.5123161284707111,11489
AMD,A-NOMACD-CLOSE-FILL,2024-03-26,2024-03-26,2024-04-04,2024-04-04,177.8699951171875,165.8300018310547,-0.06768984998397509,6,11099,11105,True,0.4989125706829056,11495
AMD,A-NOMACD-CLOSE-FILL,2024-04-23,2024-04-23,2024-05-02,2024-05-02,152.27000427246094,146.16000366210938,-0.040126094693074044,7,11118,11125,True,0.4998259961719158,11494
AMD,A-NOMACD-CLOSE-FILL,2024-07-31,2024-07-31,2024-08-02,2024-08-02,144.47999572753906,132.5,-0.08291802382200364,2,11186,11188,True,0.4789981737542395,11499
AMD,A-NOMACD-CLOSE-FILL,2024-08-05,2024-08-05,2024-08-22,2024-08-22,134.82000732421875,151.6999969482422,0.12520389190774917,13,11189,11202,True,0.5126218662952646,11488
AMD,A-NOMACD-CLOSE-FILL,2024-10-25,2024-10-25,2024-10-31,2024-10-31,156.22999572753906,144.07000732421875,-0.07783389064752333,4,11247,11251,True,0.49186744368096025,11497
AMD,A-NOMACD-CLOSE-FILL,2024-11-07,2024-11-07,2024-11-13,2024-11-13,149.82000732421875,139.3000030517578,-0.07021761953124905,4,11256,11260,True,0.49186744368096025,11497
AMD,A-NOMACD-CLOSE-FILL,2024-11-19,2024-11-19,2024-12-09,2024-12-09,139.38999938964844,130.8699951171875,-0.06112349745152279,13,11264,11277,True,0.5126218662952646,11488
AMD,A-NOMACD-CLOSE-FILL,2024-12-23,2024-12-23,2025-01-02,2025-01-02,124.5999984741211,120.62999725341797,-0.03186196845361666,6,11287,11293,True,0.4989125706829056,11495
AMD,A-NOMACD-CLOSE-FILL,2025-03-05,2025-03-05,2025-03-10,2025-03-10,101.66999816894531,96.62999725341797,-0.04957215507324353,3,11334,11337,True,0.4865193946773352,11498
AMD,A-NOMACD-CLOSE-FILL,2025-11-26,2025-11-26,2025-12-12,2025-12-12,214.24000549316406,210.77999877929688,-0.01615014294787065,11,11519,11530,True,0.5090513489991296,11490
