symbol,arm,signal_date,entry_date,exit_signal_date,exit_date,entry_price,exit_price,ret,hold_bars,entry_bar,exit_bar,closed,base_rate,base_n
NVDA,b_20_80|both|death_cross,2018-07-26,2018-07-27,2018-07-30,2018-07-31,6.337132824054152,6.025369068604396,-0.049196342274281935,2,4910,4912,True,0.5480147737765466,2166
NVDA,b_20_80|both|death_cross,2018-08-22,2018-08-23,2018-09-05,2018-09-06,6.459269652306198,6.870962963208796,0.06373682057933716,9,4929,4938,True,0.5891616489115331,2159
NVDA,b_20_80|both|death_cross,2019-02-20,2019-02-21,2019-02-21,2019-02-22,3.9386119879459383,3.908897822960406,-0.007544324009694736,1,5052,5053,True,0.5440701430549146,2167
NVDA,b_20_80|both|death_cross,2019-02-22,2019-02-25,2019-02-25,2019-02-26,4.025278463314607,3.924745387991044,-0.02497543368484867,1,5054,5055,True,0.5440701430549146,2167
NVDA,b_20_80|both|death_cross,2019-04-01,2019-04-02,2019-04-12,2019-04-15,4.542275182545903,4.702153118054769,0.035197765235186695,9,5080,5089,True,0.5891616489115331,2159
NVDA,b_20_80|both|death_cross,2019-07-12,2019-07-15,2019-07-25,2019-07-26,4.180437480835474,4.329580786563699,0.03567648276333446,9,5151,5160,True,0.5891616489115331,2159
NVDA,b_20_80|both|death_cross,2019-09-04,2019-09-05,2019-09-16,2019-09-17,4.294121570349542,4.483153706848775,0.044021142252813616,8,5188,5196,True,0.5893518518518519,2160
NVDA,b_20_80|both|death_cross,2019-10-21,2019-10-22,2019-10-22,2019-10-23,4.92580670192421,4.777015568452307,-0.030206449922969836,1,5221,5222,True,0.5440701430549146,2167
NVDA,b_20_80|both|death_cross,2019-10-25,2019-10-28,2019-10-30,2019-10-31,5.124528046514247,5.021689363981352,-0.020067932422156876,3,5225,5228,True,0.5630484988452656,2165
NVDA,b_20_80|both|death_cross,2019-11-04,2019-11-05,2019-11-08,2019-11-11,5.228608631295536,5.160545888806701,-0.013017371788251575,4,5231,5235,True,0.5730129390018485,2164
NVDA,b_20_80|both|death_cross,2020-01-16,2020-01-17,2020-01-21,2020-01-22,6.207168756490065,6.208659581685237,0.000240177970610711,2,5281,5283,True,0.5480147737765466,2166
NVDA,b_20_80|both|death_cross,2020-04-13,2020-04-14,2020-04-21,2020-04-22,6.840176949824809,6.895645491403493,0.008109226118792945,6,5340,5346,True,0.5832562442183163,2162
NVDA,b_20_80|both|death_cross,2020-04-27,2020-04-28,2020-04-28,2020-04-29,7.536630547178379,7.381670852745031,-0.020560871793213087,1,5350,5351,True,0.5440701430549146,2167
NVDA,b_20_80|both|death_cross,2020-04-29,2020-04-30,2020-05-01,2020-05-04,7.369730999567452,6.98643138554648,-0.05200998707326887,2,5352,5354,True,0.5480147737765466,2166
NVDA,b_20_80|both|death_cross,2020-05-07,2020-05-08,2020-05-13,2020-05-14,7.6547801034035805,7.802030552114325,0.019236404798260942,4,5358,5362,True,0.5730129390018485,2164
NVDA,b_20_80|both|death_cross,2020-05-14,2020-05-15,2020-05-21,2020-05-22,7.849786375477367,8.780549550249997,0.1185717840271836,5,5363,5368,True,0.5755894590846047,2163
NVDA,b_20_80|both|death_cross,2021-01-21,2021-01-22,2021-01-27,2021-01-28,13.684778315815404,12.944018103883906,-0.054130231037459065,4,5536,5540,True,0.5730129390018485,2164
NVDA,b_20_80|both|death_cross,2021-11-19,2021-11-22,2021-11-23,2021-11-24,33.40735581710539,31.358084433513884,-0.06134192106704317,2,5747,5749,True,0.5480147737765466,2166
NVDA,b_20_80|both|death_cross,2021-11-29,2021-11-30,2021-12-01,2021-12-02,33.06049048348585,31.1157068428457,-0.0588250087097647,2,5752,5754,True,0.5480147737765466,2166
NVDA,b_20_80|both|death_cross,2022-08-15,2022-08-16,2022-08-19,2022-08-22,18.867621402461417,17.441578126782925,-0.07558150787848938,4,5930,5934,True,0.5730129390018485,2164
NVDA,b_20_80|both|death_cross,2022-11-04,2022-11-07,2022-11-09,2022-11-10,14.19282459299917,14.76341034070044,0.040202409602294376,3,5988,5991,True,0.5630484988452656,2165
NVDA,b_20_80|both|death_cross,2022-11-10,2022-11-11,2022-11-16,2022-11-17,15.767918688568072,15.676147926956387,-0.00582009353448909,4,5992,5996,True,0.5730129390018485,2164
NVDA,b_20_80|both|death_cross,2022-11-30,2022-12-01,2022-12-06,2022-12-07,16.96130961638063,15.737033837548465,-0.07218049823521888,4,6005,6009,True,0.5730129390018485,2164
NVDA,b_20_80|both|death_cross,2023-02-14,2023-02-15,2023-02-16,2023-02-17,22.49900989243005,21.58304317749563,-0.04071142327212385,2,6056,6058,True,0.5480147737765466,2166
NVDA,b_20_80|both|death_cross,2023-05-05,2023-05-08,2023-05-12,2023-05-15,28.46359684267218,28.449626392092515,-0.0004908181723092264,5,6112,6117,True,0.5755894590846047,2163
NVDA,b_20_80|both|death_cross,2023-05-15,2023-05-16,2023-05-23,2023-05-24,28.781944947212995,30.148138304684203,0.04746702698434202,6,6118,6124,True,0.5832562442183163,2162
NVDA,b_20_80|both|death_cross,2023-06-13,2023-06-14,2023-06-23,2023-06-26,40.74463443107391,42.37844394803587,0.04009876489935893,7,6138,6145,True,0.5890791300323924,2161
NVDA,b_20_80|both|death_cross,2023-08-29,2023-08-30,2023-09-05,2023-09-06,48.94865462257738,48.35080492427495,-0.012213812676001079,4,6191,6195,True,0.5730129390018485,2164
NVDA,b_20_80|both|death_cross,2024-01-08,2024-01-09,2024-01-24,2024-01-25,52.30802433098523,62.23936480631996,0.18986265687445947,11,6281,6292,True,0.5915623551228558,2157
NVDA,b_20_80|both|death_cross,2024-02-23,2024-02-26,2024-03-08,2024-03-11,79.55858308487059,86.27968352904108,0.08447989121425947,10,6313,6323,True,0.5963855421686747,2158
NVDA,b_20_80|both|death_cross,2024-10-04,2024-10-07,2024-10-15,2024-10-16,124.79500006476454,133.7709642153392,0.07192567126821126,7,6468,6475,True,0.5890791300323924,2161
NVDA,b_20_80|both|death_cross,2025-06-03,2025-06-04,2025-06-13,2025-06-16,141.99101618842522,143.159329390418,0.008228078320408727,8,6632,6640,True,0.5893518518518519,2160
NVDA,b_20_80|both|death_cross,2025-09-29,2025-09-30,2025-10-06,2025-10-07,181.848063160254,185.99277739696944,0.022792182466430333,5,6713,6718,True,0.5755894590846047,2163
NVDA,b_20_80|both|death_cross,2025-10-08,2025-10-09,2025-10-10,2025-10-13,191.9851285494953,187.73056363822363,-0.022160908729838447,2,6720,6722,True,0.5480147737765466,2166
NVDA,b_20_80|both|death_cross,2026-07-22,2026-07-23,2026-07-24,2026-07-27,209.4600067138672,208.1999969482422,-0.006015514777225395,2,6916,6918,True,0.5480147737765466,2166
AAPL,b_20_80|both|death_cross,2018-03-09,2018-03-12,2018-03-14,2018-03-15,42.27951928008762,41.8597493351985,-0.009928446492219689,3,9391,9394,True,0.5681293302540416,2165
AAPL,b_20_80|both|death_cross,2018-08-01,2018-08-02,2018-08-20,2018-08-21,47.21906796740019,51.216456087953674,0.08465622666066297,13,9491,9504,True,0.619953596287703,2155
AAPL,b_20_80|both|death_cross,2018-08-27,2018-08-28,2018-09-06,2018-09-07,51.7385414974785,52.4094536918725,0.012967358085010927,7,9509,9516,True,0.5964831096714484,2161
AAPL,b_20_80|both|death_cross,2019-02-22,2019-02-25,2019-03-06,2019-03-07,41.46389282566573,41.394843447524245,-0.0016652893261084323,8,9631,9639,True,0.5949074074074074,2160
AAPL,b_20_80|both|death_cross,2019-04-02,2019-04-03,2019-04-12,2019-04-15,46.00881734488018,47.27778318747662,0.027580927218457507,8,9658,9666,True,0.5949074074074074,2160
AAPL,b_20_80|both|death_cross,2019-07-15,2019-07-16,2019-07-17,2019-07-18,48.89620741100897,48.75519741827764,-0.002883863600013803,2,9729,9731,True,0.5572483841181902,2166
AAPL,b_20_80|both|death_cross,2020-04-27,2020-04-28,2020-04-28,2020-04-29,68.76000076632654,68.67559111709774,-0.0012275981426419502,1,9927,9928,True,0.5473004153207199,2167
AAPL,b_20_80|both|death_cross,2020-04-29,2020-04-30,2020-05-12,2020-05-13,69.93704563014794,75.49296546688427,0.07944172915335912,9,9929,9938,True,0.602130616025938,2159
AAPL,b_20_80|both|death_cross,2020-05-20,2020-05-21,2020-05-26,2020-05-27,77.06742188839526,76.45795296780663,-0.007908256246993983,3,9944,9947,True,0.5681293302540416,2165
AAPL,b_20_80|both|death_cross,2020-06-16,2020-06-17,2020-06-19,2020-06-22,85.89245860360263,84.97102639518768,-0.010727742847220223,3,9962,9965,True,0.5681293302540416,2165
AAPL,b_20_80|both|death_cross,2020-10-09,2020-10-12,2020-10-14,2020-10-15,116.35468329215739,115.05604455535725,-0.011161035379550377,3,10043,10046,True,0.5681293302540416,2165
AAPL,b_20_80|both|death_cross,2020-12-15,2020-12-16,2020-12-30,2020-12-31,123.69086753088224,130.1661668388547,0.05235066611814121,10,10089,10099,True,0.6098239110287303,2158
AAPL,b_20_80|both|death_cross,2021-11-05,2021-11-08,2021-11-08,2021-11-09,147.8964665160418,146.71456416967115,-0.007991417065007833,1,10314,10315,True,0.5473004153207199,2167
AAPL,b_20_80|both|death_cross,2021-11-30,2021-12-01,2021-12-02,2021-12-03,163.59354652559932,160.21386222018816,-0.020659031955654217,2,10330,10332,True,0.5572483841181902,2166
AAPL,b_20_80|both|death_cross,2021-12-07,2021-12-08,2021-12-14,2021-12-15,168.13568563195315,171.04649539113694,0.017312266270204546,5,10335,10340,True,0.5788257050392973,2163
AAPL,b_20_80|both|death_cross,2022-10-28,2022-10-31,2022-11-01,2022-11-02,150.22493060269468,146.09561013902547,-0.027487584431576062,2,10560,10562,True,0.5572483841181902,2166
AAPL,b_20_80|both|death_cross,2023-02-15,2023-02-16,2023-02-16,2023-02-17,151.0482818929642,149.90687847207133,-0.007556546864278202,1,10634,10635,True,0.5473004153207199,2167
AAPL,b_20_80|both|death_cross,2023-05-05,2023-05-08,2023-05-16,2023-05-17,169.7140651629481,169.19013234108013,-0.0030871502686882213,7,10689,10696,True,0.5964831096714484,2161
AAPL,b_20_80|both|death_cross,2023-06-12,2023-06-13,2023-06-21,2023-06-22,180.1173628493618,181.04361385994784,0.005142485965446308,6,10714,10720,True,0.5878815911193339,2162
AAPL,b_20_80|both|death_cross,2025-07-21,2025-07-22,2025-07-29,2025-07-30,212.1148250502387,210.88079278566187,-0.005817755851268536,6,11241,11247,True,0.5878815911193339,2162
AAPL,b_20_80|both|death_cross,2026-02-24,2026-02-25,2026-03-02,2026-03-03,271.29586819299504,263.0106738027697,-0.030539331267409486,4,11391,11395,True,0.5674676524953789,2164
AAPL,b_20_80|both|death_cross,2026-05-05,2026-05-06,2026-05-18,2026-05-19,281.4177950537395,296.7140952726279,0.05435441712549638,9,11440,11449,True,0.602130616025938,2159
AAPL,b_20_80|both|death_cross,2026-07-27,2026-07-28,2026-07-30,2026-07-31,339.73698155301014,304.54735603914753,-0.10357902561270582,3,11496,11499,True,0.5681293302540416,2165
MSFT,b_20_80|both|death_cross,2018-01-18,2018-01-19,2018-01-25,2018-01-26,82.53645423442747,85.26508963892228,0.03305976043924419,5,8030,8035,True,0.5728155339805825,2163
MSFT,b_20_80|both|death_cross,2018-03-08,2018-03-09,2018-03-14,2018-03-15,87.66193064675153,86.04281704557039,-0.01846997424350183,4,8064,8068,True,0.5743992606284658,2164
MSFT,b_20_80|both|death_cross,2018-05-23,2018-05-24,2018-05-29,2018-05-30,91.22021949127985,90.83218135418171,-0.004253861032807893,3,8117,8120,True,0.5625866050808314,2165
MSFT,b_20_80|both|death_cross,2019-02-05,2019-02-06,2019-02-28,2019-03-01,99.67035474706215,105.60597540508158,0.05955251863086586,16,8293,8309,True,0.6171003717472119,2152
MSFT,b_20_80|both|death_cross,2019-03-12,2019-03-13,2019-03-22,2019-03-25,106.76596208728289,109.03916145254556,0.02129142397840522,8,8317,8325,True,0.5930555555555556,2160
MSFT,b_20_80|both|death_cross,2019-09-18,2019-09-19,2019-09-24,2019-09-25,132.17188287622108,129.53408767037075,-0.01995730974280374,4,8449,8453,True,0.5743992606284658,2164
MSFT,b_20_80|both|death_cross,2019-10-25,2019-10-28,2019-11-07,2019-11-08,136.03434317103782,135.6387113076002,-0.0029083233999239733,9,8476,8485,True,0.6007410838351088,2159
MSFT,b_20_80|both|death_cross,2020-01-09,2020-01-10,2020-01-22,2020-01-23,153.9091751273673,157.09469505443082,0.02069740107714413,8,8527,8535,True,0.5930555555555556,2160
MSFT,b_20_80|both|death_cross,2020-04-29,2020-04-30,2020-05-12,2020-05-13,170.61365089823016,173.0306868403567,0.014166720713152614,9,8603,8612,True,0.6007410838351088,2159
MSFT,b_20_80|both|death_cross,2020-06-17,2020-06-18,2020-06-26,2020-06-29,184.39572415045265,186.08762003729692,0.00917535314139828,7,8637,8644,True,0.5876908838500694,2161
MSFT,b_20_80|both|death_cross,2020-06-30,2020-07-01,2020-07-13,2020-07-14,193.083257178087,195.92524248850216,0.014718962959040516,8,8646,8654,True,0.5930555555555556,2160
MSFT,b_20_80|both|death_cross,2020-10-09,2020-10-12,2020-10-16,2020-10-19,208.4611818961351,210.01418907016932,0.007449862655043438,5,8717,8722,True,0.5728155339805825,2163
MSFT,b_20_80|both|death_cross,2021-03-23,2021-03-24,2021-03-24,2021-03-25,227.73799056865073,225.29639873083224,-0.010721056384672356,1,8829,8830,True,0.5371481310567605,2167
MSFT,b_20_80|both|death_cross,2021-04-01,2021-04-05,2021-04-19,2021-04-20,232.4392400726803,246.85899261240542,0.06203665325706753,11,8836,8847,True,0.6096430227167362,2157
MSFT,b_20_80|both|death_cross,2021-04-26,2021-04-27,2021-04-28,2021-04-29,250.45914704245152,244.59932929978729,-0.023396301599921343,2,8852,8854,True,0.5530932594644506,2166
MSFT,b_20_80|both|death_cross,2021-06-07,2021-06-08,2021-06-18,2021-06-21,244.87622075345962,249.34842044965174,0.018263103221830335,9,8881,8890,True,0.6007410838351088,2159
MSFT,b_20_80|both|death_cross,2022-12-01,2022-12-02,2022-12-06,2022-12-07,242.90483392955983,238.0529099537657,-0.0199745879787685,3,9257,9260,True,0.5625866050808314,2165
MSFT,b_20_80|both|death_cross,2023-03-23,2023-03-24,2023-03-27,2023-03-28,270.24101876130743,268.8275985161655,-0.00523022097689152,2,9333,9335,True,0.5530932594644506,2166
MSFT,b_20_80|both|death_cross,2023-09-14,2023-09-15,2023-09-15,2023-09-18,329.82917548465673,320.901090989623,-0.027068813672758485,1,9453,9454,True,0.5371481310567605,2167
MSFT,b_20_80|both|death_cross,2023-10-31,2023-11-01,2023-11-17,2023-11-20,332.6387311841403,364.1447942149405,0.09471555798281117,13,9486,9499,True,0.6120649651972158,2155
MSFT,b_20_80|both|death_cross,2024-02-07,2024-02-08,2024-02-13,2024-02-14,406.15852265638233,401.03272774217567,-0.012620183076998193,4,9553,9557,True,0.5743992606284658,2164
MSFT,b_20_80|both|death_cross,2024-11-26,2024-11-27,2024-12-13,2024-12-16,420.12608556589345,442.02626356510217,0.052127632041009786,12,9756,9768,True,0.6131725417439703,2156
MSFT,b_20_80|both|death_cross,2025-09-30,2025-10-01,2025-10-09,2025-10-10,511.5600762745242,516.3697201998212,0.00940191416094005,7,9965,9972,True,0.5876908838500694,2161
MSFT,b_20_80|both|death_cross,2026-07-20,2026-07-21,2026-07-22,2026-07-23,398.80999755859375,389.9700012207031,-0.022165934635557494,2,10165,10167,True,0.5530932594644506,2166
MSFT,b_20_80|both|death_cross,2026-07-30,2026-07-31,2026-08-12,2026-08-13,450.0,493.2699890136719,0.096155531141493,9,10173,10182,True,0.6007410838351088,2159
META,b_20_80|both|death_cross,2018-01-02,2018-01-03,2018-01-12,2018-01-16,180.2967176457999,179.920024921805,-0.0020892932989213797,8,1415,1423,True,0.5601851851851852,2160
META,b_20_80|both|death_cross,2018-02-01,2018-02-02,2018-02-02,2018-02-05,190.36826980548153,185.30275408797968,-0.026609033756927025,1,1436,1437,True,0.5173050299953853,2167
META,b_20_80|both|death_cross,2018-04-27,2018-04-30,2018-05-15,2018-05-16,172.27715804510706,182.1008567642753,0.05702264206492269,12,1495,1507,True,0.5746753246753247,2156
META,b_20_80|both|death_cross,2019-01-31,2019-02-01,2019-02-11,2019-02-12,164.39634462521155,165.40743510822756,0.006150322170003664,7,1686,1693,True,0.5622397038408145,2161
META,b_20_80|both|death_cross,2019-05-03,2019-05-06,2019-05-06,2019-05-07,189.5752126998016,190.86388707837614,0.006797694488757777,1,1750,1751,True,0.5173050299953853,2167
META,b_20_80|both|death_cross,2019-07-03,2019-07-05,2019-07-17,2019-07-18,194.47222153436704,198.4076601840089,0.02023650791147258,9,1792,1801,True,0.5622973598888374,2159
META,b_20_80|both|death_cross,2019-09-19,2019-09-20,2019-09-23,2019-09-24,189.00026741214742,186.3436074918448,-0.014056381806642149,2,1846,1848,True,0.5240073868882733,2166
META,b_20_80|both|death_cross,2019-10-28,2019-10-29,2019-10-31,2019-11-01,190.02130430737162,191.17120791450583,0.0060514457119722476,3,1873,1876,True,0.5270207852193995,2165
META,b_20_80|both|death_cross,2019-11-01,2019-11-04,2019-11-06,2019-11-07,192.85641455328835,190.23940973863412,-0.013569705839009627,3,1877,1880,True,0.5270207852193995,2165
META,b_20_80|both|death_cross,2019-11-15,2019-11-18,2019-12-02,2019-12-03,192.8663211407008,195.87989806463978,0.01562521079945567,10,1887,1897,True,0.5685820203892493,2158
META,b_20_80|both|death_cross,2020-04-23,2020-04-24,2020-04-28,2020-04-29,181.63496693142514,189.26792646662525,0.04202362388780512,3,1995,1998,True,0.5270207852193995,2165
META,b_20_80|both|death_cross,2020-04-29,2020-04-30,2020-05-12,2020-05-13,205.118731697235,207.60689964991752,0.012130378986328516,9,1999,2008,True,0.5622973598888374,2159
META,b_20_80|both|death_cross,2020-05-19,2020-05-20,2020-05-27,2020-05-28,221.554414532137,222.3474544873753,0.0035794364870271878,5,2013,2018,True,0.5432269995376792,2163
META,b_20_80|both|death_cross,2020-08-20,2020-08-21,2020-09-03,2020-09-04,266.3510064576947,284.7494405794508,0.06907589487437638,10,2078,2088,True,0.5685820203892493,2158
META,b_20_80|both|death_cross,2020-10-21,2020-10-22,2020-10-28,2020-10-29,277.4337102381768,274.1425442091837,-0.011862891593698577,5,2121,2126,True,0.5432269995376792,2163
META,b_20_80|both|death_cross,2020-10-29,2020-10-30,2020-10-30,2020-11-02,272.1103795495679,262.29662424575497,-0.036065347158230066,1,2127,2128,True,0.5173050299953853,2167
META,b_20_80|both|death_cross,2020-11-04,2020-11-05,2020-11-10,2020-11-11,289.35897797355784,271.08946485439094,-0.06313788238786355,4,2131,2135,True,0.5328096118299446,2164
META,b_20_80|both|death_cross,2020-12-07,2020-12-08,2020-12-08,2020-12-09,283.5202173573667,281.190725155916,-0.008216317775019188,1,2153,2154,True,0.5173050299953853,2167
META,b_20_80|both|death_cross,2021-02-10,2021-02-11,2021-02-18,2021-02-19,269.5231973013296,267.5108477745137,-0.007466331458535258,5,2197,2202,True,0.5432269995376792,2163
META,b_20_80|both|death_cross,2021-03-31,2021-04-01,2021-04-13,2021-04-14,295.8023427996799,304.62494221154947,0.029825995725275112,8,2231,2239,True,0.5601851851851852,2160
META,b_20_80|both|death_cross,2021-06-14,2021-06-15,2021-06-16,2021-06-17,334.05644356509714,327.61304327329054,-0.019288358048243914,2,2282,2284,True,0.5240073868882733,2166
META,b_20_80|both|death_cross,2021-09-07,2021-09-08,2021-09-08,2021-09-09,376.8507146056471,374.3526210127369,-0.006628867867543575,1,2341,2342,True,0.5173050299953853,2167
META,b_20_80|both|death_cross,2021-11-15,2021-11-16,2021-11-17,2021-11-18,340.83690901944357,336.76264000698353,-0.011953720106725907,2,2390,2392,True,0.5240073868882733,2166
META,b_20_80|both|death_cross,2021-11-19,2021-11-22,2021-11-22,2021-11-23,346.01146236419726,335.9796078452375,-0.0289928387065993,1,2394,2395,True,0.5173050299953853,2167
META,b_20_80|both|death_cross,2021-12-27,2021-12-28,2021-12-31,2022-01-03,343.6125808087769,335.3550557110125,-0.02403149814342742,4,2418,2422,True,0.5328096118299446,2164
META,b_20_80|both|death_cross,2022-12-14,2022-12-15,2022-12-15,2022-12-16,117.29990833253575,119.1833816073748,0.016056903211719042,1,2662,2663,True,0.5173050299953853,2167
META,b_20_80|both|death_cross,2022-12-21,2022-12-22,2022-12-22,2022-12-23,116.17975407839512,115.01994630067168,-0.009982873409603132,1,2667,2668,True,0.5173050299953853,2167
META,b_20_80|both|death_cross,2022-12-23,2022-12-27,2022-12-27,2022-12-28,116.9034038330725,115.23803081847723,-0.014245718772853522,1,2669,2670,True,0.5173050299953853,2167
META,b_20_80|both|death_cross,2022-12-29,2022-12-30,2023-01-18,2023-01-19,117.13140390629331,131.33665519565676,0.12127619763464836,12,2672,2684,True,0.5746753246753247,2156
META,b_20_80|both|death_cross,2023-09-11,2023-09-12,2023-09-12,2023-09-13,303.6633574024578,299.7278803744034,-0.012959999723768156,1,2846,2847,True,0.5173050299953853,2167
META,b_20_80|both|death_cross,2024-02-07,2024-02-08,2024-02-13,2024-02-14,464.24323169322327,463.8566307551382,-0.0008327551414697432,4,2949,2953,True,0.5328096118299446,2164
META,b_20_80|both|death_cross,2024-02-15,2024-02-16,2024-02-16,2024-02-20,473.94795697120554,465.63101374806274,-0.017548220433932782,1,2955,2956,True,0.5173050299953853,2167
META,b_20_80|both|death_cross,2024-06-26,2024-06-27,2024-06-28,2024-07-01,510.8209300507455,501.58294679281164,-0.01808458251116718,2,3045,3047,True,0.5240073868882733,2166
META,b_20_80|both|death_cross,2024-07-05,2024-07-08,2024-07-11,2024-07-12,538.733549875278,494.44087322434433,-0.08221629534894903,4,3051,3055,True,0.5328096118299446,2164
META,b_20_80|both|death_cross,2025-01-21,2025-01-22,2025-01-31,2025-02-03,620.2343211513619,672.5855459885331,0.08440555940211425,8,3187,3195,True,0.5601851851851852,2160
META,b_20_80|both|death_cross,2025-07-31,2025-08-01,2025-08-14,2025-08-15,758.2448261685668,781.5884278136772,0.030786364561254276,10,3319,3329,True,0.5685820203892493,2158
META,b_20_80|both|death_cross,2025-12-23,2025-12-24,2026-01-02,2026-01-05,661.3503083186049,649.8508280292294,-0.01738788074146569,6,3420,3426,True,0.5518038852913969,2162
AMD,b_20_80|both|death_cross,2018-01-18,2018-01-19,2018-01-25,2018-01-26,12.5600004196167,12.699999809265137,0.011146447848025653,5,9544,9549,True,0.5552473416551087,2163
AMD,b_20_80|both|death_cross,2018-01-26,2018-01-29,2018-01-30,2018-01-31,13.130000114440918,13.239999771118164,0.008377734632025069,2,9550,9552,True,0.5207756232686981,2166
AMD,b_20_80|both|death_cross,2018-01-31,2018-02-01,2018-02-01,2018-02-02,13.619999885559082,13.050000190734863,-0.041850198209514966,1,9553,9554,True,0.5265343793262575,2167
AMD,b_20_80|both|death_cross,2018-07-26,2018-07-27,2018-08-01,2018-08-02,19.06999969482422,18.170000076293945,-0.047194527159564736,4,9675,9679,True,0.5485212569316081,2164
AMD,b_20_80|both|death_cross,2018-08-02,2018-08-03,2018-08-03,2018-08-06,18.940000534057617,18.889999389648438,-0.0026399758711341814,1,9680,9681,True,0.5265343793262575,2167
AMD,b_20_80|both|death_cross,2018-08-06,2018-08-07,2018-08-09,2018-08-10,19.530000686645508,19.09000015258789,-0.022529468437678335,3,9682,9685,True,0.5394919168591225,2165
AMD,b_20_80|both|death_cross,2018-08-13,2018-08-14,2018-08-16,2018-08-17,19.969999313354492,19.1200008392334,-0.04256377082360119,3,9687,9690,True,0.5394919168591225,2165
AMD,b_20_80|both|death_cross,2019-01-24,2019-01-25,2019-01-28,2019-01-29,20.989999771118164,20.260000228881836,-0.0347784445067405,2,9799,9801,True,0.5207756232686981,2166
AMD,b_20_80|both|death_cross,2019-01-30,2019-01-31,2019-02-07,2019-02-08,23.020000457763672,22.329999923706055,-0.0299739583117562,6,9803,9809,True,0.5559666975023126,2162
AMD,b_20_80|both|death_cross,2019-04-03,2019-04-04,2019-04-09,2019-04-10,28.8799991607666,27.459999084472656,-0.04916897913982665,4,9847,9851,True,0.5485212569316081,2164
AMD,b_20_80|both|death_cross,2019-05-28,2019-05-29,2019-05-31,2019-06-03,29.0,28.75,-0.008620689655172376,3,9884,9887,True,0.5394919168591225,2165
AMD,b_20_80|both|death_cross,2019-06-04,2019-06-05,2019-06-12,2019-06-13,29.93000030517578,32.38999938964844,0.08219174939491225,6,9889,9895,True,0.5559666975023126,2162
AMD,b_20_80|both|death_cross,2020-07-20,2020-07-21,2020-08-10,2020-08-11,57.810001373291016,80.70999908447266,0.39612518884598646,15,10173,10188,True,0.5471435206688342,2153
AMD,b_20_80|both|death_cross,2020-11-19,2020-11-20,2020-12-03,2020-12-04,85.27999877929688,92.58000183105469,0.08560041224496362,9,10260,10269,True,0.554886521537749,2159
AMD,b_20_80|both|death_cross,2020-12-15,2020-12-16,2020-12-21,2020-12-22,97.04000091552734,93.36000061035156,-0.037922508970081314,4,10277,10281,True,0.5485212569316081,2164
AMD,b_20_80|both|death_cross,2021-06-17,2021-06-18,2021-07-07,2021-07-08,84.27999877929688,87.86000061035156,0.04247747843980876,13,10403,10416,True,0.5517401392111368,2155
AMD,b_20_80|both|death_cross,2021-11-02,2021-11-03,2021-11-10,2021-11-11,127.75,142.9600067138672,0.11906071791676864,6,10499,10505,True,0.5559666975023126,2162
AMD,b_20_80|both|death_cross,2021-11-16,2021-11-17,2021-11-22,2021-11-23,151.97999572753906,150.41000366210938,-0.01033025470170612,4,10509,10513,True,0.5485212569316081,2164
AMD,b_20_80|both|death_cross,2021-11-29,2021-11-30,2021-12-01,2021-12-02,163.27999877929688,147.67999267578125,-0.09554143936883486,2,10517,10519,True,0.5207756232686981,2166
AMD,b_20_80|both|death_cross,2022-05-27,2022-05-31,2022-06-08,2022-06-09,102.43000030517578,101.56999969482422,-0.008395983674600371,7,10642,10649,True,0.5594632114761684,2161
AMD,b_20_80|both|death_cross,2022-11-30,2022-12-01,2022-12-02,2022-12-05,78.30999755859375,74.54000091552734,-0.04814195837824653,2,10770,10772,True,0.5207756232686981,2166
AMD,b_20_80|both|death_cross,2023-03-14,2023-03-15,2023-03-24,2023-03-27,86.7699966430664,98.0199966430664,0.12965311092816512,8,10840,10848,True,0.55,2160
AMD,b_20_80|both|death_cross,2023-06-12,2023-06-13,2023-06-15,2023-06-16,132.32000732421875,125.81999969482422,-0.04912339230353735,3,10902,10905,True,0.5394919168591225,2165
AMD,b_20_80|both|death_cross,2023-12-26,2023-12-27,2024-01-02,2024-01-03,144.72000122070312,135.7100067138672,-0.06225811519373459,4,11038,11042,True,0.5485212569316081,2164
AMD,b_20_80|both|death_cross,2024-05-28,2024-05-29,2024-05-29,2024-05-30,167.4600067138672,167.89999389648438,0.0026274164873825168,1,11143,11144,True,0.5265343793262575,2167
AMD,b_20_80|both|death_cross,2024-06-07,2024-06-10,2024-06-10,2024-06-11,162.47999572753906,160.5,-0.012186089239313525,1,11151,11152,True,0.5265343793262575,2167
AMD,b_20_80|both|death_cross,2024-10-04,2024-10-07,2024-10-10,2024-10-11,171.0800018310547,164.19000244140625,-0.04027355223232032,4,11233,11237,True,0.5485212569316081,2164
AMD,b_20_80|both|death_cross,2025-06-17,2025-06-18,2025-06-30,2025-07-01,128.00999450683594,138.77000427246094,0.08405601302522037,8,11407,11415,True,0.55,2160
AMD,b_20_80|both|death_cross,2026-04-02,2026-04-06,2026-04-20,2026-04-21,219.27999877929688,277.3299865722656,0.2647299713431479,11,11606,11617,True,0.5535465924895688,2157
AMAT,b_20_80|both|death_cross,2018-01-17,2018-01-18,2018-01-25,2018-01-26,51.69364507672127,51.3930424652399,-0.005815078643326976,6,9543,9549,True,0.5587419056429233,2162
AMAT,b_20_80|both|death_cross,2019-01-18,2019-01-22,2019-01-22,2019-01-23,32.69175935083472,32.12714901682771,-0.017270723424452128,1,9796,9797,True,0.5366866635902169,2167
AMAT,b_20_80|both|death_cross,2019-01-24,2019-01-25,2019-02-05,2019-02-06,35.66290433114518,36.36634300056458,0.0197246601927783,8,9799,9807,True,0.5638888888888889,2160
AMAT,b_20_80|both|death_cross,2019-02-12,2019-02-13,2019-02-15,2019-02-19,37.91208364707256,36.0979232807096,-0.0478517715684309,3,9812,9815,True,0.5482678983833719,2165
AMAT,b_20_80|both|death_cross,2019-04-01,2019-04-02,2019-04-11,2019-04-12,38.14321279393014,40.00386190388259,0.04878060796830774,8,9845,9853,True,0.5638888888888889,2160
AMAT,b_20_80|both|death_cross,2019-04-12,2019-04-15,2019-04-15,2019-04-16,39.77128357286465,40.096884672467,0.008186839104798338,1,9854,9855,True,0.5366866635902169,2167
AMAT,b_20_80|both|death_cross,2019-04-16,2019-04-17,2019-04-22,2019-04-23,41.25979558187482,40.74811559748918,-0.012401418309750833,3,9856,9859,True,0.5482678983833719,2165
AMAT,b_20_80|both|death_cross,2019-06-20,2019-06-21,2019-06-25,2019-06-26,40.11494848723812,40.208456565498125,0.002331003323854608,3,9901,9904,True,0.5482678983833719,2165
AMAT,b_20_80|both|death_cross,2019-06-26,2019-06-27,2019-07-02,2019-07-03,41.04067845394226,41.62978629260647,0.014354242202046619,4,9905,9909,True,0.5494454713493531,2164
AMAT,b_20_80|both|death_cross,2019-07-12,2019-07-15,2019-07-26,2019-07-29,43.808515874168386,47.184150049633686,0.07705429202763159,10,9916,9926,True,0.5732159406858202,2158
AMAT,b_20_80|both|death_cross,2019-09-26,2019-09-27,2019-09-27,2019-09-30,48.017078610213495,46.73025810133884,-0.026799225319820708,1,9969,9970,True,0.5366866635902169,2167
AMAT,b_20_80|both|death_cross,2019-10-21,2019-10-22,2019-10-22,2019-10-23,49.454212395267476,48.17678093604794,-0.025830589495785428,1,9986,9987,True,0.5366866635902169,2167
AMAT,b_20_80|both|death_cross,2019-10-24,2019-10-25,2019-10-31,2019-11-01,51.56765977742452,51.59583359510895,0.0005463466406276929,5,9989,9994,True,0.559408229311142,2163
AMAT,b_20_80|both|death_cross,2019-11-04,2019-11-05,2019-11-05,2019-11-06,52.685419256556386,52.22516479856356,-0.008735898176145729,1,9996,9997,True,0.5366866635902169,2167
AMAT,b_20_80|both|death_cross,2019-11-11,2019-11-12,2019-11-19,2019-11-20,53.54018846579389,56.58124590622652,0.0567995281222351,6,10001,10007,True,0.5587419056429233,2162
AMAT,b_20_80|both|death_cross,2020-04-29,2020-04-30,2020-04-30,2020-05-01,50.53802890682692,45.46059337791674,-0.10046762089338834,1,10117,10118,True,0.5366866635902169,2167
AMAT,b_20_80|both|death_cross,2020-06-03,2020-06-04,2020-06-11,2020-06-12,54.261108054544685,54.593357356588136,0.006123157339681828,6,10141,10147,True,0.5587419056429233,2162
AMAT,b_20_80|both|death_cross,2020-08-12,2020-08-13,2020-08-13,2020-08-14,62.99452891409176,63.97228940437694,0.015521355697708072,1,10190,10191,True,0.5366866635902169,2167
AMAT,b_20_80|both|death_cross,2020-10-07,2020-10-08,2020-10-15,2020-10-16,58.765480214001755,60.727506490943064,0.033387394603027865,6,10229,10235,True,0.5587419056429233,2162
AMAT,b_20_80|both|death_cross,2020-11-13,2020-11-16,2020-12-09,2020-12-10,69.49947528657354,83.10803635928659,0.1958081124583979,17,10256,10273,True,0.5853091585309158,2151
AMAT,b_20_80|both|death_cross,2021-02-24,2021-02-25,2021-02-25,2021-02-26,115.96910414919947,111.52825206639034,-0.03829340681200555,1,10324,10325,True,0.5366866635902169,2167
AMAT,b_20_80|both|death_cross,2021-03-01,2021-03-02,2021-03-02,2021-03-03,116.61033258841155,113.20315122818388,-0.029218520216846233,1,10327,10328,True,0.5366866635902169,2167
AMAT,b_20_80|both|death_cross,2021-03-26,2021-03-29,2021-04-07,2021-04-08,121.58715462409884,134.57467158124302,0.10681652183815493,7,10346,10353,True,0.5668671911152244,2161
AMAT,b_20_80|both|death_cross,2021-06-14,2021-06-15,2021-06-17,2021-06-18,133.3910579990058,129.6711171130412,-0.027887483177413075,3,10400,10403,True,0.5482678983833719,2165
AMAT,b_20_80|both|death_cross,2021-09-13,2021-09-14,2021-09-20,2021-09-21,132.65536976695424,131.7140455297475,-0.007096013066492768,5,10463,10468,True,0.559408229311142,2163
AMAT,b_20_80|both|death_cross,2021-09-24,2021-09-27,2021-09-28,2021-09-29,134.08647823131733,127.55506593573845,-0.048710447031887205,2,10472,10474,True,0.5429362880886427,2166
AMAT,b_20_80|both|death_cross,2021-11-01,2021-11-02,2021-11-10,2021-11-11,133.99044929086776,146.21762940870775,0.09125411686094953,7,10498,10505,True,0.5668671911152244,2161
AMAT,b_20_80|both|death_cross,2022-08-12,2022-08-15,2022-08-17,2022-08-18,106.08291043581602,103.06853600984756,-0.028415268902263535,3,10694,10697,True,0.5482678983833719,2165
AMAT,b_20_80|both|death_cross,2023-01-23,2023-01-24,2023-01-27,2023-01-30,110.17663534604158,107.4773286124916,-0.024499810917913978,4,10805,10809,True,0.5494454713493531,2164
AMAT,b_20_80|both|death_cross,2023-02-01,2023-02-02,2023-02-06,2023-02-07,116.81811347602961,113.98286637083699,-0.02427061198667957,3,10812,10815,True,0.5482678983833719,2165
AMAT,b_20_80|both|death_cross,2023-03-14,2023-03-15,2023-03-22,2023-03-23,115.34959241295795,118.02600377380567,0.0232026078710883,6,10840,10846,True,0.5587419056429233,2162
AMAT,b_20_80|both|death_cross,2023-05-26,2023-05-30,2023-06-05,2023-06-06,134.65461955708062,128.2145901228667,-0.04782627922753124,5,10892,10897,True,0.559408229311142,2163
AMAT,b_20_80|both|death_cross,2023-06-12,2023-06-13,2023-06-16,2023-06-20,138.0697588951943,135.73771153492385,-0.01689035585294718,4,10902,10906,True,0.5494454713493531,2164
AMAT,b_20_80|both|death_cross,2023-08-07,2023-08-08,2023-08-08,2023-08-09,144.55852628620397,144.39268240175872,-0.0011472438790425254,1,10940,10941,True,0.5366866635902169,2167
AMAT,b_20_80|both|death_cross,2023-12-21,2023-12-22,2023-12-22,2023-12-26,158.3640676684224,159.05005457776497,0.004331708066370732,1,11036,11037,True,0.5366866635902169,2167
AMAT,b_20_80|both|death_cross,2024-02-07,2024-02-08,2024-02-20,2024-02-21,166.586074986201,184.46913698491477,0.10735028122965917,8,11067,11075,True,0.5638888888888889,2160
AMAT,b_20_80|both|death_cross,2024-02-26,2024-02-27,2024-02-28,2024-02-29,199.98878452096162,196.23895151790293,-0.018750216478592874,2,11079,11081,True,0.5429362880886427,2166
AMAT,b_20_80|both|death_cross,2024-10-09,2024-10-10,2024-10-15,2024-10-16,198.0672032950728,190.38177813297716,-0.03880210875016088,4,11236,11240,True,0.5494454713493531,2164
AMAT,b_20_80|both|death_cross,2025-01-15,2025-01-16,2025-01-24,2025-01-27,183.50128700905498,177.3286002228938,-0.0336383841594341,6,11302,11308,True,0.5587419056429233,2162
AMAT,b_20_80|both|death_cross,2025-06-24,2025-06-25,2025-07-09,2025-07-10,179.79108326558182,196.55809504847167,0.09325830557526671,10,11411,11421,True,0.5732159406858202,2158
AMAT,b_20_80|both|death_cross,2025-10-15,2025-10-16,2025-10-22,2025-10-23,229.5767899616725,217.42097737006452,-0.05294878717329121,5,11490,11495,True,0.559408229311142,2163
AMAT,b_20_80|both|death_cross,2026-01-27,2026-01-28,2026-01-30,2026-02-02,341.0800500072224,319.8031098859338,-0.06238107482638766,3,11560,11563,True,0.5482678983833719,2165
AMAT,b_20_80|both|death_cross,2026-04-24,2026-04-27,2026-04-27,2026-04-28,415.4834826975592,385.52072274237497,-0.07211540579338716,1,11621,11622,True,0.5366866635902169,2167
AMAT,b_20_80|both|death_cross,2026-06-11,2026-06-12,2026-06-23,2026-06-24,548.6199951171875,585.239990234375,0.06674928993312634,7,11654,11661,True,0.5668671911152244,2161
AMAT,b_20_80|both|death_cross,2026-06-29,2026-06-30,2026-07-01,2026-07-02,697.5,656.6900024414062,-0.058508957073252654,2,11665,11667,True,0.5429362880886427,2166
AMZN,b_20_80|both|death_cross,2018-04-30,2018-05-01,2018-05-15,2018-05-16,78.16100311279297,78.875,0.009134950407131637,11,5274,5285,True,0.579044969865554,2157
AMZN,b_20_80|both|death_cross,2018-07-25,2018-07-26,2018-07-26,2018-07-27,91.94999694824219,93.80249786376953,0.020146829548782996,1,5334,5335,True,0.5242270419935394,2167
AMZN,b_20_80|both|death_cross,2019-01-31,2019-02-01,2019-02-01,2019-02-04,81.94400024414062,81.1500015258789,-0.009689528408377779,1,5464,5465,True,0.5242270419935394,2167
AMZN,b_20_80|both|death_cross,2019-03-12,2019-03-13,2019-03-22,2019-03-25,84.1500015258789,87.8895034790039,0.04443852507804147,8,5491,5499,True,0.5717592592592593,2160
AMZN,b_20_80|both|death_cross,2019-04-01,2019-04-02,2019-04-12,2019-04-15,90.5510025024414,92.0999984741211,0.0171063370793485,9,5505,5514,True,0.5724872626215841,2159
AMZN,b_20_80|both|death_cross,2019-07-02,2019-07-03,2019-07-12,2019-07-15,96.79450225830078,101.06999969482422,0.044170870625627856,7,5569,5576,True,0.5552984729291994,2161
AMZN,b_20_80|both|death_cross,2019-10-30,2019-10-31,2019-11-07,2019-11-08,88.79949951171875,89.39450073242188,0.0067005019620025585,6,5653,5659,True,0.5518038852913969,2162
AMZN,b_20_80|both|death_cross,2020-01-02,2020-01-03,2020-01-10,2020-01-13,93.2249984741211,94.56549835205078,0.014379189057340813,6,5696,5702,True,0.5518038852913969,2162
AMZN,b_20_80|both|death_cross,2020-04-06,2020-04-07,2020-04-20,2020-04-21,100.85549926757812,120.83049774169922,0.19805562035963686,9,5761,5770,True,0.5724872626215841,2159
AMZN,b_20_80|both|death_cross,2020-04-30,2020-05-01,2020-05-01,2020-05-04,116.83999633789062,112.81900024414062,-0.03441455169274099,1,5778,5779,True,0.5242270419935394,2167
AMZN,b_20_80|both|death_cross,2020-06-18,2020-06-19,2020-06-26,2020-06-29,133.9040069580078,134.50050354003906,0.004454658195690131,6,5812,5818,True,0.5518038852913969,2162
AMZN,b_20_80|both|death_cross,2020-07-01,2020-07-02,2020-07-13,2020-07-14,145.60049438476562,154.4499969482422,0.0607793441970792,7,5821,5828,True,0.5552984729291994,2161
AMZN,b_20_80|both|death_cross,2020-12-28,2020-12-29,2020-12-31,2021-01-04,165.4969940185547,163.5,-0.012066648282027415,3,5945,5948,True,0.538568129330254,2165
AMZN,b_20_80|both|death_cross,2021-02-01,2021-02-02,2021-02-03,2021-02-04,169.0,166.5,-0.014792899408283988,2,5968,5970,True,0.5304709141274239,2166
AMZN,b_20_80|both|death_cross,2021-04-27,2021-04-28,2021-05-03,2021-05-04,171.74000549316406,167.8094940185547,-0.0228864058978141,4,6027,6031,True,0.5277264325323475,2164
AMZN,b_20_80|both|death_cross,2021-07-02,2021-07-06,2021-07-14,2021-07-15,176.5054931640625,184.7100067138672,0.046483049352909145,7,6074,6081,True,0.5552984729291994,2161
AMZN,b_20_80|both|death_cross,2021-10-28,2021-10-29,2021-10-29,2021-11-01,165.00100708007812,168.08999633789062,0.018721032752929467,1,6156,6157,True,0.5242270419935394,2167
AMZN,b_20_80|both|death_cross,2021-11-04,2021-11-05,2021-11-11,2021-11-12,173.85000610351562,174.25,0.002300798863626108,5,6161,6166,True,0.5496994914470643,2163
AMZN,b_20_80|both|death_cross,2021-11-12,2021-11-15,2021-11-17,2021-11-18,176.85000610351562,178.3175048828125,0.008297985460276935,3,6167,6170,True,0.538568129330254,2165
AMZN,b_20_80|both|death_cross,2021-11-18,2021-11-19,2021-11-22,2021-11-23,185.63450622558594,179.2519989013672,-0.03438211706428451,2,6171,6173,True,0.5304709141274239,2166
AMZN,b_20_80|both|death_cross,2022-07-29,2022-08-01,2022-08-09,2022-08-10,134.9600067138672,142.89999389648438,0.058832148693138464,7,6344,6351,True,0.5552984729291994,2161
AMZN,b_20_80|both|death_cross,2023-03-30,2023-03-31,2023-04-06,2023-04-10,102.16000366210938,100.95999908447266,-0.011746324731992885,5,6512,6517,True,0.5496994914470643,2163
AMZN,b_20_80|both|death_cross,2023-04-27,2023-04-28,2023-04-28,2023-05-01,107.7300033569336,104.94999694824219,-0.02580531255977614,1,6531,6532,True,0.5242270419935394,2167
AMZN,b_20_80|both|death_cross,2023-05-26,2023-05-30,2023-06-07,2023-06-08,122.37000274658203,123.01000213623047,0.005230034937351524,7,6552,6559,True,0.5552984729291994,2161
AMZN,b_20_80|both|death_cross,2023-06-13,2023-06-14,2023-06-16,2023-06-20,126.69999694824219,124.97000122070312,-0.013654268107407885,3,6563,6566,True,0.538568129330254,2165
AMZN,b_20_80|both|death_cross,2023-08-04,2023-08-07,2023-08-16,2023-08-17,140.99000549316406,135.4600067138672,-0.03922262971728874,8,6599,6607,True,0.5717592592592593,2160
AMZN,b_20_80|both|death_cross,2023-11-22,2023-11-24,2023-11-29,2023-11-30,146.6999969482422,144.75999450683594,-0.013224284129267683,4,6676,6680,True,0.5277264325323475,2164
AMZN,b_20_80|both|death_cross,2024-02-02,2024-02-05,2024-02-13,2024-02-14,170.1999969482422,169.2100067138672,-0.005816628978413285,7,6724,6731,True,0.5552984729291994,2161
AMZN,b_20_80|both|death_cross,2024-04-05,2024-04-08,2024-04-12,2024-04-15,186.89999389648438,187.42999267578125,0.0028357345992766625,5,6767,6772,True,0.5496994914470643,2163
AMZN,b_20_80|both|death_cross,2024-06-21,2024-06-24,2024-06-24,2024-06-25,189.3300018310547,186.80999755859375,-0.013310115925048271,1,6820,6821,True,0.5242270419935394,2167
AMZN,b_20_80|both|death_cross,2024-06-26,2024-06-27,2024-07-11,2024-07-12,195.00999450683594,194.8000030517578,-0.0010768240653982186,10,6823,6833,True,0.5713623725671918,2158
AMZN,b_20_80|both|death_cross,2024-10-29,2024-10-30,2024-10-31,2024-11-01,194.6999969482422,199.0,0.022085275393717074,2,6910,6912,True,0.5304709141274239,2166
AMZN,b_20_80|both|death_cross,2024-11-01,2024-11-04,2024-11-15,2024-11-18,196.4499969482422,204.14999389648438,0.03919570917718507,10,6913,6923,True,0.5713623725671918,2158
AMZN,b_20_80|both|death_cross,2025-05-28,2025-05-29,2025-06-12,2025-06-13,208.02999877929688,209.9600067138672,0.00927754624763466,11,7053,7064,True,0.579044969865554,2157
AMZN,b_20_80|both|death_cross,2025-07-11,2025-07-14,2025-07-16,2025-07-17,225.07000732421875,223.32000732421875,-0.007775358524243936,3,7083,7086,True,0.538568129330254,2165
AMZN,b_20_80|both|death_cross,2025-08-26,2025-08-27,2025-09-02,2025-09-03,228.57000732421875,225.2100067138672,-0.014700094074834191,4,7115,7119,True,0.5277264325323475,2164
AMZN,b_20_80|both|death_cross,2025-09-04,2025-09-05,2025-09-10,2025-09-11,235.19000244140625,231.49000549316406,-0.015731948253897343,4,7121,7125,True,0.5277264325323475,2164
AMZN,b_20_80|both|death_cross,2026-01-06,2026-01-07,2026-01-14,2026-01-15,239.61000061035156,239.30999755859375,-0.001252047289318603,6,7206,7212,True,0.5518038852913969,2162
AVGO,b_20_80|both|death_cross,2018-05-25,2018-05-29,2018-06-08,2018-06-11,19.892162075974785,20.629798445308893,0.03708175946469927,9,2217,2226,True,0.5900880037054191,2159
AVGO,b_20_80|both|death_cross,2018-11-26,2018-11-27,2018-12-04,2018-12-06,19.080090980646847,18.480518590807748,-0.03142397960508958,6,2344,2350,True,0.5675300647548566,2162
AVGO,b_20_80|both|death_cross,2018-12-10,2018-12-11,2018-12-19,2018-12-20,19.88714221248732,20.17429415882355,0.014439075422104874,7,2353,2360,True,0.5728829245719574,2161
AVGO,b_20_80|both|death_cross,2018-12-28,2018-12-31,2019-01-03,2019-01-04,21.282895123799364,19.33975805278961,-0.0913004109500527,3,2366,2369,True,0.5505773672055427,2165
AVGO,b_20_80|both|death_cross,2019-02-12,2019-02-13,2019-02-21,2019-02-22,23.112943759250456,23.108817325360086,-0.00017853346303919881,6,2396,2402,True,0.5675300647548566,2162
AVGO,b_20_80|both|death_cross,2019-07-15,2019-07-16,2019-07-31,2019-08-01,24.130717709533222,24.310650419280524,0.007456583426700858,12,2501,2513,True,0.6196660482374768,2156
AVGO,b_20_80|both|death_cross,2019-10-28,2019-10-29,2019-11-07,2019-11-08,24.801644128160422,26.29425883713685,0.060182087173877186,8,2575,2583,True,0.5828703703703704,2160
AVGO,b_20_80|both|death_cross,2020-02-06,2020-02-07,2020-02-18,2020-02-19,27.284897007695655,26.828896043138954,-0.016712577820179653,7,2644,2651,True,0.5728829245719574,2161
AVGO,b_20_80|both|death_cross,2020-04-24,2020-04-27,2020-05-01,2020-05-04,23.043995250535353,22.595931092922694,-0.01944385740151766,5,2698,2703,True,0.5672676837725381,2163
AVGO,b_20_80|both|death_cross,2020-05-08,2020-05-11,2020-05-13,2020-05-14,23.830291082833355,22.748484136062466,-0.04539629595839023,3,2708,2711,True,0.5505773672055427,2165
AVGO,b_20_80|both|death_cross,2020-08-24,2020-08-25,2020-09-03,2020-09-04,29.503578364149153,31.79075987847247,0.07752217327992161,8,2782,2790,True,0.5828703703703704,2160
AVGO,b_20_80|both|death_cross,2020-09-16,2020-09-17,2020-09-18,2020-09-21,31.26497619515004,31.106544263442952,-0.0050673933259436366,2,2798,2800,True,0.5512465373961218,2166
AVGO,b_20_80|both|death_cross,2020-11-16,2020-11-17,2020-12-03,2020-12-04,33.65276563038605,35.762614551969214,0.06269466660648315,12,2841,2853,True,0.6196660482374768,2156
AVGO,b_20_80|both|death_cross,2020-12-16,2020-12-17,2020-12-29,2020-12-30,37.90446187501228,38.69082956465667,0.020746045471833563,8,2862,2870,True,0.5828703703703704,2160
AVGO,b_20_80|both|death_cross,2021-03-26,2021-03-29,2021-03-30,2021-03-31,43.39509822358194,41.462018279149554,-0.044546043759889575,2,2930,2932,True,0.5512465373961218,2166
AVGO,b_20_80|both|death_cross,2021-04-01,2021-04-05,2021-04-14,2021-04-15,43.38606729760834,43.50711511499442,0.0027900158950970866,8,2934,2942,True,0.5828703703703704,2160
AVGO,b_20_80|both|death_cross,2021-06-14,2021-06-15,2021-06-16,2021-06-17,43.048223745882886,41.99315954289329,-0.024508890522817572,2,2984,2986,True,0.5512465373961218,2166
AVGO,b_20_80|both|death_cross,2021-06-17,2021-06-18,2021-06-18,2021-06-21,42.20905844289026,41.984124789907874,-0.005329037445521934,1,2987,2988,True,0.5343793262574988,2167
AVGO,b_20_80|both|death_cross,2021-06-28,2021-06-29,2021-07-02,2021-07-06,43.00375169273494,42.82441262025685,-0.004170312249951569,4,2994,2998,True,0.5591497227356746,2164
AVGO,b_20_80|both|death_cross,2021-07-06,2021-07-07,2021-07-07,2021-07-08,43.243179280621554,42.27998921404603,-0.02227380323553485,1,2999,3000,True,0.5343793262574988,2167
AVGO,b_20_80|both|death_cross,2021-07-09,2021-07-12,2021-07-14,2021-07-15,43.818547210184136,43.996980442397316,0.004072093749646566,3,3002,3005,True,0.5505773672055427,2165
AVGO,b_20_80|both|death_cross,2021-09-14,2021-09-15,2021-09-20,2021-09-21,45.71214408647546,45.25573387136607,-0.009984441207701478,4,3048,3052,True,0.5591497227356746,2164
AVGO,b_20_80|both|death_cross,2021-09-23,2021-09-24,2021-09-28,2021-09-29,46.06090942933481,45.26857172819581,-0.017201955214422693,3,3055,3058,True,0.5505773672055427,2165
AVGO,b_20_80|both|death_cross,2022-03-16,2022-03-17,2022-03-30,2022-03-31,55.81088554577978,58.58181911391033,0.049648622146617694,10,3175,3185,True,0.6000926784059314,2158
AVGO,b_20_80|both|death_cross,2022-11-30,2022-12-01,2022-12-05,2022-12-06,52.05695820484921,50.13162176915732,-0.03698518895621028,3,3354,3357,True,0.5505773672055427,2165
AVGO,b_20_80|both|death_cross,2023-02-01,2023-02-02,2023-02-03,2023-02-06,57.8830413420408,56.521782161003735,-0.023517409408278178,2,3396,3398,True,0.5512465373961218,2166
AVGO,b_20_80|both|death_cross,2023-02-07,2023-02-08,2023-02-08,2023-02-09,57.792548935166344,58.35649057128723,0.009758033630832497,1,3400,3401,True,0.5343793262574988,2167
AVGO,b_20_80|both|death_cross,2023-03-14,2023-03-15,2023-03-15,2023-03-16,59.79205623953019,59.237648797639615,-0.00927225917218144,1,3424,3425,True,0.5343793262574988,2167
AVGO,b_20_80|both|death_cross,2023-03-16,2023-03-17,2023-03-22,2023-03-23,60.63320964254814,61.29989132901594,0.010995322371982308,4,3426,3430,True,0.5591497227356746,2164
AVGO,b_20_80|both|death_cross,2023-03-23,2023-03-24,2023-03-24,2023-03-27,61.21642038164777,61.30949455546429,0.001520411896616336,1,3431,3432,True,0.5343793262574988,2167
AVGO,b_20_80|both|death_cross,2023-06-12,2023-06-13,2023-06-21,2023-06-22,82.62196356514367,81.5149669372015,-0.013398333568644283,6,3486,3492,True,0.5675300647548566,2162
AVGO,b_20_80|both|death_cross,2024-04-11,2024-04-12,2024-04-15,2024-04-16,132.2851831414816,128.70117985905543,-0.027093006165271105,2,3695,3697,True,0.5512465373961218,2166
AVGO,b_20_80|both|death_cross,2024-10-07,2024-10-08,2024-10-15,2024-10-16,172.74811476003833,175.79104693948779,0.017614850290414763,6,3818,3824,True,0.5675300647548566,2162
AVGO,b_20_80|both|death_cross,2024-12-24,2024-12-26,2024-12-30,2024-12-31,236.9777448422762,232.9096200594737,-0.017166695486574457,3,3873,3876,True,0.5505773672055427,2165
AVGO,b_20_80|both|death_cross,2025-10-27,2025-10-28,2025-11-03,2025-11-04,360.59915286022726,356.52198503236366,-0.011306648380962736,5,4082,4087,True,0.5672676837725381,2163
AVGO,b_20_80|both|death_cross,2025-11-24,2025-11-25,2025-12-03,2025-12-04,382.78479805141666,378.5584996226792,-0.011040925476276997,6,4102,4108,True,0.5675300647548566,2162
AVGO,b_20_80|both|death_cross,2025-12-08,2025-12-09,2025-12-12,2025-12-15,396.5277986633077,359.8732264357258,-0.09243884628302013,4,4111,4115,True,0.5591497227356746,2164
DELL,b_20_80|both|death_cross,2018-01-03,2018-01-04,2018-01-16,2018-01-17,21.26453103871781,22.133879172066226,0.040882544353578076,8,348,356,True,0.6143518518518518,2160
DELL,b_20_80|both|death_cross,2018-11-28,2018-11-29,2018-12-03,2018-12-04,26.92420141727073,26.768689798647987,-0.005775904592772441,3,576,579,True,0.5658198614318707,2165
DELL,b_20_80|both|death_cross,2019-07-31,2019-08-01,2019-08-02,2019-08-05,26.676815977669225,23.48609669025302,-0.11960645116295399,2,743,745,True,0.5475530932594644,2166
DELL,b_20_80|both|death_cross,2019-11-19,2019-11-20,2019-11-20,2019-11-21,25.70072779793709,25.43367947547543,-0.010390691055959023,1,821,822,True,0.543608675588371,2167
DELL,b_20_80|both|death_cross,2020-01-02,2020-01-03,2020-01-03,2020-01-06,23.665663765716115,23.062508691021073,-0.025486505709965246,1,850,851,True,0.543608675588371,2167
DELL,b_20_80|both|death_cross,2020-04-27,2020-04-28,2020-05-04,2020-05-05,18.87267548313379,18.877276005848934,0.00024376632339473403,5,929,934,True,0.5829865926953306,2163
DELL,b_20_80|both|death_cross,2020-05-08,2020-05-11,2020-05-13,2020-05-14,19.917828040140005,18.490525172385475,-0.07165956372743632,3,938,941,True,0.5658198614318707,2165
DELL,b_20_80|both|death_cross,2020-05-18,2020-05-19,2020-06-09,2020-06-10,20.069772821287707,23.053299362621484,0.1486577136622691,15,944,959,True,0.6316767301439852,2153
DELL,b_20_80|both|death_cross,2020-07-16,2020-07-17,2020-07-28,2020-07-29,27.054365205643485,27.36284435853438,0.011402195192757647,8,985,993,True,0.6143518518518518,2160
DELL,b_20_80|both|death_cross,2020-09-14,2020-09-15,2020-09-18,2020-09-21,31.078449019222877,29.821492608003314,-0.04044463127622944,4,1026,1030,True,0.5670055452865065,2164
DELL,b_20_80|both|death_cross,2021-02-24,2021-02-25,2021-02-25,2021-02-26,37.2941357614438,37.14680040248551,-0.003950630734567362,1,1138,1139,True,0.543608675588371,2167
DELL,b_20_80|both|death_cross,2021-03-01,2021-03-02,2021-03-18,2021-03-19,38.214981098181084,40.38816369407695,0.05686729480024,13,1141,1154,True,0.6176334106728538,2155
DELL,b_20_80|both|death_cross,2021-08-23,2021-08-24,2021-08-27,2021-08-30,46.5025599382189,44.91870774991012,-0.03405946232665502,4,1263,1267,True,0.5670055452865065,2164
DELL,b_20_80|both|death_cross,2021-09-24,2021-09-27,2021-10-06,2021-10-07,47.62138883782564,48.873733781464,0.026297950862021358,8,1286,1294,True,0.6143518518518518,2160
DELL,b_20_80|both|death_cross,2022-01-10,2022-01-11,2022-01-18,2022-01-19,54.50468197897757,54.50469156434577,1.7586320755214047e-07,5,1360,1365,True,0.5829865926953306,2163
DELL,b_20_80|both|death_cross,2022-08-10,2022-08-11,2022-08-19,2022-08-22,43.705667949887626,43.30926698429005,-0.009069783947749932,7,1506,1513,True,0.6062008329477094,2161
DELL,b_20_80|both|death_cross,2022-11-07,2022-11-08,2022-11-09,2022-11-10,37.389299834222314,38.189773863413734,0.021409174088324212,2,1568,1570,True,0.5475530932594644,2166
DELL,b_20_80|both|death_cross,2022-11-22,2022-11-23,2022-11-29,2022-11-30,40.81456872639356,40.44226139302457,-0.009121922514110148,4,1579,1583,True,0.5670055452865065,2164
DELL,b_20_80|both|death_cross,2022-11-30,2022-12-01,2022-12-05,2022-12-06,41.88496164827541,40.03270708647679,-0.04422242468198323,3,1584,1587,True,0.5658198614318707,2165
DELL,b_20_80|both|death_cross,2023-02-09,2023-02-10,2023-02-16,2023-02-17,39.2969229702482,39.96313650055553,0.01695332560291618,5,1632,1637,True,0.5829865926953306,2163
DELL,b_20_80|both|death_cross,2023-05-01,2023-05-02,2023-05-11,2023-05-12,42.599484307653796,42.32501802445543,-0.006442948492431655,8,1687,1695,True,0.6143518518518518,2160
DELL,b_20_80|both|death_cross,2023-05-18,2023-05-19,2023-05-23,2023-05-24,44.823628481787125,43.59325449867666,-0.027449227668179477,3,1700,1703,True,0.5658198614318707,2165
DELL,b_20_80|both|death_cross,2023-05-25,2023-05-26,2023-05-30,2023-05-31,45.57133872325376,43.517537036297526,-0.045067837471894134,2,1705,1707,True,0.5475530932594644,2166
DELL,b_20_80|both|death_cross,2023-11-30,2023-12-01,2023-12-01,2023-12-04,68.87126615970226,67.92242603270935,-0.013777010063858675,1,1835,1836,True,0.543608675588371,2167
DELL,b_20_80|both|death_cross,2024-01-08,2024-01-09,2024-01-09,2024-01-10,75.87723608472062,74.59296107369984,-0.01692569573286551,1,1860,1861,True,0.543608675588371,2167
DELL,b_20_80|both|death_cross,2024-01-11,2024-01-12,2024-01-17,2024-01-18,76.61521590904871,75.43635246868357,-0.015386805693592187,3,1863,1866,True,0.5658198614318707,2165
DELL,b_20_80|both|death_cross,2024-01-24,2024-01-25,2024-01-31,2024-02-01,81.34734545491963,80.4809391327713,-0.010650701842858212,5,1871,1876,True,0.5829865926953306,2163
DELL,b_20_80|both|death_cross,2024-02-01,2024-02-02,2024-02-06,2024-02-07,82.43519031849966,80.32690462928844,-0.025575069106598458,3,1877,1880,True,0.5658198614318707,2165
DELL,b_20_80|both|death_cross,2024-07-03,2024-07-05,2024-07-12,2024-07-15,137.4269998352727,136.0256481538111,-0.010197062317749417,6,1982,1988,True,0.5883441258094357,2162
DELL,b_20_80|both|death_cross,2024-10-08,2024-10-09,2024-10-18,2024-10-21,117.95514440149792,122.67802061721473,0.0400395950484449,8,2049,2057,True,0.6143518518518518,2160
DELL,b_20_80|both|death_cross,2025-07-09,2025-07-10,2025-07-14,2025-07-15,124.891481633028,125.0685012215365,0.0014173872084297656,3,2235,2238,True,0.5658198614318707,2165
DELL,b_20_80|both|death_cross,2025-09-30,2025-10-01,2025-10-03,2025-10-06,139.13697664748523,143.6889633391522,0.032715866057660525,3,2293,2296,True,0.5658198614318707,2165
DELL,b_20_80|both|death_cross,2025-10-07,2025-10-08,2025-10-10,2025-10-13,152.76334714402006,153.5927590223274,0.005429390582319504,3,2298,2301,True,0.5658198614318707,2165
DELL,b_20_80|both|death_cross,2026-03-13,2026-03-16,2026-03-18,2026-03-19,152.32618236465754,145.89674395530338,-0.04220836043775167,3,2406,2409,True,0.5658198614318707,2165
DELL,b_20_80|both|death_cross,2026-04-16,2026-04-17,2026-04-28,2026-04-29,191.9180747200459,205.72005851022732,0.07191601838604633,8,2429,2437,True,0.6143518518518518,2160
DELL,b_20_80|both|death_cross,2026-05-06,2026-05-07,2026-05-12,2026-05-13,234.8718795690508,244.19647326480572,0.03970076670252709,4,2443,2447,True,0.5670055452865065,2164
DELL,b_20_80|both|death_cross,2026-08-12,2026-08-13,2026-08-17,2026-08-18,499.67999267578125,466.9800109863281,-0.0654418471196837,3,2510,2513,True,0.5658198614318707,2165
GOOGL,b_20_80|both|death_cross,2018-01-03,2018-01-04,2018-01-18,2018-01-19,54.37236318538446,56.40137921915933,0.03731704702362992,10,3368,3378,True,0.592678405931418,2158
GOOGL,b_20_80|both|death_cross,2018-05-31,2018-06-01,2018-06-13,2018-06-14,55.15443210997763,57.104141656931496,0.03535000674227162,9,3470,3479,True,0.5961093098656786,2159
GOOGL,b_20_80|both|death_cross,2018-06-14,2018-06-15,2018-06-21,2018-06-22,57.486256119697735,58.05967542016018,0.009974893812330965,5,3480,3485,True,0.5547850208044383,2163
GOOGL,b_20_80|both|death_cross,2019-01-16,2019-01-17,2019-01-22,2019-01-23,53.921368442386935,53.865359331761276,-0.0010387182715049237,3,3628,3631,True,0.5528868360277136,2165
GOOGL,b_20_80|both|death_cross,2019-01-31,2019-02-01,2019-02-07,2019-02-08,55.62129674240821,54.2628403443188,-0.024423314047866462,5,3638,3643,True,0.5547850208044383,2163
GOOGL,b_20_80|both|death_cross,2019-07-26,2019-07-29,2019-08-01,2019-08-02,61.57896791155889,59.62132815732613,-0.03179072044605169,4,3760,3764,True,0.55637707948244,2164
GOOGL,b_20_80|both|death_cross,2019-09-26,2019-09-27,2019-09-27,2019-09-30,61.59532315628802,60.49358448429573,-0.017886726061925318,1,3803,3804,True,0.53068758652515,2167
GOOGL,b_20_80|both|death_cross,2019-10-23,2019-10-24,2019-10-29,2019-10-30,62.402164459228516,62.205903547467116,-0.003145097825727361,4,3822,3826,True,0.55637707948244,2164
GOOGL,b_20_80|both|death_cross,2019-11-04,2019-11-05,2019-11-12,2019-11-13,63.9925676375723,64.09068913624539,0.0015333264829879845,6,3830,3836,True,0.5675300647548566,2162
GOOGL,b_20_80|both|death_cross,2019-11-15,2019-11-18,2019-11-19,2019-11-20,66.03147101979422,64.99169754698218,-0.01574663500227569,2,3839,3841,True,0.5401662049861495,2166
GOOGL,b_20_80|both|death_cross,2020-04-24,2020-04-27,2020-04-28,2020-04-29,64.03221368825741,66.65892460884133,0.04102171031243951,2,3948,3950,True,0.5401662049861495,2166
GOOGL,b_20_80|both|death_cross,2020-04-30,2020-05-01,2020-05-12,2020-05-13,65.62260463477621,68.20322375431489,0.03932515531654324,8,3952,3960,True,0.5851851851851851,2160
GOOGL,b_20_80|both|death_cross,2020-05-20,2020-05-21,2020-06-04,2020-06-05,69.92942638175046,70.15988391423575,0.0032955730428447794,10,3966,3976,True,0.592678405931418,2158
GOOGL,b_20_80|both|death_cross,2020-07-21,2020-07-22,2020-07-23,2020-07-24,77.10182551895637,74.30066345548695,-0.036330684061179896,2,4008,4010,True,0.5401662049861495,2166
GOOGL,b_20_80|both|death_cross,2020-11-03,2020-11-04,2020-11-11,2020-11-12,84.52945424402306,86.33445155052767,0.02135347167028767,6,4082,4088,True,0.5675300647548566,2162
GOOGL,b_20_80|both|death_cross,2021-01-19,2021-01-20,2021-01-27,2021-01-28,90.51587074805265,90.7453441830221,0.0025351734792253833,6,4133,4139,True,0.5675300647548566,2162
GOOGL,b_20_80|both|death_cross,2021-02-02,2021-02-03,2021-02-16,2021-02-17,102.37272899522037,103.77875762024934,0.013734406016416845,9,4143,4152,True,0.5961093098656786,2159
GOOGL,b_20_80|both|death_cross,2021-04-26,2021-04-27,2021-04-27,2021-04-28,114.86298311307249,118.57358292629367,0.032304574656296436,1,4200,4201,True,0.53068758652515,2167
GOOGL,b_20_80|both|death_cross,2021-04-29,2021-04-30,2021-04-30,2021-05-03,117.36033342946197,117.20621161359489,-0.0013132360088233819,1,4203,4204,True,0.53068758652515,2167
GOOGL,b_20_80|both|death_cross,2021-08-10,2021-08-11,2021-08-11,2021-08-12,135.97578664479468,134.7803631501877,-0.008791443859999526,1,4274,4275,True,0.53068758652515,2167
GOOGL,b_20_80|both|death_cross,2021-10-28,2021-10-29,2021-11-10,2021-11-11,143.8028958035192,145.20195824365715,0.009729028280831775,9,4330,4339,True,0.5961093098656786,2159
GOOGL,b_20_80|both|death_cross,2021-11-18,2021-11-19,2021-11-22,2021-11-23,148.6573144815026,144.86841272271184,-0.02548748961331604,2,4345,4347,True,0.5401662049861495,2166
GOOGL,b_20_80|both|death_cross,2021-12-15,2021-12-16,2021-12-16,2021-12-17,145.87696937173112,141.2475218263389,-0.0317352873817609,1,4363,4364,True,0.53068758652515,2167
GOOGL,b_20_80|both|death_cross,2022-11-30,2022-12-01,2022-12-06,2022-12-07,100.13209869659357,95.56262596381266,-0.04563444482100287,4,4604,4608,True,0.55637707948244,2164
GOOGL,b_20_80|both|death_cross,2023-04-04,2023-04-05,2023-04-12,2023-04-13,104.85027971854075,104.90974967069793,0.0005671892561167624,5,4689,4694,True,0.5547850208044383,2163
GOOGL,b_20_80|both|death_cross,2023-04-13,2023-04-14,2023-04-17,2023-04-18,105.95051585392284,105.55402729287576,-0.0037422051025568503,2,4695,4697,True,0.5401662049861495,2166
GOOGL,b_20_80|both|death_cross,2023-07-26,2023-07-27,2023-08-03,2023-08-04,130.51270190226427,128.143731241555,-0.01815126517328014,6,4766,4772,True,0.5675300647548566,2162
GOOGL,b_20_80|both|death_cross,2023-09-14,2023-09-15,2023-09-20,2023-09-21,136.76725635034862,130.28472870460357,-0.04739824296203721,4,4801,4805,True,0.55637707948244,2164
GOOGL,b_20_80|both|death_cross,2023-12-18,2023-12-19,2023-12-29,2024-01-02,135.63726127584442,137.33223127309824,0.012496344893065725,8,4867,4875,True,0.5851851851851851,2160
GOOGL,b_20_80|both|death_cross,2024-04-09,2024-04-10,2024-04-10,2024-04-11,154.83704643510924,155.5308692093835,0.004480986884266347,1,4943,4944,True,0.53068758652515,2167
GOOGL,b_20_80|both|death_cross,2024-05-03,2024-05-06,2024-05-23,2024-05-24,165.98816902107558,173.44204354526818,0.044906059077295835,14,4961,4975,True,0.6044568245125348,2154
GOOGL,b_20_80|both|death_cross,2024-10-14,2024-10-15,2024-10-17,2024-10-18,164.7397308583214,162.1562116364337,-0.015682429541599485,3,5073,5076,True,0.5528868360277136,2165
GOOGL,b_20_80|both|death_cross,2024-11-06,2024-11-07,2024-11-14,2024-11-15,176.28611246788589,172.6294588087237,-0.020742721068446657,6,5090,5096,True,0.5675300647548566,2162
GOOGL,b_20_80|both|death_cross,2025-06-06,2025-06-09,2025-06-17,2025-06-18,174.04350210929846,175.50931582595604,0.008422111132520449,7,5234,5241,True,0.5826006478482184,2161
GOOGL,b_20_80|both|death_cross,2025-07-11,2025-07-14,2025-07-24,2025-07-25,180.49507959550706,191.43387927305906,0.06060442036462188,9,5257,5266,True,0.5961093098656786,2159
GOOGL,b_20_80|both|death_cross,2025-11-10,2025-11-11,2025-11-13,2025-11-14,287.1881040319325,270.88000309409097,-0.056785433341028035,3,5342,5345,True,0.5528868360277136,2165
GOOGL,b_20_80|both|death_cross,2025-11-21,2025-11-24,2025-12-02,2025-12-03,310.52242205466104,315.2731119453438,0.015299023688043256,6,5351,5357,True,0.5675300647548566,2162
GOOGL,b_20_80|both|death_cross,2026-01-08,2026-01-09,2026-01-16,2026-01-20,326.6647962522232,320.4528849486331,-0.019016163892952243,6,5382,5388,True,0.5675300647548566,2162
INTC,b_20_80|both|death_cross,2018-03-06,2018-03-07,2018-03-13,2018-03-14,42.411699867616726,44.00065815953754,0.03746509328512082,5,9576,9581,True,0.5238095238095238,2163
INTC,b_20_80|both|death_cross,2018-05-01,2018-05-02,2018-05-02,2018-05-03,44.87119643287369,43.856968070818624,-0.022603104946673946,1,9615,9616,True,0.5080756806645131,2167
INTC,b_20_80|both|death_cross,2018-06-06,2018-06-07,2018-06-07,2018-06-08,48.38593873117784,47.2298475476951,-0.023893122956769264,1,9640,9641,True,0.5080756806645131,2167
INTC,b_20_80|both|death_cross,2018-11-16,2018-11-19,2018-11-20,2018-11-21,41.83479387041491,41.18071896865735,-0.01563471075735634,2,9755,9757,True,0.5138504155124654,2166
INTC,b_20_80|both|death_cross,2019-06-24,2019-06-25,2019-06-25,2019-06-26,41.44285562275829,41.52128215997918,0.0018924018637804796,1,9903,9904,True,0.5080756806645131,2167
INTC,b_20_80|both|death_cross,2019-06-26,2019-06-27,2019-06-27,2019-06-28,41.956975232943954,41.625849267063984,-0.007892036164226957,1,9905,9906,True,0.5080756806645131,2167
INTC,b_20_80|both|death_cross,2019-07-11,2019-07-12,2019-07-26,2019-07-29,42.69764488284936,44.90223871288135,0.051632679883885535,11,9915,9926,True,0.5428836346777932,2157
INTC,b_20_80|both|death_cross,2019-10-25,2019-10-28,2019-11-12,2019-11-13,49.46012974286994,51.046658294979615,0.03207691852725847,12,9990,10002,True,0.5398886827458256,2156
INTC,b_20_80|both|death_cross,2020-02-06,2020-02-07,2020-02-18,2020-02-19,59.26710108090791,58.850466075274404,-0.007029785463350757,7,10060,10067,True,0.5266080518278575,2161
INTC,b_20_80|both|death_cross,2020-04-14,2020-04-15,2020-04-20,2020-04-21,52.95568427299316,51.510788831027064,-0.02728499238188442,4,10106,10110,True,0.5217190388170055,2164
INTC,b_20_80|both|death_cross,2020-04-29,2020-04-30,2020-05-01,2020-05-04,54.40056800848072,50.63320601099743,-0.06925225480910391,2,10117,10119,True,0.5138504155124654,2166
INTC,b_20_80|both|death_cross,2020-06-05,2020-06-08,2020-06-09,2020-06-10,57.02562201810849,55.97370949868904,-0.018446313818118787,2,10143,10145,True,0.5138504155124654,2166
INTC,b_20_80|both|death_cross,2020-06-10,2020-06-11,2020-06-11,2020-06-12,56.223312657022745,53.584637168632504,-0.04693205298106262,1,10146,10147,True,0.5080756806645131,2167
INTC,b_20_80|both|death_cross,2020-12-17,2020-12-18,2020-12-18,2020-12-21,45.716564094840194,41.87444455072243,-0.08404217640125333,1,10279,10280,True,0.5080756806645131,2167
INTC,b_20_80|both|death_cross,2021-02-24,2021-02-25,2021-02-25,2021-02-26,56.76268543265786,55.38022883885903,-0.024355024489441157,1,10324,10325,True,0.5080756806645131,2167
INTC,b_20_80|both|death_cross,2021-09-13,2021-09-14,2021-09-20,2021-09-21,50.99916352193996,49.0004507172273,-0.03919108994508913,5,10463,10468,True,0.5238095238095238,2163
INTC,b_20_80|both|death_cross,2021-10-07,2021-10-08,2021-10-08,2021-10-11,50.24388491762173,49.56229550911042,-0.013565619171941434,1,10481,10482,True,0.5080756806645131,2167
INTC,b_20_80|both|death_cross,2021-12-21,2021-12-22,2022-01-05,2022-01-06,46.96689128122984,50.64893875943675,0.07839666151543723,10,10533,10543,True,0.5389249304911955,2158
INTC,b_20_80|both|death_cross,2022-01-11,2022-01-12,2022-01-18,2022-01-19,52.067956281714935,50.667490265272946,-0.026896888536679486,4,10547,10551,True,0.5217190388170055,2164
INTC,b_20_80|both|death_cross,2022-11-07,2022-11-08,2022-11-09,2022-11-10,27.732629670945908,27.84834341538586,0.0041724764587030005,2,10754,10756,True,0.5138504155124654,2166
INTC,b_20_80|both|death_cross,2022-11-10,2022-11-11,2022-11-16,2022-11-17,27.89655701103716,28.03155433719462,0.004839211021777645,4,10757,10761,True,0.5217190388170055,2164
INTC,b_20_80|both|death_cross,2023-01-24,2023-01-25,2023-01-25,2023-01-26,28.465481138851015,28.98618865064606,0.018292594783664518,1,10806,10807,True,0.5080756806645131,2167
INTC,b_20_80|both|death_cross,2023-01-26,2023-01-27,2023-01-27,2023-01-30,26.102997505095207,26.729781392428336,0.024011950627922385,1,10808,10809,True,0.5080756806645131,2167
INTC,b_20_80|both|death_cross,2023-03-29,2023-03-30,2023-04-10,2023-04-11,31.086474310596248,31.87705177034044,0.02543155752708537,7,10851,10858,True,0.5266080518278575,2161
INTC,b_20_80|both|death_cross,2023-07-27,2023-07-28,2023-08-01,2023-08-02,36.01589557238271,34.44785397276639,-0.04353748739816732,3,10933,10936,True,0.5210161662817552,2165
INTC,b_20_80|both|death_cross,2024-10-09,2024-10-10,2024-10-16,2024-10-17,23.190000534057617,22.719999313354492,-0.020267408791684427,5,11236,11241,True,0.5238095238095238,2163
INTC,b_20_80|both|death_cross,2025-06-18,2025-06-20,2025-06-20,2025-06-23,21.700000762939453,21.06999969482422,-0.029032306265683983,1,11408,11409,True,0.5080756806645131,2167
INTC,b_20_80|both|death_cross,2025-06-23,2025-06-24,2025-07-02,2025-07-03,21.34000015258789,22.149999618530273,0.03795686317481839,7,11410,11417,True,0.5266080518278575,2161
INTC,b_20_80|both|death_cross,2025-07-08,2025-07-09,2025-07-15,2025-07-16,23.290000915527344,22.989999771118164,-0.012881113465700644,5,11420,11425,True,0.5238095238095238,2163
INTC,b_20_80|both|death_cross,2025-09-24,2025-09-25,2025-09-30,2025-10-01,31.610000610351562,33.529998779296875,0.06074021296654308,4,11475,11479,True,0.5217190388170055,2164
INTC,b_20_80|both|death_cross,2026-04-27,2026-04-28,2026-05-08,2026-05-11,81.27999877929688,130.8800048828125,0.6102363047297366,9,11622,11631,True,0.5289485873089393,2159
INTC,b_20_80|both|death_cross,2026-06-30,2026-07-01,2026-07-01,2026-07-02,135.0,128.9199981689453,-0.04503705060040508,1,11666,11667,True,0.5080756806645131,2167
LRCX,b_20_80|both|death_cross,2018-01-17,2018-01-18,2018-01-25,2018-01-26,18.08142910684916,17.98790845508986,-0.005172193591925556,6,8497,8503,True,0.5679925994449584,2162
LRCX,b_20_80|both|death_cross,2018-03-05,2018-03-06,2018-03-14,2018-03-15,17.871657136786606,20.00225243058948,0.11921643737319165,7,8529,8536,True,0.5738084220268395,2161
LRCX,b_20_80|both|death_cross,2018-05-24,2018-05-25,2018-05-29,2018-05-30,18.125256421865043,18.049353482755127,-0.0041876891197165644,2,8586,8588,True,0.5480147737765466,2166
LRCX,b_20_80|both|death_cross,2018-05-30,2018-05-31,2018-05-31,2018-06-01,17.918087053592753,17.8591526339113,-0.0032891022074611476,1,8589,8590,True,0.5316105214582372,2167
LRCX,b_20_80|both|death_cross,2019-01-18,2019-01-22,2019-01-22,2019-01-23,13.321351885703677,12.804338207460829,-0.038810901677156506,1,8750,8751,True,0.5316105214582372,2167
LRCX,b_20_80|both|death_cross,2019-01-24,2019-01-25,2019-02-07,2019-02-08,14.839625226529988,15.718012587412945,0.059192017822161214,10,8753,8763,True,0.5769230769230769,2158
LRCX,b_20_80|both|death_cross,2019-04-01,2019-04-02,2019-04-11,2019-04-12,16.949267495233816,17.77716957908923,0.04884589166394493,8,8799,8807,True,0.5777777777777777,2160
LRCX,b_20_80|both|death_cross,2019-04-12,2019-04-15,2019-04-15,2019-04-16,17.710315048527434,17.81288817485502,0.005791716637819633,1,8808,8809,True,0.5316105214582372,2167
LRCX,b_20_80|both|death_cross,2019-04-17,2019-04-18,2019-04-18,2019-04-22,18.01711956789943,17.97682407257518,-0.0022365115118647694,1,8811,8812,True,0.5316105214582372,2167
LRCX,b_20_80|both|death_cross,2019-04-26,2019-04-29,2019-05-06,2019-05-07,18.93295493443351,18.39810495249418,-0.028249683358544053,6,8817,8823,True,0.5679925994449584,2162
LRCX,b_20_80|both|death_cross,2019-07-12,2019-07-15,2019-07-26,2019-07-29,17.71885996143673,19.37228946581097,0.09331466629189222,10,8870,8880,True,0.5769230769230769,2158
LRCX,b_20_80|both|death_cross,2019-10-24,2019-10-25,2019-11-06,2019-11-07,24.532565868862132,25.75919757166513,0.050000138972821295,9,8943,8952,True,0.5789717461787864,2159
LRCX,b_20_80|both|death_cross,2020-02-04,2020-02-05,2020-02-18,2020-02-19,30.79599499680106,30.791336820396438,-0.0001512591622743198,9,9012,9021,True,0.5789717461787864,2159
LRCX,b_20_80|both|death_cross,2020-04-29,2020-04-30,2020-04-30,2020-05-01,25.721412334586372,23.077249038175893,-0.10280008197119861,1,9071,9072,True,0.5316105214582372,2167
LRCX,b_20_80|both|death_cross,2020-06-03,2020-06-04,2020-06-11,2020-06-12,26.70630924476041,27.386294444988774,0.02546159388766056,6,9095,9101,True,0.5679925994449584,2162
LRCX,b_20_80|both|death_cross,2020-06-16,2020-06-17,2020-06-24,2020-06-25,29.165429288671046,28.938185030398504,-0.007791562264465313,6,9104,9110,True,0.5679925994449584,2162
LRCX,b_20_80|both|death_cross,2020-07-30,2020-07-31,2020-08-07,2020-08-10,35.64194593336838,34.97335833649556,-0.01875844820938599,6,9135,9141,True,0.5679925994449584,2162
LRCX,b_20_80|both|death_cross,2021-02-24,2021-02-25,2021-02-25,2021-02-26,55.76027018352062,52.63484515901808,-0.056051109763564755,1,9278,9279,True,0.5316105214582372,2167
LRCX,b_20_80|both|death_cross,2021-03-01,2021-03-02,2021-03-02,2021-03-03,56.13924108666668,53.94096706924784,-0.0391575300069551,1,9281,9282,True,0.5316105214582372,2167
LRCX,b_20_80|both|death_cross,2021-03-26,2021-03-29,2021-04-12,2021-04-13,55.16995005933979,62.106684708035154,0.1257339301781919,10,9300,9310,True,0.5769230769230769,2158
LRCX,b_20_80|both|death_cross,2021-06-14,2021-06-15,2021-06-16,2021-06-17,61.41093186778606,60.41702429545451,-0.016184538193808384,2,9354,9356,True,0.5480147737765466,2166
LRCX,b_20_80|both|death_cross,2021-12-07,2021-12-08,2021-12-13,2021-12-14,67.08865427408719,64.33854270315175,-0.04099220055450814,4,9477,9481,True,0.5517560073937153,2164
LRCX,b_20_80|both|death_cross,2022-08-15,2022-08-16,2022-08-17,2022-08-18,49.56383331846218,47.78403257471593,-0.03590926335964584,2,9649,9651,True,0.5480147737765466,2166
LRCX,b_20_80|both|death_cross,2023-03-30,2023-03-31,2023-04-04,2023-04-05,51.22341232712887,48.530411237877146,-0.05257363707152829,3,9806,9809,True,0.5478060046189377,2165
LRCX,b_20_80|both|death_cross,2023-04-27,2023-04-28,2023-05-04,2023-05-05,50.409874938814795,50.3846424071887,-0.0005005473958569207,5,9825,9830,True,0.5621821544151642,2163
LRCX,b_20_80|both|death_cross,2023-05-05,2023-05-08,2023-05-22,2023-05-23,51.452526394179536,56.31721509984034,0.09454713007466853,11,9831,9842,True,0.5799721835883171,2157
LRCX,b_20_80|both|death_cross,2024-02-22,2024-02-23,2024-02-23,2024-02-26,92.7328379255775,91.70090625416314,-0.011128007019935326,1,10031,10032,True,0.5316105214582372,2167
LRCX,b_20_80|both|death_cross,2024-02-26,2024-02-27,2024-02-27,2024-02-28,92.07097833125884,89.80538727501445,-0.02460700534855942,1,10033,10034,True,0.5316105214582372,2167
LRCX,b_20_80|both|death_cross,2024-03-01,2024-03-04,2024-03-05,2024-03-06,97.04374417419683,95.62504715702809,-0.014619149634438333,2,10037,10039,True,0.5480147737765466,2166
LRCX,b_20_80|both|death_cross,2024-03-06,2024-03-07,2024-03-08,2024-03-11,96.83226292657618,92.33827746289043,-0.046410001458845884,2,10040,10042,True,0.5480147737765466,2166
LRCX,b_20_80|both|death_cross,2024-05-21,2024-05-22,2024-05-29,2024-05-30,95.29613399154756,93.4093055732056,-0.01979963235979032,5,10093,10098,True,0.5621821544151642,2163
LRCX,b_20_80|both|death_cross,2024-06-06,2024-06-07,2024-06-20,2024-06-21,95.39719376884477,104.19765894631408,0.09225077625232414,9,10104,10113,True,0.5789717461787864,2159
LRCX,b_20_80|both|death_cross,2024-07-02,2024-07-03,2024-07-11,2024-07-12,105.18364437216427,103.904721634974,-0.01215895061275063,6,10121,10127,True,0.5679925994449584,2162
LRCX,b_20_80|both|death_cross,2024-10-10,2024-10-11,2024-10-15,2024-10-16,80.350344069716,76.07104070752568,-0.05325805896334901,3,10191,10194,True,0.5478060046189377,2165
LRCX,b_20_80|both|death_cross,2024-12-09,2024-12-10,2024-12-10,2024-12-11,77.04719114011849,75.48372038100433,-0.02029237842390408,1,10232,10233,True,0.5316105214582372,2167
LRCX,b_20_80|both|death_cross,2024-12-11,2024-12-12,2024-12-12,2024-12-13,76.40353795245144,75.54305770309452,-0.011262308950829358,1,10234,10235,True,0.5316105214582372,2167
LRCX,b_20_80|both|death_cross,2024-12-17,2024-12-18,2024-12-18,2024-12-19,77.18488431880562,71.95284442709739,-0.06778580984973337,1,10238,10239,True,0.5316105214582372,2167
LRCX,b_20_80|both|death_cross,2025-01-16,2025-01-17,2025-01-24,2025-01-27,80.51795034486706,75.94857776158561,-0.056749737961663604,5,10257,10262,True,0.5621821544151642,2163
LRCX,b_20_80|both|death_cross,2025-01-31,2025-02-03,2025-02-12,2025-02-13,78.10468443285893,80.68608335959844,0.03305050068998816,8,10267,10275,True,0.5777777777777777,2160
LRCX,b_20_80|both|death_cross,2025-02-13,2025-02-14,2025-02-14,2025-02-18,81.74436660431498,83.9796101900289,0.027344313480752058,1,10276,10277,True,0.5316105214582372,2167
LRCX,b_20_80|both|death_cross,2025-02-18,2025-02-19,2025-02-21,2025-02-24,85.35436458441343,85.50271864974923,0.0017380958321009388,3,10278,10281,True,0.5478060046189377,2165
LRCX,b_20_80|both|death_cross,2025-06-24,2025-06-25,2025-07-07,2025-07-08,95.72023062114255,98.28603688363411,0.026805266199649402,8,10365,10373,True,0.5777777777777777,2160
LRCX,b_20_80|both|death_cross,2025-11-10,2025-11-11,2025-11-11,2025-11-12,163.58879468463684,160.73891482370632,-0.017420996752402607,1,10462,10463,True,0.5316105214582372,2167
LRCX,b_20_80|both|death_cross,2025-12-19,2025-12-22,2025-12-31,2026-01-02,175.34624801505723,177.51214058100598,0.012352089596823213,7,10490,10497,True,0.5738084220268395,2161
LRCX,b_20_80|both|death_cross,2026-01-27,2026-01-28,2026-01-30,2026-02-02,240.81165455096414,232.88672159911184,-0.03290925834395242,3,10514,10517,True,0.5478060046189377,2165
LRCX,b_20_80|both|death_cross,2026-06-11,2026-06-12,2026-06-23,2026-06-24,359.13702858198286,366.8699951171875,0.021532078064290694,7,10608,10615,True,0.5738084220268395,2161
LRCX,b_20_80|both|death_cross,2026-06-29,2026-06-30,2026-07-01,2026-07-02,416.2900085449219,391.05999755859375,-0.060606813683844574,2,10619,10621,True,0.5480147737765466,2166
MRVL,b_20_80|both|death_cross,2018-03-07,2018-03-08,2018-03-12,2018-03-13,22.714550127448568,22.90462930800189,0.00836816839808896,3,4448,4451,True,0.535796766743649,2165
MRVL,b_20_80|both|death_cross,2018-05-25,2018-05-29,2018-05-29,2018-05-30,21.21540055922088,21.12962222772622,-0.004043210556181398,1,4504,4505,True,0.5214582371942778,2167
MRVL,b_20_80|both|death_cross,2018-06-06,2018-06-07,2018-06-08,2018-06-11,21.36788798144687,20.643550885964487,-0.033898394455797565,2,4511,4513,True,0.5272391505078485,2166
MRVL,b_20_80|both|death_cross,2018-07-23,2018-07-24,2018-07-30,2018-07-31,21.007599462863222,20.45326134933341,-0.026387503936837642,5,4543,4548,True,0.5349052242256126,2163
MRVL,b_20_80|both|death_cross,2019-01-24,2019-01-25,2019-02-07,2019-02-08,17.153880284636077,17.35602823030869,0.01178438594174347,10,4670,4680,True,0.5342910101946247,2158
MRVL,b_20_80|both|death_cross,2019-02-12,2019-02-13,2019-02-15,2019-02-19,18.79996390818156,18.33789739004654,-0.024578053468173655,3,4683,4686,True,0.535796766743649,2165
MRVL,b_20_80|both|death_cross,2019-02-20,2019-02-21,2019-02-27,2019-02-28,18.982861031058494,18.84808797550388,-0.007099723025633886,5,4688,4693,True,0.5349052242256126,2163
MRVL,b_20_80|both|death_cross,2019-11-01,2019-11-04,2019-11-14,2019-11-15,25.548801450539084,26.548235407163002,0.039118623962018706,9,4866,4875,True,0.5409911996294581,2159
MRVL,b_20_80|both|death_cross,2020-01-13,2020-01-14,2020-01-22,2020-01-23,26.85161952973818,27.046125810803517,0.007243744864249946,6,4914,4920,True,0.5444033302497687,2162
MRVL,b_20_80|both|death_cross,2020-01-23,2020-01-24,2020-01-24,2020-01-27,27.53239463981516,25.53870521032998,-0.07241249646342296,1,4921,4922,True,0.5214582371942778,2167
MRVL,b_20_80|both|death_cross,2020-11-19,2020-11-20,2020-12-02,2020-12-03,43.322295613000946,44.80908958539495,0.03431937184667144,8,5131,5139,True,0.5462962962962963,2160
MRVL,b_20_80|both|death_cross,2021-01-07,2021-01-08,2021-01-21,2021-01-22,48.86199077438745,51.85893805315357,0.06133494012972274,9,5163,5172,True,0.5409911996294581,2159
MRVL,b_20_80|both|death_cross,2021-06-10,2021-06-11,2021-06-22,2021-06-23,50.64607195155736,53.17591706944427,0.04995145764328357,8,5269,5277,True,0.5462962962962963,2160
MRVL,b_20_80|both|death_cross,2021-10-29,2021-11-01,2021-11-03,2021-11-04,67.47010177860169,68.59018079203591,0.016601116404265648,3,5368,5371,True,0.535796766743649,2165
MRVL,b_20_80|both|death_cross,2021-11-12,2021-11-15,2021-11-15,2021-11-16,72.27465997961136,71.41003349732134,-0.011963065374972826,1,5378,5379,True,0.5214582371942778,2167
MRVL,b_20_80|both|death_cross,2021-12-03,2021-12-06,2021-12-14,2021-12-15,82.05081386183497,83.93722910820128,0.022990817002044972,7,5392,5399,True,0.5506709856547894,2161
MRVL,b_20_80|both|death_cross,2022-07-28,2022-07-29,2022-08-08,2022-08-09,52.85049432007442,53.35309092498732,0.009509780587274363,7,5554,5561,True,0.5506709856547894,2161
MRVL,b_20_80|both|death_cross,2022-11-30,2022-12-01,2022-12-05,2022-12-06,46.49279931527069,42.44737879100445,-0.08701176491512108,3,5641,5644,True,0.535796766743649,2165
MRVL,b_20_80|both|death_cross,2023-02-15,2023-02-16,2023-02-17,2023-02-21,45.4918593890467,43.050746475094954,-0.05366043390478581,2,5693,5695,True,0.5272391505078485,2166
MRVL,b_20_80|both|death_cross,2023-05-15,2023-05-16,2023-05-30,2023-05-31,41.3825407915226,61.16815837401678,0.4781150988812013,10,5754,5764,True,0.5342910101946247,2158
MRVL,b_20_80|both|death_cross,2023-06-13,2023-06-14,2023-06-20,2023-06-21,62.138135642953145,60.000225670007346,-0.0344057630764828,4,5774,5778,True,0.5337338262476895,2164
MRVL,b_20_80|both|death_cross,2024-01-08,2024-01-09,2024-01-22,2024-01-23,62.664194638115504,69.55516995670935,0.10996670999107372,9,5917,5926,True,0.5409911996294581,2159
MRVL,b_20_80|both|death_cross,2024-05-15,2024-05-16,2024-05-17,2024-05-20,70.34904249064996,71.8993069513013,0.02203675282229156,2,6006,6008,True,0.5272391505078485,2166
MRVL,b_20_80|both|death_cross,2024-07-16,2024-07-17,2024-07-17,2024-07-18,72.10832162193762,69.363224595842,-0.03806907392031822,1,6047,6048,True,0.5214582371942778,2167
MRVL,b_20_80|both|death_cross,2024-09-11,2024-09-12,2024-09-23,2024-09-24,73.669844557927,72.01881553230845,-0.02241119192698071,8,6087,6095,True,0.5462962962962963,2160
MRVL,b_20_80|both|death_cross,2024-10-21,2024-10-22,2024-10-25,2024-10-28,80.82817393231888,82.22176485778967,0.017241400586851086,4,6115,6119,True,0.5337338262476895,2164
MRVL,b_20_80|both|death_cross,2024-10-28,2024-10-29,2024-10-30,2024-10-31,83.05791692042139,81.92314596926535,-0.013662405622853258,2,6120,6122,True,0.5272391505078485,2166
MRVL,b_20_80|both|death_cross,2024-11-05,2024-11-06,2024-11-13,2024-11-14,89.01054544897713,91.44931613389717,0.027398671389088358,6,6126,6132,True,0.5444033302497687,2162
MRVL,b_20_80|both|death_cross,2024-12-13,2024-12-16,2024-12-17,2024-12-18,121.93905973672902,111.98484465833675,-0.08163270325262295,2,6153,6155,True,0.5272391505078485,2166
MRVL,b_20_80|both|death_cross,2025-05-28,2025-05-29,2025-05-30,2025-06-02,67.16181675403315,59.57420572754411,-0.11297507115206795,2,6264,6266,True,0.5272391505078485,2166
MRVL,b_20_80|both|death_cross,2025-06-04,2025-06-05,2025-06-13,2025-06-16,67.072069395165,68.31841025454338,0.01858211429314016,7,6269,6276,True,0.5506709856547894,2161
MRVL,b_20_80|both|death_cross,2025-06-16,2025-06-17,2025-06-17,2025-06-18,70.01339951566605,74.3107220770035,0.06137857311693451,1,6277,6278,True,0.5214582371942778,2167
MRVL,b_20_80|both|death_cross,2025-06-25,2025-06-26,2025-07-01,2025-07-02,78.79748149964348,75.96583443793534,-0.03593575591271847,4,6283,6287,True,0.5337338262476895,2164
MRVL,b_20_80|both|death_cross,2025-08-13,2025-08-14,2025-08-19,2025-08-20,77.86411614039558,71.57750613395798,-0.08073821829688932,4,6317,6321,True,0.5337338262476895,2164
MRVL,b_20_80|both|death_cross,2026-03-06,2026-03-09,2026-03-18,2026-03-19,87.86432698021753,86.20556730861244,-0.018878647667540327,8,6458,6466,True,0.5462962962962963,2160
MRVL,b_20_80|both|death_cross,2026-03-24,2026-03-25,2026-03-30,2026-03-31,94.00974095785779,96.32800604645524,0.024659839129188565,4,6470,6474,True,0.5337338262476895,2164
MRVL,b_20_80|both|death_cross,2026-03-31,2026-04-01,2026-04-16,2026-04-17,100.7447020017375,134.84673691634782,0.33849953632323193,11,6475,6486,True,0.5363931386184515,2157
MRVL,b_20_80|both|death_cross,2026-05-05,2026-05-06,2026-05-07,2026-05-08,172.55742988650542,164.6493825194434,-0.045828495314651496,2,6499,6501,True,0.5272391505078485,2166
MRVL,b_20_80|both|death_cross,2026-06-15,2026-06-16,2026-06-16,2026-06-17,299.0562334547202,292.81777728186205,-0.02086047864908558,1,6527,6528,True,0.5214582371942778,2167
MRVL,b_20_80|both|death_cross,2026-06-18,2026-06-22,2026-06-23,2026-06-24,313.312723038874,281.8804801938732,-0.10032226760577767,2,6530,6532,True,0.5272391505078485,2166
MU,b_20_80|both|death_cross,2019-01-24,2019-01-25,2019-02-07,2019-02-08,37.14297239922077,36.86017915785591,-0.007613640565039659,10,8734,8744,True,0.5500463392029658,2158
MU,b_20_80|both|death_cross,2019-02-13,2019-02-14,2019-02-26,2019-02-27,40.360926894771644,41.56034496034849,0.02971730725371957,8,8748,8756,True,0.5472222222222223,2160
MU,b_20_80|both|death_cross,2019-04-01,2019-04-02,2019-04-09,2019-04-10,41.0337727837802,40.653463276345626,-0.009268207177500987,6,8780,8786,True,0.5434782608695652,2162
MU,b_20_80|both|death_cross,2019-11-01,2019-11-04,2019-11-05,2019-11-06,48.16203127227657,46.95285683442986,-0.025106383719798564,2,8930,8932,True,0.5327793167128347,2166
MU,b_20_80|both|death_cross,2020-01-07,2020-01-08,2020-01-15,2020-01-16,56.64571355388027,55.38778516156967,-0.022206947593909065,6,8974,8980,True,0.5434782608695652,2162
MU,b_20_80|both|death_cross,2020-02-19,2020-02-20,2020-02-20,2020-02-21,58.39121424201486,57.17229101048501,-0.020875113616883545,1,9003,9004,True,0.5334563913244116,2167
MU,b_20_80|both|death_cross,2020-05-08,2020-05-11,2020-05-12,2020-05-13,46.55305139930216,44.72954068735699,-0.039170594775931544,2,9059,9061,True,0.5327793167128347,2166
MU,b_20_80|both|death_cross,2020-06-03,2020-06-04,2020-06-11,2020-06-12,47.6452049637421,49.03964903726977,0.029267248920197497,6,9076,9082,True,0.5434782608695652,2162
MU,b_20_80|both|death_cross,2021-01-14,2021-01-15,2021-01-15,2021-01-19,78.9080981890266,79.25914206165733,0.004448768639560896,1,9232,9233,True,0.5334563913244116,2167
MU,b_20_80|both|death_cross,2021-01-19,2021-01-20,2021-01-22,2021-01-25,83.79354156557719,81.12166320173696,-0.03188644749845304,3,9234,9237,True,0.5381062355658198,2165
MU,b_20_80|both|death_cross,2021-11-19,2021-11-22,2021-11-22,2021-11-23,81.69401567136126,83.04157768193137,0.01649523529350172,1,9447,9448,True,0.5334563913244116,2167
MU,b_20_80|both|death_cross,2021-11-23,2021-11-24,2021-11-26,2021-11-29,82.75839262169133,82.39708777296406,-0.0043657789534274904,2,9449,9451,True,0.5327793167128347,2166
MU,b_20_80|both|death_cross,2022-03-02,2022-03-03,2022-03-04,2022-03-07,89.56234260085786,79.92380011993066,-0.107618248931721,2,9516,9518,True,0.5327793167128347,2166
MU,b_20_80|both|death_cross,2022-08-02,2022-08-03,2022-08-08,2022-08-09,61.29960976685996,57.86683740258012,-0.05599990566556068,4,9621,9625,True,0.5369685767097967,2164
MU,b_20_80|both|death_cross,2022-08-12,2022-08-15,2022-08-17,2022-08-18,63.45736312866211,60.56400996036967,-0.04559523159552126,3,9629,9632,True,0.5381062355658198,2165
MU,b_20_80|both|death_cross,2022-10-21,2022-10-24,2022-10-27,2022-10-28,55.2663914984111,50.9418102315692,-0.07824974907157156,4,9678,9682,True,0.5369685767097967,2164
MU,b_20_80|both|death_cross,2022-11-04,2022-11-07,2022-11-16,2022-11-17,55.46297075256702,56.31806528310111,0.015417395046307014,8,9688,9696,True,0.5472222222222223,2160
MU,b_20_80|both|death_cross,2023-01-20,2023-01-23,2023-01-30,2023-01-31,58.042088581228654,58.21940668990294,0.0030549918689801725,6,9739,9745,True,0.5434782608695652,2162
MU,b_20_80|both|death_cross,2023-04-10,2023-04-11,2023-04-19,2023-04-20,62.81844754482817,59.10698662786868,-0.0590823406501878,7,9793,9800,True,0.5478944932901435,2161
MU,b_20_80|both|death_cross,2023-05-15,2023-05-16,2023-05-31,2023-06-01,63.71669767921335,68.05002441355431,0.06800928001883322,11,9818,9829,True,0.5535465924895688,2157
MU,b_20_80|both|death_cross,2024-03-21,2024-03-22,2024-04-05,2024-04-08,108.42723585099732,128.14132222505415,0.18181858293564068,10,10032,10042,True,0.5500463392029658,2158
MU,b_20_80|both|death_cross,2024-05-28,2024-05-29,2024-05-30,2024-05-31,129.07463180547143,125.45061074389378,-0.028076942857674925,2,10078,10080,True,0.5327793167128347,2166
MU,b_20_80|both|death_cross,2024-10-10,2024-10-11,2024-10-21,2024-10-22,104.50105530573084,107.68462786289282,0.030464501510037767,7,10172,10179,True,0.5478944932901435,2161
MU,b_20_80|both|death_cross,2025-10-16,2025-10-17,2025-10-22,2025-10-23,199.08525899267423,196.50776830369242,-0.012946667684103352,4,10426,10430,True,0.5369685767097967,2164
MU,b_20_80|both|death_cross,2025-10-24,2025-10-27,2025-11-04,2025-11-05,224.59030693239927,225.44947232395214,0.003825478504784652,7,10432,10439,True,0.5478944932901435,2161
MU,b_20_80|both|death_cross,2025-12-19,2025-12-22,2026-01-05,2026-01-06,276.8791524562695,318.09740553134617,0.1488673044157296,9,10471,10480,True,0.5525706345530338,2159
MU,b_20_80|both|death_cross,2026-05-26,2026-05-27,2026-06-04,2026-06-05,955.5130216924548,944.2547879371384,-0.01178239699483652,7,10577,10584,True,0.5478944932901435,2161
MU,b_20_80|both|death_cross,2026-06-25,2026-06-26,2026-06-26,2026-06-29,1138.9048461164418,1128.526353776065,-0.00911269486275923,1,10598,10599,True,0.5334563913244116,2167
ORCL,b_20_80|both|death_cross,2018-03-05,2018-03-06,2018-03-14,2018-03-15,45.47257597921998,46.054662407284845,0.012800823694942176,7,8062,8069,True,0.5529847292919945,2161
ORCL,b_20_80|both|death_cross,2018-05-21,2018-05-22,2018-05-22,2018-05-23,41.83511041096845,40.80783111744645,-0.024555434022534905,1,8116,8117,True,0.5380710659898477,2167
ORCL,b_20_80|both|death_cross,2018-06-01,2018-06-04,2018-06-14,2018-06-15,42.04765381213251,40.62184926803779,-0.03390925330733463,9,8124,8133,True,0.5585919407132932,2159
ORCL,b_20_80|both|death_cross,2018-11-16,2018-11-19,2018-11-19,2018-11-20,45.56926058801306,43.44477921816336,-0.04662093135670797,1,8242,8243,True,0.5380710659898477,2167
ORCL,b_20_80|both|death_cross,2019-04-01,2019-04-02,2019-04-08,2019-04-09,48.760828142143644,47.94530785165725,-0.016724906478394086,5,8332,8337,True,0.5515487748497457,2163
ORCL,b_20_80|both|death_cross,2019-04-30,2019-05-01,2019-05-01,2019-05-02,49.79836775778849,49.33927619988541,-0.00921900814372123,1,8352,8353,True,0.5380710659898477,2167
ORCL,b_20_80|both|death_cross,2019-06-20,2019-06-21,2019-07-11,2019-07-12,51.436708111760666,54.09226133562417,0.05162758896027264,14,8388,8402,True,0.5622098421541318,2154
ORCL,b_20_80|both|death_cross,2019-10-04,2019-10-07,2019-10-08,2019-10-09,49.773987860046255,49.16075586218851,-0.012320330843934468,2,8462,8464,True,0.5397045244690674,2166
ORCL,b_20_80|both|death_cross,2019-10-09,2019-10-10,2019-10-16,2019-10-17,49.43311104023524,50.84937840013699,0.028650176573936648,5,8465,8470,True,0.5515487748497457,2163
ORCL,b_20_80|both|death_cross,2020-04-06,2020-04-07,2020-04-20,2020-04-21,47.55577213956422,48.77121737302411,0.02555831140524578,9,8588,8597,True,0.5585919407132932,2159
ORCL,b_20_80|both|death_cross,2020-04-29,2020-04-30,2020-05-01,2020-05-04,48.991103344125825,47.378526141059446,-0.03291571516034719,2,8604,8606,True,0.5397045244690674,2166
ORCL,b_20_80|both|death_cross,2020-06-03,2020-06-04,2020-06-04,2020-06-05,48.771212748179806,48.64294404093017,-0.0026300085649280103,1,8628,8629,True,0.5380710659898477,2167
ORCL,b_20_80|both|death_cross,2020-06-05,2020-06-08,2020-06-10,2020-06-11,48.88116128015502,48.78954250324279,-0.0018743167001931127,3,8630,8633,True,0.5399538106235566,2165
ORCL,b_20_80|both|death_cross,2020-06-29,2020-06-30,2020-07-13,2020-07-14,50.20971085615979,52.14257362398889,0.03849579563137384,9,8646,8655,True,0.5585919407132932,2159
ORCL,b_20_80|both|death_cross,2020-09-14,2020-09-15,2020-09-23,2020-09-24,55.215743749149155,54.047210627546434,-0.02116304231835553,7,8699,8706,True,0.5529847292919945,2161
ORCL,b_20_80|both|death_cross,2020-12-11,2020-12-14,2020-12-24,2020-12-28,56.19687382809697,60.428040361341964,0.07529184890582874,9,8762,8771,True,0.5585919407132932,2159
ORCL,b_20_80|both|death_cross,2021-02-22,2021-02-23,2021-03-11,2021-03-12,59.74116210988542,62.09667208988394,0.039428593231344955,13,8809,8822,True,0.5531322505800464,2155
ORCL,b_20_80|both|death_cross,2021-10-05,2021-10-06,2021-10-15,2021-10-18,84.52623780852905,89.58566669135752,0.059856312241048926,8,8966,8974,True,0.5537037037037037,2160
ORCL,b_20_80|both|death_cross,2022-07-19,2022-07-20,2022-08-02,2022-08-03,68.88372727721303,72.84299762062142,0.057477585779800444,10,9163,9173,True,0.5551436515291936,2158
ORCL,b_20_80|both|death_cross,2022-08-12,2022-08-15,2022-08-19,2022-08-22,74.85584580060628,73.99185357408057,-0.011542080879389571,5,9181,9186,True,0.5515487748497457,2163
ORCL,b_20_80|both|death_cross,2022-11-11,2022-11-14,2022-11-28,2022-11-29,73.94275730536341,77.61699450524458,0.04969029197420327,10,9245,9255,True,0.5551436515291936,2158
ORCL,b_20_80|both|death_cross,2023-01-24,2023-01-25,2023-01-30,2023-01-31,84.96794114205014,84.00041545151333,-0.011386949919373501,4,9293,9297,True,0.5388170055452866,2164
ORCL,b_20_80|both|death_cross,2023-05-30,2023-05-31,2023-06-07,2023-06-08,100.49347671048542,101.6477838317934,0.01148638856065709,6,9380,9386,True,0.5536540240518039,2162
ORCL,b_20_80|both|death_cross,2023-08-29,2023-08-30,2023-09-12,2023-09-13,116.53246807990878,104.56259246627148,-0.10271708658422396,9,9443,9452,True,0.5585919407132932,2159
ORCL,b_20_80|both|death_cross,2024-03-07,2024-03-08,2024-03-08,2024-03-11,110.94430460846243,108.55170281433362,-0.0215657919761868,1,9574,9575,True,0.5380710659898477,2167
ORCL,b_20_80|both|death_cross,2024-03-11,2024-03-12,2024-03-22,2024-03-25,122.8002869171952,124.17164158753059,0.011167357216845142,9,9576,9585,True,0.5585919407132932,2159
ORCL,b_20_80|both|death_cross,2024-07-02,2024-07-03,2024-07-09,2024-07-10,140.26221868259944,137.69602362450132,-0.018295697032321923,4,9654,9658,True,0.5388170055452866,2164
ORCL,b_20_80|both|death_cross,2024-08-30,2024-09-03,2024-09-03,2024-09-04,137.42921356420703,135.46243369128047,-0.014311221187391032,1,9696,9697,True,0.5380710659898477,2167
ORCL,b_20_80|both|death_cross,2024-09-04,2024-09-05,2024-09-09,2024-09-10,138.35878827848651,150.91282425216664,0.09073537091414496,3,9698,9701,True,0.5399538106235566,2165
ORCL,b_20_80|both|death_cross,2024-09-10,2024-09-11,2024-09-20,2024-09-23,153.40797136302902,163.63322119188746,0.06665396679199365,8,9702,9710,True,0.5537037037037037,2160
ORCL,b_20_80|both|death_cross,2024-09-30,2024-10-01,2024-10-02,2024-10-03,166.55892647951003,163.30053276539653,-0.019563008617940136,2,9716,9718,True,0.5397045244690674,2166
ORCL,b_20_80|both|death_cross,2024-11-20,2024-11-21,2024-11-22,2024-11-25,188.23406999126928,190.7446530725814,0.01333755935590486,2,9753,9755,True,0.5397045244690674,2166
ORCL,b_20_80|both|death_cross,2025-02-18,2025-02-19,2025-02-20,2025-02-21,175.56248025543985,173.14405359572845,-0.013775304701737157,2,9811,9813,True,0.5397045244690674,2166
ORCL,b_20_80|both|death_cross,2025-05-28,2025-05-29,2025-06-11,2025-06-12,162.79467073892445,187.42104770475223,0.1512726236924633,10,9880,9890,True,0.5551436515291936,2158
ORCL,b_20_80|both|death_cross,2025-07-02,2025-07-03,2025-07-11,2025-07-14,230.10286443003844,226.86427993600736,-0.014074507512338075,6,9904,9910,True,0.5536540240518039,2162
ORCL,b_20_80|both|death_cross,2025-09-22,2025-09-23,2025-09-23,2025-09-24,320.3488022314406,308.3455961764004,-0.03746917725750776,1,9960,9961,True,0.5380710659898477,2167
ORCL,b_20_80|both|death_cross,2026-05-14,2026-05-15,2026-05-15,2026-05-18,189.82958881387833,189.34128982843612,-0.0025723017601906317,1,10122,10123,True,0.5380710659898477,2167
PLTR,b_20_80|both|death_cross,2021-08-18,2021-08-19,2021-08-19,2021-08-20,25.010000228881836,24.219999313354492,-0.03158740137135396,1,223,224,True,0.5054858934169278,1276
PLTR,b_20_80|both|death_cross,2021-08-27,2021-08-30,2021-09-08,2021-09-09,25.739999771118164,25.389999389648438,-0.013597528538537462,7,230,237,True,0.5496062992125984,1270
PLTR,b_20_80|both|death_cross,2021-09-15,2021-09-16,2021-09-20,2021-09-21,27.200000762939453,26.889999389648438,-0.011397108992489358,3,242,245,True,0.5502354788069074,1274
PLTR,b_20_80|both|death_cross,2021-09-23,2021-09-24,2021-09-27,2021-09-28,28.270000457763672,27.020000457763672,-0.04421648318922178,2,248,250,True,0.523921568627451,1275
PLTR,b_20_80|both|death_cross,2021-10-29,2021-11-01,2021-11-05,2021-11-08,26.110000610351562,26.25,0.005361906793404314,5,274,279,True,0.5440251572327044,1272
PLTR,b_20_80|both|death_cross,2021-11-08,2021-11-09,2021-11-09,2021-11-10,25.899999618530273,23.600000381469727,-0.0888030606539083,1,280,281,True,0.5054858934169278,1276
PLTR,b_20_80|both|death_cross,2022-07-05,2022-07-06,2022-07-11,2022-07-12,10.010000228881836,9.65999984741211,-0.03496507227441126,4,443,447,True,0.5396700706991359,1273
PLTR,b_20_80|both|death_cross,2022-07-27,2022-07-28,2022-08-08,2022-08-09,10.029999732971191,9.539999961853027,-0.04885341816185784,8,459,467,True,0.5500394011032309,1269
PLTR,b_20_80|both|death_cross,2023-01-23,2023-01-24,2023-01-24,2023-01-25,7.0,6.920000076293945,-0.011428560529436416,1,582,583,True,0.5054858934169278,1276
PLTR,b_20_80|both|death_cross,2023-01-27,2023-01-30,2023-01-30,2023-01-31,7.5,7.409999847412109,-0.012000020345052098,1,586,587,True,0.5054858934169278,1276
PLTR,b_20_80|both|death_cross,2023-02-14,2023-02-15,2023-02-21,2023-02-22,9.15999984741211,8.479999542236328,-0.07423584241302095,4,598,602,True,0.5396700706991359,1273
PLTR,b_20_80|both|death_cross,2023-03-31,2023-04-03,2023-04-05,2023-04-06,8.369999885559082,7.880000114440918,-0.05854238683605839,3,630,633,True,0.5502354788069074,1274
PLTR,b_20_80|both|death_cross,2023-04-10,2023-04-11,2023-04-19,2023-04-20,8.350000381469727,8.289999961853027,-0.007185678667734119,7,635,642,True,0.5496062992125984,1270
PLTR,b_20_80|both|death_cross,2023-06-15,2023-06-16,2023-06-20,2023-06-21,16.8700008392334,15.65999984741211,-0.07172501076628712,2,682,684,True,0.523921568627451,1275
PLTR,b_20_80|both|death_cross,2023-07-31,2023-08-01,2023-08-07,2023-08-08,19.459999084472656,17.489999771118164,-0.10123326855273984,5,712,717,True,0.5440251572327044,1272
PLTR,b_20_80|both|death_cross,2024-07-01,2024-07-02,2024-07-17,2024-07-18,25.84000015258789,28.420000076293945,0.09984519769624178,11,943,954,True,0.556872037914692,1266
PLTR,b_20_80|both|death_cross,2024-11-05,2024-11-06,2024-11-18,2024-11-19,53.439998626708984,59.5099983215332,0.11358532654958697,9,1032,1041,True,0.557570977917981,1268
PLTR,b_20_80|both|death_cross,2024-11-27,2024-11-29,2024-12-09,2024-12-10,65.88999938964844,71.98999786376953,0.0925785176904923,7,1048,1055,True,0.5496062992125984,1270
PLTR,b_20_80|both|death_cross,2025-05-13,2025-05-14,2025-05-20,2025-05-21,129.00999450683594,125.16000366210938,-0.029842578161822675,5,1160,1165,True,0.5440251572327044,1272
PLTR,b_20_80|both|death_cross,2025-06-24,2025-06-25,2025-06-25,2025-06-26,144.49000549316406,144.85000610351562,0.002491526034086755,1,1188,1189,True,0.5054858934169278,1276
PLTR,b_20_80|both|death_cross,2025-12-19,2025-12-22,2025-12-26,2025-12-29,195.0399932861328,186.85000610351562,-0.04199132211106105,4,1313,1317,True,0.5396700706991359,1273
PLTR,b_20_80|both|death_cross,2026-03-23,2026-03-24,2026-03-25,2026-03-26,160.07000732421875,153.05499267578125,-0.04382466625511372,2,1375,1377,True,0.523921568627451,1275
PLTR,b_20_80|both|death_cross,2026-07-20,2026-07-21,2026-07-22,2026-07-23,133.8300018310547,125.93499755859375,-0.05899278311620659,2,1456,1458,True,0.523921568627451,1275
TSLA,b_20_80|both|death_cross,2018-01-31,2018-02-01,2018-02-02,2018-02-05,23.399999618530273,22.531333923339844,-0.037122466211603755,2,1912,1914,True,0.5267774699907664,2166
TSLA,b_20_80|both|death_cross,2018-11-16,2018-11-19,2018-11-20,2018-11-21,23.756000518798828,23.46666717529297,-0.012179379406769275,2,2114,2116,True,0.5267774699907664,2166
TSLA,b_20_80|both|death_cross,2019-07-01,2019-07-02,2019-07-09,2019-07-10,15.259332656860352,15.609999656677246,0.022980493819907633,5,2267,2272,True,0.521497919556172,2163
TSLA,b_20_80|both|death_cross,2019-07-10,2019-07-11,2019-07-22,2019-07-23,15.87600040435791,17.11400032043457,0.07797933261181034,8,2273,2281,True,0.5328703703703703,2160
TSLA,b_20_80|both|death_cross,2019-10-25,2019-10-28,2019-10-30,2019-10-31,21.836000442504883,20.873332977294922,-0.04408625415376344,3,2349,2352,True,0.5224018475750577,2165
TSLA,b_20_80|both|death_cross,2019-11-07,2019-11-08,2019-11-20,2019-11-21,22.299999237060547,23.634000778198242,0.059820698958621854,9,2358,2367,True,0.5303381194997684,2159
TSLA,b_20_80|both|death_cross,2020-01-29,2020-01-30,2020-02-05,2020-02-06,42.16133117675781,46.66133117675781,0.1067328728576935,5,2413,2418,True,0.521497919556172,2163
TSLA,b_20_80|both|death_cross,2020-02-18,2020-02-19,2020-02-24,2020-02-25,61.56666564941406,56.599998474121094,-0.08067136855478285,4,2426,2430,True,0.5244916820702403,2164
TSLA,b_20_80|both|death_cross,2020-04-27,2020-04-28,2020-04-28,2020-04-29,53.042667388916016,52.678001403808594,-0.006874955635877811,1,2474,2475,True,0.5080756806645131,2167
TSLA,b_20_80|both|death_cross,2020-05-08,2020-05-11,2020-05-15,2020-05-18,52.70066833496094,55.185333251953125,0.047146743969163074,5,2483,2488,True,0.521497919556172,2163
TSLA,b_20_80|both|death_cross,2020-06-05,2020-06-08,2020-06-11,2020-06-12,61.266666412353516,65.33333587646484,0.0663765421271778,4,2502,2506,True,0.5244916820702403,2164
TSLA,b_20_80|both|death_cross,2020-06-18,2020-06-19,2020-06-22,2020-06-23,67.51866912841797,66.59200286865234,-0.013724593089996184,2,2511,2513,True,0.5267774699907664,2166
TSLA,b_20_80|both|death_cross,2020-06-23,2020-06-24,2020-06-24,2020-06-25,66.27400207519531,63.61800003051758,-0.040076077519269226,1,2514,2515,True,0.5080756806645131,2167
TSLA,b_20_80|both|death_cross,2021-07-12,2021-07-13,2021-07-14,2021-07-15,228.77333068847656,219.4633331298828,-0.04069529228156099,2,2778,2780,True,0.5267774699907664,2166
TSLA,b_20_80|both|death_cross,2021-08-12,2021-08-13,2021-08-13,2021-08-16,241.23666381835938,235.02333068847656,-0.025756172513483166,1,2801,2802,True,0.5080756806645131,2167
TSLA,b_20_80|both|death_cross,2021-09-16,2021-09-17,2021-09-20,2021-09-21,252.38333129882812,244.92999267578125,-0.02953181806694649,2,2825,2827,True,0.5267774699907664,2166
TSLA,b_20_80|both|death_cross,2021-10-12,2021-10-13,2021-10-26,2021-10-27,270.15667724609375,346.5533447265625,0.2827865232102953,10,2843,2853,True,0.5301204819277109,2158
TSLA,b_20_80|both|death_cross,2022-07-19,2022-07-20,2022-07-26,2022-07-27,246.78334045410156,263.80999755859375,0.06899435380508967,5,3035,3040,True,0.521497919556172,2163
TSLA,b_20_80|both|death_cross,2022-07-27,2022-07-28,2022-08-05,2022-08-08,280.0666809082031,295.0,0.05332058438144438,7,3041,3048,True,0.5266080518278575,2161
TSLA,b_20_80|both|death_cross,2022-08-15,2022-08-16,2022-08-19,2022-08-22,311.6666564941406,291.913330078125,-0.06337965901843912,4,3054,3058,True,0.5244916820702403,2164
TSLA,b_20_80|both|death_cross,2023-03-29,2023-03-30,2023-04-03,2023-04-04,195.5800018310547,197.32000732421875,0.008896643199068466,3,3210,3213,True,0.5224018475750577,2165
TSLA,b_20_80|both|death_cross,2023-05-26,2023-05-30,2023-06-09,2023-06-12,200.10000610351562,247.94000244140625,0.23908043417620917,9,3251,3260,True,0.5303381194997684,2159
TSLA,b_20_80|both|death_cross,2023-09-11,2023-09-12,2023-09-18,2023-09-19,270.760009765625,264.3500061035156,-0.023674115197654166,5,3323,3328,True,0.521497919556172,2163
TSLA,b_20_80|both|death_cross,2023-11-21,2023-11-22,2023-11-22,2023-11-24,242.0399932861328,233.75,-0.03425051031270121,1,3374,3375,True,0.5080756806645131,2167
TSLA,b_20_80|both|death_cross,2023-11-28,2023-11-29,2023-11-29,2023-11-30,249.2100067138672,245.13999938964844,-0.016331636830666185,1,3378,3379,True,0.5080756806645131,2167
TSLA,b_20_80|both|death_cross,2023-12-08,2023-12-11,2023-12-11,2023-12-12,242.74000549316406,238.5500030517578,-0.017261276866553654,1,3386,3387,True,0.5080756806645131,2167
TSLA,b_20_80|both|death_cross,2024-05-17,2024-05-20,2024-05-23,2024-05-24,177.55999755859375,174.83999633789062,-0.015318772573228556,4,3496,3500,True,0.5244916820702403,2164
TSLA,b_20_80|both|death_cross,2024-09-10,2024-09-11,2024-10-01,2024-10-02,224.5500030517578,247.5500030517578,0.10242707498293191,15,3574,3589,True,0.5234556432884347,2153
TSLA,b_20_80|both|death_cross,2024-11-06,2024-11-07,2024-11-14,2024-11-15,288.8900146484375,310.57000732421875,0.07504583604997417,6,3615,3621,True,0.5175763182238667,2162
TSLA,b_20_80|both|death_cross,2024-11-19,2024-11-20,2024-11-21,2024-11-22,345.0,341.0899963378906,-0.011333343948143115,2,3624,3626,True,0.5267774699907664,2166
TSLA,b_20_80|both|death_cross,2024-11-22,2024-11-25,2024-11-25,2024-11-26,360.1400146484375,341.0,-0.0531460372908622,1,3627,3628,True,0.5080756806645131,2167
TSLA,b_20_80|both|death_cross,2025-05-12,2025-05-13,2025-05-21,2025-05-22,320.0,331.8999938964844,0.03718748092651358,7,3741,3748,True,0.5266080518278575,2161
TSLA,b_20_80|both|death_cross,2025-05-27,2025-05-28,2025-05-28,2025-05-29,364.8399963378906,365.2900085449219,0.0012334508594131766,1,3751,3752,True,0.5080756806645131,2167
TSLA,b_20_80|both|death_cross,2025-08-25,2025-08-26,2025-08-29,2025-09-02,344.92999267578125,328.2300109863281,-0.048415568503926365,4,3813,3817,True,0.5244916820702403,2164
TSLA,b_20_80|both|death_cross,2025-09-05,2025-09-08,2025-09-23,2025-09-24,354.6400146484375,429.8299865722656,0.21201773296328552,12,3821,3833,True,0.5301484230055659,2156
TSLA,b_20_80|both|death_cross,2025-11-03,2025-11-04,2025-11-04,2025-11-05,454.4599914550781,452.04998779296875,-0.005303005121293669,1,3862,3863,True,0.5080756806645131,2167
TSLA,b_20_80|both|death_cross,2025-12-12,2025-12-15,2025-12-17,2025-12-18,469.44000244140625,478.1600036621094,0.018575326293782446,3,3890,3893,True,0.5224018475750577,2165
TSLA,b_20_80|both|death_cross,2025-12-22,2025-12-23,2025-12-23,2025-12-24,489.3999938964844,488.4800109863281,-0.0018798179845315177,1,3896,3897,True,0.5080756806645131,2167
TSLA,b_20_80|both|death_cross,2026-05-01,2026-05-04,2026-05-15,2026-05-18,390.2300109863281,419.2699890136719,0.07441759272677051,10,3985,3995,True,0.5301204819277109,2158
TSM,b_20_80|both|death_cross,2018-01-17,2018-01-18,2018-01-25,2018-01-26,36.00580465071134,37.35212162075569,0.037391664569222494,6,5101,5107,True,0.5522664199814986,2162
TSM,b_20_80|both|death_cross,2018-03-07,2018-03-08,2018-03-16,2018-03-19,36.3670057951777,36.711809878582706,0.009481233768514619,7,5135,5142,True,0.5566867191115225,2161
TSM,b_20_80|both|death_cross,2018-08-09,2018-08-10,2018-08-10,2018-08-13,35.144242876668855,34.62516200317945,-0.01477001155810953,1,5243,5244,True,0.5260729118597139,2167
TSM,b_20_80|both|death_cross,2019-02-04,2019-02-05,2019-02-08,2019-02-11,32.268024493104726,32.268028035704596,1.097866983990059e-07,4,5364,5368,True,0.5328096118299446,2164
TSM,b_20_80|both|death_cross,2019-02-20,2019-02-21,2019-02-28,2019-03-01,33.24662195893584,33.49340868366405,0.007422911266986132,6,5375,5381,True,0.5522664199814986,2162
TSM,b_20_80|both|death_cross,2019-03-29,2019-04-01,2019-04-11,2019-04-12,34.957023383239346,36.139858240257134,0.033836829985499195,9,5402,5411,True,0.5771190365910144,2159
TSM,b_20_80|both|death_cross,2019-07-11,2019-07-12,2019-07-25,2019-07-26,36.1200000884578,38.42198077921202,0.06373146968761567,10,5473,5483,True,0.571825764596849,2158
TSM,b_20_80|both|death_cross,2019-08-29,2019-08-30,2019-09-03,2019-09-04,37.52578928220246,37.437921774749185,-0.0023415232333287017,2,5508,5510,True,0.5226223453370268,2166
TSM,b_20_80|both|death_cross,2019-09-04,2019-09-05,2019-09-20,2019-09-23,38.448346810564146,39.09686382196846,0.01686722746753122,12,5511,5523,True,0.577922077922078,2156
TSM,b_20_80|both|death_cross,2019-09-26,2019-09-27,2019-10-16,2019-10-17,40.707481777506494,45.25608931466394,0.11173885827717411,14,5527,5541,True,0.5831012070566388,2154
TSM,b_20_80|both|death_cross,2019-10-24,2019-10-25,2019-11-07,2019-11-08,44.955204692902136,47.37110290955853,0.053740122710148386,10,5547,5557,True,0.571825764596849,2158
TSM,b_20_80|both|death_cross,2020-04-22,2020-04-23,2020-04-28,2020-04-29,47.50690404032031,48.35250694862377,0.017799579353471984,4,5670,5674,True,0.5328096118299446,2164
TSM,b_20_80|both|death_cross,2020-04-29,2020-04-30,2020-04-30,2020-05-01,48.757321282653976,47.210036085377446,-0.03173441765405183,1,5675,5676,True,0.5260729118597139,2167
TSM,b_20_80|both|death_cross,2020-06-23,2020-06-24,2020-06-29,2020-06-30,51.39666032657514,50.97975840138853,-0.008111459432142198,4,5713,5717,True,0.5328096118299446,2164
TSM,b_20_80|both|death_cross,2020-12-04,2020-12-07,2020-12-11,2020-12-14,96.58274008607431,94.53301154293307,-0.02122251389134877,5,5828,5833,True,0.5515487748497457,2163
TSM,b_20_80|both|death_cross,2021-01-19,2021-01-20,2021-01-20,2021-01-21,123.67586094740928,121.90106025890807,-0.0143504211323493,1,5857,5858,True,0.5260729118597139,2167
TSM,b_20_80|both|death_cross,2021-01-21,2021-01-22,2021-01-22,2021-01-25,118.96446983717658,120.60200441915998,0.01376490463265756,1,5859,5860,True,0.5260729118597139,2167
TSM,b_20_80|both|death_cross,2021-06-14,2021-06-15,2021-06-16,2021-06-17,110.51459123896208,108.47731744500784,-0.01843443269449474,2,5958,5960,True,0.5226223453370268,2166
TSM,b_20_80|both|death_cross,2021-07-09,2021-07-12,2021-07-15,2021-07-16,111.71285885314192,109.46365879506585,-0.020133761512923787,4,5976,5980,True,0.5328096118299446,2164
TSM,b_20_80|both|death_cross,2021-11-04,2021-11-05,2021-11-11,2021-11-12,109.37642049943453,109.58004101202077,0.0018616490799066021,5,6059,6064,True,0.5515487748497457,2163
TSM,b_20_80|both|death_cross,2021-11-18,2021-11-19,2021-11-23,2021-11-24,112.94917857209013,111.0702521808496,-0.016635148789871934,3,6069,6072,True,0.5288683602771362,2165
TSM,b_20_80|both|death_cross,2022-01-12,2022-01-13,2022-01-19,2022-01-20,130.81504188904222,122.60829863224932,-0.06273547092354936,4,6106,6110,True,0.5328096118299446,2164
TSM,b_20_80|both|death_cross,2022-08-05,2022-08-08,2022-08-08,2022-08-09,83.53581735037028,81.62062155067778,-0.02292664225286367,1,6247,6248,True,0.5260729118597139,2167
TSM,b_20_80|both|death_cross,2022-08-11,2022-08-12,2022-08-18,2022-08-19,84.19298614735325,83.08516320692861,-0.013158138119554796,5,6251,6256,True,0.5515487748497457,2163
TSM,b_20_80|both|death_cross,2022-12-01,2022-12-02,2022-12-02,2022-12-05,77.2388816512607,77.36162142473007,0.0015890930946353965,1,6329,6330,True,0.5260729118597139,2167
TSM,b_20_80|both|death_cross,2023-02-02,2023-02-03,2023-02-03,2023-02-06,90.23824749810466,87.1619465512173,-0.034090876454044294,1,6371,6372,True,0.5260729118597139,2167
TSM,b_20_80|both|death_cross,2023-06-09,2023-06-12,2023-06-16,2023-06-20,99.5841008554914,99.84784648102053,0.002648471224456328,5,6459,6464,True,0.5515487748497457,2163
TSM,b_20_80|both|death_cross,2023-12-26,2023-12-27,2024-01-02,2024-01-03,101.68118032291349,97.1222110179458,-0.044835920378673455,4,6596,6600,True,0.5328096118299446,2164
TSM,b_20_80|both|death_cross,2024-02-05,2024-02-06,2024-02-13,2024-02-14,116.26789486662032,125.4729294035016,0.07917090566954066,6,6623,6629,True,0.5522664199814986,2162
TSM,b_20_80|both|death_cross,2024-10-07,2024-10-08,2024-10-16,2024-10-17,180.9882195543381,198.98329455511822,0.09942677509669329,7,6792,6799,True,0.5566867191115225,2161
TSM,b_20_80|both|death_cross,2024-12-16,2024-12-17,2024-12-18,2024-12-19,197.30834593239138,194.75607625960419,-0.012935436971641012,2,6841,6843,True,0.5226223453370268,2166
TSM,b_20_80|both|death_cross,2024-12-23,2024-12-24,2024-12-30,2024-12-31,202.1379777016791,197.10218684350485,-0.024912640936807007,4,6846,6850,True,0.5328096118299446,2164
TSM,b_20_80|both|death_cross,2025-01-03,2025-01-06,2025-01-08,2025-01-10,214.75197648598242,203.78713693770834,-0.05105815428427407,3,6853,6856,True,0.5288683602771362,2165
TSM,b_20_80|both|death_cross,2025-01-16,2025-01-17,2025-01-27,2025-01-28,211.2181025934703,192.05660571973516,-0.09071900863826576,6,6861,6867,True,0.5522664199814986,2162
TSM,b_20_80|both|death_cross,2025-06-25,2025-06-26,2025-07-07,2025-07-08,222.51905273054368,227.26656536489236,0.021335308487483218,7,6970,6977,True,0.5566867191115225,2161
TSM,b_20_80|both|death_cross,2025-10-01,2025-10-02,2025-10-07,2025-10-08,294.201735453789,292.69366040684827,-0.0051259896363786694,4,7038,7042,True,0.5328096118299446,2164
TSM,b_20_80|both|death_cross,2025-10-15,2025-10-16,2025-10-16,2025-10-17,308.49904950435075,296.067061299752,-0.04029830310522042,1,7048,7049,True,0.5260729118597139,2167
TSM,b_20_80|both|death_cross,2026-01-12,2026-01-13,2026-01-14,2026-01-15,331.1591315955093,341.0480638104695,0.029861571889368665,2,7108,7110,True,0.5226223453370268,2166
TSM,b_20_80|both|death_cross,2026-01-28,2026-01-29,2026-01-30,2026-02-02,338.05352465035566,329.0600043192495,-0.026603835414548693,2,7119,7121,True,0.5226223453370268,2166
TSM,b_20_80|both|death_cross,2026-02-20,2026-02-23,2026-02-26,2026-02-27,365.12369699323017,368.2376028761936,0.008528358768839839,4,7135,7139,True,0.5328096118299446,2164
TSM,b_20_80|both|death_cross,2026-04-22,2026-04-23,2026-04-28,2026-04-29,383.35224217986075,391.9920175913842,0.022537432838255933,4,7177,7181,True,0.5328096118299446,2164
TSM,b_20_80|both|death_cross,2026-05-06,2026-05-07,2026-05-11,2026-05-12,417.1131700589296,396.8207097656788,-0.04864977121289138,3,7187,7190,True,0.5288683602771362,2165
TSM,b_20_80|both|death_cross,2026-06-30,2026-07-01,2026-07-02,2026-07-06,467.6700134277344,447.7799987792969,-0.04253001919591959,2,7224,7226,True,0.5226223453370268,2166
