symbol,arm,signal_date,entry_date,exit_signal_date,exit_date,entry_price,exit_price,ret,hold_bars,entry_bar,exit_bar,closed,base_rate,base_n
NVDA,A-NOK30-LOOKAHEAD,1999-11-15,1999-11-16,1999-11-17,1999-11-18,0.06128623736746441,0.06951300352969399,0.1342351319906121,2,207,209,True,0.5328976682013961,6733
NVDA,A-NOK30-LOOKAHEAD,1999-11-18,1999-11-19,1999-11-22,1999-11-23,0.0765485122384231,0.07332882957372452,-0.04206068244240124,2,210,212,True,0.5328976682013961,6733
NVDA,A-NOK30-LOOKAHEAD,2000-03-06,2000-03-07,2000-03-14,2000-03-15,0.1430809053884241,0.22514381213569204,0.573541986783564,6,283,289,True,0.5556546292168227,6729
NVDA,A-NOK30-LOOKAHEAD,2000-05-04,2000-05-05,2000-05-05,2000-05-08,0.16728510970076693,0.17121996615503665,0.023521857153384618,1,325,326,True,0.5246510246510246,6734
NVDA,A-NOK30-LOOKAHEAD,2000-05-15,2000-05-16,2000-05-25,2000-05-26,0.16978963886531354,0.20132696628570557,0.18574353318113346,8,332,340,True,0.5666716218225063,6727
NVDA,A-NOK30-LOOKAHEAD,2000-05-30,2000-05-31,2000-06-06,2000-06-07,0.208898032274863,0.24180712064541618,0.15753661253856222,5,342,347,True,0.5530460624071323,6730
NVDA,A-NOK30-LOOKAHEAD,2000-06-15,2000-06-16,2000-06-22,2000-06-23,0.24735084228078427,0.3035695159964063,0.22728313029880254,5,354,359,True,0.5530460624071323,6730
NVDA,A-NOK30-LOOKAHEAD,2000-06-23,2000-06-26,2000-06-26,2000-06-27,0.2880692394875026,0.3138234907532215,0.08940298975183092,1,360,361,True,0.5246510246510246,6734
NVDA,A-NOK30-LOOKAHEAD,2000-08-14,2000-08-15,2000-08-21,2000-08-22,0.24943779082097015,0.28282309400885597,0.13384220200958863,5,395,400,True,0.5530460624071323,6730
NVDA,A-NOK30-LOOKAHEAD,2000-08-29,2000-08-30,2000-09-05,2000-09-06,0.293554323158353,0.3050007347230843,0.03899248166942071,4,406,410,True,0.5449413162977269,6731
NVDA,A-NOK30-LOOKAHEAD,2001-01-17,2001-01-18,2001-01-19,2001-01-22,0.17121993689819875,0.1926825144842035,0.12535092568551542,2,502,504,True,0.5328976682013961,6733
NVDA,A-NOK30-LOOKAHEAD,2001-01-22,2001-01-23,2001-01-24,2001-01-25,0.18838961856229663,0.2017444605826133,0.07088947959146963,2,505,507,True,0.5328976682013961,6733
NVDA,A-NOK30-LOOKAHEAD,2001-03-21,2001-03-22,2001-03-27,2001-03-28,0.23656007093336737,0.25253751931357404,0.06754076593385494,4,546,550,True,0.5449413162977269,6731
NVDA,A-NOK30-LOOKAHEAD,2001-04-30,2001-05-01,2001-05-08,2001-05-09,0.3189746117486647,0.3216072763151159,0.008253523852630451,6,573,579,True,0.5556546292168227,6729
NVDA,A-NOK30-LOOKAHEAD,2001-08-15,2001-08-16,2001-08-16,2001-08-17,0.3219131120763646,0.33309227273208986,0.034727260979271035,1,648,649,True,0.5246510246510246,6734
NVDA,A-NOK30-LOOKAHEAD,2001-08-24,2001-08-27,2001-08-29,2001-08-30,0.3180973264158602,0.31554073844416636,-0.008037124990957989,3,655,658,True,0.5372846108140226,6732
NVDA,A-NOK30-LOOKAHEAD,2001-10-23,2001-10-24,2001-10-25,2001-10-26,0.33423687426937304,0.3736887803541006,0.11803576780978364,2,692,694,True,0.5328976682013961,6733
NVDA,A-NOK30-LOOKAHEAD,2001-11-01,2001-11-02,2001-11-14,2001-11-15,0.35339092703215197,0.39734533883714224,0.12437900478693176,9,699,708,True,0.5721082366934285,6726
NVDA,A-NOK30-LOOKAHEAD,2002-10-29,2002-10-30,2002-11-04,2002-11-05,0.08401708646261374,0.11904328468214603,0.4168937497626555,4,948,952,True,0.5449413162977269,6731
NVDA,A-NOK30-LOOKAHEAD,2002-11-05,2002-11-06,2002-11-06,2002-11-07,0.11850938187749777,0.12026392029446781,0.014805059221249639,1,953,954,True,0.5246510246510246,6734
NVDA,A-NOK30-LOOKAHEAD,2003-04-28,2003-04-29,2003-05-07,2003-05-08,0.10897038310190084,0.12095071700051742,0.10994119280477777,7,1071,1078,True,0.5610879904875149,6728
NVDA,A-NOK30-LOOKAHEAD,2003-05-08,2003-05-09,2003-05-16,2003-05-19,0.1436916452811641,0.1600976639384549,0.11417517438253877,6,1079,1085,True,0.5556546292168227,6729
NVDA,A-NOK30-LOOKAHEAD,2003-05-23,2003-05-27,2003-05-30,2003-06-02,0.1575794052645071,0.20489182161240488,0.300244922669183,4,1090,1094,True,0.5449413162977269,6731
NVDA,A-NOK30-LOOKAHEAD,2003-06-03,2003-06-04,2003-06-05,2003-06-06,0.19191889472635987,0.2106910435493672,0.09781292691255272,2,1096,1098,True,0.5328976682013961,6733
NVDA,A-NOK30-LOOKAHEAD,2003-09-16,2003-09-17,2003-09-18,2003-09-19,0.15063557983937426,0.15437447633432425,0.024820805940647395,2,1169,1171,True,0.5328976682013961,6733
NVDA,A-NOK30-LOOKAHEAD,2003-11-04,2003-11-05,2003-11-13,2003-11-14,0.1350682834662204,0.16406633916425567,0.2146918207136872,7,1204,1211,True,0.5610879904875149,6728
NVDA,A-NOK30-LOOKAHEAD,2003-11-24,2003-11-25,2003-12-03,2003-12-04,0.1605555002023062,0.16246384184995064,0.011885869031206475,6,1218,1224,True,0.5556546292168227,6729
NVDA,A-NOK30-LOOKAHEAD,2004-01-02,2004-01-05,2004-01-12,2004-01-13,0.1787938153599512,0.19558170578072948,0.0938952523999812,6,1244,1250,True,0.5556546292168227,6729
NVDA,A-NOK30-LOOKAHEAD,2004-02-19,2004-02-20,2004-02-20,2004-02-23,0.1794045813486577,0.18390624809055042,0.02509226190352476,1,1276,1277,True,0.5246510246510246,6734
NVDA,A-NOK30-LOOKAHEAD,2004-09-15,2004-09-16,2004-09-21,2004-09-22,0.10553644864275794,0.11187047175240176,0.06001739864380484,4,1420,1424,True,0.5449413162977269,6731
NVDA,A-NOK30-LOOKAHEAD,2004-09-30,2004-10-01,2004-10-07,2004-10-08,0.11133565861513162,0.11591424794602374,0.041124194960030946,5,1431,1436,True,0.5530460624071323,6730
NVDA,A-NOK30-LOOKAHEAD,2004-11-17,2004-11-18,2004-11-18,2004-11-19,0.14330976692830646,0.15490920019778806,0.08093958645040877,1,1465,1466,True,0.5246510246510246,6734
NVDA,A-NOK30-LOOKAHEAD,2004-12-02,2004-12-03,2004-12-08,2004-12-09,0.1552900811768287,0.1729945709919902,0.11400914778968674,4,1475,1479,True,0.5449413162977269,6731
NVDA,A-NOK30-LOOKAHEAD,2004-12-09,2004-12-10,2004-12-10,2004-12-13,0.17856492074296781,0.17520698709925647,-0.018805113735328005,1,1480,1481,True,0.5246510246510246,6734
NVDA,A-NOK30-LOOKAHEAD,2004-12-15,2004-12-16,2004-12-16,2004-12-17,0.18329645072177983,0.1838303023543865,0.0029125039274053854,1,1484,1485,True,0.5246510246510246,6734
NVDA,A-NOK30-LOOKAHEAD,2005-02-10,2005-02-11,2005-02-11,2005-02-14,0.1926825448666938,0.19947344768287814,0.03524399587353688,1,1523,1524,True,0.5246510246510246,6734
NVDA,A-NOK30-LOOKAHEAD,2005-02-17,2005-02-18,2005-02-22,2005-02-23,0.20962333022499985,0.21496476357809846,0.025481101494596814,2,1528,1530,True,0.5328976682013961,6733
NVDA,A-NOK30-LOOKAHEAD,2005-02-23,2005-02-24,2005-03-01,2005-03-02,0.20847867303011539,0.21824566398342765,0.04684887337085741,4,1531,1535,True,0.5449413162977269,6731
NVDA,A-NOK30-LOOKAHEAD,2005-05-12,2005-05-13,2005-05-26,2005-05-27,0.1896296035612899,0.21198867656117762,0.11790919023179347,10,1586,1596,True,0.5745724907063197,6725
NVDA,A-NOK30-LOOKAHEAD,2005-06-01,2005-06-02,2005-06-03,2005-06-06,0.20794385817949382,0.21206461227572518,0.019816666538303718,2,1599,1601,True,0.5328976682013961,6733
NVDA,A-NOK30-LOOKAHEAD,2005-08-11,2005-08-12,2005-08-17,2005-08-18,0.22824258424513255,0.22862445473635765,0.0016730904642008326,4,1649,1653,True,0.5449413162977269,6731
NVDA,A-NOK30-LOOKAHEAD,2005-11-16,2005-11-17,2005-11-28,2005-11-29,0.2671606165196504,0.2719681328209858,0.01799485404684198,7,1717,1724,True,0.5610879904875149,6728
NVDA,A-NOK30-LOOKAHEAD,2005-12-30,2006-01-03,2006-01-12,2006-01-13,0.28059146765129916,0.3265293301816621,0.163717959476414,8,1747,1755,True,0.5666716218225063,6727
NVDA,A-NOK30-LOOKAHEAD,2006-01-25,2006-01-26,2006-01-30,2006-01-31,0.3398072901824733,0.34720980364061593,0.021784445690283816,3,1763,1766,True,0.5372846108140226,6732
NVDA,A-NOK30-LOOKAHEAD,2006-02-28,2006-03-01,2006-03-07,2006-03-08,0.3609456906669539,0.3680423880902006,0.01966139950343626,5,1786,1791,True,0.5530460624071323,6730
NVDA,A-NOK30-LOOKAHEAD,2006-08-07,2006-08-08,2006-08-08,2006-08-09,0.36476054462830326,0.3788021607673046,0.03849543582985371,1,1897,1898,True,0.5246510246510246,6734
NVDA,A-NOK30-LOOKAHEAD,2006-08-14,2006-08-15,2006-08-21,2006-08-22,0.3644556106263933,0.40093145480789366,0.10008309137787452,5,1902,1907,True,0.5530460624071323,6730
NVDA,A-NOK30-LOOKAHEAD,2006-08-28,2006-08-29,2006-08-31,2006-09-01,0.4219929363388587,0.43771296982047886,0.03725188771642629,3,1912,1915,True,0.5372846108140226,6732
NVDA,A-NOK30-LOOKAHEAD,2007-05-03,2007-05-04,2007-05-04,2007-05-07,0.5135647110713186,0.5219588621562247,0.01634487515194616,1,2082,2083,True,0.5246510246510246,6734
NVDA,A-NOK30-LOOKAHEAD,2007-05-10,2007-05-11,2007-05-22,2007-05-23,0.5279110913249818,0.539357641223301,0.02168272287969919,8,2087,2095,True,0.5666716218225063,6727
NVDA,A-NOK30-LOOKAHEAD,2007-07-02,2007-07-03,2007-07-16,2007-07-17,0.6562644114503061,0.7156333833363953,0.09046501813939156,9,2123,2132,True,0.5721082366934285,6726
NVDA,A-NOK30-LOOKAHEAD,2007-10-05,2007-10-08,2007-10-08,2007-10-09,0.851388405830279,0.8591719011697452,0.009142120430775336,1,2190,2191,True,0.5246510246510246,6734
NVDA,A-NOK30-LOOKAHEAD,2007-10-16,2007-10-17,2007-10-24,2007-10-25,0.8733657173525947,0.8436046901879505,-0.034076248441326396,6,2197,2203,True,0.5556546292168227,6729
NVDA,A-NOK30-LOOKAHEAD,2007-12-13,2007-12-14,2007-12-14,2007-12-17,0.7861435372576617,0.7943850256103134,0.010483439679986217,1,2238,2239,True,0.5246510246510246,6734
NVDA,A-NOK30-LOOKAHEAD,2007-12-20,2007-12-21,2007-12-27,2007-12-28,0.8147595651562912,0.8030842775002769,-0.01432973377093738,4,2243,2247,True,0.5449413162977269,6731
NVDA,A-NOK30-LOOKAHEAD,2008-05-14,2008-05-15,2008-05-19,2008-05-20,0.5041025879030313,0.5322609260164582,0.055858348655895895,3,2342,2345,True,0.5372846108140226,6732
NVDA,A-NOK30-LOOKAHEAD,2008-05-29,2008-05-30,2008-06-05,2008-06-06,0.5537801308607857,0.5620218066047338,0.01488257755137834,5,2352,2357,True,0.5530460624071323,6730
NVDA,A-NOK30-LOOKAHEAD,2009-03-24,2009-03-25,2009-03-30,2009-03-31,0.2307608375600872,0.22755580804127187,-0.01388896639786541,4,2558,2562,True,0.5449413162977269,6731
NVDA,A-NOK30-LOOKAHEAD,2009-04-01,2009-04-02,2009-04-14,2009-04-15,0.24014693710189997,0.25891912330773814,0.07816958414036601,8,2564,2572,True,0.5666716218225063,6727
NVDA,A-NOK30-LOOKAHEAD,2009-06-03,2009-06-04,2009-06-04,2009-06-05,0.24129160876420294,0.2538827421305777,0.05218222643904369,1,2607,2608,True,0.5246510246510246,6734
NVDA,A-NOK30-LOOKAHEAD,2009-06-08,2009-06-09,2009-06-10,2009-06-11,0.24999095453835174,0.2689921207293883,0.0760074148527703,2,2610,2612,True,0.5328976682013961,6733
NVDA,A-NOK30-LOOKAHEAD,2009-07-31,2009-08-03,2009-08-03,2009-08-04,0.303102464017702,0.2987528280175017,-0.014350381526249456,1,2648,2649,True,0.5246510246510246,6734
NVDA,A-NOK30-LOOKAHEAD,2009-09-03,2009-09-04,2009-09-15,2009-09-16,0.3321765016603105,0.3740706004132882,0.12611999507364113,7,2672,2679,True,0.5610879904875149,6728
NVDA,A-NOK30-LOOKAHEAD,2009-12-15,2009-12-16,2009-12-17,2009-12-18,0.3710945208058386,0.38849308479850186,0.046884454006170584,2,2743,2745,True,0.5328976682013961,6733
NVDA,A-NOK30-LOOKAHEAD,2009-12-18,2009-12-21,2009-12-31,2010-01-04,0.387348462804536,0.4237481650406893,0.09397146427949377,8,2746,2754,True,0.5666716218225063,6727
NVDA,A-NOK30-LOOKAHEAD,2010-01-05,2010-01-06,2010-01-06,2010-01-07,0.4292427046819701,0.42992930325933937,0.001599557942115748,1,2756,2757,True,0.5246510246510246,6734
NVDA,A-NOK30-LOOKAHEAD,2010-03-15,2010-03-16,2010-03-17,2010-03-18,0.3926139676262226,0.4150488396203586,0.05714231750281118,2,2803,2805,True,0.5328976682013961,6733
NVDA,A-NOK30-LOOKAHEAD,2010-11-04,2010-11-05,2010-11-08,2010-11-09,0.2859327856106977,0.2898246004615175,0.013610943014134014,2,2967,2969,True,0.5328976682013961,6733
NVDA,A-NOK30-LOOKAHEAD,2010-11-09,2010-11-10,2010-11-10,2010-11-11,0.2902825205159032,0.2847881397995615,-0.018927700870782105,1,2970,2971,True,0.5246510246510246,6734
NVDA,A-NOK30-LOOKAHEAD,2010-11-18,2010-11-19,2010-12-03,2010-12-06,0.3042471867194701,0.3397312043792763,0.11662890967837969,10,2977,2987,True,0.5745724907063197,6725
NVDA,A-NOK30-LOOKAHEAD,2011-05-09,2011-05-10,2011-05-12,2011-05-13,0.45579838219992747,0.4395444357209905,-0.035660386507926356,3,3094,3097,True,0.5372846108140226,6732
NVDA,A-NOK30-LOOKAHEAD,2011-10-26,2011-10-27,2011-10-31,2011-11-01,0.3470568980053817,0.3264533213331297,-0.05936656724204481,3,3213,3216,True,0.5372846108140226,6732
NVDA,A-NOK30-LOOKAHEAD,2012-01-31,2012-02-01,2012-02-09,2012-02-10,0.3420204829732223,0.36949195617962033,0.08032113447588118,7,3278,3285,True,0.5610879904875149,6728
NVDA,A-NOK30-LOOKAHEAD,2012-06-27,2012-06-28,2012-07-06,2012-07-09,0.2980661159021663,0.30493405188767686,0.023041652905507748,6,3381,3387,True,0.5556546292168227,6729
NVDA,A-NOK30-LOOKAHEAD,2012-12-31,2013-01-02,2013-01-08,2013-01-09,0.28939042057386244,0.2900816448894782,0.002388552856189996,5,3508,3513,True,0.5530460624071323,6730
NVDA,A-NOK30-LOOKAHEAD,2013-02-07,2013-02-08,2013-02-19,2013-02-20,0.2850126028060913,0.2903120844398996,0.018593850172351045,7,3534,3541,True,0.5610879904875149,6728
NVDA,A-NOK30-LOOKAHEAD,2013-02-26,2013-02-27,2013-03-08,2013-03-11,0.286761210281694,0.29417946871011885,0.025869113961186407,8,3546,3554,True,0.5666716218225063,6727
NVDA,A-NOK30-LOOKAHEAD,2013-04-23,2013-04-24,2013-05-06,2013-05-07,0.30043852226079726,0.3206069346431841,0.06712991473470087,9,3585,3594,True,0.5721082366934285,6726
NVDA,A-NOK30-LOOKAHEAD,2013-05-09,2013-05-10,2013-05-10,2013-05-13,0.3291841123250142,0.3347479570630042,0.016901923664215612,1,3597,3598,True,0.5246510246510246,6734
NVDA,A-NOK30-LOOKAHEAD,2013-05-14,2013-05-15,2013-05-21,2013-05-22,0.33335688312026984,0.34903011602966816,0.047016377051208647,5,3600,3605,True,0.5530460624071323,6730
NVDA,A-NOK30-LOOKAHEAD,2013-11-27,2013-11-29,2013-12-05,2013-12-06,0.3696415297522192,0.37411482383315336,0.012101708603826866,5,3738,3743,True,0.5530460624071323,6730
NVDA,A-NOK30-LOOKAHEAD,2014-01-06,2014-01-07,2014-01-08,2014-01-09,0.3776465165914582,0.37929453528666557,0.004363918698580882,2,3763,3765,True,0.5328976682013961,6733
NVDA,A-NOK30-LOOKAHEAD,2014-01-15,2014-01-16,2014-01-23,2014-01-24,0.3769401812981928,0.37293761735129055,-0.010618565346674602,5,3770,3775,True,0.5530460624071323,6730
NVDA,A-NOK30-LOOKAHEAD,2014-06-09,2014-06-10,2014-06-13,2014-06-16,0.4509511400193028,0.4621180566030907,0.024763029944463444,4,3869,3873,True,0.5449413162977269,6731
NVDA,A-NOK30-LOOKAHEAD,2014-06-16,2014-06-17,2014-06-18,2014-06-19,0.46330599319198823,0.456890945850677,-0.013846242948670207,2,3874,3876,True,0.5328976682013961,6733
NVDA,A-NOK30-LOOKAHEAD,2014-08-25,2014-08-26,2014-08-26,2014-08-27,0.45724152006241287,0.46129851056249566,0.00887275175607205,1,3923,3924,True,0.5246510246510246,6734
NVDA,A-NOK30-LOOKAHEAD,2014-08-27,2014-08-28,2014-09-05,2014-09-08,0.45795744698750124,0.4760943101291478,0.039603817474643144,6,3925,3931,True,0.5556546292168227,6729
NVDA,A-NOK30-LOOKAHEAD,2014-11-19,2014-11-20,2014-12-01,2014-12-02,0.47619210281527585,0.49272810972780906,0.03472549589707885,7,3984,3991,True,0.5610879904875149,6728
NVDA,A-NOK30-LOOKAHEAD,2014-12-02,2014-12-03,2014-12-03,2014-12-04,0.4963229879719622,0.5059091870508245,0.01931443699199331,1,3992,3993,True,0.5246510246510246,6734
NVDA,A-NOK30-LOOKAHEAD,2014-12-04,2014-12-05,2014-12-05,2014-12-08,0.5023143537017049,0.5042316042196733,0.0038168340280138047,1,3994,3995,True,0.5246510246510246,6734
NVDA,A-NOK30-LOOKAHEAD,2015-02-23,2015-02-24,2015-02-24,2015-02-25,0.5331174428297619,0.5345612306699032,0.002708198464634215,1,4047,4048,True,0.5246510246510246,6734
NVDA,A-NOK30-LOOKAHEAD,2015-03-04,2015-03-05,2015-03-11,2015-03-12,0.5396130862695208,0.5451465301127976,0.010254465623750653,5,4054,4059,True,0.5530460624071323,6730
NVDA,A-NOK30-LOOKAHEAD,2015-06-03,2015-06-04,2015-06-05,2015-06-08,0.5213255695353334,0.536310291909474,0.028743501661537163,2,4117,4119,True,0.5328976682013961,6733
NVDA,A-NOK30-LOOKAHEAD,2015-09-29,2015-09-30,2015-10-14,2015-10-15,0.5807978301650356,0.6652600599291288,0.14542449261577484,11,4199,4210,True,0.5748066627007733,6724
NVDA,A-NOK30-LOOKAHEAD,2015-10-21,2015-10-22,2015-10-26,2015-10-27,0.6730265522342217,0.6873462963258336,0.02127664063783974,3,4215,4218,True,0.5372846108140226,6732
NVDA,A-NOK30-LOOKAHEAD,2015-10-27,2015-10-28,2015-10-28,2015-10-29,0.6946277490775203,0.6846766562425369,-0.014325792265279746,1,4219,4220,True,0.5246510246510246,6734
NVDA,A-NOK30-LOOKAHEAD,2015-11-06,2015-11-09,2015-11-12,2015-11-13,0.7582168007257318,0.7385574325291253,-0.025928425982897574,4,4227,4231,True,0.5449413162977269,6731
NVDA,A-NOK30-LOOKAHEAD,2015-12-03,2015-12-04,2015-12-08,2015-12-09,0.7900875827116478,0.8173741057300595,0.03453607374104273,3,4245,4248,True,0.5372846108140226,6732
NVDA,A-NOK30-LOOKAHEAD,2016-03-15,2016-03-16,2016-03-30,2016-03-31,0.7800068404339839,0.8783025118852144,0.12601898644445253,10,4314,4324,True,0.5745724907063197,6725
NVDA,A-NOK30-LOOKAHEAD,2016-03-31,2016-04-01,2016-04-01,2016-04-04,0.8658321567409344,0.8912616271496003,0.02936997686062459,1,4325,4326,True,0.5246510246510246,6734
NVDA,A-NOK30-LOOKAHEAD,2016-07-21,2016-07-22,2016-07-26,2016-07-27,1.309352868756014,1.4003037822009958,0.06946249220914158,3,4403,4406,True,0.5372846108140226,6732
NVDA,A-NOK30-LOOKAHEAD,2016-07-28,2016-07-29,2016-07-29,2016-08-01,1.3824077711824565,1.4056970876790233,0.016846922436385192,1,4408,4409,True,0.5246510246510246,6734
NVDA,A-NOK30-LOOKAHEAD,2016-08-10,2016-08-11,2016-08-16,2016-08-17,1.4419792153570516,1.5346461622184933,0.06426371883487669,4,4417,4421,True,0.5449413162977269,6731
NVDA,A-NOK30-LOOKAHEAD,2016-08-22,2016-08-23,2016-08-23,2016-08-24,1.5482811326593162,1.5504916527332242,0.0014277252543348773,1,4425,4426,True,0.5246510246510246,6734
NVDA,A-NOK30-LOOKAHEAD,2016-11-10,2016-11-11,2016-11-28,2016-11-29,1.9527891591575337,2.312124129078461,0.1840111454100608,11,4482,4493,True,0.5748066627007733,6724
NVDA,A-NOK30-LOOKAHEAD,2017-03-29,2017-03-30,2017-04-03,2017-04-04,2.6507229589450527,2.546546032303542,-0.039301325809986465,3,4576,4579,True,0.5372846108140226,6732
NVDA,A-NOK30-LOOKAHEAD,2017-05-09,2017-05-10,2017-05-24,2017-05-25,2.8147472355581926,3.4515660234250993,0.22624368533774186,11,4604,4615,True,0.5748066627007733,6724
NVDA,A-NOK30-LOOKAHEAD,2017-05-26,2017-05-30,2017-05-31,2017-06-01,3.5427870034216355,3.574589692354118,0.008976743140856946,2,4617,4619,True,0.5328976682013961,6733
NVDA,A-NOK30-LOOKAHEAD,2017-06-02,2017-06-05,2017-06-08,2017-06-09,3.5250353194856614,4.061508036091195,0.15218931669706226,4,4621,4625,True,0.5449413162977269,6731
NVDA,A-NOK30-LOOKAHEAD,2017-09-11,2017-09-12,2017-09-20,2017-09-21,4.194878008296702,4.482103637868586,0.06847055599800611,7,4690,4697,True,0.5610879904875149,6728
NVDA,A-NOK30-LOOKAHEAD,2018-01-02,2018-01-03,2018-01-12,2018-01-16,5.039820483748576,5.532443747287633,0.09774619257324191,8,4768,4776,True,0.5666716218225063,6727
NVDA,A-NOK30-LOOKAHEAD,2018-01-18,2018-01-19,2018-01-23,2018-01-24,5.632202136909078,5.902590912175308,0.04800764757612508,3,4779,4782,True,0.5372846108140226,6732
NVDA,A-NOK30-LOOKAHEAD,2018-01-25,2018-01-26,2018-01-29,2018-01-30,5.879871609972731,5.95370478502649,0.01255693660530488,2,4784,4786,True,0.5328976682013961,6733
NVDA,A-NOK30-LOOKAHEAD,2018-07-25,2018-07-26,2018-07-27,2018-07-30,6.207087376228404,6.244914898588753,0.006094246796850333,2,4909,4911,True,0.5328976682013961,6733
NVDA,A-NOK30-LOOKAHEAD,2018-08-21,2018-08-22,2018-09-04,2018-09-05,6.23032926033633,7.000337059306588,0.12359022561974387,9,4928,4937,True,0.5721082366934285,6726
NVDA,A-NOK30-LOOKAHEAD,2019-01-24,2019-01-25,2019-01-25,2019-01-28,3.848974150204566,3.3812233631027357,-0.12152609210871679,1,5034,5035,True,0.5246510246510246,6734
NVDA,A-NOK30-LOOKAHEAD,2019-02-19,2019-02-20,2019-02-20,2019-02-21,3.907907088268035,3.9386119879459383,0.007857121212037743,1,5051,5052,True,0.5246510246510246,6734
NVDA,A-NOK30-LOOKAHEAD,2019-02-21,2019-02-22,2019-02-22,2019-02-25,3.908897822960406,4.025278463314607,0.0297732623428002,1,5053,5054,True,0.5246510246510246,6734
NVDA,A-NOK30-LOOKAHEAD,2019-03-29,2019-04-01,2019-04-11,2019-04-12,4.542523810574591,4.786431695138717,0.05369435466608463,9,5079,5088,True,0.5721082366934285,6726
NVDA,A-NOK30-LOOKAHEAD,2019-07-11,2019-07-12,2019-07-24,2019-07-25,4.154132464844888,4.392115142493998,0.057288177414438035,9,5150,5159,True,0.5721082366934285,6726
NVDA,A-NOK30-LOOKAHEAD,2019-09-03,2019-09-04,2019-09-13,2019-09-16,4.138620686803086,4.444405724580882,0.07388573655780051,8,5187,5195,True,0.5666716218225063,6727
NVDA,A-NOK30-LOOKAHEAD,2019-10-18,2019-10-21,2019-10-21,2019-10-22,4.793161508330924,4.92580670192421,0.027673841860479387,1,5220,5221,True,0.5246510246510246,6734
NVDA,A-NOK30-LOOKAHEAD,2019-10-24,2019-10-25,2019-10-29,2019-10-30,4.970519153793073,5.067394643553088,0.019490014375276754,3,5224,5227,True,0.5372846108140226,6732
NVDA,A-NOK30-LOOKAHEAD,2019-11-01,2019-11-04,2019-11-07,2019-11-08,5.1133483148687064,5.158311947405599,0.00879338346776537,4,5230,5234,True,0.5449413162977269,6731
NVDA,A-NOK30-LOOKAHEAD,2020-01-15,2020-01-16,2020-01-17,2020-01-21,6.157948519655376,6.160185612581765,0.00036328542196306657,2,5280,5282,True,0.5328976682013961,6733
NVDA,A-NOK30-LOOKAHEAD,2020-04-09,2020-04-13,2020-04-20,2020-04-21,6.480757551993029,7.022001664063456,0.08351556245210534,6,5339,5345,True,0.5556546292168227,6729
NVDA,A-NOK30-LOOKAHEAD,2020-04-24,2020-04-27,2020-04-27,2020-04-28,7.3373975726820175,7.536630547178379,0.027153084254031512,1,5349,5350,True,0.5246510246510246,6734
NVDA,A-NOK30-LOOKAHEAD,2020-04-28,2020-04-29,2020-04-30,2020-05-01,7.381670852745031,7.072742973426641,-0.041850671139516904,2,5351,5353,True,0.5328976682013961,6733
NVDA,A-NOK30-LOOKAHEAD,2020-05-06,2020-05-07,2020-05-12,2020-05-13,7.546083773903831,7.87739824289948,0.04390548513937964,4,5357,5361,True,0.5449413162977269,6731
NVDA,A-NOK30-LOOKAHEAD,2020-05-13,2020-05-14,2020-05-20,2020-05-21,7.802030552114325,9.005655143771433,0.15427068422988022,5,5362,5367,True,0.5530460624071323,6730
NVDA,A-NOK30-LOOKAHEAD,2020-05-21,2020-05-22,2020-05-22,2020-05-26,8.780549550249997,9.110370081279614,0.03756262966709478,1,5368,5369,True,0.5246510246510246,6734
NVDA,A-NOK30-LOOKAHEAD,2020-08-14,2020-08-17,2020-08-19,2020-08-20,11.796602846193656,11.919784161685799,0.01044210075546359,3,5427,5430,True,0.5372846108140226,6732
NVDA,A-NOK30-LOOKAHEAD,2020-08-20,2020-08-21,2020-08-26,2020-08-27,12.145487093065004,12.722563774605414,0.047513671301821825,4,5431,5435,True,0.5449413162977269,6731
NVDA,A-NOK30-LOOKAHEAD,2020-08-27,2020-08-28,2020-09-01,2020-09-02,12.616556830940121,14.640328637897767,0.1604060310650417,3,5436,5439,True,0.5372846108140226,6732
NVDA,A-NOK30-LOOKAHEAD,2020-10-09,2020-10-12,2020-10-14,2020-10-15,13.929160708195548,13.751180888345079,-0.012777497767381685,3,5466,5469,True,0.5372846108140226,6732
NVDA,A-NOK30-LOOKAHEAD,2021-01-20,2021-01-21,2021-01-26,2021-01-27,13.36456988189232,13.176828497975235,-0.01404769368383918,4,5535,5539,True,0.5449413162977269,6731
NVDA,A-NOK30-LOOKAHEAD,2021-04-14,2021-04-15,2021-04-16,2021-04-19,15.604934368238913,15.479397321409937,-0.0080447020068527,2,5593,5595,True,0.5328976682013961,6733
NVDA,A-NOK30-LOOKAHEAD,2021-06-10,2021-06-11,2021-06-14,2021-06-15,17.419248285060828,17.85324933990934,0.024915027775378906,2,5633,5635,True,0.5328976682013961,6733
NVDA,A-NOK30-LOOKAHEAD,2021-06-23,2021-06-24,2021-07-06,2021-07-07,19.16147764260084,20.781620788688226,0.08455209855451828,8,5642,5650,True,0.5666716218225063,6727
NVDA,A-NOK30-LOOKAHEAD,2021-10-28,2021-10-29,2021-11-03,2021-11-04,24.91921563206718,27.139927249878582,0.08911643330192498,4,5731,5735,True,0.5449413162977269,6731
NVDA,A-NOK30-LOOKAHEAD,2021-11-18,2021-11-19,2021-11-22,2021-11-23,32.137524780788404,31.431844462985936,-0.021958141537531173,2,5746,5748,True,0.5328976682013961,6733
NVDA,A-NOK30-LOOKAHEAD,2021-11-26,2021-11-29,2021-11-30,2021-12-01,32.26012461188157,33.114384343880765,0.026480360577546103,2,5751,5753,True,0.5328976682013961,6733
NVDA,A-NOK30-LOOKAHEAD,2022-07-27,2022-07-28,2022-08-05,2022-08-08,17.925235866496404,17.45354536402082,-0.026314326125951304,7,5917,5924,True,0.5610879904875149,6728
NVDA,A-NOK30-LOOKAHEAD,2022-08-12,2022-08-15,2022-08-18,2022-08-19,18.64922796080583,18.355042477008766,-0.01577467359052831,4,5929,5933,True,0.5449413162977269,6731
NVDA,A-NOK30-LOOKAHEAD,2022-11-03,2022-11-04,2022-11-08,2022-11-09,13.95142241289194,14.126988780724597,0.012584119571236174,3,5987,5990,True,0.5372846108140226,6732
NVDA,A-NOK30-LOOKAHEAD,2022-11-09,2022-11-10,2022-11-15,2022-11-16,14.76341034070044,16.122044306055884,0.09202710850689422,4,5991,5995,True,0.5449413162977269,6731
NVDA,A-NOK30-LOOKAHEAD,2022-11-29,2022-11-30,2022-12-05,2022-12-06,15.662196453752513,16.493350586710367,0.0530675333700541,4,6004,6008,True,0.5449413162977269,6731
NVDA,A-NOK30-LOOKAHEAD,2023-02-01,2023-02-02,2023-02-02,2023-02-03,20.953441855430544,20.95344207269312,1.0368825353879174e-08,1,6047,6048,True,0.5246510246510246,6734
NVDA,A-NOK30-LOOKAHEAD,2023-02-06,2023-02-07,2023-02-08,2023-02-09,21.334593701458743,22.555880179506847,0.05724442167204713,2,6050,6052,True,0.5328976682013961,6733
NVDA,A-NOK30-LOOKAHEAD,2023-02-13,2023-02-14,2023-02-15,2023-02-16,21.530159368940577,22.0839266243148,0.025720536754274326,2,6055,6057,True,0.5328976682013961,6733
NVDA,A-NOK30-LOOKAHEAD,2023-03-29,2023-03-30,2023-04-04,2023-04-05,27.1732450978703,26.77406658654195,-0.014690130306138416,4,6086,6090,True,0.5449413162977269,6731
NVDA,A-NOK30-LOOKAHEAD,2023-05-04,2023-05-05,2023-05-11,2023-05-12,27.76902351276572,28.470583157825374,0.02526410929563805,5,6111,6116,True,0.5530460624071323,6730
NVDA,A-NOK30-LOOKAHEAD,2023-05-12,2023-05-15,2023-05-22,2023-05-23,28.449626392092515,30.936523538862662,0.08741405291218074,6,6117,6123,True,0.5556546292168227,6729
NVDA,A-NOK30-LOOKAHEAD,2023-05-25,2023-05-26,2023-05-30,2023-05-31,37.8124117084939,39.40714336242504,0.04217481990372263,2,6126,6128,True,0.5328976682013961,6733
NVDA,A-NOK30-LOOKAHEAD,2023-06-12,2023-06-13,2023-06-22,2023-06-23,40.107868537313834,42.381435491620046,0.05668630713175471,7,6137,6144,True,0.5610879904875149,6728
NVDA,A-NOK30-LOOKAHEAD,2023-08-28,2023-08-29,2023-09-01,2023-09-05,46.575266020642104,48.12924438500935,0.033364884350387314,4,6190,6194,True,0.5449413162977269,6731
NVDA,A-NOK30-LOOKAHEAD,2023-11-17,2023-11-20,2023-11-20,2023-11-21,49.22017477900762,50.03265822480747,0.01650712232225504,1,6248,6249,True,0.5246510246510246,6734
NVDA,A-NOK30-LOOKAHEAD,2024-01-05,2024-01-08,2024-01-23,2024-01-24,49.424151981929796,60.19699904963291,0.21796726166676206,11,6280,6291,True,0.5748066627007733,6724
NVDA,A-NOK30-LOOKAHEAD,2024-01-29,2024-01-30,2024-01-30,2024-01-31,62.78839260190601,61.33098018068535,-0.0232114943674544,1,6295,6296,True,0.5246510246510246,6734
NVDA,A-NOK30-LOOKAHEAD,2024-02-01,2024-02-02,2024-02-09,2024-02-12,63.86048434942647,72.47118484090161,0.13483612877659734,6,6298,6304,True,0.5556546292168227,6729
NVDA,A-NOK30-LOOKAHEAD,2024-02-22,2024-02-23,2024-03-07,2024-03-08,80.64665337566204,94.97365533037919,0.17765153735493788,10,6312,6322,True,0.5745724907063197,6725
NVDA,A-NOK30-LOOKAHEAD,2024-05-10,2024-05-13,2024-05-16,2024-05-17,90.32170192056742,94.20597874528181,0.04300491179993915,4,6367,6371,True,0.5449413162977269,6731
NVDA,A-NOK30-LOOKAHEAD,2024-05-20,2024-05-21,2024-05-29,2024-05-30,93.43731390021196,114.45194499585061,0.22490619880277807,6,6373,6379,True,0.5556546292168227,6729
NVDA,A-NOK30-LOOKAHEAD,2024-05-31,2024-06-03,2024-06-05,2024-06-06,113.42473014133537,123.83370517037008,0.0917698901823647,3,6381,6384,True,0.5372846108140226,6732
NVDA,A-NOK30-LOOKAHEAD,2024-06-12,2024-06-13,2024-06-18,2024-06-20,129.17705883918208,139.56996619369176,0.08045474519936424,4,6389,6393,True,0.5449413162977269,6731
NVDA,A-NOK30-LOOKAHEAD,2024-08-22,2024-08-23,2024-08-23,2024-08-26,125.65288601497598,129.3567902083498,0.02947727116217891,1,6438,6439,True,0.5246510246510246,6734
NVDA,A-NOK30-LOOKAHEAD,2024-10-03,2024-10-04,2024-10-14,2024-10-15,124.7450859792245,137.654906403531,0.10348961101727516,7,6467,6474,True,0.5610879904875149,6728
NVDA,A-NOK30-LOOKAHEAD,2024-10-18,2024-10-21,2024-10-22,2024-10-23,137.91449801128798,141.80841766733155,0.02823430250041503,2,6478,6480,True,0.5328976682013961,6733
NVDA,A-NOK30-LOOKAHEAD,2025-06-02,2025-06-03,2025-06-12,2025-06-13,138.58576663563605,142.2904745799642,0.02673223978381878,8,6631,6639,True,0.5666716218225063,6727
NVDA,A-NOK30-LOOKAHEAD,2025-07-01,2025-07-02,2025-07-03,2025-07-07,152.77650803107835,157.98957042846925,0.03412214655626533,2,6651,6653,True,0.5328976682013961,6733
NVDA,A-NOK30-LOOKAHEAD,2025-07-07,2025-07-08,2025-07-10,2025-07-11,159.11807865757584,163.50223698698784,0.027552861160715647,3,6654,6657,True,0.5372846108140226,6732
NVDA,A-NOK30-LOOKAHEAD,2025-07-15,2025-07-16,2025-07-18,2025-07-21,170.83247408910898,172.52022673163836,0.00987957735511702,3,6660,6663,True,0.5372846108140226,6732
NVDA,A-NOK30-LOOKAHEAD,2025-09-26,2025-09-29,2025-10-03,2025-10-06,180.20017297627672,185.2637075602064,0.02809949901988329,5,6712,6717,True,0.5530460624071323,6730
NVDA,A-NOK30-LOOKAHEAD,2025-10-07,2025-10-08,2025-10-09,2025-10-10,186.33235229407293,193.26350393527704,0.03719778962627629,2,6719,6721,True,0.5328976682013961,6733
NVDA,A-NOK30-LOOKAHEAD,2026-04-24,2026-04-27,2026-04-27,2026-04-28,209.4059296471886,209.24613572912838,-0.0007630821072232008,1,6856,6857,True,0.5246510246510246,6734
NVDA,A-NOK30-LOOKAHEAD,2026-07-21,2026-07-22,2026-07-23,2026-07-24,205.80999755859375,207.4499969482422,0.007968511778353005,2,6915,6917,True,0.5328976682013961,6733
AAPL,A-NOK30-LOOKAHEAD,1981-10-19,1981-10-20,1981-10-22,1981-10-23,0.06697959452867508,0.06527249454671635,-0.02548686646987519,3,215,218,True,0.5332920682642144,11309
AAPL,A-NOK30-LOOKAHEAD,1981-10-27,1981-10-28,1981-11-02,1981-11-03,0.06825940310955048,0.06783278025855027,-0.006250023169928842,4,221,225,True,0.5386452069331447,11308
AAPL,A-NOK30-LOOKAHEAD,1981-12-15,1981-12-16,1981-12-24,1981-12-28,0.0665530264377594,0.07209873066704087,0.08332760395904493,7,255,262,True,0.5473684210526316,11305
AAPL,A-NOK30-LOOKAHEAD,1981-12-31,1982-01-04,1982-01-04,1982-01-05,0.07551144728368023,0.07209873066704087,-0.0451946921877755,1,266,267,True,0.5194058880735567,11311
AAPL,A-NOK30-LOOKAHEAD,1982-02-01,1982-02-02,1982-02-03,1982-02-04,0.0691126212477684,0.06783278025855027,-0.01851819488411388,2,287,289,True,0.5263483642793988,11310
AAPL,A-NOK30-LOOKAHEAD,1982-08-30,1982-08-31,1982-08-31,1982-09-01,0.06143313646316528,0.06015336065249919,-0.020832011587645916,1,433,434,True,0.5194058880735567,11311
AAPL,A-NOK30-LOOKAHEAD,1982-09-01,1982-09-02,1982-09-03,1982-09-07,0.062286362051963806,0.05972678896483837,-0.041093635955011365,2,435,437,True,0.5263483642793988,11310
AAPL,A-NOK30-LOOKAHEAD,1982-09-13,1982-09-14,1982-09-15,1982-09-16,0.06441929936408997,0.0627129308021625,-0.026488468188442638,2,442,444,True,0.5263483642793988,11310
AAPL,A-NOK30-LOOKAHEAD,1982-10-19,1982-10-20,1982-10-21,1982-10-22,0.08191115374397454,0.08873658373177404,0.08332723537423736,2,468,470,True,0.5263483642793988,11310
AAPL,A-NOK30-LOOKAHEAD,1982-10-29,1982-11-01,1982-11-05,1982-11-08,0.08660363417549359,0.10281568063707922,0.18719822344560666,5,476,481,True,0.5444414964181481,11307
AAPL,A-NOK30-LOOKAHEAD,1982-11-09,1982-11-10,1982-11-12,1982-11-15,0.10238905875674435,0.11049435274005424,0.0791617198334289,3,483,486,True,0.5332920682642144,11309
AAPL,A-NOK30-LOOKAHEAD,1983-01-25,1983-01-26,1983-02-04,1983-02-07,0.12627980857471505,0.1501704677602733,0.18918827526906679,8,536,544,True,0.5504246284501062,11304
AAPL,A-NOK30-LOOKAHEAD,1983-02-10,1983-02-11,1983-02-15,1983-02-16,0.15486302262184862,0.15486305733514893,2.241548675563365e-07,3,548,551,True,0.5332920682642144,11309
AAPL,A-NOK30-LOOKAHEAD,1983-05-04,1983-05-05,1983-05-11,1983-05-12,0.17576760135750488,0.18216645056981207,0.03640516888713852,5,605,610,True,0.5444414964181481,11307
AAPL,A-NOK30-LOOKAHEAD,1983-06-02,1983-06-03,1983-06-06,1983-06-07,0.19965827129334313,0.21416324272276033,0.07264898837126621,2,625,627,True,0.5263483642793988,11310
AAPL,A-NOK30-LOOKAHEAD,1983-12-21,1983-12-22,1983-12-28,1983-12-29,0.0827643113611399,0.08532384794615341,0.030925607220303464,4,766,770,True,0.5386452069331447,11308
AAPL,A-NOK30-LOOKAHEAD,1984-01-03,1984-01-04,1984-01-05,1984-01-06,0.08788340811651138,0.09641602931031971,0.09709024008827938,2,773,775,True,0.5263483642793988,11310
AAPL,A-NOK30-LOOKAHEAD,1984-01-11,1984-01-12,1984-01-12,1984-01-13,0.09556283727718594,0.09513624602352524,-0.0044639868992518705,1,779,780,True,0.5194058880735567,11311
AAPL,A-NOK30-LOOKAHEAD,1984-01-16,1984-01-17,1984-01-23,1984-01-24,0.09513624251847318,0.09854898067105045,0.03587211416211433,5,782,787,True,0.5444414964181481,11307
AAPL,A-NOK30-LOOKAHEAD,1984-03-01,1984-03-02,1984-03-02,1984-03-05,0.09215009537495598,0.09300328901898157,0.009258738588972415,1,814,815,True,0.5194058880735567,11311
AAPL,A-NOK30-LOOKAHEAD,1984-03-09,1984-03-12,1984-03-16,1984-03-19,0.0904436915632785,0.09044377977313219,9.75301341243906e-07,5,820,825,True,0.5444414964181481,11307
AAPL,A-NOK30-LOOKAHEAD,1984-04-25,1984-04-26,1984-05-02,1984-05-03,0.0947096725535213,0.11262731864257364,0.1891849650195645,5,852,857,True,0.5444414964181481,11307
AAPL,A-NOK30-LOOKAHEAD,1984-12-04,1984-12-05,1984-12-07,1984-12-10,0.08916318416595459,0.09300328901898157,0.04306827856079698,3,1007,1010,True,0.5332920682642144,11309
AAPL,A-NOK30-LOOKAHEAD,1984-12-17,1984-12-18,1984-12-20,1984-12-21,0.09769579768180847,0.09342987255661495,-0.043665390184821296,3,1016,1019,True,0.5332920682642144,11309
AAPL,A-NOK30-LOOKAHEAD,1984-12-24,1984-12-26,1984-12-31,1985-01-02,0.09428305923938751,0.09940217307425674,0.05429516051098471,4,1021,1025,True,0.5386452069331447,11308
AAPL,A-NOK30-LOOKAHEAD,1985-01-09,1985-01-10,1985-01-16,1985-01-17,0.10238905251026154,0.1032422916415399,0.00833330429728174,5,1031,1036,True,0.5444414964181481,11307
AAPL,A-NOK30-LOOKAHEAD,1985-07-11,1985-07-12,1985-07-15,1985-07-16,0.06143313765251918,0.06057995603374202,-0.013887970749645984,2,1158,1160,True,0.5263483642793988,11310
AAPL,A-NOK30-LOOKAHEAD,1985-09-17,1985-09-18,1985-09-24,1985-09-25,0.055460844188928604,0.056314028885125704,0.01538355047915796,5,1205,1210,True,0.5444414964181481,11307
AAPL,A-NOK30-LOOKAHEAD,1985-10-29,1985-10-30,1985-11-04,1985-11-05,0.06484590470790863,0.06399269147612037,-0.013157549973764171,4,1234,1238,True,0.5386452069331447,11308
AAPL,A-NOK30-LOOKAHEAD,1985-11-05,1985-11-06,1985-11-11,1985-11-12,0.06569983065128326,0.06825935747731747,0.03895789076869116,4,1239,1243,True,0.5386452069331447,11308
AAPL,A-NOK30-LOOKAHEAD,1985-12-26,1985-12-27,1985-12-30,1985-12-31,0.07423168395037635,0.07593804262069802,0.022986931987995396,2,1274,1276,True,0.5263483642793988,11310
AAPL,A-NOK30-LOOKAHEAD,1986-01-06,1986-01-07,1986-01-08,1986-01-09,0.07593808124883887,0.07807179384263557,0.028098057768997542,2,1280,1282,True,0.5263483642793988,11310
AAPL,A-NOK30-LOOKAHEAD,1986-01-13,1986-01-14,1986-01-20,1986-01-21,0.07849837415830026,0.08148451970175222,0.03804085849510819,5,1285,1290,True,0.5444414964181481,11307
AAPL,A-NOK30-LOOKAHEAD,1986-02-18,1986-02-19,1986-02-26,1986-02-27,0.08148452506893265,0.08873651987893554,0.0889984301174731,6,1310,1316,True,0.5477622501326729,11306
AAPL,A-NOK30-LOOKAHEAD,1986-03-25,1986-03-26,1986-03-31,1986-04-01,0.0951362424163638,0.0964160151083597,0.013451999569154438,3,1335,1338,True,0.5332920682642144,11309
AAPL,A-NOK30-LOOKAHEAD,1986-04-23,1986-04-24,1986-04-29,1986-04-30,0.10110853906643665,0.10665503408915168,0.05485684071718744,4,1355,1359,True,0.5386452069331447,11308
AAPL,A-NOK30-LOOKAHEAD,1986-05-02,1986-05-05,1986-05-14,1986-05-15,0.10409545819017016,0.12585318084811087,0.20901702183962634,8,1362,1370,True,0.5504246284501062,11304
AAPL,A-NOK30-LOOKAHEAD,1986-05-21,1986-05-22,1986-06-05,1986-06-06,0.12627976970490293,0.13267872933773864,0.05067288012790283,10,1375,1385,True,0.5561847460626438,11302
AAPL,A-NOK30-LOOKAHEAD,1986-11-21,1986-11-24,1986-12-08,1986-12-09,0.12371948873830392,0.1446240395307541,0.168967322817412,10,1504,1514,True,0.5561847460626438,11302
AAPL,A-NOK30-LOOKAHEAD,1987-01-16,1987-01-19,1987-01-19,1987-01-20,0.16638177738770402,0.18771288779103976,0.12820580918323676,1,1541,1542,True,0.5194058880735567,11311
AAPL,A-NOK30-LOOKAHEAD,1987-01-27,1987-01-28,1987-02-04,1987-02-05,0.18088670432241669,0.1877129480939018,0.037737675618866096,6,1548,1554,True,0.5477622501326729,11306
AAPL,A-NOK30-LOOKAHEAD,1987-02-23,1987-02-24,1987-02-27,1987-03-02,0.21586961333169769,0.23976032158461422,0.11067193702805644,4,1566,1570,True,0.5386452069331447,11308
AAPL,A-NOK30-LOOKAHEAD,1987-04-15,1987-04-16,1987-05-05,1987-05-06,0.24317300125022046,0.2747431966304985,0.12982607122487622,13,1603,1616,True,0.5693424196831578,11299
AAPL,A-NOK30-LOOKAHEAD,1987-06-15,1987-06-16,1987-06-24,1987-06-25,0.28370699286460876,0.2871250149482627,0.012047718842394195,7,1644,1651,True,0.5473684210526316,11305
AAPL,A-NOK30-LOOKAHEAD,1987-08-28,1987-08-31,1987-08-31,1987-09-01,0.3576590195803574,0.37477153213545006,0.04784588565715708,1,1697,1698,True,0.5194058880735567,11311
AAPL,A-NOK30-LOOKAHEAD,1987-09-29,1987-09-30,1987-10-05,1987-10-06,0.3713491246116708,0.40728596368002223,0.09677372770416914,4,1718,1722,True,0.5386452069331447,11308
AAPL,A-NOK30-LOOKAHEAD,1987-12-31,1988-01-04,1988-01-04,1988-01-05,0.29326777096793893,0.3155630850293406,0.07602374440196868,1,1783,1784,True,0.5194058880735567,11311
AAPL,A-NOK30-LOOKAHEAD,1988-02-29,1988-03-01,1988-03-09,1988-03-10,0.2972835600376129,0.32305943035878393,0.08670466109161845,7,1823,1830,True,0.5473684210526316,11305
AAPL,A-NOK30-LOOKAHEAD,1988-06-21,1988-06-22,1988-06-22,1988-06-23,0.31336780261227376,0.31508924315321024,0.005493354858368882,1,1902,1903,True,0.5194058880735567,11311
AAPL,A-NOK30-LOOKAHEAD,1988-09-28,1988-09-29,1988-09-29,1988-09-30,0.301883105503428,0.30360813213879584,0.005714220517544888,1,1971,1972,True,0.5194058880735567,11311
AAPL,A-NOK30-LOOKAHEAD,1988-12-13,1988-12-14,1988-12-14,1988-12-15,0.2663582566878697,0.27673575040023746,0.03896066088361794,1,2024,2025,True,0.5194058880735567,11311
AAPL,A-NOK30-LOOKAHEAD,1988-12-15,1988-12-16,1988-12-23,1988-12-27,0.2732768841182878,0.28365388525766544,0.03797248044911816,6,2026,2032,True,0.5477622501326729,11306
AAPL,A-NOK30-LOOKAHEAD,1989-01-03,1989-01-04,1989-01-16,1989-01-17,0.2819243690841186,0.2992207895158567,0.061351278315984414,9,2037,2046,True,0.5541891533221268,11303
AAPL,A-NOK30-LOOKAHEAD,1989-05-19,1989-05-22,1989-05-22,1989-05-23,0.3180845116802074,0.31982245869473813,0.005463790127191226,1,2133,2134,True,0.5194058880735567,11311
AAPL,A-NOK30-LOOKAHEAD,1989-05-23,1989-05-24,1989-05-26,1989-05-30,0.31460832226213475,0.33546642136231414,0.06629862474775927,3,2135,2138,True,0.5332920682642144,11309
AAPL,A-NOK30-LOOKAHEAD,1989-06-01,1989-06-02,1989-06-02,1989-06-05,0.33720466568141205,0.33894284468827895,0.005154670690437957,1,2141,2142,True,0.5194058880735567,11311
AAPL,A-NOK30-LOOKAHEAD,1989-08-21,1989-08-22,1989-09-05,1989-09-06,0.2927049441447316,0.3118705153465271,0.06547744267797162,10,2197,2207,True,0.5561847460626438,11302
AAPL,A-NOK30-LOOKAHEAD,1989-09-08,1989-09-11,1989-09-11,1989-09-12,0.31187061219659457,0.31709710503926525,0.016758529461493588,1,2210,2211,True,0.5194058880735567,11311
AAPL,A-NOK30-LOOKAHEAD,1989-10-18,1989-10-19,1989-10-20,1989-10-23,0.33626265083920537,0.33451965355563856,-0.005183440025875119,2,2238,2240,True,0.5263483642793988,11310
AAPL,A-NOK30-LOOKAHEAD,1990-03-15,1990-03-16,1990-03-20,1990-03-21,0.2803538652730461,0.28911528370197637,0.03125128458777349,3,2340,2343,True,0.5332920682642144,11309
AAPL,A-NOK30-LOOKAHEAD,1990-03-23,1990-03-26,1990-03-26,1990-03-27,0.2978756151946813,0.2943715453147888,-0.011763533841473883,1,2346,2347,True,0.5194058880735567,11311
AAPL,A-NOK30-LOOKAHEAD,1990-06-26,1990-06-27,1990-07-03,1990-07-05,0.2864026483293716,0.3074877986395655,0.07362065411471086,5,2411,2416,True,0.5444414964181481,11307
AAPL,A-NOK30-LOOKAHEAD,1990-07-05,1990-07-06,1990-07-12,1990-07-13,0.30573069047512724,0.3338436488190582,0.09195334070073713,5,2417,2422,True,0.5444414964181481,11307
AAPL,A-NOK30-LOOKAHEAD,1990-11-02,1990-11-05,1990-11-14,1990-11-15,0.22734713976845006,0.25907017179432357,0.13953565485003683,8,2502,2510,True,0.5504246284501062,11304
AAPL,A-NOK30-LOOKAHEAD,1990-11-23,1990-11-26,1990-11-27,1990-11-28,0.2546320647077534,0.26700999524674834,0.04861104414796058,2,2516,2518,True,0.5263483642793988,11310
AAPL,A-NOK30-LOOKAHEAD,1990-11-30,1990-12-03,1990-12-10,1990-12-11,0.2634727481645752,0.29176577781177104,0.10738503258607568,6,2521,2527,True,0.5477622501326729,11306
AAPL,A-NOK30-LOOKAHEAD,1991-01-22,1991-01-23,1991-01-28,1991-01-29,0.36249607048112537,0.3837156996653634,0.05853754264445987,4,2556,2560,True,0.5386452069331447,11308
AAPL,A-NOK30-LOOKAHEAD,1991-01-29,1991-01-30,1991-01-31,1991-02-01,0.376642183556397,0.39255738008344404,0.04225548072382601,2,2561,2563,True,0.5263483642793988,11310
AAPL,A-NOK30-LOOKAHEAD,1991-02-07,1991-02-08,1991-02-12,1991-02-13,0.40670327784766247,0.42438575625419617,0.043477590099868735,3,2568,2571,True,0.5332920682642144,11309
AAPL,A-NOK30-LOOKAHEAD,1991-07-19,1991-07-22,1991-08-14,1991-08-15,0.325105009356762,0.3908362135042157,0.2021845319378699,18,2680,2698,True,0.5807508411545954,11294
AAPL,A-NOK30-LOOKAHEAD,1991-08-21,1991-08-22,1991-08-22,1991-08-23,0.38459691953844855,0.384596974080933,1.4181726815110096e-07,1,2703,2704,True,0.5194058880735567,11311
AAPL,A-NOK30-LOOKAHEAD,1991-08-26,1991-08-27,1991-08-27,1991-08-28,0.3774744273596424,0.3845969189434126,0.018868805586621074,1,2706,2707,True,0.5194058880735567,11311
AAPL,A-NOK30-LOOKAHEAD,1992-09-08,1992-09-09,1992-09-10,1992-09-11,0.34494194087812957,0.3521284625103973,0.020834003583248828,2,2968,2970,True,0.5263483642793988,11310
AAPL,A-NOK30-LOOKAHEAD,1992-09-11,1992-09-14,1992-09-14,1992-09-15,0.3521284957616904,0.35392495606804164,0.005101718060236182,1,2971,2972,True,0.5194058880735567,11311
AAPL,A-NOK30-LOOKAHEAD,1992-11-04,1992-11-05,1992-11-11,1992-11-12,0.3772804413571436,0.4096190505363434,0.08571504280177411,5,3009,3014,True,0.5444414964181481,11307
AAPL,A-NOK30-LOOKAHEAD,1993-01-05,1993-01-06,1993-01-14,1993-01-15,0.43749654173266345,0.43929651825207655,0.0041142645660339205,7,3050,3057,True,0.5473684210526316,11305
AAPL,A-NOK30-LOOKAHEAD,1993-05-12,1993-05-13,1993-05-20,1993-05-21,0.3861253031229674,0.42401601478979856,0.09813061034947057,6,3139,3145,True,0.5477622501326729,11306
AAPL,A-NOK30-LOOKAHEAD,1993-11-01,1993-11-02,1993-11-02,1993-11-03,0.22700665617033183,0.2397189979336801,0.055999863518582105,1,3259,3260,True,0.5194058880735567,11311
AAPL,A-NOK30-LOOKAHEAD,1994-01-20,1994-01-21,1994-02-01,1994-02-02,0.24240277639637844,0.2424026938754548,-3.404289541375505e-07,8,3315,3323,True,0.5504246284501062,11304
AAPL,A-NOK30-LOOKAHEAD,1994-02-04,1994-02-07,1994-02-17,1994-02-18,0.24510281527205657,0.2670527044920432,0.08955380294438053,9,3326,3335,True,0.5541891533221268,11303
AAPL,A-NOK30-LOOKAHEAD,1994-07-21,1994-07-22,1994-08-03,1994-08-04,0.23229812080976087,0.2433162909623009,0.04743116351579646,9,3440,3449,True,0.5541891533221268,11303
AAPL,A-NOK30-LOOKAHEAD,1994-08-05,1994-08-08,1994-08-10,1994-08-11,0.2433163225829653,0.2515802346873835,0.03396365692482628,3,3451,3454,True,0.5332920682642144,11309
AAPL,A-NOK30-LOOKAHEAD,1994-08-11,1994-08-12,1994-08-17,1994-08-18,0.2524982047916612,0.2561368578450715,0.0144106095978489,4,3455,3459,True,0.5386452069331447,11308
AAPL,A-NOK30-LOOKAHEAD,1994-10-20,1994-10-21,1994-10-27,1994-10-28,0.30036133127226206,0.31233914855555933,0.0398780270168666,5,3504,3509,True,0.5444414964181481,11307
AAPL,A-NOK30-LOOKAHEAD,1995-01-09,1995-01-10,1995-01-12,1995-01-13,0.30496191570436315,0.3410022519151927,0.11817979345908824,3,3558,3561,True,0.5332920682642144,11309
AAPL,A-NOK30-LOOKAHEAD,1995-04-20,1995-04-21,1995-04-24,1995-04-25,0.2761464744516137,0.29004647010959533,0.050335589782867896,2,3629,3631,True,0.5263483642793988,11310
AAPL,A-NOK30-LOOKAHEAD,1995-04-28,1995-05-01,1995-05-01,1995-05-02,0.2835601270198822,0.2835601866417242,2.1026172691840372e-07,1,3635,3636,True,0.5194058880735567,11311
AAPL,A-NOK30-LOOKAHEAD,1995-05-05,1995-05-08,1995-05-18,1995-05-19,0.2956067837305501,0.3178471395235447,0.07523628352611489,9,3640,3649,True,0.5541891533221268,11303
AAPL,A-NOK30-LOOKAHEAD,1995-05-22,1995-05-23,1995-05-23,1995-05-24,0.32711327620436026,0.32433340466887406,-0.008498192331849896,1,3651,3652,True,0.5194058880735567,11311
AAPL,A-NOK30-LOOKAHEAD,1995-11-27,1995-11-28,1995-11-28,1995-11-29,0.29442325992947277,0.300030941180025,0.019046325524333607,1,3782,3783,True,0.5194058880735567,11311
AAPL,A-NOK30-LOOKAHEAD,1996-08-06,1996-08-07,1996-08-14,1996-08-15,0.16263325958169042,0.16917645280164464,0.040232811153044556,6,3957,3963,True,0.5477622501326729,11306
AAPL,A-NOK30-LOOKAHEAD,1996-08-16,1996-08-19,1996-08-20,1996-08-21,0.16730719085521112,0.17571874207901023,0.050276089035996785,2,3965,3967,True,0.5263483642793988,11310
AAPL,A-NOK30-LOOKAHEAD,1996-08-22,1996-08-23,1996-08-29,1996-08-30,0.17198030804134892,0.18506574890458052,0.07608685559561557,5,3969,3974,True,0.5444414964181481,11307
AAPL,A-NOK30-LOOKAHEAD,1996-09-30,1996-10-01,1996-10-02,1996-10-03,0.16450336956842213,0.17665418168565752,0.07386360625386157,2,3995,3997,True,0.5263483642793988,11310
AAPL,A-NOK30-LOOKAHEAD,1996-10-09,1996-10-10,1996-10-18,1996-10-21,0.17852339240011286,0.19815119880210427,0.10994529141593334,7,4002,4009,True,0.5473684210526316,11305
AAPL,A-NOK30-LOOKAHEAD,1997-07-29,1997-07-30,1997-08-08,1997-08-11,0.12664882554909615,0.19674929579281733,0.5535027264547852,8,4204,4212,True,0.5504246284501062,11304
AAPL,A-NOK30-LOOKAHEAD,1997-10-09,1997-10-10,1997-10-15,1997-10-16,0.16076405593543516,0.15796021267727886,-0.017440734757789178,4,4255,4259,True,0.5386452069331447,11308
AAPL,A-NOK30-LOOKAHEAD,1998-01-22,1998-01-23,1998-01-23,1998-01-26,0.14487470016766787,0.14534199237823486,0.0032254921668599668,1,4326,4327,True,0.5194058880735567,11311
AAPL,A-NOK30-LOOKAHEAD,1998-02-20,1998-02-23,1998-02-27,1998-03-02,0.15048328060582034,0.1761860392062737,0.17080142389891018,5,4346,4351,True,0.5444414964181481,11307
AAPL,A-NOK30-LOOKAHEAD,1998-03-03,1998-03-04,1998-03-06,1998-03-09,0.17104562798325718,0.17758879660058385,0.03825393665114407,3,4353,4356,True,0.5332920682642144,11309
AAPL,A-NOK30-LOOKAHEAD,1998-03-10,1998-03-11,1998-03-16,1998-03-17,0.18786957485587497,0.19815119207411927,0.05472742047844581,4,4358,4362,True,0.5386452069331447,11308
AAPL,A-NOK30-LOOKAHEAD,1998-03-17,1998-03-18,1998-03-19,1998-03-20,0.19441267204771784,0.1995530689625107,0.02644064741588026,2,4363,4365,True,0.5263483642793988,11310
AAPL,A-NOK30-LOOKAHEAD,1998-03-23,1998-03-24,1998-03-24,1998-03-25,0.19721655623694279,0.20656356487827904,0.047394644849727774,1,4367,4368,True,0.5194058880735567,11311
AAPL,A-NOK30-LOOKAHEAD,1998-07-10,1998-07-13,1998-07-17,1998-07-20,0.23880955552822786,0.2733928083303185,0.14481519688605093,5,4443,4448,True,0.5444414964181481,11307
AAPL,A-NOK30-LOOKAHEAD,1998-09-22,1998-09-23,1998-09-30,1998-10-01,0.278533174610849,0.2747947444386154,-0.013421848860397656,6,4494,4500,True,0.5477622501326729,11306
AAPL,A-NOK30-LOOKAHEAD,1998-10-29,1998-10-30,1998-11-06,1998-11-09,0.27526189806130086,0.281805327145904,0.02377164849435842,6,4521,4527,True,0.5477622501326729,11306
AAPL,A-NOK30-LOOKAHEAD,1999-01-06,1999-01-07,1999-01-07,1999-01-08,0.315920327031041,0.3481671095820981,0.10207251573238807,1,4567,4568,True,0.5194058880735567,11311
AAPL,A-NOK30-LOOKAHEAD,1999-01-11,1999-01-12,1999-01-13,1999-01-14,0.3462969857748113,0.34022191041103195,-0.01754296344851758,2,4570,4572,True,0.5263483642793988,11310
AAPL,A-NOK30-LOOKAHEAD,1999-08-10,1999-08-11,1999-08-18,1999-08-19,0.41873478424794774,0.4472422670660906,0.06808004467396378,6,4716,4722,True,0.5477622501326729,11306
AAPL,A-NOK30-LOOKAHEAD,1999-08-20,1999-08-23,1999-08-23,1999-08-24,0.4439710711550804,0.45144903659820557,0.016843361941735857,1,4724,4725,True,0.5194058880735567,11311
AAPL,A-NOK30-LOOKAHEAD,1999-08-24,1999-08-25,1999-08-27,1999-08-30,0.4537855406628301,0.4860313695533167,0.07105962178386327,3,4726,4729,True,0.5332920682642144,11309
AAPL,A-NOK30-LOOKAHEAD,1999-08-30,1999-08-31,1999-09-07,1999-09-08,0.46803914867686663,0.5696851716768476,0.21717418999528437,5,4730,4735,True,0.5444414964181481,11307
AAPL,A-NOK30-LOOKAHEAD,1999-09-09,1999-09-10,1999-09-10,1999-09-13,0.5682825829244731,0.576227587866466,0.013980729272234038,1,4737,4738,True,0.5194058880735567,11311
AAPL,A-NOK30-LOOKAHEAD,1999-09-13,1999-09-14,1999-09-14,1999-09-15,0.5587028156132291,0.5897805304124649,0.055624768536605806,1,4739,4740,True,0.5194058880735567,11311
AAPL,A-NOK30-LOOKAHEAD,1999-10-19,1999-10-20,1999-10-29,1999-11-01,0.5234185454280809,0.5981930719146681,0.14285799985446146,8,4765,4773,True,0.5504246284501062,11304
AAPL,A-NOK30-LOOKAHEAD,1999-11-03,1999-11-04,1999-11-08,1999-11-09,0.6136150145286611,0.7056803248660793,0.15003757756504177,3,4776,4779,True,0.5332920682642144,11309
AAPL,A-NOK30-LOOKAHEAD,2000-02-29,2000-03-01,2000-03-07,2000-03-08,0.886539828177456,0.9187866549456553,0.036373804924807684,5,4856,4861,True,0.5444414964181481,11307
AAPL,A-NOK30-LOOKAHEAD,2000-06-27,2000-06-28,2000-06-28,2000-06-29,0.7972787447282418,0.7935403794373912,-0.004688906252135028,1,4939,4940,True,0.5194058880735567,11311
AAPL,A-NOK30-LOOKAHEAD,2000-07-06,2000-07-07,2000-07-18,2000-07-19,0.7865297990677662,0.8253188275536646,0.04931666738103635,8,4945,4953,True,0.5504246284501062,11304
AAPL,A-NOK30-LOOKAHEAD,2001-01-17,2001-01-18,2001-01-25,2001-01-26,0.2663823576131966,0.29161868307656647,0.09473722542847418,6,5079,5085,True,0.5477622501326729,11306
AAPL,A-NOK30-LOOKAHEAD,2001-01-26,2001-01-29,2001-01-31,2001-02-01,0.29255336407689186,0.30937810366634694,0.05750998503313398,3,5086,5089,True,0.5332920682642144,11309
AAPL,A-NOK30-LOOKAHEAD,2001-04-17,2001-04-18,2001-04-30,2001-05-01,0.32257568858655594,0.38000190714458326,0.17802401293679115,9,5141,5150,True,0.5541891533221268,11303
AAPL,A-NOK30-LOOKAHEAD,2001-05-01,2001-05-02,2001-05-02,2001-05-03,0.3939095729024686,0.38837655123160636,-0.014046426011160129,1,5151,5152,True,0.5194058880735567,11311
AAPL,A-NOK30-LOOKAHEAD,2001-07-11,2001-07-12,2001-07-17,2001-07-18,0.34844685902812655,0.32571630572387644,-0.06523391649346255,4,5200,5204,True,0.5386452069331447,11308
AAPL,A-NOK30-LOOKAHEAD,2001-10-18,2001-10-19,2001-10-22,2001-10-23,0.26828916187538826,0.28593634744981344,0.06577673675324136,2,5266,5268,True,0.5263483642793988,11310
AAPL,A-NOK30-LOOKAHEAD,2001-10-24,2001-10-25,2001-10-25,2001-10-26,0.27576700480175265,0.2820479838715725,0.022776398047820168,1,5270,5271,True,0.5194058880735567,11311
AAPL,A-NOK30-LOOKAHEAD,2001-11-02,2001-11-05,2001-11-08,2001-11-09,0.2817491281461443,0.27815976434043715,-0.012739573780847002,4,5277,5281,True,0.5386452069331447,11308
AAPL,A-NOK30-LOOKAHEAD,2001-11-13,2001-11-14,2001-11-15,2001-11-16,0.29296455715964254,0.28817912892449854,-0.016334495481432287,2,5284,5286,True,0.5263483642793988,11310
AAPL,A-NOK30-LOOKAHEAD,2001-11-16,2001-11-19,2001-11-27,2001-11-28,0.28414164216774007,0.31180754469375876,0.09736658912418905,6,5287,5293,True,0.5477622501326729,11306
AAPL,A-NOK30-LOOKAHEAD,2001-11-29,2001-11-30,2001-12-05,2001-12-06,0.3061253406437278,0.3511393908679937,0.14704450840171934,4,5295,5299,True,0.5386452069331447,11308
AAPL,A-NOK30-LOOKAHEAD,2002-03-14,2002-03-15,2002-03-18,2002-03-19,0.3657950184079493,0.36923453109306287,0.009402841788505922,2,5366,5368,True,0.5263483642793988,11310
AAPL,A-NOK30-LOOKAHEAD,2003-02-26,2003-02-27,2003-03-03,2003-03-04,0.2178920407277501,0.2204337744475939,0.01166510585404823,3,5606,5609,True,0.5332920682642144,11309
AAPL,A-NOK30-LOOKAHEAD,2003-07-03,2003-07-07,2003-07-09,2003-07-10,0.2881791880025338,0.29730177027437604,0.031655937179481786,3,5695,5698,True,0.5332920682642144,11309
AAPL,A-NOK30-LOOKAHEAD,2003-07-16,2003-07-17,2003-07-23,2003-07-24,0.3019380509109406,0.31464898429903354,0.042097818906044804,5,5703,5708,True,0.5444414964181481,11307
AAPL,A-NOK30-LOOKAHEAD,2003-07-24,2003-07-25,2003-07-28,2003-07-29,0.30522761369122087,0.3139012192501682,0.02841684424962221,2,5709,5711,True,0.5263483642793988,11310
AAPL,A-NOK30-LOOKAHEAD,2003-08-26,2003-08-27,2003-09-04,2003-09-05,0.31270524652047843,0.33992305437492565,0.08703981835068064,6,5732,5738,True,0.5477622501326729,11306
AAPL,A-NOK30-LOOKAHEAD,2004-01-09,2004-01-12,2004-01-12,2004-01-13,0.3476998185978088,0.3693836028550509,0.062363519039750015,1,5826,5827,True,0.5194058880735567,11311
AAPL,A-NOK30-LOOKAHEAD,2004-05-21,2004-05-24,2004-06-10,2004-06-14,0.40811652125305126,0.45836478124421887,0.12312233730918076,13,5918,5931,True,0.5693424196831578,11299
AAPL,A-NOK30-LOOKAHEAD,2004-06-14,2004-06-15,2004-06-18,2004-06-21,0.45671994018516066,0.4953038825680838,0.08448052950628915,4,5932,5936,True,0.5386452069331447,11308
AAPL,A-NOK30-LOOKAHEAD,2004-06-22,2004-06-23,2004-06-25,2004-06-28,0.4935091179024511,0.5111554813787478,0.03575691478872467,3,5938,5941,True,0.5332920682642144,11309
AAPL,A-NOK30-LOOKAHEAD,2004-07-26,2004-07-27,2004-07-30,2004-08-02,0.47556301763823866,0.46629149389372615,-0.019495888874112133,4,5961,5965,True,0.5386452069331447,11308
AAPL,A-NOK30-LOOKAHEAD,2004-09-16,2004-09-17,2004-09-21,2004-09-22,0.5465987883755653,0.5697786043855938,0.04240736807872647,3,5998,6001,True,0.5332920682642144,11309
AAPL,A-NOK30-LOOKAHEAD,2004-09-27,2004-09-28,2004-10-06,2004-10-07,0.5602077596329617,0.6062686019822527,0.08222100025795664,7,6005,6012,True,0.5473684210526316,11305
AAPL,A-NOK30-LOOKAHEAD,2004-10-13,2004-10-14,2004-10-29,2004-11-01,0.6458984998641466,0.7851277571715001,0.2155590349515255,12,6017,6029,True,0.5653097345132744,11300
AAPL,A-NOK30-LOOKAHEAD,2004-11-23,2004-11-24,2004-12-01,2004-12-02,0.9225626368158969,0.9889620812748052,0.07197283068830673,5,6046,6051,True,0.5444414964181481,11307
AAPL,A-NOK30-LOOKAHEAD,2005-01-14,2005-01-18,2005-02-08,2005-02-09,1.0445935289080126,1.211938417812218,0.16020096264538686,16,6082,6098,True,0.5717953257790368,11296
AAPL,A-NOK30-LOOKAHEAD,2005-02-11,2005-02-14,2005-02-17,2005-02-18,1.2372116886460292,1.3121355627665472,0.060558653630659265,4,6101,6105,True,0.5386452069331447,11308
AAPL,A-NOK30-LOOKAHEAD,2005-07-26,2005-07-27,2005-07-27,2005-07-28,1.3109389029525527,1.3115368210324845,0.0004560991199400455,1,6214,6215,True,0.5194058880735567,11311
AAPL,A-NOK30-LOOKAHEAD,2005-09-15,2005-09-16,2005-09-20,2005-09-21,1.5023613019304711,1.584014521014231,0.054349921672528945,3,6250,6253,True,0.5332920682642144,11309
AAPL,A-NOK30-LOOKAHEAD,2005-09-23,2005-09-26,2005-09-27,2005-09-28,1.6160179344796315,1.587304556540807,-0.017767982227295254,2,6256,6258,True,0.5263483642793988,11310
AAPL,A-NOK30-LOOKAHEAD,2005-10-31,2005-11-01,2005-11-04,2005-11-07,1.7120272129196312,1.8200006852667407,0.06306761454041099,4,6282,6286,True,0.5386452069331447,11308
AAPL,A-NOK30-LOOKAHEAD,2005-11-10,2005-11-11,2005-11-17,2005-11-18,1.8406386375427246,1.9533975985367178,0.061260781282157506,5,6290,6295,True,0.5444414964181481,11307
AAPL,A-NOK30-LOOKAHEAD,2005-11-18,2005-11-21,2005-11-28,2005-11-29,1.9387430946016464,2.0933749745995205,0.07975882953674485,5,6296,6301,True,0.5444414964181481,11307
AAPL,A-NOK30-LOOKAHEAD,2005-12-01,2005-12-02,2005-12-13,2005-12-14,2.1615689790722716,2.169345144034785,0.0035974632490565206,8,6304,6312,True,0.5504246284501062,11304
AAPL,A-NOK30-LOOKAHEAD,2006-04-25,2006-04-26,2006-05-08,2006-05-09,1.9934778172610121,2.1481097907111306,0.0775689461458764,9,6402,6411,True,0.5541891533221268,11303
AAPL,A-NOK30-LOOKAHEAD,2006-09-25,2006-09-26,2006-09-29,2006-10-02,2.278515292046334,2.24621380630013,-0.014176549904650448,4,6508,6512,True,0.5386452069331447,11308
AAPL,A-NOK30-LOOKAHEAD,2007-03-05,2007-03-06,2007-03-27,2007-03-28,2.626065337269509,2.8378252922347786,0.08063773279359854,16,6617,6633,True,0.5717953257790368,11296
AAPL,A-NOK30-LOOKAHEAD,2007-05-17,2007-05-18,2007-05-22,2007-05-23,3.2969382474045745,3.4102963187709894,0.034382831239151423,3,6669,6672,True,0.5332920682642144,11309
AAPL,A-NOK30-LOOKAHEAD,2007-05-25,2007-05-29,2007-05-31,2007-06-01,3.423156885861048,3.62205631669575,0.058104094397844364,3,6675,6678,True,0.5332920682642144,11309
AAPL,A-NOK30-LOOKAHEAD,2007-06-04,2007-06-05,2007-06-06,2007-06-07,3.6313277798919663,3.7384043612903444,0.029486895121751733,2,6680,6682,True,0.5263483642793988,11310
AAPL,A-NOK30-LOOKAHEAD,2007-09-17,2007-09-18,2007-10-03,2007-10-04,4.159234485602244,4.725719952421283,0.13619945419764257,12,6753,6765,True,0.5653097345132744,11300
AAPL,A-NOK30-LOOKAHEAD,2007-10-04,2007-10-05,2007-10-08,2007-10-09,4.736788489618025,5.090618015086383,0.07469818976377618,2,6766,6768,True,0.5263483642793988,11310
AAPL,A-NOK30-LOOKAHEAD,2007-10-16,2007-10-17,2007-10-24,2007-10-25,5.165096001622393,5.5293935919912265,0.07053065233529154,6,6774,6780,True,0.5477622501326729,11306
AAPL,A-NOK30-LOOKAHEAD,2007-10-30,2007-10-31,2007-11-01,2007-11-02,5.611941951041499,5.659200569654142,0.008421081156028798,2,6784,6786,True,0.5263483642793988,11310
AAPL,A-NOK30-LOOKAHEAD,2007-12-04,2007-12-05,2007-12-10,2007-12-11,5.470172915780117,5.82489917790214,0.06484735813354714,4,6808,6812,True,0.5386452069331447,11308
AAPL,A-NOK30-LOOKAHEAD,2008-05-12,2008-05-13,2008-05-13,2008-05-14,5.641254000915698,5.719618340191996,0.013891297797188118,1,6917,6918,True,0.5194058880735567,11311
AAPL,A-NOK30-LOOKAHEAD,2009-03-25,2009-03-26,2009-03-26,2009-03-27,3.2251549926612855,3.2371188913399203,0.0037095577440025007,1,7136,7137,True,0.5194058880735567,11311
AAPL,A-NOK30-LOOKAHEAD,2009-04-01,2009-04-02,2009-04-14,2009-04-15,3.2942463057065106,3.50540781788936,0.06410009834937402,8,7141,7149,True,0.5504246284501062,11304
AAPL,A-NOK30-LOOKAHEAD,2009-04-16,2009-04-17,2009-04-17,2009-04-20,3.6244485640383948,3.640899129163029,0.004538777370951097,1,7151,7152,True,0.5194058880735567,11311
AAPL,A-NOK30-LOOKAHEAD,2009-07-31,2009-08-03,2009-08-04,2009-08-05,4.941371285466053,4.957521568521777,0.0032683808041760187,2,7225,7227,True,0.5263483642793988,11310
AAPL,A-NOK30-LOOKAHEAD,2009-10-20,2009-10-21,2009-10-26,2009-10-27,5.967569604800989,6.031576096951586,0.010725721925237908,4,7281,7285,True,0.5386452069331447,11308
AAPL,A-NOK30-LOOKAHEAD,2010-03-22,2010-03-23,2010-03-24,2010-03-25,6.748809013616077,6.90673169615249,0.02340008173557684,2,7385,7387,True,0.5263483642793988,11310
AAPL,A-NOK30-LOOKAHEAD,2010-03-25,2010-03-26,2010-04-15,2010-04-16,6.847809268959068,7.434633462801136,0.08569517210447519,14,7388,7402,True,0.5691272791644539,11298
AAPL,A-NOK30-LOOKAHEAD,2010-04-21,2010-04-22,2010-04-26,2010-04-27,7.723865280398745,7.993948952603054,0.03496742400333086,3,7406,7409,True,0.5332920682642144,11309
AAPL,A-NOK30-LOOKAHEAD,2010-06-14,2010-06-15,2010-06-23,2010-06-24,7.6460993699099085,8.10551164902877,0.06008452897261707,7,7443,7450,True,0.5473684210526316,11305
AAPL,A-NOK30-LOOKAHEAD,2010-09-21,2010-09-22,2010-09-22,2010-09-23,8.455748260620018,8.564023319713414,0.0128049056991979,1,7512,7513,True,0.5194058880735567,11311
AAPL,A-NOK30-LOOKAHEAD,2010-09-23,2010-09-24,2010-09-24,2010-09-27,8.736602712160522,8.792835889046719,0.006436503837804697,1,7514,7515,True,0.5194058880735567,11311
AAPL,A-NOK30-LOOKAHEAD,2011-02-11,2011-02-14,2011-02-16,2011-02-17,10.671461036174255,10.685215813175295,0.001288931005268612,3,7612,7615,True,0.5332920682642144,11309
AAPL,A-NOK30-LOOKAHEAD,2011-07-14,2011-07-15,2011-07-19,2011-07-20,10.802461419473456,11.847803304876452,0.0967688608004258,3,7717,7720,True,0.5332920682642144,11309
AAPL,A-NOK30-LOOKAHEAD,2011-07-22,2011-07-25,2011-07-26,2011-07-27,11.675223552316941,11.981497788861855,0.026232837013569155,2,7723,7725,True,0.5263483642793988,11310
AAPL,A-NOK30-LOOKAHEAD,2011-09-13,2011-09-14,2011-09-21,2011-09-22,11.575623038355818,11.994659707010536,0.03619992351739865,6,7759,7765,True,0.5477622501326729,11306
AAPL,A-NOK30-LOOKAHEAD,2012-01-17,2012-01-18,2012-01-18,2012-01-19,12.77021816341087,12.865624502892137,0.007471003099588813,1,7845,7846,True,0.5194058880735567,11311
AAPL,A-NOK30-LOOKAHEAD,2012-01-25,2012-01-26,2012-02-14,2012-02-15,13.410281123567437,15.381325843082145,0.1469801193094129,14,7851,7865,True,0.5691272791644539,11298
AAPL,A-NOK30-LOOKAHEAD,2012-02-23,2012-02-24,2012-03-02,2012-03-05,15.54313777730276,16.313314605443885,0.049550923319086504,6,7871,7877,True,0.5477622501326729,11306
AAPL,A-NOK30-LOOKAHEAD,2012-03-26,2012-03-27,2012-03-28,2012-03-29,18.130616226777153,18.328019103325246,0.01088781948053974,2,7893,7895,True,0.5263483642793988,11310
AAPL,A-NOK30-LOOKAHEAD,2012-06-15,2012-06-18,2012-06-20,2012-06-21,17.07720130280136,17.510292917154743,0.02536080746921554,3,7950,7953,True,0.5332920682642144,11309
AAPL,A-NOK30-LOOKAHEAD,2012-07-18,2012-07-19,2012-07-19,2012-07-20,18.283168202625557,18.335506476893556,0.002862647966039189,1,7972,7973,True,0.5194058880735567,11311
AAPL,A-NOK30-LOOKAHEAD,2012-08-16,2012-08-17,2012-08-20,2012-08-21,19.224354098738317,20.15011664797205,0.048155716674740834,2,7993,7995,True,0.5263483642793988,11310
AAPL,A-NOK30-LOOKAHEAD,2012-08-27,2012-08-28,2012-08-28,2012-08-29,20.275084286936618,20.283193033502158,0.00039993651571479383,1,8000,8001,True,0.5194058880735567,11311
AAPL,A-NOK30-LOOKAHEAD,2013-07-25,2013-07-26,2013-08-06,2013-08-07,13.299284288443287,14.170018573539595,0.06547226649278803,8,8227,8235,True,0.5504246284501062,11304
AAPL,A-NOK30-LOOKAHEAD,2013-08-12,2013-08-13,2013-08-19,2013-08-20,14.483156775907702,15.675487248623483,0.08232531699851431,5,8239,8244,True,0.5444414964181481,11307
AAPL,A-NOK30-LOOKAHEAD,2013-10-04,2013-10-07,2013-10-07,2013-10-08,14.963533161476732,15.067482623992811,0.0069468528184035705,1,8277,8278,True,0.5194058880735567,11311
AAPL,A-NOK30-LOOKAHEAD,2013-10-09,2013-10-10,2013-10-24,2013-10-25,15.109926469234692,16.340072692949914,0.08141311780834415,11,8280,8291,True,0.560746836563136,11301
AAPL,A-NOK30-LOOKAHEAD,2013-12-06,2013-12-09,2013-12-09,2013-12-10,17.350484099215553,17.43338010969137,0.004777734730730954,1,8321,8322,True,0.5194058880735567,11311
AAPL,A-NOK30-LOOKAHEAD,2014-03-20,2014-03-21,2014-03-27,2014-03-28,16.552831575809968,16.751686204965882,0.012013330060490546,5,8391,8396,True,0.5444414964181481,11307
AAPL,A-NOK30-LOOKAHEAD,2014-04-01,2014-04-02,2014-04-02,2014-04-03,16.87802238400153,16.847221730215953,-0.0018248970812345666,1,8399,8400,True,0.5194058880735567,11311
AAPL,A-NOK30-LOOKAHEAD,2014-06-03,2014-06-04,2014-06-10,2014-06-11,19.9469391957149,20.618778695052523,0.03368133289752806,5,8442,8447,True,0.5444414964181481,11307
AAPL,A-NOK30-LOOKAHEAD,2014-07-11,2014-07-14,2014-07-14,2014-07-15,20.997732153912814,21.20362874493467,0.009805658511720994,1,8469,8470,True,0.5194058880735567,11311
AAPL,A-NOK30-LOOKAHEAD,2014-08-27,2014-08-28,2014-08-29,2014-09-02,22.363554207221572,22.68714320234316,0.01446947976708901,2,8502,8504,True,0.5263483642793988,11310
AAPL,A-NOK30-LOOKAHEAD,2014-11-10,2014-11-11,2014-11-14,2014-11-17,24.032473012916476,25.26394271482518,0.05124190511924587,4,8554,8558,True,0.5386452069331447,11308
AAPL,A-NOK30-LOOKAHEAD,2014-11-20,2014-11-21,2014-11-24,2014-11-25,25.980275118217005,26.325170218865228,0.013275267451128281,2,8562,8564,True,0.5263483642793988,11310
AAPL,A-NOK30-LOOKAHEAD,2014-11-25,2014-11-26,2014-11-28,2014-12-01,26.075345240944227,26.26768679495085,0.007376376121939199,2,8565,8567,True,0.5263483642793988,11310
AAPL,A-NOK30-LOOKAHEAD,2015-04-20,2015-04-21,2015-04-28,2015-04-29,28.433394001099803,28.890625511046434,0.016080792533207378,6,8663,8669,True,0.5477622501326729,11306
AAPL,A-NOK30-LOOKAHEAD,2015-05-26,2015-05-27,2015-05-27,2015-05-28,29.05143384079446,29.39022232290873,0.011661678524057528,1,8688,8689,True,0.5194058880735567,11311
AAPL,A-NOK30-LOOKAHEAD,2015-10-27,2015-10-28,2015-11-04,2015-11-05,26.180450754337446,27.39881233945184,0.04653707442040678,6,8796,8802,True,0.5477622501326729,11306
AAPL,A-NOK30-LOOKAHEAD,2016-03-14,2016-03-15,2016-03-22,2016-03-23,23.50296290594165,24.072677670053565,0.024240125229823217,6,8890,8896,True,0.5477622501326729,11306
AAPL,A-NOK30-LOOKAHEAD,2016-03-29,2016-03-30,2016-04-04,2016-04-05,24.563266114296848,24.757695581568516,0.007915456615865235,4,8900,8904,True,0.5386452069331447,11308
AAPL,A-NOK30-LOOKAHEAD,2016-04-05,2016-04-06,2016-04-06,2016-04-07,24.92047496677951,24.857170292431228,-0.002540267568442056,1,8905,8906,True,0.5194058880735567,11311
AAPL,A-NOK30-LOOKAHEAD,2016-07-27,2016-07-28,2016-08-10,2016-08-11,23.38903146341476,24.81696294041959,0.06105132994662088,10,8984,8994,True,0.5561847460626438,11302
AAPL,A-NOK30-LOOKAHEAD,2016-08-12,2016-08-15,2016-08-15,2016-08-16,24.730065079268527,25.070805135862713,0.013778372822796703,1,8996,8997,True,0.5194058880735567,11311
AAPL,A-NOK30-LOOKAHEAD,2017-01-24,2017-01-25,2017-01-27,2017-01-30,27.67971143894819,27.79694074324554,0.004235206879086073,3,9108,9111,True,0.5332920682642144,11309
AAPL,A-NOK30-LOOKAHEAD,2017-02-02,2017-02-03,2017-02-15,2017-02-16,29.49330273313571,31.320280662969946,0.061945518491614227,9,9115,9124,True,0.5541891533221268,11303
AAPL,A-NOK30-LOOKAHEAD,2017-02-17,2017-02-21,2017-02-22,2017-02-23,31.449549332017238,31.71504145494616,0.008441841888609858,2,9126,9128,True,0.5263483642793988,11310
AAPL,A-NOK30-LOOKAHEAD,2017-08-02,2017-08-03,2017-08-10,2017-08-11,36.40563768067518,36.443871840263014,0.0010502263392060396,6,9240,9246,True,0.5477622501326729,11306
AAPL,A-NOK30-LOOKAHEAD,2017-08-11,2017-08-14,2017-08-16,2017-08-17,37.07688093621345,37.356148903045394,0.007532132147588078,3,9247,9250,True,0.5332920682642144,11309
AAPL,A-NOK30-LOOKAHEAD,2017-10-26,2017-10-27,2017-11-10,2017-11-13,37.069884438584545,40.52198417452118,0.09312410298057161,11,9300,9311,True,0.560746836563136,11301
AAPL,A-NOK30-LOOKAHEAD,2018-03-08,2018-03-09,2018-03-13,2018-03-14,41.733101955639185,42.28655332708337,0.013261687857099247,3,9390,9393,True,0.5332920682642144,11309
AAPL,A-NOK30-LOOKAHEAD,2018-07-18,2018-07-19,2018-07-19,2018-07-20,44.65542428942272,45.14744515273674,0.011018165679607339,1,9481,9482,True,0.5194058880735567,11311
AAPL,A-NOK30-LOOKAHEAD,2018-07-23,2018-07-24,2018-07-26,2018-07-27,45.305168915828304,45.903113461401674,0.0131981528792946,3,9484,9487,True,0.5332920682642144,11309
AAPL,A-NOK30-LOOKAHEAD,2018-07-31,2018-08-01,2018-08-17,2018-08-20,46.877730569913155,51.523571270388054,0.09910549516782008,13,9490,9503,True,0.5693424196831578,11299
AAPL,A-NOK30-LOOKAHEAD,2018-08-24,2018-08-27,2018-09-05,2018-09-06,51.29914091987179,53.444177131020055,0.0418142715976233,7,9508,9515,True,0.5473684210526316,11305
AAPL,A-NOK30-LOOKAHEAD,2019-02-21,2019-02-22,2019-03-05,2019-03-06,40.84964624668983,41.58530149826311,0.018008852442213952,8,9630,9638,True,0.5504246284501062,11304
AAPL,A-NOK30-LOOKAHEAD,2019-04-01,2019-04-02,2019-04-11,2019-04-12,45.494564556613646,47.42538360127354,0.04244065337205649,8,9657,9665,True,0.5504246284501062,11304
AAPL,A-NOK30-LOOKAHEAD,2019-07-02,2019-07-03,2019-07-05,2019-07-08,48.58312842208585,47.99280616855415,-0.012150766587178952,2,9721,9723,True,0.5263483642793988,11310
AAPL,A-NOK30-LOOKAHEAD,2019-07-12,2019-07-15,2019-07-16,2019-07-17,48.77670972449391,48.76715003947481,-0.00019598872234516396,2,9728,9730,True,0.5263483642793988,11310
AAPL,A-NOK30-LOOKAHEAD,2019-07-26,2019-07-29,2019-07-29,2019-07-30,49.82112193871518,49.89282495285342,0.0014392091415853514,1,9738,9739,True,0.5194058880735567,11311
AAPL,A-NOK30-LOOKAHEAD,2019-10-17,2019-10-18,2019-10-28,2019-10-29,56.27910911439278,59.72894099440109,0.06129862278018994,7,9796,9803,True,0.5473684210526316,11305
AAPL,A-NOK30-LOOKAHEAD,2019-10-31,2019-11-01,2019-11-13,2019-11-14,59.86568616480788,63.46468706949581,0.06011792623206591,9,9806,9815,True,0.5541891533221268,11303
AAPL,A-NOK30-LOOKAHEAD,2019-11-15,2019-11-18,2019-11-18,2019-11-19,63.95796632642828,64.46325306609221,0.007900294031943478,1,9817,9818,True,0.5194058880735567,11311
AAPL,A-NOK30-LOOKAHEAD,2019-12-20,2019-12-23,2019-12-26,2019-12-27,67.50238173997971,70.05059726659418,0.03775000912457038,3,9841,9844,True,0.5332920682642144,11309
AAPL,A-NOK30-LOOKAHEAD,2019-12-30,2019-12-31,2020-01-02,2020-01-03,69.76422454918179,71.50154177990413,0.02490269535637979,2,9846,9848,True,0.5263483642793988,11310
AAPL,A-NOK30-LOOKAHEAD,2020-01-03,2020-01-06,2020-01-06,2020-01-07,70.69302810060023,72.148820106767,0.02059314822524083,1,9849,9850,True,0.5194058880735567,11311
AAPL,A-NOK30-LOOKAHEAD,2020-01-07,2020-01-08,2020-01-13,2020-01-14,71.50396043802937,76.2057563300334,0.06575574084569702,4,9851,9855,True,0.5386452069331447,11308
AAPL,A-NOK30-LOOKAHEAD,2020-01-16,2020-01-17,2020-01-21,2020-01-22,76.10228015577917,76.65810863389025,0.007303703344673895,2,9858,9860,True,0.5263483642793988,11310
AAPL,A-NOK30-LOOKAHEAD,2020-01-22,2020-01-23,2020-01-23,2020-01-24,76.49932724037184,77.05997452322455,0.007328787102807821,1,9861,9862,True,0.5194058880735567,11311
AAPL,A-NOK30-LOOKAHEAD,2020-04-24,2020-04-27,2020-04-27,2020-04-28,67.96889524586273,68.76000076632654,0.011639228761952891,1,9926,9927,True,0.5194058880735567,11311
AAPL,A-NOK30-LOOKAHEAD,2020-04-28,2020-04-29,2020-05-11,2020-05-12,68.67559111709774,76.86668099114186,0.11927221507387697,9,9928,9937,True,0.5541891533221268,11303
AAPL,A-NOK30-LOOKAHEAD,2020-05-19,2020-05-20,2020-05-22,2020-05-26,76.58853586283631,78.23793461869505,0.02153584393900254,3,9943,9946,True,0.5332920682642144,11309
AAPL,A-NOK30-LOOKAHEAD,2020-06-15,2020-06-16,2020-06-18,2020-06-19,85.00004143146272,85.76912102080368,0.009047990758464408,3,9961,9964,True,0.5332920682642144,11309
AAPL,A-NOK30-LOOKAHEAD,2020-06-19,2020-06-22,2020-06-23,2020-06-24,84.97102639518768,88.27467257128609,0.03887967835922845,2,9965,9967,True,0.5263483642793988,11310
AAPL,A-NOK30-LOOKAHEAD,2020-08-17,2020-08-18,2020-08-18,2020-08-19,110.82331598950212,112.4030347872071,0.014254390275189266,1,10005,10006,True,0.5194058880735567,11311
AAPL,A-NOK30-LOOKAHEAD,2020-08-19,2020-08-20,2020-08-24,2020-08-25,112.17771917197317,120.84909617434025,0.07730035042942429,3,10007,10010,True,0.5332920682642144,11309
AAPL,A-NOK30-LOOKAHEAD,2020-08-31,2020-09-01,2020-09-01,2020-09-02,128.66276613112478,133.34362121532453,0.03638080561263024,1,10015,10016,True,0.5194058880735567,11311
AAPL,A-NOK30-LOOKAHEAD,2020-10-08,2020-10-09,2020-10-13,2020-10-14,111.72220118579409,117.26566767493782,0.04961830710733084,3,10042,10045,True,0.5332920682642144,11309
AAPL,A-NOK30-LOOKAHEAD,2020-12-14,2020-12-15,2020-12-29,2020-12-30,120.71048814758292,131.62238763508645,0.09039727744421389,10,10088,10098,True,0.5561847460626438,11302
AAPL,A-NOK30-LOOKAHEAD,2021-06-25,2021-06-28,2021-07-07,2021-07-08,129.92966074308424,137.88647618396286,0.061239407502279075,7,10221,10228,True,0.5473684210526316,11305
AAPL,A-NOK30-LOOKAHEAD,2021-07-08,2021-07-09,2021-07-09,2021-07-12,139.02595342720224,142.39568172270836,0.024238123979279935,1,10229,10230,True,0.5194058880735567,11311
AAPL,A-NOK30-LOOKAHEAD,2021-07-13,2021-07-14,2021-07-14,2021-07-15,144.23639158459537,145.34667393209662,0.007697657541925418,1,10232,10233,True,0.5194058880735567,11311
AAPL,A-NOK30-LOOKAHEAD,2021-10-27,2021-10-28,2021-10-28,2021-10-29,146.1301073675776,143.59415144162946,-0.01735409609717975,1,10307,10308,True,0.5194058880735567,11311
AAPL,A-NOK30-LOOKAHEAD,2021-11-04,2021-11-05,2021-11-05,2021-11-08,148.36533077411934,147.8964665160418,-0.0031602009420338417,1,10313,10314,True,0.5194058880735567,11311
AAPL,A-NOK30-LOOKAHEAD,2021-11-29,2021-11-30,2021-12-01,2021-12-02,156.27736517799391,155.05635670733542,-0.007813085850710388,2,10329,10331,True,0.5263483642793988,11310
AAPL,A-NOK30-LOOKAHEAD,2021-12-06,2021-12-07,2021-12-13,2021-12-14,165.15644279486372,171.18327152968024,0.036491635644528175,5,10334,10339,True,0.5444414964181481,11307
AAPL,A-NOK30-LOOKAHEAD,2021-12-14,2021-12-15,2021-12-15,2021-12-16,171.04649539113694,175.11975249855263,0.023813741977590563,1,10340,10341,True,0.5194058880735567,11311
AAPL,A-NOK30-LOOKAHEAD,2022-07-18,2022-07-19,2022-07-22,2022-07-25,144.88413581614606,150.84910958984113,0.0411706481188836,4,10487,10491,True,0.5386452069331447,11308
AAPL,A-NOK30-LOOKAHEAD,2022-07-27,2022-07-28,2022-08-01,2022-08-02,153.7581586202447,156.81411634866453,0.01987509317126701,3,10494,10497,True,0.5332920682642144,11309
AAPL,A-NOK30-LOOKAHEAD,2022-08-02,2022-08-03,2022-08-05,2022-08-08,157.53894532472003,163.18181120847004,0.03581886289843372,3,10498,10501,True,0.5332920682642144,11309
AAPL,A-NOK30-LOOKAHEAD,2022-08-09,2022-08-10,2022-08-10,2022-08-11,164.4667081851827,166.80107516257124,0.01419355323121163,1,10503,10504,True,0.5194058880735567,11311
AAPL,A-NOK30-LOOKAHEAD,2022-08-11,2022-08-12,2022-08-17,2022-08-18,166.56569547580565,170.4203849105247,0.023142156755074028,4,10505,10509,True,0.5386452069331447,11308
AAPL,A-NOK30-LOOKAHEAD,2022-10-27,2022-10-28,2022-10-31,2022-11-01,145.36000606754794,152.1081921430116,0.04642395290165169,2,10559,10561,True,0.5263483642793988,11310
AAPL,A-NOK30-LOOKAHEAD,2023-02-01,2023-02-02,2023-02-03,2023-02-06,146.2888426135127,149.8944947732861,0.024647485723154894,2,10624,10626,True,0.5263483642793988,11310
AAPL,A-NOK30-LOOKAHEAD,2023-02-14,2023-02-15,2023-02-15,2023-02-16,150.65468023132328,151.0482818929642,0.002612608257749338,1,10633,10634,True,0.5194058880735567,11311
AAPL,A-NOK30-LOOKAHEAD,2023-03-29,2023-03-30,2023-04-04,2023-04-05,158.93967116064357,162.0982064947886,0.01987254227393387,4,10663,10667,True,0.5386452069331447,11308
AAPL,A-NOK30-LOOKAHEAD,2023-05-04,2023-05-05,2023-05-15,2023-05-16,168.23809809226543,169.46601779285794,0.007298701747799674,7,10688,10695,True,0.5473684210526316,11305
AAPL,A-NOK30-LOOKAHEAD,2023-05-17,2023-05-18,2023-05-19,2023-05-22,170.46119076780954,171.42678205708316,0.005664581391953805,2,10697,10699,True,0.5263483642793988,11310
AAPL,A-NOK30-LOOKAHEAD,2023-06-09,2023-06-12,2023-06-20,2023-06-21,178.60984190485868,182.18656875714527,0.02002536262358845,6,10713,10719,True,0.5477622501326729,11306
AAPL,A-NOK30-LOOKAHEAD,2023-06-21,2023-06-22,2023-06-23,2023-06-26,181.04361385994784,184.0882365039062,0.016817067330050284,2,10720,10722,True,0.5263483642793988,11310
AAPL,A-NOK30-LOOKAHEAD,2023-06-26,2023-06-27,2023-07-03,2023-07-05,183.1620330683905,188.75866963191964,0.030555658668843355,5,10723,10728,True,0.5444414964181481,11307
AAPL,A-NOK30-LOOKAHEAD,2024-06-10,2024-06-11,2024-06-12,2024-06-13,191.82147267998263,212.71235034689784,0.10890792034407748,2,10964,10966,True,0.5263483642793988,11310
AAPL,A-NOK30-LOOKAHEAD,2024-06-14,2024-06-17,2024-06-18,2024-06-20,211.35527186274084,211.90998899500866,0.0026245720174327136,2,10968,10970,True,0.5263483642793988,11310
AAPL,A-NOK30-LOOKAHEAD,2024-08-26,2024-08-27,2024-08-27,2024-08-28,224.1251322421701,226.02922904592305,0.008495686247696366,1,11017,11018,True,0.5194058880735567,11311
AAPL,A-NOK30-LOOKAHEAD,2024-12-06,2024-12-09,2024-12-10,2024-12-11,240.08769312504634,246.17350623578653,0.025348292665590577,2,11089,11091,True,0.5263483642793988,11310
AAPL,A-NOK30-LOOKAHEAD,2024-12-13,2024-12-16,2024-12-17,2024-12-18,246.20329464964811,250.34325221557475,0.016815199698354544,2,11094,11096,True,0.5263483642793988,11310
AAPL,A-NOK30-LOOKAHEAD,2024-12-20,2024-12-23,2024-12-26,2024-12-27,252.93444954402884,255.972417613419,0.01201089086467566,3,11099,11102,True,0.5332920682642144,11309
AAPL,A-NOK30-LOOKAHEAD,2025-07-18,2025-07-21,2025-07-28,2025-07-29,211.07984586548804,213.14982178903043,0.009806601454794839,6,11240,11246,True,0.5477622501326729,11306
AAPL,A-NOK30-LOOKAHEAD,2026-02-23,2026-02-24,2026-02-27,2026-03-02,267.38283777638213,261.94253069595567,-0.020346508121722895,4,11390,11394,True,0.5386452069331447,11308
AAPL,A-NOK30-LOOKAHEAD,2026-04-21,2026-04-22,2026-04-23,2026-04-24,267.3429346055621,272.2741016414235,0.018445099524088127,2,11430,11432,True,0.5263483642793988,11310
AAPL,A-NOK30-LOOKAHEAD,2026-05-04,2026-05-05,2026-05-15,2026-05-18,276.43668191704,299.98126929450746,0.08517171894189235,9,11439,11448,True,0.5541891533221268,11303
AAPL,A-NOK30-LOOKAHEAD,2026-05-20,2026-05-21,2026-05-22,2026-05-26,300.80056674721834,309.29325163060713,0.02823360665582042,2,11451,11453,True,0.5263483642793988,11310
AAPL,A-NOK30-LOOKAHEAD,2026-05-27,2026-05-28,2026-05-29,2026-06-01,310.412282475935,309.363197507879,-0.003379650314376037,2,11455,11457,True,0.5263483642793988,11310
AAPL,A-NOK30-LOOKAHEAD,2026-07-24,2026-07-27,2026-07-29,2026-07-30,334.2517370375488,332.8129674612056,-0.004304449063137206,3,11495,11498,True,0.5332920682642144,11309
MSFT,A-NOK30-LOOKAHEAD,1987-01-16,1987-01-19,1987-01-22,1987-01-23,0.13039292690953946,0.15731628368896508,0.20647865967533496,4,215,219,True,0.5463834902825085,9982
MSFT,A-NOK30-LOOKAHEAD,1987-03-17,1987-03-18,1987-03-25,1987-03-26,0.1805438847876914,0.18978227894878372,0.05116979825683998,6,256,262,True,0.5567134268537074,9980
MSFT,A-NOK30-LOOKAHEAD,1987-03-27,1987-03-30,1987-03-30,1987-03-31,0.19374132375647213,0.20166001259923524,0.04087248238644592,1,264,265,True,0.5200801201802704,9985
MSFT,A-NOK30-LOOKAHEAD,1987-04-02,1987-04-03,1987-04-06,1987-04-07,0.20060425847295044,0.20957863127735388,0.04473670136775065,2,268,270,True,0.5297475961538461,9984
MSFT,A-NOK30-LOOKAHEAD,1987-05-01,1987-05-04,1987-05-11,1987-05-12,0.2217204013605062,0.25972958471085666,0.17142844373869526,6,288,294,True,0.5567134268537074,9980
MSFT,A-NOK30-LOOKAHEAD,1987-08-19,1987-08-20,1987-08-31,1987-09-01,0.21644158254471793,0.2491715898001656,0.15121866542758933,8,364,372,True,0.5703547805171377,9978
MSFT,A-NOK30-LOOKAHEAD,1987-12-29,1987-12-30,1988-01-07,1988-01-08,0.23016704497979357,0.25445087224725144,0.10550523107940912,6,455,461,True,0.5567134268537074,9980
MSFT,A-NOK30-LOOKAHEAD,1988-03-02,1988-03-03,1988-03-09,1988-03-10,0.25339499206929517,0.2713439621070207,0.07083395725838626,5,499,504,True,0.5502454663861337,9981
MSFT,A-NOK30-LOOKAHEAD,1988-03-15,1988-03-16,1988-03-16,1988-03-17,0.26500897330268613,0.2745112066933997,0.035856270345458574,1,508,509,True,0.5200801201802704,9985
MSFT,A-NOK30-LOOKAHEAD,1988-05-13,1988-05-16,1988-05-17,1988-05-18,0.23966917066337945,0.2449486100780682,0.022028028886968753,2,550,552,True,0.5297475961538461,9984
MSFT,A-NOK30-LOOKAHEAD,1988-05-27,1988-05-31,1988-06-16,1988-06-17,0.23439044916265184,0.2681761631315993,0.14414287821728755,13,560,573,True,0.594003810287777,9973
MSFT,A-NOK30-LOOKAHEAD,1988-06-21,1988-06-22,1988-06-22,1988-06-23,0.27451117882191145,0.28295777204004885,0.030769578326051095,1,576,577,True,0.5200801201802704,9985
MSFT,A-NOK30-LOOKAHEAD,1988-06-29,1988-06-30,1988-07-06,1988-07-07,0.27978989210762945,0.288236395222789,0.030188735738567507,4,582,586,True,0.5463834902825085,9982
MSFT,A-NOK30-LOOKAHEAD,1988-12-15,1988-12-16,1989-01-04,1989-01-05,0.20588366382169934,0.23122260052023716,0.12307405176392239,12,700,712,True,0.5919390415079205,9974
MSFT,A-NOK30-LOOKAHEAD,1989-02-06,1989-02-07,1989-02-09,1989-02-10,0.2560345063539859,0.26606464225776544,0.03917493796680738,3,735,738,True,0.543223479915857,9983
MSFT,A-NOK30-LOOKAHEAD,1989-04-27,1989-04-28,1989-04-28,1989-05-01,0.2312226260052724,0.2338625665718618,0.011417310719969098,1,791,792,True,0.5200801201802704,9985
MSFT,A-NOK30-LOOKAHEAD,1989-05-25,1989-05-26,1989-06-01,1989-06-02,0.24494849682177816,0.25392293968001434,0.036638080962651864,4,811,815,True,0.5463834902825085,9982
MSFT,A-NOK30-LOOKAHEAD,1989-08-21,1989-08-22,1989-09-05,1989-09-06,0.23650209500140607,0.2523393781463947,0.06696466323012684,10,871,881,True,0.5839013632718525,9976
MSFT,A-NOK30-LOOKAHEAD,1989-09-27,1989-09-28,1989-10-02,1989-10-03,0.2808463421301534,0.2977387556302612,0.06014824110573347,3,897,900,True,0.543223479915857,9983
MSFT,A-NOK30-LOOKAHEAD,1989-10-03,1989-10-04,1989-10-04,1989-10-05,0.2914043238251257,0.31885553997346144,0.09420318747504042,1,901,902,True,0.5200801201802704,9985
MSFT,A-NOK30-LOOKAHEAD,1989-10-06,1989-10-09,1989-10-10,1989-10-11,0.33574803010566323,0.33891590268072536,0.009435267793127977,2,904,906,True,0.5297475961538461,9984
MSFT,A-NOK30-LOOKAHEAD,1989-10-18,1989-10-19,1989-10-24,1989-10-25,0.34208306234246744,0.3441947173175078,0.00617293051746115,4,912,916,True,0.5463834902825085,9982
MSFT,A-NOK30-LOOKAHEAD,1989-11-21,1989-11-22,1989-11-22,1989-11-24,0.3727014660835266,0.3753414424674749,0.007083353901689904,1,936,937,True,0.5200801201802704,9985
MSFT,A-NOK30-LOOKAHEAD,1990-01-05,1990-01-08,1990-01-08,1990-01-09,0.37798097982471623,0.38431524035025244,0.01675814621273708,1,966,967,True,0.5200801201802704,9985
MSFT,A-NOK30-LOOKAHEAD,1990-01-17,1990-01-18,1990-01-22,1990-01-23,0.378508861486838,0.3843153192743963,0.015340348346798871,3,974,977,True,0.543223479915857,9983
MSFT,A-NOK30-LOOKAHEAD,1990-01-31,1990-02-01,1990-02-06,1990-02-07,0.390650423124841,0.3948738955155283,0.010811385680587371,4,984,988,True,0.5463834902825085,9982
MSFT,A-NOK30-LOOKAHEAD,1990-02-07,1990-02-08,1990-02-20,1990-02-21,0.39540192079624,0.4170458339958272,0.05473901885959931,8,989,997,True,0.5703547805171377,9978
MSFT,A-NOK30-LOOKAHEAD,1990-02-28,1990-03-01,1990-03-12,1990-03-13,0.41598988352081034,0.458222195696776,0.10152245006182459,8,1003,1011,True,0.5703547805171377,9978
MSFT,A-NOK30-LOOKAHEAD,1990-03-13,1990-03-14,1990-03-19,1990-03-20,0.4529435005564564,0.49200871127650375,0.08624742527943208,4,1012,1016,True,0.5463834902825085,9982
MSFT,A-NOK30-LOOKAHEAD,1990-05-17,1990-05-18,1990-05-24,1990-05-25,0.5458545235286691,0.6271522641181946,0.14893664352908043,5,1058,1063,True,0.5502454663861337,9981
MSFT,A-NOK30-LOOKAHEAD,1990-10-05,1990-10-08,1990-10-08,1990-10-09,0.5574690699577332,0.5511339668716704,-0.011364044083276403,1,1156,1157,True,0.5200801201802704,9985
MSFT,A-NOK30-LOOKAHEAD,1990-11-02,1990-11-05,1990-11-05,1990-11-06,0.5511338998117151,0.5553568476682968,0.0076622901585701175,1,1176,1177,True,0.5200801201802704,9985
MSFT,A-NOK30-LOOKAHEAD,1990-11-09,1990-11-12,1990-11-20,1990-11-21,0.5574690260285605,0.5743614578677135,0.030302009708943922,7,1181,1188,True,0.5661889968934763,9979
MSFT,A-NOK30-LOOKAHEAD,1990-11-23,1990-11-26,1990-11-27,1990-11-28,0.5785851226695321,0.6102591564106328,0.054743947778954194,2,1190,1192,True,0.5297475961538461,9984
MSFT,A-NOK30-LOOKAHEAD,1990-11-30,1990-12-03,1990-12-06,1990-12-07,0.6187056405881047,0.6271522641181946,0.013652087480665154,4,1195,1199,True,0.5463834902825085,9982
MSFT,A-NOK30-LOOKAHEAD,1991-01-29,1991-01-30,1991-02-01,1991-02-04,0.7813008220626187,0.8446495797881693,0.08108113537921424,3,1235,1238,True,0.543223479915857,9983
MSFT,A-NOK30-LOOKAHEAD,1991-02-04,1991-02-05,1991-02-06,1991-02-07,0.838314595791644,0.8974399564641876,0.07052884557820427,2,1239,1241,True,0.5297475961538461,9984
MSFT,A-NOK30-LOOKAHEAD,1991-04-15,1991-04-16,1991-04-17,1991-04-18,0.9607891347841253,0.9396725858713824,-0.0219783385846547,2,1287,1289,True,0.5297475961538461,9984
MSFT,A-NOK30-LOOKAHEAD,1991-06-13,1991-06-14,1991-06-18,1991-06-19,0.9396730272887402,0.9270032243364944,-0.013483203821229472,3,1329,1332,True,0.543223479915857,9983
MSFT,A-NOK30-LOOKAHEAD,1991-08-21,1991-08-22,1991-08-29,1991-08-30,1.067425937914972,1.0864306124558232,0.017804209047021624,6,1377,1383,True,0.5567134268537074,9980
MSFT,A-NOK30-LOOKAHEAD,1991-11-04,1991-11-05,1991-11-14,1991-11-15,1.1561142041357815,1.2543044535097698,0.08493127151515933,8,1429,1437,True,0.5703547805171377,9978
MSFT,A-NOK30-LOOKAHEAD,1992-01-13,1992-01-14,1992-01-15,1992-01-16,1.615392548298975,1.6629034062436283,0.029411339054821406,2,1476,1478,True,0.5297475961538461,9984
MSFT,A-NOK30-LOOKAHEAD,1992-03-13,1992-03-16,1992-03-25,1992-03-26,1.5330392985960606,1.6312300886330808,0.06404975405845259,8,1519,1527,True,0.5703547805171377,9978
MSFT,A-NOK30-LOOKAHEAD,1992-07-31,1992-08-03,1992-08-04,1992-08-05,1.3825857363435619,1.4015911211513665,0.013746261304609542,2,1616,1618,True,0.5297475961538461,9984
MSFT,A-NOK30-LOOKAHEAD,1992-10-20,1992-10-21,1992-10-22,1992-10-23,1.6771576936816928,1.7151673937840894,0.022663164141087933,2,1672,1674,True,0.5297475961538461,9984
MSFT,A-NOK30-LOOKAHEAD,1992-10-23,1992-10-26,1992-10-26,1992-10-27,1.681908557812373,1.7104154283350166,0.01694912032537732,1,1675,1676,True,0.5200801201802704,9985
MSFT,A-NOK30-LOOKAHEAD,1992-10-28,1992-10-29,1992-10-29,1992-10-30,1.686660001917921,1.708040100510168,0.012675997870309041,1,1678,1679,True,0.5200801201802704,9985
MSFT,A-NOK30-LOOKAHEAD,1992-11-05,1992-11-06,1992-11-13,1992-11-16,1.743673533355567,1.767429009626608,0.013623809627554273,6,1684,1690,True,0.5567134268537074,9980
MSFT,A-NOK30-LOOKAHEAD,1993-03-24,1993-03-25,1993-04-05,1993-04-06,1.643899355890333,1.7436742336103408,0.06069403054542222,8,1779,1787,True,0.5703547805171377,9978
MSFT,A-NOK30-LOOKAHEAD,1993-05-17,1993-05-18,1993-06-01,1993-06-02,1.6486502334010473,1.819692611694336,0.1037469166158067,10,1816,1826,True,0.5839013632718525,9976
MSFT,A-NOK30-LOOKAHEAD,1993-09-21,1993-09-22,1993-10-06,1993-10-07,1.4443511578998933,1.6153926528901328,0.11842099066748846,11,1904,1915,True,0.5885714285714285,9975
MSFT,A-NOK30-LOOKAHEAD,1994-01-20,1994-01-21,1994-01-21,1994-01-24,1.6391487121582033,1.6343968226374164,-0.0028989984163977356,1,1989,1990,True,0.5200801201802704,9985
MSFT,A-NOK30-LOOKAHEAD,1994-03-11,1994-03-14,1994-03-25,1994-03-28,1.5678810037985513,1.6629044896774632,0.0606063123723648,10,2024,2034,True,0.5839013632718525,9976
MSFT,A-NOK30-LOOKAHEAD,1994-04-04,1994-04-05,1994-04-11,1994-04-12,1.620143808641294,1.6486501009904815,0.017594914844685228,5,2039,2044,True,0.5502454663861337,9981
MSFT,A-NOK30-LOOKAHEAD,1994-05-12,1994-05-13,1994-05-16,1994-05-17,1.8529491659273136,1.805438107887428,-0.025640777908825463,2,2066,2068,True,0.5297475961538461,9984
MSFT,A-NOK30-LOOKAHEAD,1994-05-17,1994-05-18,1994-06-01,1994-06-02,1.810190053382851,2.023992136905068,0.11811029627671821,10,2069,2079,True,0.5839013632718525,9976
MSFT,A-NOK30-LOOKAHEAD,1994-06-03,1994-06-06,1994-06-06,1994-06-07,2.0002359115228456,2.052497891868767,0.026127908235650477,1,2081,2082,True,0.5200801201802704,9985
MSFT,A-NOK30-LOOKAHEAD,1994-08-08,1994-08-09,1994-08-12,1994-08-15,2.014489142694206,2.1095117345510466,0.047169572594348175,4,2126,2130,True,0.5463834902825085,9982
MSFT,A-NOK30-LOOKAHEAD,1994-08-16,1994-08-17,1994-08-18,1994-08-19,2.1047615673532323,2.123766494106668,0.00902949153396726,2,2132,2134,True,0.5297475961538461,9984
MSFT,A-NOK30-LOOKAHEAD,1994-08-24,1994-08-25,1994-08-31,1994-09-01,2.1237664556252986,2.1665263852293855,0.020134007433268764,5,2138,2143,True,0.5502454663861337,9981
MSFT,A-NOK30-LOOKAHEAD,1994-11-11,1994-11-14,1994-11-18,1994-11-21,2.3850796185722647,2.45159537022508,0.0278882730517116,5,2194,2199,True,0.5502454663861337,9981
MSFT,A-NOK30-LOOKAHEAD,1995-03-22,1995-03-23,1995-03-24,1995-03-27,2.712909593567419,2.765171868343876,0.019264289123521072,2,2283,2285,True,0.5297475961538461,9984
MSFT,A-NOK30-LOOKAHEAD,1995-03-27,1995-03-28,1995-03-28,1995-03-29,2.7699232782685184,2.798430899030602,0.010291844899005254,1,2286,2287,True,0.5200801201802704,9985
MSFT,A-NOK30-LOOKAHEAD,1995-06-30,1995-07-03,1995-07-17,1995-07-18,3.454089190495595,4.066986982325493,0.1774412176490321,10,2353,2363,True,0.5839013632718525,9976
MSFT,A-NOK30-LOOKAHEAD,1996-01-30,1996-01-31,1996-02-12,1996-02-13,3.4493395985783755,3.7154019028081833,0.07713427356919689,9,2500,2509,True,0.5753232434599579,9977
MSFT,A-NOK30-LOOKAHEAD,1996-02-21,1996-02-22,1996-02-23,1996-02-26,3.8009215564262573,3.914950281277274,0.030000283657058757,2,2515,2517,True,0.5297475961538461,9984
MSFT,A-NOK30-LOOKAHEAD,1996-04-01,1996-04-02,1996-04-08,1996-04-09,3.905448444201584,3.9529589586277014,0.012165187968786517,4,2543,2547,True,0.5463834902825085,9982
MSFT,A-NOK30-LOOKAHEAD,1996-06-10,1996-06-11,1996-06-17,1996-06-18,4.58961608272206,4.732148905104801,0.031055500027402427,5,2591,2596,True,0.5502454663861337,9981
MSFT,A-NOK30-LOOKAHEAD,1996-11-13,1996-11-14,1996-11-19,1996-11-20,5.520840449904776,5.92944080794616,0.07401053548802183,4,2701,2705,True,0.5463834902825085,9982
MSFT,A-NOK30-LOOKAHEAD,1996-11-27,1996-11-29,1996-12-02,1996-12-03,5.9104337710988295,6.019713923200316,0.018489362428160572,2,2711,2713,True,0.5297475961538461,9984
MSFT,A-NOK30-LOOKAHEAD,1996-12-06,1996-12-09,1996-12-12,1996-12-13,5.957947626026399,6.1669945530593395,0.03508707027227809,4,2717,2721,True,0.5463834902825085,9982
MSFT,A-NOK30-LOOKAHEAD,1997-01-29,1997-01-30,1997-02-04,1997-02-05,7.468815737513293,7.839407005940187,0.04961847787535323,4,2753,2757,True,0.5463834902825085,9982
MSFT,A-NOK30-LOOKAHEAD,1997-09-11,1997-09-12,1997-09-12,1997-09-15,10.405027310017498,10.310001998127847,-0.009132634548509544,1,2909,2910,True,0.5200801201802704,9985
MSFT,A-NOK30-LOOKAHEAD,1997-10-20,1997-10-21,1997-10-24,1997-10-27,10.348012041959523,10.252993556854218,-0.009182293634759975,4,2936,2940,True,0.5463834902825085,9982
MSFT,A-NOK30-LOOKAHEAD,1997-12-02,1997-12-03,1997-12-03,1997-12-04,10.770863203044586,11.003671738935216,0.02161465905767157,1,2966,2967,True,0.5200801201802704,9985
MSFT,A-NOK30-LOOKAHEAD,1997-12-05,1997-12-08,1997-12-08,1997-12-09,10.908651568932449,11.02267877009587,0.010452914408612068,1,2969,2970,True,0.5200801201802704,9985
MSFT,A-NOK30-LOOKAHEAD,1998-02-09,1998-02-10,1998-02-10,1998-02-11,11.953899176940439,12.115445738930052,0.013514131213457459,1,3012,3013,True,0.5200801201802704,9985
MSFT,A-NOK30-LOOKAHEAD,1998-07-07,1998-07-08,1998-07-13,1998-07-14,16.43899252525911,17.97836586538814,0.09364158647579712,4,3114,3118,True,0.5463834902825085,9982
MSFT,A-NOK30-LOOKAHEAD,1998-09-24,1998-09-25,1998-09-25,1998-09-28,16.5910290011126,17.180176877895143,0.03551002633670497,1,3170,3171,True,0.5200801201802704,9985
MSFT,A-NOK30-LOOKAHEAD,1998-09-28,1998-09-29,1998-09-29,1998-09-30,16.99962980855475,17.075653303624012,0.004472067681791758,1,3172,3173,True,0.5200801201802704,9985
MSFT,A-NOK30-LOOKAHEAD,1998-11-05,1998-11-06,1998-11-11,1998-11-12,16.125415467207194,16.762074911183323,0.03948173895245333,4,3200,3204,True,0.5463834902825085,9982
MSFT,A-NOK30-LOOKAHEAD,1998-11-16,1998-11-17,1998-11-17,1998-11-18,16.572024331545695,16.657549207465795,0.005160798355654084,1,3207,3208,True,0.5200801201802704,9985
MSFT,A-NOK30-LOOKAHEAD,1998-11-19,1998-11-20,1998-12-02,1998-12-03,17.14216376242727,19.289690005986692,0.12527743132791902,8,3210,3218,True,0.5703547805171377,9978
MSFT,A-NOK30-LOOKAHEAD,1998-12-04,1998-12-07,1998-12-11,1998-12-14,19.413217572224266,20.18290104793815,0.039647393475624515,5,3220,3225,True,0.5502454663861337,9981
MSFT,A-NOK30-LOOKAHEAD,1998-12-15,1998-12-16,1998-12-21,1998-12-22,20.14490323646046,21.361197064746314,0.060377248478636014,4,3227,3231,True,0.5463834902825085,9982
MSFT,A-NOK30-LOOKAHEAD,1998-12-22,1998-12-23,1998-12-28,1998-12-29,21.342185460955463,21.67475925391255,0.015582930509413728,3,3232,3235,True,0.543223479915857,9983
MSFT,A-NOK30-LOOKAHEAD,1999-01-05,1999-01-06,1999-01-08,1999-01-11,22.729521759285415,22.93856820736901,0.009197133591171802,3,3240,3243,True,0.543223479915857,9983
MSFT,A-NOK30-LOOKAHEAD,1999-03-24,1999-03-25,1999-03-30,1999-03-31,26.311902414224512,28.734984840808053,0.09209073477232099,4,3294,3298,True,0.5463834902825085,9982
MSFT,A-NOK30-LOOKAHEAD,1999-04-01,1999-04-05,1999-04-06,1999-04-07,28.677971000495596,28.84901305069,0.00596423122791534,2,3300,3302,True,0.5297475961538461,9984
MSFT,A-NOK30-LOOKAHEAD,1999-06-28,1999-06-29,1999-07-02,1999-07-06,26.359402212229643,28.050824220581482,0.06416769222357743,4,3360,3364,True,0.5463834902825085,9982
MSFT,A-NOK30-LOOKAHEAD,1999-07-06,1999-07-07,1999-07-14,1999-07-15,27.38565230450278,28.887021904749588,0.054823218507011884,6,3365,3371,True,0.5567134268537074,9980
MSFT,A-NOK30-LOOKAHEAD,1999-07-15,1999-07-16,1999-07-16,1999-07-19,29.03905809787292,30.40739687152557,0.0471206321169515,1,3372,3373,True,0.5200801201802704,9985
MSFT,A-NOK30-LOOKAHEAD,1999-09-02,1999-09-03,1999-09-03,1999-09-07,28.506928659013848,28.849010338517655,0.011999948629879409,1,3407,3408,True,0.5200801201802704,9985
MSFT,A-NOK30-LOOKAHEAD,1999-09-13,1999-09-14,1999-09-14,1999-09-15,28.48791956352921,29.039062860362765,0.019346561815596353,1,3413,3414,True,0.5200801201802704,9985
MSFT,A-NOK30-LOOKAHEAD,1999-09-16,1999-09-17,1999-09-22,1999-09-23,28.696984101330703,29.457165755336625,0.026489949303441618,4,3416,3420,True,0.5463834902825085,9982
MSFT,A-NOK30-LOOKAHEAD,1999-12-10,1999-12-13,1999-12-29,1999-12-30,28.46416323089353,35.84271159156856,0.2592223878433473,12,3476,3488,True,0.5919390415079205,9974
MSFT,A-NOK30-LOOKAHEAD,2000-07-06,2000-07-07,2000-07-07,2000-07-10,24.710749207836827,24.53496337068259,-0.007113739679672992,1,3619,3620,True,0.5200801201802704,9985
MSFT,A-NOK30-LOOKAHEAD,2001-02-06,2001-02-07,2001-02-07,2001-02-08,18.852580283344654,19.384711162153497,0.028225891141222537,1,3767,3768,True,0.5200801201802704,9985
MSFT,A-NOK30-LOOKAHEAD,2001-05-03,2001-05-04,2001-05-09,2001-05-10,20.67702794159259,21.62877221841419,0.04602906566214626,4,3827,3831,True,0.5463834902825085,9982
MSFT,A-NOK30-LOOKAHEAD,2001-10-19,2001-10-22,2001-10-26,2001-10-29,17.605874948772186,18.882987358027485,0.07253899127259023,5,3941,3946,True,0.5502454663861337,9981
MSFT,A-NOK30-LOOKAHEAD,2001-11-02,2001-11-05,2001-11-13,2001-11-14,18.81001388341191,20.746965204998414,0.10297447591437758,7,3951,3958,True,0.5661889968934763,9979
MSFT,A-NOK30-LOOKAHEAD,2001-12-14,2001-12-17,2001-12-19,2001-12-20,20.424634810609263,21.02671088509715,0.029477935839281155,3,3980,3983,True,0.543223479915857,9983
MSFT,A-NOK30-LOOKAHEAD,2002-06-26,2002-06-27,2002-06-28,2002-07-01,16.602430203964513,16.456484769968874,-0.008790606688458658,2,4112,4114,True,0.5297475961538461,9984
MSFT,A-NOK30-LOOKAHEAD,2002-10-30,2002-10-31,2002-10-31,2002-11-01,16.173691444849208,15.942589509659742,-0.01428875627914028,1,4200,4201,True,0.5200801201802704,9985
MSFT,A-NOK30-LOOKAHEAD,2002-11-01,2002-11-04,2002-11-07,2002-11-08,17.256196503289274,17.028137789361413,-0.013216047573658019,4,4202,4206,True,0.5463834902825085,9982
MSFT,A-NOK30-LOOKAHEAD,2002-11-13,2002-11-14,2002-11-18,2002-11-19,17.025105728815603,16.8913023939347,-0.007859177911267556,3,4210,4213,True,0.543223479915857,9983
MSFT,A-NOK30-LOOKAHEAD,2003-04-02,2003-04-03,2003-04-08,2003-04-09,15.856582103928293,15.62474321062092,-0.014620987788404705,4,4305,4309,True,0.5463834902825085,9982
MSFT,A-NOK30-LOOKAHEAD,2003-05-01,2003-05-02,2003-05-02,2003-05-05,15.649145815869932,16.01521311485808,0.02339215847914944,1,4325,4326,True,0.5200801201802704,9985
MSFT,A-NOK30-LOOKAHEAD,2003-05-05,2003-05-06,2003-05-06,2003-05-07,15.77726811616199,15.929794582374393,0.009667482677572004,1,4327,4328,True,0.5200801201802704,9985
MSFT,A-NOK30-LOOKAHEAD,2003-05-08,2003-05-09,2003-05-12,2003-05-13,15.801665585898798,15.887087545480007,0.005405883266978995,2,4330,4332,True,0.5297475961538461,9984
MSFT,A-NOK30-LOOKAHEAD,2003-07-01,2003-07-02,2003-07-09,2003-07-10,16.16773180406732,16.62530851771864,0.02830184958512283,5,4367,4372,True,0.5502454663861337,9981
MSFT,A-NOK30-LOOKAHEAD,2003-07-10,2003-07-11,2003-07-14,2003-07-15,16.442287918491033,16.759534053026595,0.019294524953475944,2,4373,4375,True,0.5297475961538461,9984
MSFT,A-NOK30-LOOKAHEAD,2003-09-15,2003-09-16,2003-09-19,2003-09-22,17.333032365557912,17.930937310270618,0.03449511499792668,4,4419,4423,True,0.5463834902825085,9982
MSFT,A-NOK30-LOOKAHEAD,2003-09-22,2003-09-23,2003-09-23,2003-09-24,17.766206065560876,18.06515447422259,0.016826800700078248,1,4424,4425,True,0.5200801201802704,9985
MSFT,A-NOK30-LOOKAHEAD,2003-12-29,2003-12-30,2003-12-31,2004-01-02,16.816743349837914,16.921047387040037,0.006202392165491899,2,4492,4494,True,0.5297475961538461,9984
MSFT,A-NOK30-LOOKAHEAD,2004-01-02,2004-01-05,2004-01-08,2004-01-09,17.01307804095976,17.197132214377007,0.010818393530796167,4,4495,4499,True,0.5463834902825085,9982
MSFT,A-NOK30-LOOKAHEAD,2004-06-04,2004-06-07,2004-06-21,2004-06-22,15.963948561753684,17.27075307358,0.08185972955069198,10,4601,4611,True,0.5839013632718525,9976
MSFT,A-NOK30-LOOKAHEAD,2004-06-24,2004-06-25,2004-06-25,2004-06-28,17.47321923021192,17.546839636706903,0.00421332815235842,1,4614,4615,True,0.5200801201802704,9985
MSFT,A-NOK30-LOOKAHEAD,2004-10-18,2004-10-19,2004-10-21,2004-10-22,17.555531963620073,17.414007679328904,-0.008061520698116498,3,4694,4697,True,0.543223479915857,9983
MSFT,A-NOK30-LOOKAHEAD,2005-04-28,2005-04-29,2005-05-06,2005-05-09,17.115769372588687,17.356545653785417,0.01406751142501017,6,4827,4833,True,0.5567134268537074,9980
MSFT,A-NOK30-LOOKAHEAD,2005-05-13,2005-05-16,2005-05-24,2005-05-25,17.4115981859276,17.722150560427902,0.017835948841921967,7,4838,4845,True,0.5661889968934763,9979
MSFT,A-NOK30-LOOKAHEAD,2005-05-26,2005-05-27,2005-05-27,2005-05-31,17.8256655564255,17.93608434498501,0.006194371156015954,1,4847,4848,True,0.5200801201802704,9985
MSFT,A-NOK30-LOOKAHEAD,2005-08-01,2005-08-02,2005-08-09,2005-08-10,17.87397906865205,18.916048786375136,0.058300936446249896,6,4892,4898,True,0.5567134268537074,9980
MSFT,A-NOK30-LOOKAHEAD,2005-11-16,2005-11-17,2005-11-17,2005-11-18,19.333215098625573,19.520655098757832,0.009695231712679941,1,4968,4969,True,0.5200801201802704,9985
MSFT,A-NOK30-LOOKAHEAD,2006-03-06,2006-03-07,2006-03-08,2006-03-09,18.737014330441163,18.99473624643401,0.013754694928857392,2,5041,5043,True,0.5297475961538461,9984
MSFT,A-NOK30-LOOKAHEAD,2006-03-14,2006-03-15,2006-03-21,2006-03-22,18.94598151928202,18.862403575695893,-0.004411381036187989,5,5047,5052,True,0.5502454663861337,9981
MSFT,A-NOK30-LOOKAHEAD,2006-03-31,2006-04-03,2006-04-06,2006-04-07,19.27334409005101,19.231556585039346,-0.0021681502087244064,4,5060,5064,True,0.5463834902825085,9982
MSFT,A-NOK30-LOOKAHEAD,2006-08-01,2006-08-02,2006-08-02,2006-08-03,16.866135025254728,16.9150910619277,0.0029026233099442855,1,5144,5145,True,0.5200801201802704,9985
MSFT,A-NOK30-LOOKAHEAD,2006-08-08,2006-08-09,2006-08-21,2006-08-22,17.12486914247989,18.25471593331547,0.06597695909003387,9,5149,5158,True,0.5753232434599579,9977
MSFT,A-NOK30-LOOKAHEAD,2006-09-25,2006-09-26,2006-10-05,2006-10-06,18.886358866149195,19.482921238631945,0.03158694466787848,8,5182,5190,True,0.5703547805171377,9978
MSFT,A-NOK30-LOOKAHEAD,2006-10-12,2006-10-13,2006-10-18,2006-10-19,19.88998574718369,19.897013881707228,0.00035335040521755623,4,5195,5199,True,0.5463834902825085,9982
MSFT,A-NOK30-LOOKAHEAD,2006-11-15,2006-11-16,2006-11-16,2006-11-17,20.52137937222091,20.641101853439768,0.005834036740284709,1,5219,5220,True,0.5200801201802704,9985
MSFT,A-NOK30-LOOKAHEAD,2006-11-17,2006-11-20,2006-11-22,2006-11-24,20.788985217243265,20.887574626351633,0.004742386801381393,3,5221,5224,True,0.543223479915857,9983
MSFT,A-NOK30-LOOKAHEAD,2007-01-10,2007-01-11,2007-01-19,2007-01-22,20.95799596154022,21.87350912621393,0.04368323986481126,6,5255,5261,True,0.5567134268537074,9980
MSFT,A-NOK30-LOOKAHEAD,2007-01-23,2007-01-24,2007-01-24,2007-01-25,21.67631642711617,21.887590740135376,0.009746781180722808,1,5263,5264,True,0.5200801201802704,9985
MSFT,A-NOK30-LOOKAHEAD,2007-04-11,2007-04-12,2007-04-20,2007-04-23,19.829322201083745,20.465323791489606,0.03207379374626851,7,5317,5324,True,0.5661889968934763,9979
MSFT,A-NOK30-LOOKAHEAD,2007-04-24,2007-04-25,2007-04-26,2007-04-27,20.394666844990116,21.320397929868374,0.045390841238755586,2,5326,5328,True,0.5297475961538461,9984
MSFT,A-NOK30-LOOKAHEAD,2007-04-30,2007-05-01,2007-05-08,2007-05-09,21.157874260877264,21.694946096370185,0.025384016790666486,6,5330,5336,True,0.5567134268537074,9980
MSFT,A-NOK30-LOOKAHEAD,2007-05-11,2007-05-14,2007-05-17,2007-05-18,21.793871156648326,21.956638362760007,0.007468485288444349,4,5339,5343,True,0.5463834902825085,9982
MSFT,A-NOK30-LOOKAHEAD,2007-09-24,2007-09-25,2007-10-08,2007-10-09,20.731649441074783,21.364839155019887,0.03054217734796305,10,5432,5442,True,0.5839013632718525,9976
MSFT,A-NOK30-LOOKAHEAD,2007-10-09,2007-10-10,2007-10-10,2007-10-11,21.371947586804463,21.556935523211802,0.008655642432959798,1,5443,5444,True,0.5200801201802704,9985
MSFT,A-NOK30-LOOKAHEAD,2007-10-16,2007-10-17,2007-10-18,2007-10-19,21.87708755104597,22.118979124499518,0.011056845335977172,2,5448,5450,True,0.5297475961538461,9984
MSFT,A-NOK30-LOOKAHEAD,2007-10-23,2007-10-24,2007-11-05,2007-11-06,21.948233147983558,26.03195180816291,0.18606138510764514,9,5453,5462,True,0.5753232434599579,9977
MSFT,A-NOK30-LOOKAHEAD,2007-12-19,2007-12-20,2007-12-28,2007-12-31,25.19006822422925,25.625494953191826,0.017285651038600802,6,5493,5499,True,0.5567134268537074,9980
MSFT,A-NOK30-LOOKAHEAD,2008-04-09,2008-04-10,2008-04-10,2008-04-11,20.658880150864597,20.687531001090967,0.0013868539832335713,1,5568,5569,True,0.5200801201802704,9985
MSFT,A-NOK30-LOOKAHEAD,2008-08-27,2008-08-28,2008-08-29,2008-09-02,19.93668363182865,19.980006886354527,0.0021730421832402147,2,5666,5668,True,0.5297475961538461,9984
MSFT,A-NOK30-LOOKAHEAD,2009-03-25,2009-03-26,2009-03-27,2009-03-30,13.29967703070191,12.984940333664277,-0.023664987977608187,2,5810,5812,True,0.5297475961538461,9984
MSFT,A-NOK30-LOOKAHEAD,2009-03-31,2009-04-01,2009-04-02,2009-04-03,13.343596662802904,14.002354129165372,0.049368808351262894,2,5814,5816,True,0.5297475961538461,9984
MSFT,A-NOK30-LOOKAHEAD,2009-04-08,2009-04-09,2009-04-14,2009-04-15,14.236590816416818,14.060912631304523,-0.01233990548563868,3,5820,5823,True,0.543223479915857,9983
MSFT,A-NOK30-LOOKAHEAD,2009-04-15,2009-04-16,2009-04-16,2009-04-17,14.024313550246706,14.412257764747189,0.02766226048145204,1,5824,5825,True,0.5200801201802704,9985
MSFT,A-NOK30-LOOKAHEAD,2009-04-23,2009-04-24,2009-05-04,2009-05-05,14.50740906536642,14.741638832098829,0.016145527135619675,7,5830,5837,True,0.5661889968934763,9979
MSFT,A-NOK30-LOOKAHEAD,2009-09-08,2009-09-09,2009-09-22,2009-09-23,18.326120415065365,19.20020132297636,0.047695905522504134,10,5925,5935,True,0.5839013632718525,9976
MSFT,A-NOK30-LOOKAHEAD,2009-11-05,2009-11-06,2009-11-19,2009-11-20,21.022448163822002,22.06771259238124,0.04972134645849935,10,5967,5977,True,0.5839013632718525,9976
MSFT,A-NOK30-LOOKAHEAD,2010-03-22,2010-03-23,2010-03-23,2010-03-24,22.118590396986363,22.21575607276106,0.004392941594864697,1,6059,6060,True,0.5200801201802704,9985
MSFT,A-NOK30-LOOKAHEAD,2010-07-30,2010-08-02,2010-08-02,2010-08-03,19.51523695474845,19.672920888424485,0.008080041971392449,1,6150,6151,True,0.5200801201802704,9985
MSFT,A-NOK30-LOOKAHEAD,2010-10-25,2010-10-26,2010-11-04,2010-11-05,18.962599075725215,20.510108651437896,0.08160851629741561,8,6210,6218,True,0.5703547805171377,9978
MSFT,A-NOK30-LOOKAHEAD,2010-12-22,2010-12-23,2010-12-23,2010-12-27,21.243730385279466,21.357673242614098,0.005363599295799215,1,6251,6252,True,0.5200801201802704,9985
MSFT,A-NOK30-LOOKAHEAD,2011-07-18,2011-07-19,2011-07-19,2011-07-20,20.61731303412791,20.97876244447723,0.017531353855422926,1,6393,6394,True,0.5200801201802704,9985
MSFT,A-NOK30-LOOKAHEAD,2011-07-21,2011-07-22,2011-07-26,2011-07-27,20.655764610509905,21.44015660165834,0.03797448344029486,3,6396,6399,True,0.543223479915857,9983
MSFT,A-NOK30-LOOKAHEAD,2011-09-13,2011-09-14,2011-09-20,2011-09-21,20.252166665296862,20.93318446166548,0.03362691052387867,5,6433,6438,True,0.5502454663861337,9981
MSFT,A-NOK30-LOOKAHEAD,2011-12-19,2011-12-20,2011-12-20,2011-12-21,20.162962710607122,20.279911819941443,0.005800194694244976,1,6501,6502,True,0.5200801201802704,9985
MSFT,A-NOK30-LOOKAHEAD,2011-12-22,2011-12-23,2011-12-27,2011-12-28,20.201946961520367,20.35788580168533,0.007719000572667056,2,6504,6506,True,0.5297475961538461,9984
MSFT,A-NOK30-LOOKAHEAD,2011-12-28,2011-12-29,2012-01-10,2012-01-11,20.23313545862832,21.387089775923837,0.057032896342490425,8,6507,6515,True,0.5703547805171377,9978
MSFT,A-NOK30-LOOKAHEAD,2012-01-11,2012-01-12,2012-01-13,2012-01-17,21.730156308982522,22.143388259246997,0.019016519917698815,2,6516,6518,True,0.5297475961538461,9984
MSFT,A-NOK30-LOOKAHEAD,2012-01-19,2012-01-20,2012-01-23,2012-01-24,22.470859584060197,22.97766838946895,0.022554046208728806,2,6521,6523,True,0.5297475961538461,9984
MSFT,A-NOK30-LOOKAHEAD,2012-01-31,2012-02-01,2012-02-10,2012-02-13,23.22716914146376,23.882116270614596,0.028197458121646868,8,6529,6537,True,0.5703547805171377,9978
MSFT,A-NOK30-LOOKAHEAD,2012-02-17,2012-02-21,2012-03-01,2012-03-02,24.47099857937769,25.357850035179194,0.036240918118841225,8,6542,6550,True,0.5703547805171377,9978
MSFT,A-NOK30-LOOKAHEAD,2012-06-21,2012-06-22,2012-06-22,2012-06-25,23.936381599382624,23.936377221655622,-1.8289009073857443e-07,1,6628,6629,True,0.5200801201802704,9985
MSFT,A-NOK30-LOOKAHEAD,2012-06-29,2012-07-02,2012-07-06,2012-07-09,24.189178812276182,23.794190550977873,-0.01632913065646735,4,6634,6638,True,0.5463834902825085,9982
MSFT,A-NOK30-LOOKAHEAD,2012-09-05,2012-09-06,2012-09-07,2012-09-10,24.253996473321546,24.5164137239724,0.010819546829715199,2,6680,6682,True,0.5297475961538461,9984
MSFT,A-NOK30-LOOKAHEAD,2013-04-08,2013-04-09,2013-04-10,2013-04-11,23.224910768505612,23.524013926079,0.012878549267840045,2,6825,6827,True,0.5297475961538461,9984
MSFT,A-NOK30-LOOKAHEAD,2013-04-18,2013-04-19,2013-05-06,2013-05-07,23.944378169685965,27.202171657009853,0.1360567171231999,12,6833,6845,True,0.5919390415079205,9974
MSFT,A-NOK30-LOOKAHEAD,2013-05-14,2013-05-15,2013-05-22,2013-05-23,27.230111033744258,27.865068537652512,0.023318212074912248,6,6851,6857,True,0.5567134268537074,9980
MSFT,A-NOK30-LOOKAHEAD,2013-09-26,2013-09-27,2013-10-07,2013-10-08,26.954707768262146,27.307220839441595,0.013077977851220224,7,6945,6952,True,0.5661889968934763,9979
MSFT,A-NOK30-LOOKAHEAD,2013-10-10,2013-10-11,2013-10-21,2013-10-22,27.61054011644782,28.70905327357948,0.039786007535479895,7,6955,6962,True,0.5661889968934763,9979
MSFT,A-NOK30-LOOKAHEAD,2013-10-28,2013-10-29,2013-11-11,2013-11-12,29.20913305725188,30.643751751193072,0.04911541506997974,10,6967,6977,True,0.5839013632718525,9976
MSFT,A-NOK30-LOOKAHEAD,2013-11-12,2013-11-13,2013-11-15,2013-11-18,30.315833518455218,30.619165318262187,0.010005721914995824,3,6978,6981,True,0.543223479915857,9983
MSFT,A-NOK30-LOOKAHEAD,2014-02-10,2014-02-11,2014-02-21,2014-02-24,30.46315418487339,31.365680694580078,0.029626824071777857,8,7038,7046,True,0.5703547805171377,9978
MSFT,A-NOK30-LOOKAHEAD,2014-02-27,2014-02-28,2014-02-28,2014-03-03,31.60701336241336,31.5570900168138,-0.0015795021512196028,1,7050,7051,True,0.5200801201802704,9985
MSFT,A-NOK30-LOOKAHEAD,2014-03-03,2014-03-04,2014-03-06,2014-03-07,31.79009556139179,31.85667583137335,0.002094371495454661,3,7052,7055,True,0.543223479915857,9983
MSFT,A-NOK30-LOOKAHEAD,2014-03-17,2014-03-18,2014-03-26,2014-03-27,31.84002965124494,33.07168480641738,0.03868260075958441,7,7062,7069,True,0.5661889968934763,9979
MSFT,A-NOK30-LOOKAHEAD,2014-03-28,2014-03-31,2014-04-03,2014-04-04,33.64590828914933,34.32831737784573,0.020282082529377465,4,7071,7075,True,0.5463834902825085,9982
MSFT,A-NOK30-LOOKAHEAD,2014-05-20,2014-05-21,2014-06-02,2014-06-03,33.35528392190179,34.02572282723038,0.020099931000388427,8,7107,7115,True,0.5703547805171377,9978
MSFT,A-NOK30-LOOKAHEAD,2014-06-04,2014-06-05,2014-06-10,2014-06-11,34.01734537067157,34.30232100046759,0.008377362392355314,4,7117,7121,True,0.5463834902825085,9982
MSFT,A-NOK30-LOOKAHEAD,2014-06-13,2014-06-16,2014-06-27,2014-06-30,34.39449007950754,35.34151225346991,0.027534124558125317,10,7124,7134,True,0.5839013632718525,9976
MSFT,A-NOK30-LOOKAHEAD,2014-09-04,2014-09-05,2014-09-12,2014-09-15,38.04157595810059,39.247505904875894,0.03170031515265115,6,7181,7187,True,0.5567134268537074,9980
MSFT,A-NOK30-LOOKAHEAD,2014-09-18,2014-09-19,2014-09-19,2014-09-22,39.47519320988858,39.88841173169304,0.010467802389398928,1,7191,7192,True,0.5200801201802704,9985
MSFT,A-NOK30-LOOKAHEAD,2014-11-12,2014-11-13,2014-11-13,2014-11-14,41.16180390819394,41.94609002753775,0.019053735377901893,1,7230,7231,True,0.5200801201802704,9985
MSFT,A-NOK30-LOOKAHEAD,2015-07-29,2015-07-30,2015-08-05,2015-08-06,39.793752762549495,41.041059365280766,0.03134428185685301,5,7407,7412,True,0.5502454663861337,9981
MSFT,A-NOK30-LOOKAHEAD,2015-08-14,2015-08-17,2015-08-19,2015-08-20,40.26687498933954,39.89165585908752,-0.00931830767476638,3,7419,7422,True,0.543223479915857,9983
MSFT,A-NOK30-LOOKAHEAD,2015-10-15,2015-10-16,2015-10-20,2015-10-21,40.71424924263074,41.493545778213125,0.019140633809511698,3,7462,7465,True,0.543223479915857,9983
MSFT,A-NOK30-LOOKAHEAD,2015-10-23,2015-10-26,2015-10-29,2015-10-30,45.485315711947784,46.16936565827119,0.015038918288605485,4,7468,7472,True,0.5463834902825085,9982
MSFT,A-NOK30-LOOKAHEAD,2015-11-02,2015-11-03,2015-11-04,2015-11-05,45.8316720371388,47.18245644250455,0.029472728035564,2,7474,7476,True,0.5297475961538461,9984
MSFT,A-NOK30-LOOKAHEAD,2015-11-05,2015-11-06,2015-11-06,2015-11-09,46.8361018024231,47.23441062755625,0.008504312054265384,1,7477,7478,True,0.5200801201802704,9985
MSFT,A-NOK30-LOOKAHEAD,2016-03-08,2016-03-09,2016-03-17,2016-03-18,45.55876411152052,48.219073467008705,0.05839292191895673,7,7560,7567,True,0.5661889968934763,9979
MSFT,A-NOK30-LOOKAHEAD,2016-03-29,2016-03-30,2016-04-04,2016-04-05,48.22785243189253,48.45611802299153,0.00473306563715159,4,7574,7578,True,0.5463834902825085,9982
MSFT,A-NOK30-LOOKAHEAD,2016-07-21,2016-07-22,2016-07-26,2016-07-27,49.58192331192526,50.05050050327436,0.009450565045676651,3,7654,7657,True,0.543223479915857,9983
MSFT,A-NOK30-LOOKAHEAD,2016-08-03,2016-08-04,2016-08-11,2016-08-12,50.218480354074686,51.305966338591304,0.021655095431982296,6,7663,7669,True,0.5567134268537074,9980
MSFT,A-NOK30-LOOKAHEAD,2016-09-26,2016-09-27,2016-09-28,2016-09-29,50.64713725928095,51.43004045928315,0.015457995108276945,2,7700,7702,True,0.5297475961538461,9984
MSFT,A-NOK30-LOOKAHEAD,2016-11-07,2016-11-08,2016-11-09,2016-11-10,53.867636176596356,53.805357842538776,-0.0011561363831412708,2,7730,7732,True,0.5297475961538461,9984
MSFT,A-NOK30-LOOKAHEAD,2016-12-16,2016-12-19,2016-12-21,2016-12-22,56.03180020155338,57.17820739220141,0.020459938579953763,3,7758,7761,True,0.543223479915857,9983
MSFT,A-NOK30-LOOKAHEAD,2017-07-24,2017-07-25,2017-07-25,2017-07-26,66.88080310030603,67.37013483869693,0.007316475217216123,1,7907,7908,True,0.5200801201802704,9985
MSFT,A-NOK30-LOOKAHEAD,2017-09-06,2017-09-07,2017-09-18,2017-09-19,67.12777637407754,68.52173544268749,0.020765756649556488,8,7938,7946,True,0.5703547805171377,9978
MSFT,A-NOK30-LOOKAHEAD,2017-11-03,2017-11-06,2017-11-07,2017-11-08,76.71226622880634,76.65758889803796,-0.0007127586428655741,2,7980,7982,True,0.5297475961538461,9984
MSFT,A-NOK30-LOOKAHEAD,2018-01-17,2018-01-18,2018-01-24,2018-01-25,82.22516492743921,84.66993051629495,0.029732571421573484,5,8029,8034,True,0.5502454663861337,9981
MSFT,A-NOK30-LOOKAHEAD,2018-01-25,2018-01-26,2018-01-29,2018-01-30,85.26508963892228,85.42991211115469,0.0019330592735009589,2,8035,8037,True,0.5297475961538461,9984
MSFT,A-NOK30-LOOKAHEAD,2018-03-07,2018-03-08,2018-03-13,2018-03-14,86.72357050870707,87.50554302807004,0.009016839537118182,4,8063,8067,True,0.5463834902825085,9982
MSFT,A-NOK30-LOOKAHEAD,2018-05-22,2018-05-23,2018-05-25,2018-05-29,89.35386829167254,90.39791815799778,0.011684439479634046,3,8116,8119,True,0.543223479915857,9983
MSFT,A-NOK30-LOOKAHEAD,2018-05-29,2018-05-30,2018-05-30,2018-05-31,90.83218135418171,91.73763683498858,0.009968443643076474,1,8120,8121,True,0.5200801201802704,9985
MSFT,A-NOK30-LOOKAHEAD,2018-05-31,2018-06-01,2018-06-06,2018-06-07,91.72838944991032,94.84203577491357,0.03394419485260336,4,8122,8126,True,0.5463834902825085,9982
MSFT,A-NOK30-LOOKAHEAD,2018-07-20,2018-07-23,2018-07-26,2018-07-27,98.21442111734395,101.79929681324543,0.036500502218695274,4,8157,8161,True,0.5463834902825085,9982
MSFT,A-NOK30-LOOKAHEAD,2018-09-28,2018-10-01,2018-10-02,2018-10-03,106.42965922323909,107.05110207645035,0.005839000685962548,2,8206,8208,True,0.5297475961538461,9984
MSFT,A-NOK30-LOOKAHEAD,2019-01-24,2019-01-25,2019-01-25,2019-01-28,99.893909452744,98.98104271102594,-0.009138362355814111,1,8285,8286,True,0.5200801201802704,9985
MSFT,A-NOK30-LOOKAHEAD,2019-02-04,2019-02-05,2019-02-27,2019-02-28,98.79475558043772,104.81080940203023,0.0608944653615171,16,8292,8308,True,0.6038114343029087,9970
MSFT,A-NOK30-LOOKAHEAD,2019-03-11,2019-03-12,2019-03-21,2019-03-22,105.5404875042275,111.78948161051984,0.05920944894291913,8,8316,8324,True,0.5703547805171377,9978
MSFT,A-NOK30-LOOKAHEAD,2019-04-29,2019-04-30,2019-04-30,2019-05-01,121.43424412475606,122.10776825823385,0.005546410226639598,1,8350,8351,True,0.5200801201802704,9985
MSFT,A-NOK30-LOOKAHEAD,2019-09-17,2019-09-18,2019-09-23,2019-09-24,129.4022101647855,132.2284196898619,0.02184050428101214,4,8448,8452,True,0.5463834902825085,9982
MSFT,A-NOK30-LOOKAHEAD,2019-10-24,2019-10-25,2019-11-06,2019-11-07,131.2675241740104,135.50681495278928,0.03229504636012814,9,8475,8484,True,0.5753232434599579,9977
MSFT,A-NOK30-LOOKAHEAD,2019-11-07,2019-11-08,2019-11-19,2019-11-20,135.6387113076002,142.08377353281819,0.04751639235647054,8,8485,8493,True,0.5703547805171377,9978
MSFT,A-NOK30-LOOKAHEAD,2019-11-22,2019-11-25,2019-11-27,2019-11-29,141.79076519857867,143.77581152786317,0.013999828031849848,3,8496,8499,True,0.543223479915857,9983
MSFT,A-NOK30-LOOKAHEAD,2019-12-18,2019-12-19,2019-12-27,2019-12-30,145.57185707519866,150.28876696680132,0.03240262222639645,6,8513,8519,True,0.5567134268537074,9980
MSFT,A-NOK30-LOOKAHEAD,2019-12-31,2020-01-02,2020-01-02,2020-01-03,150.09023242281285,149.65548630448578,-0.002896565028311482,1,8521,8522,True,0.5200801201802704,9985
MSFT,A-NOK30-LOOKAHEAD,2020-01-08,2020-01-09,2020-01-21,2020-01-22,152.98275253418123,158.2384898999051,0.0343550974123672,8,8526,8534,True,0.5703547805171377,9978
MSFT,A-NOK30-LOOKAHEAD,2020-04-28,2020-04-29,2020-05-11,2020-05-12,164.18720250599264,177.05906765949712,0.07839749357465697,9,8602,8611,True,0.5753232434599579,9977
MSFT,A-NOK30-LOOKAHEAD,2020-06-16,2020-06-17,2020-06-25,2020-06-26,185.37475436642524,189.84206955429684,0.024098832676218596,7,8636,8643,True,0.5661889968934763,9979
MSFT,A-NOK30-LOOKAHEAD,2020-06-29,2020-06-30,2020-07-10,2020-07-13,188.08363804294686,203.86187245686293,0.08388945778639867,8,8645,8653,True,0.5703547805171377,9978
MSFT,A-NOK30-LOOKAHEAD,2020-10-08,2020-10-09,2020-10-15,2020-10-16,201.25805652305527,209.7569584400469,0.042228878007763315,5,8716,8721,True,0.5502454663861337,9981
MSFT,A-NOK30-LOOKAHEAD,2021-02-10,2021-02-11,2021-02-12,2021-02-16,233.83479617171466,234.0736782244898,0.0010215847114547483,2,8801,8803,True,0.5297475961538461,9984
MSFT,A-NOK30-LOOKAHEAD,2021-03-22,2021-03-23,2021-03-23,2021-03-24,227.3932914605699,227.73799056865073,0.0015158719321348713,1,8828,8829,True,0.5200801201802704,9985
MSFT,A-NOK30-LOOKAHEAD,2021-03-31,2021-04-01,2021-04-16,2021-04-19,228.3316572910526,249.12820358261177,0.09108043334109373,11,8835,8846,True,0.5885714285714285,9975
MSFT,A-NOK30-LOOKAHEAD,2021-04-23,2021-04-26,2021-04-27,2021-04-28,250.53571276740308,245.19291652136513,-0.021325487640152074,2,8851,8853,True,0.5297475961538461,9984
MSFT,A-NOK30-LOOKAHEAD,2021-06-04,2021-06-07,2021-06-17,2021-06-18,239.90498716685534,249.1660721590066,0.038603136606368826,9,8880,8889,True,0.5753232434599579,9977
MSFT,A-NOK30-LOOKAHEAD,2021-06-18,2021-06-21,2021-06-24,2021-06-25,249.34842044965174,255.50002957701327,0.024670736298502582,4,8890,8894,True,0.5463834902825085,9982
MSFT,A-NOK30-LOOKAHEAD,2021-06-25,2021-06-28,2021-07-02,2021-07-06,255.46161742835938,266.8245350807856,0.0444799409273795,5,8895,8900,True,0.5502454663861337,9981
MSFT,A-NOK30-LOOKAHEAD,2021-07-06,2021-07-07,2021-07-07,2021-07-08,268.1392196481216,265.7401050538773,-0.008947272231912384,1,8901,8902,True,0.5200801201802704,9985
MSFT,A-NOK30-LOOKAHEAD,2021-08-18,2021-08-19,2021-08-24,2021-08-25,277.5852791245708,292.59483645978145,0.05407187795601698,4,8932,8936,True,0.5463834902825085,9982
MSFT,A-NOK30-LOOKAHEAD,2021-10-27,2021-10-28,2021-11-05,2021-11-08,311.85437724483006,324.3254169521455,0.03998994600458872,7,8981,8988,True,0.5661889968934763,9979
MSFT,A-NOK30-LOOKAHEAD,2022-08-09,2022-08-10,2022-08-10,2022-08-11,278.8139719351001,281.40702349193015,0.009300292732222326,1,9177,9178,True,0.5200801201802704,9985
MSFT,A-NOK30-LOOKAHEAD,2022-08-11,2022-08-12,2022-08-16,2022-08-17,279.11401558943726,280.9280583220521,0.0064992892914528255,3,9179,9182,True,0.543223479915857,9983
MSFT,A-NOK30-LOOKAHEAD,2022-11-30,2022-12-01,2022-12-05,2022-12-06,246.8427208792038,243.8771473447241,-0.012014020603552389,3,9256,9259,True,0.543223479915857,9983
MSFT,A-NOK30-LOOKAHEAD,2023-01-30,2023-01-31,2023-02-03,2023-02-06,236.71111179006792,250.31388153410032,0.05746570003057694,4,9296,9300,True,0.5463834902825085,9982
MSFT,A-NOK30-LOOKAHEAD,2023-02-06,2023-02-07,2023-02-07,2023-02-08,253.31831440266953,265.63764785701306,0.04863183099647883,1,9301,9302,True,0.5200801201802704,9985
MSFT,A-NOK30-LOOKAHEAD,2023-03-22,2023-03-23,2023-03-24,2023-03-27,270.92332074814243,273.41869458351096,0.009210627673090999,2,9332,9334,True,0.5297475961538461,9984
MSFT,A-NOK30-LOOKAHEAD,2023-03-29,2023-03-30,2023-04-04,2023-04-05,277.05459836442566,278.63357089609315,0.005699138512729407,4,9337,9341,True,0.5463834902825085,9982
MSFT,A-NOK30-LOOKAHEAD,2023-04-05,2023-04-06,2023-04-10,2023-04-11,276.0602584923825,278.5361465748028,0.008968650887822838,2,9342,9344,True,0.5297475961538461,9984
MSFT,A-NOK30-LOOKAHEAD,2023-05-09,2023-05-10,2023-05-10,2023-05-11,300.8287815493971,302.27137009537194,0.004795380742975697,1,9365,9366,True,0.5200801201802704,9985
MSFT,A-NOK30-LOOKAHEAD,2023-05-25,2023-05-26,2023-05-30,2023-05-31,316.53043497879963,324.60934766264484,0.02552333611896218,2,9377,9379,True,0.5297475961538461,9984
MSFT,A-NOK30-LOOKAHEAD,2023-05-31,2023-06-01,2023-06-06,2023-06-07,318.3963550941928,323.984044106474,0.017549475434881057,4,9380,9384,True,0.5463834902825085,9982
MSFT,A-NOK30-LOOKAHEAD,2023-09-13,2023-09-14,2023-09-14,2023-09-15,332.0122276628957,329.82917548465673,-0.00657521620093926,1,9452,9453,True,0.5200801201802704,9985
MSFT,A-NOK30-LOOKAHEAD,2023-10-30,2023-10-31,2023-11-16,2023-11-17,331.71843401779967,366.4893122703207,0.10482045821624508,13,9485,9498,True,0.594003810287777,9973
MSFT,A-NOK30-LOOKAHEAD,2023-11-27,2023-11-28,2023-11-28,2023-11-29,371.1389381343408,376.44584793002184,0.014298984154985428,1,9504,9505,True,0.5200801201802704,9985
MSFT,A-NOK30-LOOKAHEAD,2024-01-26,2024-01-29,2024-01-29,2024-01-30,398.3208248033987,404.40264755037606,0.01526865372901165,1,9545,9546,True,0.5200801201802704,9985
MSFT,A-NOK30-LOOKAHEAD,2024-02-06,2024-02-07,2024-02-12,2024-02-13,399.67453429921477,397.22219404093613,-0.006135843161933163,4,9552,9556,True,0.5463834902825085,9982
MSFT,A-NOK30-LOOKAHEAD,2024-05-17,2024-05-20,2024-05-22,2024-05-23,413.7082502471213,426.2708490423147,0.030365840632110563,3,9623,9626,True,0.543223479915857,9983
MSFT,A-NOK30-LOOKAHEAD,2024-06-20,2024-06-21,2024-06-21,2024-06-24,440.45787995794916,442.8404263927747,0.005409249200066579,1,9645,9646,True,0.5200801201802704,9985
MSFT,A-NOK30-LOOKAHEAD,2024-06-24,2024-06-25,2024-06-26,2024-06-27,441.3143898379412,445.18358463488477,0.008767434024447907,2,9647,9649,True,0.5297475961538461,9984
MSFT,A-NOK30-LOOKAHEAD,2024-07-01,2024-07-02,2024-07-08,2024-07-09,446.18782328625804,459.77428381745585,0.030450092589105138,4,9652,9656,True,0.5463834902825085,9982
MSFT,A-NOK30-LOOKAHEAD,2024-11-25,2024-11-26,2024-12-12,2024-12-13,414.6707766023476,443.1825414368637,0.06875759383897395,12,9755,9767,True,0.5919390415079205,9974
MSFT,A-NOK30-LOOKAHEAD,2024-12-16,2024-12-17,2024-12-17,2024-12-18,445.7224537683285,446.02882636391814,0.000687361816752663,1,9769,9770,True,0.5200801201802704,9985
MSFT,A-NOK30-LOOKAHEAD,2025-05-16,2025-05-19,2025-05-20,2025-05-21,447.3070896149787,450.9678549991314,0.00818400930623242,2,9872,9874,True,0.5297475961538461,9984
MSFT,A-NOK30-LOOKAHEAD,2025-09-29,2025-09-30,2025-10-08,2025-10-09,510.0099885223437,519.0526847229869,0.01773042960755089,7,9964,9971,True,0.5661889968934763,9979
MSFT,A-NOK30-LOOKAHEAD,2026-07-17,2026-07-20,2026-07-21,2026-07-22,391.4100036621094,399.5799865722656,0.020873209252998848,2,10164,10166,True,0.5297475961538461,9984
MSFT,A-NOK30-LOOKAHEAD,2026-07-29,2026-07-30,2026-08-11,2026-08-12,437.8999938964844,499.989990234375,0.14179035671000295,9,10172,10181,True,0.5753232434599579,9977
META,A-NOK30-LOOKAHEAD,2013-07-24,2013-07-25,2013-08-07,2013-08-08,33.248028757955645,38.789373929134406,0.16666687855450135,10,296,306,True,0.5862989323843416,3372
META,A-NOK30-LOOKAHEAD,2013-09-10,2013-09-11,2013-09-11,2013-09-12,43.01228444346604,45.13365186336737,0.04932003606294355,1,329,330,True,0.5255841467021591,3381
META,A-NOK30-LOOKAHEAD,2014-01-06,2014-01-07,2014-01-10,2014-01-13,57.19771588296938,57.40588768831652,0.0036395125597858957,4,410,414,True,0.5476613380698638,3378
META,A-NOK30-LOOKAHEAD,2014-02-19,2014-02-20,2014-02-20,2014-02-21,67.1404178099532,69.08333496077402,0.0289381152843049,1,440,441,True,0.5255841467021591,3381
META,A-NOK30-LOOKAHEAD,2014-06-09,2014-06-10,2014-06-11,2014-06-12,62.976958101943765,65.27676422227357,0.036518215386125874,2,516,518,True,0.5325443786982249,3380
META,A-NOK30-LOOKAHEAD,2014-06-17,2014-06-18,2014-06-18,2014-06-19,63.9286004447492,64.89016794705601,0.015041272538695027,1,522,523,True,0.5255841467021591,3381
META,A-NOK30-LOOKAHEAD,2014-06-24,2014-06-25,2014-07-01,2014-07-02,65.00911910641769,67.44770672727608,0.03751146999648647,5,527,532,True,0.5543381699733492,3377
META,A-NOK30-LOOKAHEAD,2014-12-08,2014-12-09,2014-12-09,2014-12-10,74.54537376405204,75.98275551569961,0.01928197122194475,1,643,644,True,0.5255841467021591,3381
META,A-NOK30-LOOKAHEAD,2014-12-10,2014-12-11,2014-12-15,2014-12-16,75.85388643740679,75.52676014617933,-0.004312584451389934,3,645,648,True,0.5377330571174904,3379
META,A-NOK30-LOOKAHEAD,2014-12-17,2014-12-18,2014-12-29,2014-12-30,76.220656768494,79.15489328997785,0.03849660506594743,7,650,657,True,0.5721481481481482,3375
META,A-NOK30-LOOKAHEAD,2015-03-03,2015-03-04,2015-03-05,2015-03-06,78.60968475496131,80.19576665045015,0.020176672892569192,2,700,702,True,0.5325443786982249,3380
META,A-NOK30-LOOKAHEAD,2015-06-09,2015-06-10,2015-06-12,2015-06-15,80.12636965146135,79.848804895457,-0.003464087505919977,3,768,771,True,0.5377330571174904,3379
META,A-NOK30-LOOKAHEAD,2015-06-17,2015-06-18,2015-06-26,2015-06-29,80.92931419420115,85.85605469033005,0.060877081996598914,7,774,781,True,0.5721481481481482,3375
META,A-NOK30-LOOKAHEAD,2015-10-21,2015-10-22,2015-10-29,2015-10-30,96.93874382260039,103.60023405586422,0.06871855329025589,6,862,868,True,0.5654620853080569,3376
META,A-NOK30-LOOKAHEAD,2015-11-10,2015-11-11,2015-11-12,2015-11-13,107.32749438070604,106.77237603606648,-0.0051721914113682654,2,876,878,True,0.5325443786982249,3380
META,A-NOK30-LOOKAHEAD,2016-04-27,2016-04-28,2016-05-12,2016-05-13,118.53903294151436,119.33207421366907,0.006690127736624918,11,991,1002,True,0.5891426876297835,3371
META,A-NOK30-LOOKAHEAD,2016-07-15,2016-07-18,2016-07-20,2016-07-21,116.29871406943313,120.85866770097215,0.03920897722752659,3,1046,1049,True,0.5377330571174904,3379
META,A-NOK30-LOOKAHEAD,2016-07-22,2016-07-25,2016-07-25,2016-07-26,120.33328884835058,120.93798086521186,0.005025143272061161,1,1051,1052,True,0.5255841467021591,3381
META,A-NOK30-LOOKAHEAD,2016-08-09,2016-08-10,2016-08-12,2016-08-15,123.98123324804952,123.82265163355507,-0.0012790775695639134,3,1063,1066,True,0.5377330571174904,3379
META,A-NOK30-LOOKAHEAD,2017-01-23,2017-01-24,2017-01-27,2017-01-30,128.25372756036967,130.43458094664092,0.017004210542299614,4,1177,1181,True,0.5476613380698638,3378
META,A-NOK30-LOOKAHEAD,2017-02-08,2017-02-09,2017-02-16,2017-02-17,133.31926458415361,132.3378618520214,-0.007361297222823526,6,1189,1195,True,0.5654620853080569,3376
META,A-NOK30-LOOKAHEAD,2017-06-07,2017-06-08,2017-06-08,2017-06-09,152.73869967068853,153.42269095908173,0.004478179334169496,1,1271,1272,True,0.5255841467021591,3381
META,A-NOK30-LOOKAHEAD,2017-10-12,2017-10-13,2017-10-18,2017-10-19,171.9401008415417,173.40721006469872,0.008532676298178332,4,1360,1364,True,0.5476613380698638,3378
META,A-NOK30-LOOKAHEAD,2017-12-29,2018-01-02,2018-01-11,2018-01-12,176.13328018604338,176.50996931999322,0.00213865961930626,8,1414,1422,True,0.5696502667457024,3374
META,A-NOK30-LOOKAHEAD,2018-01-31,2018-02-01,2018-02-01,2018-02-02,186.58151758081607,190.36826980548153,0.02029543051082361,1,1435,1436,True,0.5255841467021591,3381
META,A-NOK30-LOOKAHEAD,2018-04-26,2018-04-27,2018-05-14,2018-05-15,175.2708433689428,183.27059204206418,0.04564221018941539,12,1494,1506,True,0.5979228486646885,3370
META,A-NOK30-LOOKAHEAD,2018-07-20,2018-07-23,2018-07-25,2018-07-26,208.74686076909612,173.3675322756794,-0.16948436188724925,3,1553,1556,True,0.5377330571174904,3379
META,A-NOK30-LOOKAHEAD,2019-01-30,2019-01-31,2019-02-08,2019-02-11,164.15847512215942,166.4383885857827,0.013888490752162808,7,1685,1692,True,0.5721481481481482,3375
META,A-NOK30-LOOKAHEAD,2019-04-18,2019-04-22,2019-04-23,2019-04-24,176.69831676064928,182.88399264176886,0.035006988150874774,2,1740,1742,True,0.5325443786982249,3380
META,A-NOK30-LOOKAHEAD,2019-05-02,2019-05-03,2019-05-03,2019-05-06,192.68789436252177,189.5752126998016,-0.01615400735483674,1,1749,1750,True,0.5255841467021591,3381
META,A-NOK30-LOOKAHEAD,2019-07-02,2019-07-03,2019-07-16,2019-07-17,192.4698077753127,202.40257590882334,0.05160688966399385,9,1791,1800,True,0.5822709753928254,3373
META,A-NOK30-LOOKAHEAD,2019-09-18,2019-09-19,2019-09-20,2019-09-23,187.0177052428198,187.69176244752776,0.0036042427310973846,2,1845,1847,True,0.5325443786982249,3380
META,A-NOK30-LOOKAHEAD,2019-10-25,2019-10-28,2019-10-30,2019-10-31,185.57039034704746,194.987701137253,0.05074791712510596,3,1872,1875,True,0.5377330571174904,3379
META,A-NOK30-LOOKAHEAD,2019-10-31,2019-11-01,2019-11-05,2019-11-06,191.17120791450583,192.34097582877166,0.006118954454631842,3,1876,1879,True,0.5377330571174904,3379
META,A-NOK30-LOOKAHEAD,2019-11-14,2019-11-15,2019-11-29,2019-12-02,192.56895782359803,200.37043271830595,0.040512629776261466,10,1886,1896,True,0.5862989323843416,3372
META,A-NOK30-LOOKAHEAD,2019-12-31,2020-01-02,2020-01-13,2020-01-14,204.95020479858297,219.68083509001343,0.07187419161599351,8,1917,1925,True,0.5696502667457024,3374
META,A-NOK30-LOOKAHEAD,2020-01-14,2020-01-15,2020-01-21,2020-01-22,218.6895609435289,220.37475907681832,0.007705891977736412,4,1926,1930,True,0.5476613380698638,3378
META,A-NOK30-LOOKAHEAD,2020-04-22,2020-04-23,2020-04-27,2020-04-28,182.4775699303214,187.01771028708674,0.02488053933696599,3,1994,1997,True,0.5377330571174904,3379
META,A-NOK30-LOOKAHEAD,2020-04-28,2020-04-29,2020-05-11,2020-05-12,189.26792646662525,211.43327504157023,0.11711096004876209,9,1998,2007,True,0.5822709753928254,3373
META,A-NOK30-LOOKAHEAD,2020-05-18,2020-05-19,2020-05-26,2020-05-27,211.41347485337647,227.0759114176311,0.07408438168436104,5,2012,2017,True,0.5543381699733492,3377
META,A-NOK30-LOOKAHEAD,2020-08-19,2020-08-20,2020-09-02,2020-09-03,259.2235795673699,293.41329345941136,0.13189276202844757,10,2077,2087,True,0.5862989323843416,3372
META,A-NOK30-LOOKAHEAD,2020-10-20,2020-10-21,2020-10-27,2020-10-28,277.1263807843947,276.3631939904304,-0.002753930505656532,5,2120,2125,True,0.5543381699733492,3377
META,A-NOK30-LOOKAHEAD,2020-10-28,2020-10-29,2020-10-29,2020-10-30,274.1425442091837,272.1103795495679,-0.007412802947014296,1,2126,2127,True,0.5255841467021591,3381
META,A-NOK30-LOOKAHEAD,2020-11-03,2020-11-04,2020-11-09,2020-11-10,278.5538901044381,270.7225914112201,-0.028114124309237987,4,2130,2134,True,0.5476613380698638,3378
META,A-NOK30-LOOKAHEAD,2020-12-04,2020-12-07,2020-12-07,2020-12-08,276.759605404161,283.5202173573667,0.024427740975179413,1,2152,2153,True,0.5255841467021591,3381
META,A-NOK30-LOOKAHEAD,2021-02-09,2021-02-10,2021-02-17,2021-02-18,270.078294370915,267.22337821729826,-0.010570698249804167,5,2196,2201,True,0.5543381699733492,3377
META,A-NOK30-LOOKAHEAD,2021-03-30,2021-03-31,2021-04-12,2021-04-13,287.46557746389414,309.492161348312,0.07662337897546845,8,2230,2238,True,0.5696502667457024,3374
META,A-NOK30-LOOKAHEAD,2021-06-04,2021-06-07,2021-06-07,2021-06-08,326.6118249458043,333.76902924962127,0.02191348799145465,1,2276,2277,True,0.5255841467021591,3381
META,A-NOK30-LOOKAHEAD,2021-06-11,2021-06-14,2021-06-15,2021-06-16,329.010807568374,333.7689472457477,0.014461955558663142,2,2281,2283,True,0.5325443786982249,3380
META,A-NOK30-LOOKAHEAD,2021-09-03,2021-09-07,2021-09-07,2021-09-08,372.6079424323459,376.8507146056471,0.01138669279458937,1,2340,2341,True,0.5255841467021591,3381
META,A-NOK30-LOOKAHEAD,2021-11-12,2021-11-15,2021-11-16,2021-11-17,341.34245331053467,341.2433529254867,-0.0002903254022077473,2,2389,2391,True,0.5325443786982249,3380
META,A-NOK30-LOOKAHEAD,2021-11-18,2021-11-19,2021-11-19,2021-11-22,339.2211080822215,346.01146236419726,0.020017487474069284,1,2393,2394,True,0.5255841467021591,3381
META,A-NOK30-LOOKAHEAD,2021-12-23,2021-12-27,2021-12-30,2021-12-31,335.90029482489064,340.03394727133025,0.012306188801038509,4,2417,2421,True,0.5476613380698638,3378
META,A-NOK30-LOOKAHEAD,2022-04-01,2022-04-04,2022-04-04,2022-04-05,224.01282676690582,232.04231390079502,0.0358438722004264,1,2485,2486,True,0.5255841467021591,3381
META,A-NOK30-LOOKAHEAD,2022-12-13,2022-12-14,2022-12-14,2022-12-15,118.35069422268502,117.29990833253575,-0.008878578170163909,1,2661,2662,True,0.5255841467021591,3381
META,A-NOK30-LOOKAHEAD,2022-12-20,2022-12-21,2022-12-21,2022-12-22,115.68410100799696,116.17975407839512,0.004284539241601548,1,2666,2667,True,0.5255841467021591,3381
META,A-NOK30-LOOKAHEAD,2022-12-22,2022-12-23,2022-12-23,2022-12-27,115.01994630067168,116.9034038330725,0.016375051397409912,1,2668,2669,True,0.5255841467021591,3381
META,A-NOK30-LOOKAHEAD,2022-12-28,2022-12-29,2023-01-17,2023-01-18,115.38672082161865,134.62776684521396,0.166752689448042,12,2671,2683,True,0.5979228486646885,3370
META,A-NOK30-LOOKAHEAD,2023-01-19,2023-01-20,2023-01-24,2023-01-25,134.70706669654805,139.99068810792093,0.0392230455383249,3,2685,2688,True,0.5377330571174904,3379
META,A-NOK30-LOOKAHEAD,2023-01-25,2023-01-26,2023-01-27,2023-01-30,143.14298160387807,148.1093800836338,0.03469536839395526,2,2689,2691,True,0.5325443786982249,3380
META,A-NOK30-LOOKAHEAD,2023-01-31,2023-02-01,2023-02-02,2023-02-03,146.74136165733216,181.8728597875318,0.2394110135916423,2,2693,2695,True,0.5325443786982249,3380
META,A-NOK30-LOOKAHEAD,2023-02-06,2023-02-07,2023-02-07,2023-02-08,183.96450515195008,188.34602056954392,0.02381717828651153,1,2697,2698,True,0.5255841467021591,3381
META,A-NOK30-LOOKAHEAD,2023-03-29,2023-03-30,2023-04-04,2023-04-05,201.60954942594012,212.2857936142951,0.05295505207344764,4,2733,2737,True,0.5476613380698638,3378
META,A-NOK30-LOOKAHEAD,2023-04-05,2023-04-06,2023-04-10,2023-04-11,207.4284504209406,213.60421896645255,0.02977300622445611,2,2738,2740,True,0.5325443786982249,3380
META,A-NOK30-LOOKAHEAD,2023-09-08,2023-09-11,2023-09-11,2023-09-12,298.78620226973936,303.6633574024578,0.016323227430413256,1,2845,2846,True,0.5255841467021591,3381
META,A-NOK30-LOOKAHEAD,2023-09-13,2023-09-14,2023-09-14,2023-09-15,304.0698399078246,308.89739058049656,0.015876453495471177,1,2848,2849,True,0.5255841467021591,3381
META,A-NOK30-LOOKAHEAD,2023-11-17,2023-11-20,2023-11-20,2023-11-21,331.97479384185925,335.3847937518308,0.010271863928307479,1,2895,2896,True,0.5255841467021591,3381
META,A-NOK30-LOOKAHEAD,2023-11-21,2023-11-22,2023-11-22,2023-11-24,336.25712187256374,337.16909856399684,0.0027121408949033476,1,2897,2898,True,0.5255841467021591,3381
META,A-NOK30-LOOKAHEAD,2024-02-06,2024-02-07,2024-02-12,2024-02-13,454.01303276517825,452.892885158852,-0.002467214651315164,4,2948,2952,True,0.5476613380698638,3378
META,A-NOK30-LOOKAHEAD,2024-02-14,2024-02-15,2024-02-15,2024-02-16,471.1425770136393,473.94795697120554,0.005954418247122284,1,2954,2955,True,0.5255841467021591,3381
META,A-NOK30-LOOKAHEAD,2024-06-25,2024-06-26,2024-06-27,2024-06-28,503.27162738652333,513.7016232829023,0.020724386849586107,2,3044,3046,True,0.5325443786982249,3380
META,A-NOK30-LOOKAHEAD,2024-07-03,2024-07-05,2024-07-10,2024-07-11,508.18862031678924,527.3499903194348,0.0377052323420799,4,3050,3054,True,0.5476613380698638,3378
META,A-NOK30-LOOKAHEAD,2024-08-20,2024-08-21,2024-08-21,2024-08-22,523.6350139485368,533.41913366634,0.018684999011095327,1,3083,3084,True,0.5255841467021591,3381
META,A-NOK30-LOOKAHEAD,2024-09-27,2024-09-30,2024-09-30,2024-10-01,564.4525297734127,574.6736740742251,0.018108067129959382,1,3110,3111,True,0.5255841467021591,3381
META,A-NOK30-LOOKAHEAD,2024-10-02,2024-10-03,2024-10-04,2024-10-07,566.8884172422595,594.7979355563699,0.04923282512964677,2,3113,3115,True,0.5325443786982249,3380
META,A-NOK30-LOOKAHEAD,2025-01-17,2025-01-21,2025-01-30,2025-01-31,614.7912965163201,687.6014000766061,0.11843060234076219,8,3186,3194,True,0.5696502667457024,3374
META,A-NOK30-LOOKAHEAD,2025-01-31,2025-02-03,2025-02-14,2025-02-18,672.5855459885331,732.3799503893923,0.08890230359169604,10,3195,3205,True,0.5862989323843416,3372
META,A-NOK30-LOOKAHEAD,2025-05-09,2025-05-12,2025-05-14,2025-05-15,628.3753866174048,651.6412216753015,0.037025376157934,3,3263,3266,True,0.5377330571174904,3379
META,A-NOK30-LOOKAHEAD,2025-07-30,2025-07-31,2025-08-13,2025-08-14,772.667590247117,775.3388350252033,0.0034571720255949234,10,3318,3328,True,0.5862989323843416,3372
META,A-NOK30-LOOKAHEAD,2025-12-22,2025-12-23,2025-12-31,2026-01-02,658.8746741689592,661.5499009554064,0.004060296883958259,6,3419,3425,True,0.5654620853080569,3376
AMD,A-NOK30-LOOKAHEAD,1981-03-20,1981-03-23,1981-03-26,1981-03-27,4.1666669845581055,4.4166669845581055,0.05999999542236356,4,256,260,True,0.48956158663883087,11496
AMD,A-NOK30-LOOKAHEAD,1981-10-20,1981-10-21,1981-10-21,1981-10-22,3.1666669845581055,3.2708330154418945,0.032894532766388984,1,404,405,True,0.4729106878859031,11499
AMD,A-NOK30-LOOKAHEAD,1981-10-28,1981-10-29,1981-11-05,1981-11-06,3.2916669845581055,3.2916669845581055,0.0,6,410,416,True,0.49634591961023145,11494
AMD,A-NOK30-LOOKAHEAD,1982-03-12,1982-03-15,1982-03-23,1982-03-24,3.1458330154418945,3.7083330154418945,0.17880796508869556,7,503,510,True,0.5026537892630296,11493
AMD,A-NOK30-LOOKAHEAD,1982-04-01,1982-04-02,1982-04-13,1982-04-14,3.8333330154418945,4.0833330154418945,0.06521739671270921,7,517,524,True,0.5026537892630296,11493
AMD,A-NOK30-LOOKAHEAD,1982-04-14,1982-04-15,1982-04-16,1982-04-19,3.9583330154418945,4.0625,0.026315871896512633,2,525,527,True,0.47408244912158637,11498
AMD,A-NOK30-LOOKAHEAD,1982-05-13,1982-05-14,1982-05-14,1982-05-17,4.3541669845581055,4.4583330154418945,0.02392329721235087,1,546,547,True,0.4729106878859031,11499
AMD,A-NOK30-LOOKAHEAD,1982-07-28,1982-07-29,1982-07-29,1982-07-30,4.4583330154418945,4.4583330154418945,0.0,1,598,599,True,0.4729106878859031,11499
AMD,A-NOK30-LOOKAHEAD,1982-11-01,1982-11-02,1982-11-08,1982-11-09,6.0,6.5625,0.09375,5,665,670,True,0.4955197912135711,11495
AMD,A-NOK30-LOOKAHEAD,1983-01-27,1983-01-28,1983-02-01,1983-02-02,8.78125,8.9375,0.017793594306049876,3,726,729,True,0.48377837696790466,11497
AMD,A-NOK30-LOOKAHEAD,1983-02-03,1983-02-04,1983-02-04,1983-02-07,8.875,9.5,0.07042253521126751,1,731,732,True,0.4729106878859031,11499
AMD,A-NOK30-LOOKAHEAD,1983-04-28,1983-04-29,1983-04-29,1983-05-02,9.40625,9.40625,0.0,1,789,790,True,0.4729106878859031,11499
AMD,A-NOK30-LOOKAHEAD,1983-05-02,1983-05-03,1983-05-11,1983-05-12,9.375,11.25,0.19999999999999996,7,791,798,True,0.5026537892630296,11493
AMD,A-NOK30-LOOKAHEAD,1983-05-12,1983-05-13,1983-05-13,1983-05-16,10.96875,11.40625,0.03988603988603989,1,799,800,True,0.4729106878859031,11499
AMD,A-NOK30-LOOKAHEAD,1983-05-19,1983-05-20,1983-05-25,1983-05-26,11.375,13.09375,0.151098901098901,4,804,808,True,0.48956158663883087,11496
AMD,A-NOK30-LOOKAHEAD,1983-06-01,1983-06-02,1983-06-07,1983-06-08,12.71875,13.0625,0.027027027027026973,4,812,816,True,0.48956158663883087,11496
AMD,A-NOK30-LOOKAHEAD,1983-06-29,1983-06-30,1983-07-01,1983-07-05,15.9375,15.9375,0.0,2,832,834,True,0.47408244912158637,11498
AMD,A-NOK30-LOOKAHEAD,1983-09-16,1983-09-19,1983-09-23,1983-09-26,15.4375,15.5625,0.00809716599190291,5,887,892,True,0.4955197912135711,11495
AMD,A-NOK30-LOOKAHEAD,1983-10-14,1983-10-17,1983-10-17,1983-10-18,16.25,16.3125,0.0038461538461538325,1,907,908,True,0.4729106878859031,11499
AMD,A-NOK30-LOOKAHEAD,1983-11-28,1983-11-29,1983-11-29,1983-11-30,16.6875,17.6875,0.059925093632958726,1,937,938,True,0.4729106878859031,11499
AMD,A-NOK30-LOOKAHEAD,1984-04-25,1984-04-26,1984-05-02,1984-05-03,16.3125,17.25,0.05747126436781613,5,1040,1045,True,0.4955197912135711,11495
AMD,A-NOK30-LOOKAHEAD,1984-08-16,1984-08-17,1984-08-21,1984-08-22,19.375,20.125,0.03870967741935494,3,1119,1122,True,0.48377837696790466,11497
AMD,A-NOK30-LOOKAHEAD,1984-08-22,1984-08-23,1984-08-24,1984-08-27,19.75,20.125,0.018987341772152,2,1123,1125,True,0.47408244912158637,11498
AMD,A-NOK30-LOOKAHEAD,1985-01-28,1985-01-29,1985-01-30,1985-01-31,17.125,17.8125,0.04014598540145986,2,1232,1234,True,0.47408244912158637,11498
AMD,A-NOK30-LOOKAHEAD,1985-07-15,1985-07-16,1985-07-26,1985-07-29,13.125,15.0,0.1428571428571428,9,1348,1357,True,0.5044817683404403,11491
AMD,A-NOK30-LOOKAHEAD,1985-07-31,1985-08-01,1985-08-02,1985-08-05,15.0,15.0625,0.004166666666666652,2,1360,1362,True,0.47408244912158637,11498
AMD,A-NOK30-LOOKAHEAD,1985-11-26,1985-11-27,1985-12-04,1985-12-05,13.375,15.0,0.12149532710280364,5,1442,1447,True,0.4955197912135711,11495
AMD,A-NOK30-LOOKAHEAD,1985-12-05,1985-12-06,1985-12-11,1985-12-12,14.5,15.25,0.051724137931034475,4,1448,1452,True,0.48956158663883087,11496
AMD,A-NOK30-LOOKAHEAD,1986-01-23,1986-01-24,1986-01-24,1986-01-27,14.0625,14.5625,0.03555555555555556,1,1481,1482,True,0.4729106878859031,11499
AMD,A-NOK30-LOOKAHEAD,1986-04-24,1986-04-25,1986-04-25,1986-04-28,15.5,15.5625,0.0040322580645162365,1,1544,1545,True,0.4729106878859031,11499
AMD,A-NOK30-LOOKAHEAD,1986-11-21,1986-11-24,1986-12-04,1986-12-05,7.875,8.125,0.031746031746031855,8,1692,1700,True,0.5043508527671423,11492
AMD,A-NOK30-LOOKAHEAD,1987-01-30,1987-02-02,1987-02-11,1987-02-12,8.75,10.875,0.24285714285714288,8,1739,1747,True,0.5043508527671423,11492
AMD,A-NOK30-LOOKAHEAD,1987-02-13,1987-02-17,1987-02-17,1987-02-18,10.9375,12.0,0.0971428571428572,1,1749,1750,True,0.4729106878859031,11499
AMD,A-NOK30-LOOKAHEAD,1987-04-23,1987-04-24,1987-04-29,1987-04-30,10.125,11.1875,0.1049382716049383,4,1796,1800,True,0.48956158663883087,11496
AMD,A-NOK30-LOOKAHEAD,1987-04-30,1987-05-01,1987-05-01,1987-05-04,11.0625,11.4375,0.03389830508474567,1,1801,1802,True,0.4729106878859031,11499
AMD,A-NOK30-LOOKAHEAD,1987-05-04,1987-05-05,1987-05-05,1987-05-06,11.25,11.375,0.011111111111111072,1,1803,1804,True,0.4729106878859031,11499
AMD,A-NOK30-LOOKAHEAD,1987-08-20,1987-08-21,1987-08-27,1987-08-28,10.5,11.6875,0.11309523809523814,5,1879,1884,True,0.4955197912135711,11495
AMD,A-NOK30-LOOKAHEAD,1988-03-02,1988-03-03,1988-03-03,1988-03-04,6.25,6.125,-0.020000000000000018,1,2013,2014,True,0.4729106878859031,11499
AMD,A-NOK30-LOOKAHEAD,1988-03-08,1988-03-09,1988-03-09,1988-03-10,6.625,6.75,0.018867924528301883,1,2017,2018,True,0.4729106878859031,11499
AMD,A-NOK30-LOOKAHEAD,1988-04-22,1988-04-25,1988-05-05,1988-05-06,6.625,7.25,0.09433962264150941,9,2049,2058,True,0.5044817683404403,11491
AMD,A-NOK30-LOOKAHEAD,1988-05-12,1988-05-13,1988-05-17,1988-05-18,7.25,7.375,0.01724137931034475,3,2063,2066,True,0.48377837696790466,11497
AMD,A-NOK30-LOOKAHEAD,1988-12-28,1988-12-29,1988-12-29,1988-12-30,4.25,4.375,0.02941176470588225,1,2222,2223,True,0.4729106878859031,11499
AMD,A-NOK30-LOOKAHEAD,1989-01-03,1989-01-04,1989-01-09,1989-01-10,4.375,4.625,0.05714285714285716,4,2225,2229,True,0.48956158663883087,11496
AMD,A-NOK30-LOOKAHEAD,1989-05-24,1989-05-25,1989-06-02,1989-06-05,4.625,5.125,0.10810810810810811,6,2324,2330,True,0.49634591961023145,11494
AMD,A-NOK30-LOOKAHEAD,1989-10-09,1989-10-10,1989-10-12,1989-10-13,4.375,4.25,-0.02857142857142858,3,2419,2422,True,0.48377837696790466,11497
AMD,A-NOK30-LOOKAHEAD,1989-12-22,1989-12-26,1990-01-04,1990-01-05,3.9375,3.8125,-0.031746031746031744,7,2472,2479,True,0.5026537892630296,11493
AMD,A-NOK30-LOOKAHEAD,1990-03-16,1990-03-19,1990-03-19,1990-03-20,4.625,4.875,0.054054054054053946,1,2529,2530,True,0.4729106878859031,11499
AMD,A-NOK30-LOOKAHEAD,1990-03-21,1990-03-22,1990-03-27,1990-03-28,4.6875,4.8125,0.026666666666666616,4,2532,2536,True,0.48956158663883087,11496
AMD,A-NOK30-LOOKAHEAD,1990-05-22,1990-05-23,1990-05-23,1990-05-24,5.3125,5.5,0.03529411764705892,1,2575,2576,True,0.4729106878859031,11499
AMD,A-NOK30-LOOKAHEAD,1990-12-18,1990-12-19,1990-12-24,1990-12-26,2.4375,2.5625,0.05128205128205132,4,2721,2725,True,0.48956158663883087,11496
AMD,A-NOK30-LOOKAHEAD,1991-01-21,1991-01-22,1991-01-25,1991-01-28,2.75,3.625,0.3181818181818181,4,2743,2747,True,0.48956158663883087,11496
AMD,A-NOK30-LOOKAHEAD,1991-01-31,1991-02-01,1991-02-05,1991-02-06,3.625,4.0,0.10344827586206895,3,2751,2754,True,0.48377837696790466,11497
AMD,A-NOK30-LOOKAHEAD,1991-02-06,1991-02-07,1991-02-07,1991-02-08,4.0,4.0,0.0,1,2755,2756,True,0.4729106878859031,11499
AMD,A-NOK30-LOOKAHEAD,1991-02-11,1991-02-12,1991-02-13,1991-02-14,4.0,4.0625,0.015625,2,2758,2760,True,0.47408244912158637,11498
AMD,A-NOK30-LOOKAHEAD,1991-03-13,1991-03-14,1991-03-22,1991-03-25,4.875,5.75,0.17948717948717952,7,2779,2786,True,0.5026537892630296,11493
AMD,A-NOK30-LOOKAHEAD,1991-10-29,1991-10-30,1991-11-14,1991-11-15,5.5,6.75,0.2272727272727273,12,2939,2951,True,0.5098363509749304,11488
AMD,A-NOK30-LOOKAHEAD,1991-12-11,1991-12-12,1991-12-13,1991-12-16,7.625,7.875,0.032786885245901676,2,2969,2971,True,0.47408244912158637,11498
AMD,A-NOK30-LOOKAHEAD,1991-12-20,1991-12-23,1991-12-26,1991-12-27,8.375,8.375,0.0,3,2976,2979,True,0.48377837696790466,11497
AMD,A-NOK30-LOOKAHEAD,1991-12-30,1991-12-31,1992-01-07,1992-01-08,8.75,9.375,0.0714285714285714,5,2981,2986,True,0.4955197912135711,11495
AMD,A-NOK30-LOOKAHEAD,1992-01-13,1992-01-14,1992-01-14,1992-01-15,10.0,10.0625,0.006250000000000089,1,2990,2991,True,0.4729106878859031,11499
AMD,A-NOK30-LOOKAHEAD,1992-09-09,1992-09-10,1992-09-11,1992-09-14,5.8125,6.3125,0.08602150537634401,2,3157,3159,True,0.47408244912158637,11498
AMD,A-NOK30-LOOKAHEAD,1993-01-04,1993-01-05,1993-01-07,1993-01-08,8.875,10.1875,0.147887323943662,3,3237,3240,True,0.48377837696790466,11497
AMD,A-NOK30-LOOKAHEAD,1993-02-10,1993-02-11,1993-02-12,1993-02-16,10.0625,10.5625,0.049689440993788914,2,3264,3266,True,0.47408244912158637,11498
AMD,A-NOK30-LOOKAHEAD,1993-02-17,1993-02-18,1993-02-26,1993-03-01,10.4375,10.9375,0.0479041916167664,7,3268,3275,True,0.5026537892630296,11493
AMD,A-NOK30-LOOKAHEAD,1993-03-01,1993-03-02,1993-03-09,1993-03-10,10.5,11.75,0.11904761904761907,6,3276,3282,True,0.49634591961023145,11494
AMD,A-NOK30-LOOKAHEAD,1993-04-16,1993-04-19,1993-04-23,1993-04-26,13.75,15.25,0.10909090909090913,5,3309,3314,True,0.4955197912135711,11495
AMD,A-NOK30-LOOKAHEAD,1993-07-13,1993-07-14,1993-07-14,1993-07-15,12.25,12.5,0.020408163265306145,1,3369,3370,True,0.4729106878859031,11499
AMD,A-NOK30-LOOKAHEAD,1993-07-20,1993-07-21,1993-07-21,1993-07-22,12.75,12.4375,-0.02450980392156865,1,3374,3375,True,0.4729106878859031,11499
AMD,A-NOK30-LOOKAHEAD,1993-07-23,1993-07-26,1993-07-26,1993-07-27,12.25,12.375,0.010204081632652962,1,3377,3378,True,0.4729106878859031,11499
AMD,A-NOK30-LOOKAHEAD,1993-08-02,1993-08-03,1993-08-17,1993-08-18,12.4375,16.1875,0.3015075376884422,11,3383,3394,True,0.5088345373835843,11489
AMD,A-NOK30-LOOKAHEAD,1994-01-21,1994-01-24,1994-01-24,1994-01-25,9.5625,10.5,0.0980392156862746,1,3504,3505,True,0.4729106878859031,11499
AMD,A-NOK30-LOOKAHEAD,1994-02-02,1994-02-03,1994-02-03,1994-02-04,10.3125,10.4375,0.0121212121212122,1,3512,3513,True,0.4729106878859031,11499
AMD,A-NOK30-LOOKAHEAD,1994-02-07,1994-02-08,1994-02-10,1994-02-11,10.25,10.75,0.04878048780487809,3,3515,3518,True,0.48377837696790466,11497
AMD,A-NOK30-LOOKAHEAD,1994-02-14,1994-02-15,1994-02-18,1994-02-22,10.6875,10.8125,0.011695906432748648,4,3520,3524,True,0.48956158663883087,11496
AMD,A-NOK30-LOOKAHEAD,1994-03-02,1994-03-03,1994-03-07,1994-03-08,10.875,11.125,0.02298850574712641,3,3531,3534,True,0.48377837696790466,11497
AMD,A-NOK30-LOOKAHEAD,1994-03-09,1994-03-10,1994-03-22,1994-03-23,11.5,15.625,0.3586956521739131,9,3536,3545,True,0.5044817683404403,11491
AMD,A-NOK30-LOOKAHEAD,1994-08-05,1994-08-08,1994-08-19,1994-08-22,13.25,14.25,0.07547169811320753,10,3639,3649,True,0.5081810269799826,11490
AMD,A-NOK30-LOOKAHEAD,1994-09-21,1994-09-22,1994-09-23,1994-09-26,14.5625,14.9375,0.025751072961373467,2,3671,3673,True,0.47408244912158637,11498
AMD,A-NOK30-LOOKAHEAD,1994-09-29,1994-09-30,1994-09-30,1994-10-03,14.9375,15.125,0.012552301255230214,1,3677,3678,True,0.4729106878859031,11499
AMD,A-NOK30-LOOKAHEAD,1995-06-16,1995-06-19,1995-06-20,1995-06-21,17.4375,18.4375,0.057347670250896154,2,3857,3859,True,0.47408244912158637,11498
AMD,A-NOK30-LOOKAHEAD,1995-06-22,1995-06-23,1995-06-23,1995-06-26,18.4375,19.125,0.03728813559322042,1,3861,3862,True,0.4729106878859031,11499
AMD,A-NOK30-LOOKAHEAD,1996-02-02,1996-02-05,1996-02-06,1996-02-07,10.125,10.4375,0.030864197530864113,2,4017,4019,True,0.47408244912158637,11498
AMD,A-NOK30-LOOKAHEAD,1996-02-08,1996-02-09,1996-02-12,1996-02-13,10.1875,10.0,-0.018404907975460127,2,4021,4023,True,0.47408244912158637,11498
AMD,A-NOK30-LOOKAHEAD,1996-10-04,1996-10-07,1996-10-21,1996-10-22,7.3125,8.8125,0.20512820512820507,11,4187,4198,True,0.5088345373835843,11489
AMD,A-NOK30-LOOKAHEAD,1996-10-22,1996-10-23,1996-10-23,1996-10-24,8.625,8.8125,0.021739130434782705,1,4199,4200,True,0.4729106878859031,11499
AMD,A-NOK30-LOOKAHEAD,1997-01-13,1997-01-14,1997-01-22,1997-01-23,15.375,16.875,0.09756097560975618,7,4255,4262,True,0.5026537892630296,11493
AMD,A-NOK30-LOOKAHEAD,1997-03-03,1997-03-04,1997-03-13,1997-03-14,18.125,23.875,0.3172413793103448,8,4289,4297,True,0.5043508527671423,11492
AMD,A-NOK30-LOOKAHEAD,1997-05-07,1997-05-08,1997-05-08,1997-05-09,21.5,22.5,0.04651162790697683,1,4335,4336,True,0.4729106878859031,11499
AMD,A-NOK30-LOOKAHEAD,1998-03-25,1998-03-26,1998-04-07,1998-04-08,11.46875,14.875,0.2970027247956404,9,4557,4566,True,0.5044817683404403,11491
AMD,A-NOK30-LOOKAHEAD,1998-11-18,1998-11-19,1998-11-19,1998-11-20,13.875,14.46875,0.04279279279279269,1,4723,4724,True,0.4729106878859031,11499
AMD,A-NOK30-LOOKAHEAD,1999-01-08,1999-01-11,1999-01-12,1999-01-13,14.25,14.75,0.03508771929824572,2,4757,4759,True,0.47408244912158637,11498
AMD,A-NOK30-LOOKAHEAD,1999-05-04,1999-05-05,1999-05-13,1999-05-14,8.375,9.15625,0.09328358208955234,7,4836,4843,True,0.5026537892630296,11493
AMD,A-NOK30-LOOKAHEAD,1999-05-17,1999-05-18,1999-05-19,1999-05-20,9.5625,10.8125,0.130718954248366,2,4845,4847,True,0.47408244912158637,11498
AMD,A-NOK30-LOOKAHEAD,1999-08-24,1999-08-25,1999-09-01,1999-09-02,9.375,9.75,0.040000000000000036,6,4914,4920,True,0.49634591961023145,11494
AMD,A-NOK30-LOOKAHEAD,1999-09-02,1999-09-03,1999-09-07,1999-09-08,10.15625,11.5,0.13230769230769224,2,4921,4923,True,0.47408244912158637,11498
AMD,A-NOK30-LOOKAHEAD,1999-11-09,1999-11-10,1999-11-11,1999-11-12,10.96875,13.5,0.23076923076923084,2,4968,4970,True,0.47408244912158637,11498
AMD,A-NOK30-LOOKAHEAD,1999-11-24,1999-11-26,1999-11-29,1999-11-30,13.75,14.875,0.08181818181818179,2,4979,4981,True,0.47408244912158637,11498
AMD,A-NOK30-LOOKAHEAD,1999-12-01,1999-12-02,1999-12-07,1999-12-08,13.96875,15.75,0.12751677852348986,4,4983,4987,True,0.48956158663883087,11496
AMD,A-NOK30-LOOKAHEAD,2000-03-20,2000-03-21,2000-04-10,2000-04-11,27.0625,35.78125,0.3221709006928406,15,5058,5073,True,0.5117979973878972,11485
AMD,A-NOK30-LOOKAHEAD,2000-04-17,2000-04-18,2000-05-01,2000-05-02,36.4375,44.0625,0.2092624356775301,9,5078,5087,True,0.5044817683404403,11491
AMD,A-NOK30-LOOKAHEAD,2000-05-04,2000-05-05,2000-05-05,2000-05-08,45.03125,45.0,-0.000693962526023606,1,5090,5091,True,0.4729106878859031,11499
AMD,A-NOK30-LOOKAHEAD,2001-01-16,2001-01-17,2001-01-25,2001-01-26,19.0625,21.375,0.12131147540983611,7,5266,5273,True,0.5026537892630296,11493
AMD,A-NOK30-LOOKAHEAD,2001-01-26,2001-01-29,2001-02-01,2001-02-02,21.700000762939453,25.649999618530273,0.1820275906320179,4,5274,5278,True,0.48956158663883087,11496
AMD,A-NOK30-LOOKAHEAD,2001-03-21,2001-03-22,2001-03-29,2001-03-30,24.049999237060547,28.149999618530273,0.17047819174778645,6,5311,5317,True,0.49634591961023145,11494
AMD,A-NOK30-LOOKAHEAD,2001-04-26,2001-04-27,2001-05-03,2001-05-04,28.5,31.149999618530273,0.0929824427554482,5,5336,5341,True,0.4955197912135711,11495
AMD,A-NOK30-LOOKAHEAD,2001-11-13,2001-11-14,2001-11-14,2001-11-15,13.960000038146973,14.0,0.002865326772472976,1,5472,5473,True,0.4729106878859031,11499
AMD,A-NOK30-LOOKAHEAD,2001-11-23,2001-11-26,2001-11-27,2001-11-28,13.399999618530273,13.800000190734863,0.029850789820280887,2,5479,5481,True,0.47408244912158637,11498
AMD,A-NOK30-LOOKAHEAD,2002-08-20,2002-08-21,2002-08-21,2002-08-22,10.430000305175781,10.5,0.0067113799401790075,1,5664,5665,True,0.4729106878859031,11499
AMD,A-NOK30-LOOKAHEAD,2003-04-01,2003-04-02,2003-04-09,2003-04-10,6.599999904632568,7.019999980926514,0.06363637611557316,6,5818,5824,True,0.49634591961023145,11494
AMD,A-NOK30-LOOKAHEAD,2003-04-10,2003-04-11,2003-04-23,2003-04-24,7.03000020980835,8.369999885559082,0.19061161248347425,8,5825,5833,True,0.5043508527671423,11492
AMD,A-NOK30-LOOKAHEAD,2003-07-28,2003-07-29,2003-07-31,2003-08-01,7.269999980926514,7.269999980926514,0.0,3,5899,5902,True,0.48377837696790466,11497
AMD,A-NOK30-LOOKAHEAD,2003-08-12,2003-08-13,2003-09-02,2003-09-03,7.380000114440918,11.520000457763672,0.5609756475778029,14,5910,5924,True,0.5123628765453596,11486
AMD,A-NOK30-LOOKAHEAD,2003-09-03,2003-09-04,2003-09-04,2003-09-05,10.930000305175781,11.619999885559082,0.06312896259083911,1,5925,5926,True,0.4729106878859031,11499
AMD,A-NOK30-LOOKAHEAD,2003-09-05,2003-09-08,2003-09-08,2003-09-09,12.210000038146973,12.369999885559082,0.013104000566112273,1,5927,5928,True,0.4729106878859031,11499
AMD,A-NOK30-LOOKAHEAD,2003-10-27,2003-10-28,2003-11-10,2003-11-11,13.970000267028809,16.639999389648438,0.19112377033529526,10,5963,5973,True,0.5081810269799826,11490
AMD,A-NOK30-LOOKAHEAD,2003-11-11,2003-11-12,2003-11-13,2003-11-14,16.700000762939453,18.229999542236328,0.0916166891855621,2,5974,5976,True,0.47408244912158637,11498
AMD,A-NOK30-LOOKAHEAD,2004-01-15,2004-01-16,2004-01-20,2004-01-21,16.010000228881836,16.700000762939453,0.04309809645179552,2,6018,6020,True,0.47408244912158637,11498
AMD,A-NOK30-LOOKAHEAD,2004-03-23,2004-03-24,2004-04-06,2004-04-07,14.859999656677246,17.0,0.14401079359118008,10,6064,6074,True,0.5081810269799826,11490
AMD,A-NOK30-LOOKAHEAD,2004-04-08,2004-04-12,2004-04-12,2004-04-13,17.1200008392334,17.5,0.022196211573527913,1,6076,6077,True,0.4729106878859031,11499
AMD,A-NOK30-LOOKAHEAD,2004-06-04,2004-06-07,2004-06-08,2004-06-09,15.300000190734863,16.31999969482422,0.06666663342311785,2,6115,6117,True,0.47408244912158637,11498
AMD,A-NOK30-LOOKAHEAD,2004-09-29,2004-09-30,2004-10-11,2004-10-12,12.550000190734863,13.65999984741211,0.08844618643884261,8,6195,6203,True,0.5043508527671423,11492
AMD,A-NOK30-LOOKAHEAD,2004-10-15,2004-10-18,2004-11-02,2004-11-03,13.899999618530273,18.100000381469727,0.302158336561418,12,6207,6219,True,0.5098363509749304,11488
AMD,A-NOK30-LOOKAHEAD,2004-11-10,2004-11-11,2004-11-18,2004-11-19,17.799999237060547,21.700000762939453,0.21910121871010513,6,6225,6231,True,0.49634591961023145,11494
AMD,A-NOK30-LOOKAHEAD,2005-05-31,2005-06-01,2005-06-03,2005-06-06,16.350000381469727,17.0,0.03975532742292476,3,6363,6366,True,0.48377837696790466,11497
AMD,A-NOK30-LOOKAHEAD,2005-06-08,2005-06-09,2005-06-09,2005-06-10,17.790000915527344,18.239999771118164,0.02529504398159177,1,6369,6370,True,0.4729106878859031,11499
AMD,A-NOK30-LOOKAHEAD,2005-11-17,2005-11-18,2005-11-22,2005-11-23,26.25,27.209999084472656,0.036571393694196486,3,6483,6486,True,0.48377837696790466,11497
AMD,A-NOK30-LOOKAHEAD,2005-11-30,2005-12-01,2005-12-05,2005-12-06,26.549999237060547,27.43000030517578,0.03314505059897943,3,6491,6494,True,0.48377837696790466,11497
AMD,A-NOK30-LOOKAHEAD,2006-01-03,2006-01-04,2006-01-06,2006-01-09,32.5,33.75,0.03846153846153855,3,6513,6516,True,0.48377837696790466,11497
AMD,A-NOK30-LOOKAHEAD,2006-01-09,2006-01-10,2006-01-11,2006-01-12,33.2400016784668,36.380001068115234,0.09446447746970366,2,6517,6519,True,0.47408244912158637,11498
AMD,A-NOK30-LOOKAHEAD,2006-01-23,2006-01-24,2006-02-02,2006-02-03,35.61000061035156,41.060001373291016,0.1530469157407197,8,6526,6534,True,0.5043508527671423,11492
AMD,A-NOK30-LOOKAHEAD,2006-09-01,2006-09-05,2006-09-05,2006-09-06,25.200000762939453,25.850000381469727,0.025793634875051152,1,6681,6682,True,0.4729106878859031,11499
AMD,A-NOK30-LOOKAHEAD,2006-09-08,2006-09-11,2006-09-20,2006-09-21,25.479999542236328,27.579999923706055,0.08241759886960387,8,6685,6693,True,0.5043508527671423,11492
AMD,A-NOK30-LOOKAHEAD,2007-04-23,2007-04-24,2007-04-27,2007-04-30,13.760000228881836,14.270000457763672,0.03706396950570978,4,6839,6843,True,0.48956158663883087,11496
AMD,A-NOK30-LOOKAHEAD,2007-07-10,2007-07-11,2007-07-19,2007-07-20,14.460000038146973,16.149999618530273,0.11687410621887317,7,6893,6900,True,0.5026537892630296,11493
AMD,A-NOK30-LOOKAHEAD,2007-10-04,2007-10-05,2007-10-16,2007-10-17,13.40999984741211,14.369999885559082,0.07158837054962652,8,6954,6962,True,0.5043508527671423,11492
AMD,A-NOK30-LOOKAHEAD,2007-10-17,2007-10-18,2007-10-18,2007-10-19,14.020000457763672,14.489999771118164,0.0335234877324293,1,6963,6964,True,0.4729106878859031,11499
AMD,A-NOK30-LOOKAHEAD,2008-06-13,2008-06-16,2008-06-17,2008-06-18,7.46999979019165,7.659999847412109,0.025435082002269294,2,7128,7130,True,0.47408244912158637,11498
AMD,A-NOK30-LOOKAHEAD,2008-08-26,2008-08-27,2008-09-02,2008-09-03,5.909999847412109,6.340000152587891,0.07275809074074191,4,7179,7183,True,0.48956158663883087,11496
AMD,A-NOK30-LOOKAHEAD,2009-03-23,2009-03-24,2009-03-24,2009-03-25,2.9600000381469727,3.2100000381469727,0.084459458370989,1,7322,7323,True,0.4729106878859031,11499
AMD,A-NOK30-LOOKAHEAD,2009-03-25,2009-03-26,2009-03-26,2009-03-27,3.299999952316284,3.430000066757202,0.039393974642233154,1,7324,7325,True,0.4729106878859031,11499
AMD,A-NOK30-LOOKAHEAD,2009-04-03,2009-04-06,2009-04-14,2009-04-15,3.299999952316284,3.5299999713897705,0.06969697648390816,6,7331,7337,True,0.49634591961023145,11494
AMD,A-NOK30-LOOKAHEAD,2009-05-11,2009-05-12,2009-05-13,2009-05-14,4.409999847412109,4.349999904632568,-0.013605429672463698,2,7356,7358,True,0.47408244912158637,11498
AMD,A-NOK30-LOOKAHEAD,2009-05-19,2009-05-20,2009-05-20,2009-05-21,4.570000171661377,4.449999809265137,-0.02625828400190522,1,7362,7363,True,0.4729106878859031,11499
AMD,A-NOK30-LOOKAHEAD,2009-12-02,2009-12-03,2009-12-16,2009-12-17,7.369999885559082,9.029999732971191,0.2252374319115995,10,7499,7509,True,0.5081810269799826,11490
AMD,A-NOK30-LOOKAHEAD,2009-12-18,2009-12-21,2009-12-21,2009-12-22,9.09000015258789,9.550000190734863,0.05060506385316321,1,7511,7512,True,0.4729106878859031,11499
AMD,A-NOK30-LOOKAHEAD,2009-12-22,2009-12-23,2009-12-28,2009-12-29,9.449999809265137,9.8100004196167,0.03809530345160472,3,7513,7516,True,0.48377837696790466,11497
AMD,A-NOK30-LOOKAHEAD,2010-03-15,2010-03-16,2010-03-17,2010-03-18,8.949999809265137,9.619999885559082,0.07486034531535446,2,7568,7570,True,0.47408244912158637,11498
AMD,A-NOK30-LOOKAHEAD,2010-04-13,2010-04-14,2010-04-16,2010-04-19,9.819999694824219,9.729999542236328,-0.009164985273403481,3,7588,7591,True,0.48377837696790466,11497
AMD,A-NOK30-LOOKAHEAD,2010-10-11,2010-10-12,2010-10-14,2010-10-15,7.260000228881836,7.360000133514404,0.013774091112937814,3,7714,7717,True,0.48377837696790466,11497
AMD,A-NOK30-LOOKAHEAD,2011-02-11,2011-02-14,2011-02-18,2011-02-22,8.260000228881836,8.880000114440918,0.0750605167529168,5,7800,7805,True,0.4955197912135711,11495
AMD,A-NOK30-LOOKAHEAD,2011-02-24,2011-02-25,2011-02-28,2011-03-01,9.25,9.270000457763672,0.002162211650126755,2,7808,7810,True,0.47408244912158637,11498
AMD,A-NOK30-LOOKAHEAD,2011-03-02,2011-03-03,2011-03-04,2011-03-07,9.3100004196167,9.1899995803833,-0.012889455835098595,2,7812,7814,True,0.47408244912158637,11498
AMD,A-NOK30-LOOKAHEAD,2011-09-07,2011-09-08,2011-09-08,2011-09-09,6.71999979019165,6.690000057220459,-0.004464246117236281,1,7943,7944,True,0.4729106878859031,11499
AMD,A-NOK30-LOOKAHEAD,2011-09-12,2011-09-13,2011-09-16,2011-09-19,6.769999980926514,6.960000038146973,0.028065001145606505,4,7946,7950,True,0.48956158663883087,11496
AMD,A-NOK30-LOOKAHEAD,2011-11-10,2011-11-11,2011-11-15,2011-11-16,5.690000057220459,5.710000038146973,0.0035149351011225516,3,7989,7992,True,0.48377837696790466,11497
AMD,A-NOK30-LOOKAHEAD,2012-01-06,2012-01-09,2012-01-12,2012-01-13,5.420000076293945,5.760000228881836,0.06273065457600024,4,8027,8031,True,0.48956158663883087,11496
AMD,A-NOK30-LOOKAHEAD,2012-01-17,2012-01-18,2012-01-23,2012-01-24,5.730000019073486,6.46999979019165,0.12914481128358157,4,8033,8037,True,0.48956158663883087,11496
AMD,A-NOK30-LOOKAHEAD,2012-01-24,2012-01-25,2012-01-27,2012-01-30,6.28000020980835,6.730000019073486,0.0716560181896666,3,8038,8041,True,0.48377837696790466,11497
AMD,A-NOK30-LOOKAHEAD,2012-01-31,2012-02-01,2012-02-03,2012-02-06,6.829999923706055,7.019999980926514,0.027818456711982353,3,8043,8046,True,0.48377837696790466,11497
AMD,A-NOK30-LOOKAHEAD,2012-02-06,2012-02-07,2012-02-07,2012-02-08,6.960000038146973,7.139999866485596,0.02586204415977944,1,8047,8048,True,0.4729106878859031,11499
AMD,A-NOK30-LOOKAHEAD,2012-02-15,2012-02-16,2012-02-16,2012-02-17,7.300000190734863,7.659999847412109,0.049315020174130364,1,8054,8055,True,0.4729106878859031,11499
AMD,A-NOK30-LOOKAHEAD,2012-12-14,2012-12-17,2012-12-19,2012-12-20,2.4100000858306885,2.5299999713897705,0.04979248186114482,3,8263,8266,True,0.48377837696790466,11497
AMD,A-NOK30-LOOKAHEAD,2012-12-20,2012-12-21,2012-12-21,2012-12-24,2.3299999237060547,2.5399999618530273,0.09012877468809122,1,8267,8268,True,0.4729106878859031,11499
AMD,A-NOK30-LOOKAHEAD,2012-12-31,2013-01-02,2013-01-11,2013-01-14,2.549999952316284,2.680000066757202,0.05098043798896268,8,8273,8281,True,0.5043508527671423,11492
AMD,A-NOK30-LOOKAHEAD,2013-01-15,2013-01-16,2013-01-17,2013-01-18,2.6700000762939453,2.6500000953674316,-0.00749062934645095,2,8283,8285,True,0.47408244912158637,11498
AMD,A-NOK30-LOOKAHEAD,2013-05-07,2013-05-08,2013-05-15,2013-05-16,3.5399999618530273,3.9000000953674316,0.10169495406603368,6,8360,8366,True,0.49634591961023145,11494
AMD,A-NOK30-LOOKAHEAD,2013-07-10,2013-07-11,2013-07-18,2013-07-19,4.21999979019165,3.990000009536743,-0.05450232040046188,6,8404,8410,True,0.49634591961023145,11494
AMD,A-NOK30-LOOKAHEAD,2013-10-01,2013-10-02,2013-10-07,2013-10-08,3.8299999237060547,3.869999885559082,0.010443854477762526,4,8462,8466,True,0.48956158663883087,11496
AMD,A-NOK30-LOOKAHEAD,2013-12-20,2013-12-23,2014-01-07,2014-01-08,3.740000009536743,4.230000019073486,0.13101604499659802,10,8519,8529,True,0.5081810269799826,11490
AMD,A-NOK30-LOOKAHEAD,2014-01-13,2014-01-14,2014-01-15,2014-01-16,4.139999866485596,4.5,0.08695655679332304,2,8533,8535,True,0.47408244912158637,11498
AMD,A-NOK30-LOOKAHEAD,2014-03-05,2014-03-06,2014-03-07,2014-03-10,3.7200000286102295,4.039999961853027,0.08602148676927501,2,8568,8570,True,0.47408244912158637,11498
AMD,A-NOK30-LOOKAHEAD,2014-03-18,2014-03-19,2014-03-26,2014-03-27,3.9100000858306885,3.990000009536743,0.02046033809461112,6,8577,8583,True,0.49634591961023145,11494
AMD,A-NOK30-LOOKAHEAD,2014-03-31,2014-04-01,2014-04-02,2014-04-03,4.039999961853027,4.070000171661377,0.007425794577133882,2,8586,8588,True,0.47408244912158637,11498
AMD,A-NOK30-LOOKAHEAD,2014-04-30,2014-05-01,2014-05-01,2014-05-02,4.130000114440918,4.170000076293945,0.009685220519283666,1,8607,8608,True,0.4729106878859031,11499
AMD,A-NOK30-LOOKAHEAD,2014-08-15,2014-08-18,2014-08-21,2014-08-22,4.139999866485596,4.21999979019165,0.019323653692280285,4,8682,8686,True,0.48956158663883087,11496
AMD,A-NOK30-LOOKAHEAD,2015-10-19,2015-10-20,2015-10-28,2015-10-29,2.0,2.1500000953674316,0.07500004768371582,7,8978,8985,True,0.5026537892630296,11493
AMD,A-NOK30-LOOKAHEAD,2015-11-02,2015-11-03,2015-11-03,2015-11-04,2.1600000858306885,2.2699999809265137,0.05092587533556592,1,8988,8989,True,0.4729106878859031,11499
AMD,A-NOK30-LOOKAHEAD,2015-12-07,2015-12-08,2015-12-10,2015-12-11,2.3399999141693115,2.4100000858306885,0.029914604371353848,3,9012,9015,True,0.48377837696790466,11497
AMD,A-NOK30-LOOKAHEAD,2015-12-15,2015-12-16,2015-12-17,2015-12-18,2.390000104904175,2.509999990463257,0.0502091549338628,2,9018,9020,True,0.47408244912158637,11498
AMD,A-NOK30-LOOKAHEAD,2015-12-18,2015-12-21,2015-12-30,2015-12-31,2.4700000286102295,2.9700000286102295,0.20242914745281615,7,9021,9028,True,0.5026537892630296,11493
AMD,A-NOK30-LOOKAHEAD,2016-03-04,2016-03-07,2016-03-07,2016-03-08,2.359999895095825,2.440000057220459,0.03389837528843853,1,9072,9073,True,0.4729106878859031,11499
AMD,A-NOK30-LOOKAHEAD,2016-03-11,2016-03-14,2016-03-14,2016-03-15,2.5299999713897705,2.6700000762939453,0.05533601046930858,1,9077,9078,True,0.4729106878859031,11499
AMD,A-NOK30-LOOKAHEAD,2016-03-15,2016-03-16,2016-03-22,2016-03-23,2.5,2.799999952316284,0.11999998092651376,5,9079,9084,True,0.4955197912135711,11495
AMD,A-NOK30-LOOKAHEAD,2016-04-21,2016-04-22,2016-05-03,2016-05-04,3.190000057220459,3.5399999618530273,0.1097178364747533,8,9105,9113,True,0.5043508527671423,11492
AMD,A-NOK30-LOOKAHEAD,2016-07-21,2016-07-22,2016-07-29,2016-08-01,5.730000019073486,6.889999866485596,0.20244325367378901,6,9168,9174,True,0.49634591961023145,11494
AMD,A-NOK30-LOOKAHEAD,2016-10-21,2016-10-24,2016-10-31,2016-11-01,6.570000171661377,7.320000171661377,0.114155248158897,6,9233,9239,True,0.49634591961023145,11494
AMD,A-NOK30-LOOKAHEAD,2016-12-05,2016-12-06,2016-12-27,2016-12-28,8.949999809265137,12.279999732971191,0.37206703851086154,15,9263,9278,True,0.5117979973878972,11485
AMD,A-NOK30-LOOKAHEAD,2017-02-17,2017-02-21,2017-03-01,2017-03-02,13.40999984741211,14.59000015258789,0.08799405806134297,7,9314,9321,True,0.5026537892630296,11493
AMD,A-NOK30-LOOKAHEAD,2017-06-19,2017-06-20,2017-06-27,2017-06-28,12.1899995803833,13.649999618530273,0.11977031077970435,6,9397,9403,True,0.49634591961023145,11494
AMD,A-NOK30-LOOKAHEAD,2017-10-02,2017-10-03,2017-10-17,2017-10-18,12.729999542236328,14.199999809265137,0.11547528043120159,11,9470,9481,True,0.5088345373835843,11489
AMD,A-NOK30-LOOKAHEAD,2018-01-17,2018-01-18,2018-01-24,2018-01-25,12.180000305175781,12.779999732971191,0.049261035530552943,5,9543,9548,True,0.4955197912135711,11495
AMD,A-NOK30-LOOKAHEAD,2018-01-25,2018-01-26,2018-01-29,2018-01-30,12.699999809265137,13.119999885559082,0.03307087264580422,2,9549,9551,True,0.47408244912158637,11498
AMD,A-NOK30-LOOKAHEAD,2018-01-30,2018-01-31,2018-01-31,2018-02-01,13.239999771118164,13.619999885559082,0.028700915484141776,1,9552,9553,True,0.4729106878859031,11499
AMD,A-NOK30-LOOKAHEAD,2018-05-23,2018-05-24,2018-05-25,2018-05-29,13.0600004196167,13.449999809265137,0.02986212688497636,2,9631,9633,True,0.47408244912158637,11498
AMD,A-NOK30-LOOKAHEAD,2018-05-31,2018-06-01,2018-06-06,2018-06-07,13.979999542236328,15.829999923706055,0.13233193433808865,4,9636,9640,True,0.48956158663883087,11496
AMD,A-NOK30-LOOKAHEAD,2018-06-11,2018-06-12,2018-06-13,2018-06-14,15.84000015258789,16.6200008392334,0.0492424671169005,2,9643,9645,True,0.47408244912158637,11498
AMD,A-NOK30-LOOKAHEAD,2018-06-15,2018-06-18,2018-06-18,2018-06-19,16.18000030517578,16.850000381469727,0.04140915102947318,1,9647,9648,True,0.4729106878859031,11499
AMD,A-NOK30-LOOKAHEAD,2018-07-25,2018-07-26,2018-07-31,2018-08-01,17.15999984741211,18.34000015258789,0.06876458716016454,4,9674,9678,True,0.48956158663883087,11496
AMD,A-NOK30-LOOKAHEAD,2018-08-01,2018-08-02,2018-08-02,2018-08-03,18.170000076293945,18.940000534057617,0.042377570419951605,1,9679,9680,True,0.4729106878859031,11499
AMD,A-NOK30-LOOKAHEAD,2018-08-03,2018-08-06,2018-08-08,2018-08-09,18.889999389648438,19.579999923706055,0.03652729255437315,3,9681,9684,True,0.48377837696790466,11497
AMD,A-NOK30-LOOKAHEAD,2018-08-10,2018-08-13,2018-08-15,2018-08-16,19.15999984741211,19.860000610351562,0.036534486874434835,3,9686,9689,True,0.48377837696790466,11497
AMD,A-NOK30-LOOKAHEAD,2018-08-31,2018-09-04,2018-09-05,2018-09-06,25.6200008392334,28.1200008392334,0.0975800124163777,2,9701,9703,True,0.47408244912158637,11498
AMD,A-NOK30-LOOKAHEAD,2018-09-07,2018-09-10,2018-09-12,2018-09-13,28.149999618530273,33.15999984741211,0.1779751437575121,3,9705,9708,True,0.48377837696790466,11497
AMD,A-NOK30-LOOKAHEAD,2019-01-23,2019-01-24,2019-01-25,2019-01-28,20.059999465942383,20.31999969482422,0.01296112840497643,2,9798,9800,True,0.47408244912158637,11498
AMD,A-NOK30-LOOKAHEAD,2019-01-29,2019-01-30,2019-02-06,2019-02-07,21.489999771118164,22.989999771118164,0.06979990767686983,6,9802,9808,True,0.49634591961023145,11494
AMD,A-NOK30-LOOKAHEAD,2019-04-02,2019-04-03,2019-04-08,2019-04-09,28.020000457763672,28.239999771118164,0.007851509984309724,4,9846,9850,True,0.48956158663883087,11496
AMD,A-NOK30-LOOKAHEAD,2019-05-24,2019-05-28,2019-05-30,2019-05-31,27.270000457763672,27.56999969482422,0.01100107194809885,3,9883,9886,True,0.48377837696790466,11497
AMD,A-NOK30-LOOKAHEAD,2019-06-03,2019-06-04,2019-06-11,2019-06-12,28.389999389648438,32.0,0.12715747403882793,6,9888,9894,True,0.49634591961023145,11494
AMD,A-NOK30-LOOKAHEAD,2019-10-24,2019-10-25,2019-10-28,2019-10-29,31.899999618530273,33.72999954223633,0.05736676945422392,2,9989,9991,True,0.47408244912158637,11498
AMD,A-NOK30-LOOKAHEAD,2019-10-30,2019-10-31,2019-11-05,2019-11-06,32.97999954223633,36.060001373291016,0.09338999010931581,4,9993,9997,True,0.48956158663883087,11496
AMD,A-NOK30-LOOKAHEAD,2019-11-11,2019-11-12,2019-11-14,2019-11-15,36.43000030517578,38.939998626708984,0.06889921220166983,3,10001,10004,True,0.48377837696790466,11497
AMD,A-NOK30-LOOKAHEAD,2019-11-15,2019-11-18,2019-11-20,2019-11-21,38.650001525878906,40.41999816894531,0.045795512889728274,3,10005,10008,True,0.48377837696790466,11497
AMD,A-NOK30-LOOKAHEAD,2019-12-31,2020-01-02,2020-01-03,2020-01-06,46.86000061035156,48.02000045776367,0.02475458455619095,2,10035,10037,True,0.47408244912158637,11498
AMD,A-NOK30-LOOKAHEAD,2020-07-17,2020-07-20,2020-08-07,2020-08-10,55.22999954223633,85.05000305175781,0.5399240223914374,15,10172,10187,True,0.5117979973878972,11485
AMD,A-NOK30-LOOKAHEAD,2020-11-18,2020-11-19,2020-12-02,2020-12-03,82.38999938964844,94.05999755859375,0.14164338215071703,9,10259,10268,True,0.5044817683404403,11491
AMD,A-NOK30-LOOKAHEAD,2020-12-14,2020-12-15,2020-12-18,2020-12-21,95.93000030517578,94.25,-0.017512772853448433,4,10276,10280,True,0.48956158663883087,11496
AMD,A-NOK30-LOOKAHEAD,2021-06-16,2021-06-17,2021-07-06,2021-07-07,80.7699966430664,95.0199966430664,0.1764268985050561,13,10402,10415,True,0.5121441629668321,11487
AMD,A-NOK30-LOOKAHEAD,2021-11-01,2021-11-02,2021-11-09,2021-11-10,124.9800033569336,143.92999267578125,0.15162417034609854,6,10498,10504,True,0.49634591961023145,11494
AMD,A-NOK30-LOOKAHEAD,2021-11-15,2021-11-16,2021-11-19,2021-11-22,145.92999267578125,157.13999938964844,0.07681770216197381,4,10508,10512,True,0.48956158663883087,11496
AMD,A-NOK30-LOOKAHEAD,2021-11-26,2021-11-29,2021-11-30,2021-12-01,157.5,160.3699951171875,0.01822219122023805,2,10516,10518,True,0.47408244912158637,11498
AMD,A-NOK30-LOOKAHEAD,2022-05-26,2022-05-27,2022-06-07,2022-06-08,100.13999938964844,104.56999969482422,0.04423807002373237,7,10641,10648,True,0.5026537892630296,11493
AMD,A-NOK30-LOOKAHEAD,2022-07-27,2022-07-28,2022-08-05,2022-08-08,90.41999816894531,100.05999755859375,0.10661357647493608,7,10682,10689,True,0.5026537892630296,11493
AMD,A-NOK30-LOOKAHEAD,2022-11-29,2022-11-30,2022-12-01,2022-12-02,73.37999725341797,75.05000305175781,0.02275832462315952,2,10769,10771,True,0.47408244912158637,11498
AMD,A-NOK30-LOOKAHEAD,2023-01-20,2023-01-23,2023-01-27,2023-01-30,72.22000122070312,74.2300033569336,0.027831654697539232,5,10804,10809,True,0.4955197912135711,11495
AMD,A-NOK30-LOOKAHEAD,2023-01-31,2023-02-01,2023-02-03,2023-02-06,78.47000122070312,84.62999725341797,0.07850128631181441,3,10811,10814,True,0.48377837696790466,11497
AMD,A-NOK30-LOOKAHEAD,2023-03-13,2023-03-14,2023-03-23,2023-03-24,83.66999816894531,99.18000030517578,0.18537113034128305,8,10839,10847,True,0.5043508527671423,11492
AMD,A-NOK30-LOOKAHEAD,2023-05-24,2023-05-25,2023-05-26,2023-05-30,117.30999755859375,130.4199981689453,0.11175518611534718,2,10890,10892,True,0.47408244912158637,11498
AMD,A-NOK30-LOOKAHEAD,2023-06-09,2023-06-12,2023-06-14,2023-06-15,128.52000427246094,125.38999938964844,-0.024354223301898736,3,10901,10904,True,0.48377837696790466,11497
AMD,A-NOK30-LOOKAHEAD,2023-11-17,2023-11-20,2023-11-20,2023-11-21,120.69999694824219,120.54000091552734,-0.0013255678273418336,1,11013,11014,True,0.4729106878859031,11499
AMD,A-NOK30-LOOKAHEAD,2023-12-22,2023-12-26,2023-12-29,2024-01-02,140.07000732421875,144.27999877929688,0.030056337794952093,4,11037,11041,True,0.48956158663883087,11496
AMD,A-NOK30-LOOKAHEAD,2024-05-24,2024-05-28,2024-05-28,2024-05-29,169.4199981689453,167.4600067138672,-0.01156883175694301,1,11142,11143,True,0.4729106878859031,11499
AMD,A-NOK30-LOOKAHEAD,2024-06-06,2024-06-07,2024-06-07,2024-06-10,166.58999633789062,162.47999572753906,-0.024671353026596732,1,11150,11151,True,0.4729106878859031,11499
AMD,A-NOK30-LOOKAHEAD,2024-10-03,2024-10-04,2024-10-09,2024-10-10,166.52999877929688,169.75999450683594,0.019395879128179194,4,11232,11236,True,0.48956158663883087,11496
AMD,A-NOK30-LOOKAHEAD,2025-05-09,2025-05-12,2025-05-14,2025-05-15,110.41999816894531,117.0199966430664,0.05977176764686165,3,11381,11384,True,0.48377837696790466,11497
AMD,A-NOK30-LOOKAHEAD,2025-06-16,2025-06-17,2025-06-27,2025-06-30,127.93000030517578,144.0,0.125615568330254,8,11406,11414,True,0.5043508527671423,11492
AMD,A-NOK30-LOOKAHEAD,2025-07-23,2025-07-24,2025-07-30,2025-07-31,159.1199951171875,182.02000427246094,0.14391660292855213,5,11431,11436,True,0.4955197912135711,11495
AMD,A-NOK30-LOOKAHEAD,2025-10-07,2025-10-08,2025-10-09,2025-10-10,212.9499969482422,232.77000427246094,0.09307352715781447,2,11484,11486,True,0.47408244912158637,11498
AMD,A-NOK30-LOOKAHEAD,2025-10-14,2025-10-15,2025-10-16,2025-10-17,222.7100067138672,233.25999450683594,0.04737096437037569,2,11489,11491,True,0.47408244912158637,11498
AMD,A-NOK30-LOOKAHEAD,2025-10-17,2025-10-20,2025-10-21,2025-10-22,236.47000122070312,236.85000610351562,0.001606989812030557,2,11492,11494,True,0.47408244912158637,11498
AMD,A-NOK30-LOOKAHEAD,2025-10-23,2025-10-24,2025-10-29,2025-10-30,243.36000061035156,259.9200134277344,0.06804738977584646,4,11496,11500,True,0.48956158663883087,11496
AMD,A-NOK30-LOOKAHEAD,2026-04-01,2026-04-02,2026-04-17,2026-04-20,204.0500030517578,280.6000061035156,0.375153158083221,11,11605,11616,True,0.5088345373835843,11489
AMD,A-NOK30-LOOKAHEAD,2026-04-21,2026-04-22,2026-04-24,2026-04-27,291.2200012207031,346.32000732421875,0.18920405834954201,3,11618,11621,True,0.48377837696790466,11497
AMD,A-NOK30-LOOKAHEAD,2026-04-29,2026-04-30,2026-05-01,2026-05-04,341.3599853515625,360.30999755859375,0.055513279295213325,2,11624,11626,True,0.47408244912158637,11498
AMD,A-NOK30-LOOKAHEAD,2026-05-05,2026-05-06,2026-05-06,2026-05-07,409.489990234375,417.07000732421875,0.01851087272122398,1,11628,11629,True,0.4729106878859031,11499
AMD,A-NOK30-LOOKAHEAD,2026-05-07,2026-05-08,2026-05-12,2026-05-13,418.5899963378906,457.0400085449219,0.09185602270340443,3,11630,11633,True,0.48377837696790466,11497
