ticker,days,median_dollar_volume,half_spread_bps,zero_volume_share,participation,cap_tier,fail_participation,fail_dollar_volume,fail_zero_volume,dropped,fail_history
MMM,4184,282385824.89863586,6.094357210573485,0.0,2.2664027141933627e-06,large,False,False,False,False,False
AOS,4184,43499698.97518158,8.128764422299179,0.0,1.471274549198943e-05,large,False,False,False,False,False
ABT,4184,349530676.9460678,9.30325587070078,0.0,1.831026694400135e-06,large,False,False,False,False,False
ABBV,3430,496544869.69299316,11.618688276302882,0.0,1.2889066810733603e-06,large,False,False,False,False,False
ACN,4184,280788165.65036774,5.053568562146429,0.0,2.2792983405038383e-06,large,False,False,False,False,False
ADBE,4184,544927485.7376099,10.10310565623552,0.0,1.1744681939353832e-06,large,False,False,False,False,False
AMD,4184,1052819823.6652374,11.162608907733162,0.0002390057361376673,6.078912892919646e-07,large,False,False,False,False,False
AES,4184,60802721.10619545,11.61282502775243,0.0,1.0525844704913835e-05,large,False,False,False,False,False
AFL,4184,124040863.33293915,9.94269655409186,0.0,5.159590015769001e-06,large,False,False,False,False,False
A,4184,138390625.83007812,6.098983690500433,0.0,4.6245906914664805e-06,large,False,False,False,False,False
APD,4184,156833551.29089355,8.609145787929528,0.0,4.080759472269638e-06,large,False,False,False,False,False
ABNB,1430,621345519.1268921,12.326141343608485,0.0,1.0300227173108465e-06,large,False,False,False,False,False
AKAM,4184,121456137.40539551,10.766301428448525,0.0,5.269392009922167e-06,large,False,False,False,False,False
ALB,4184,96990171.82807922,3.1986180554123447,0.0,6.598606724137345e-06,large,False,False,False,False,False
ARE,4184,54439060.59265137,12.618930017751326,0.0,1.1756264583419216e-05,large,False,False,False,False,False
ALGN,4184,135572168.07861328,15.659830544991609,0.0,4.7207329429805065e-06,large,False,False,False,False,False
ALLE,3208,61503013.538360596,8.559709056565206,0.0,1.0405994164835839e-05,large,False,False,False,False,False
LNT,4184,40708698.02150726,10.13173470787893,0.0,1.5721455883012385e-05,large,False,False,False,False,False
ALL,4184,141846436.02981567,8.540652424187336,0.0,4.511921609827927e-06,large,False,False,False,False,False
GOOGL,4184,2095566948.4678974,2.6816903891151656,0.0,3.05406611069102e-07,large,False,False,False,False,False
GOOG,4184,1938968808.1016865,2.281081651560345,0.0,3.300723546071795e-07,large,False,False,False,False,False
MO,4184,210259037.04948425,8.182625593439548,0.0,3.043864411161441e-06,large,False,False,False,False,False
AMZN,4184,4871246740.150452,2.9075219277048086,0.0,1.3138320313871705e-07,large,False,False,False,False,False
AMCR,3588,23611837.412109375,0.0,0.38210702341137126,2.710504857499039e-05,large,False,False,True,True,False
AEE,4184,67448292.01526642,10.655286047123672,0.0,9.488750283775026e-06,large,False,False,False,False,False
AEP,4184,138472644.4671631,9.507210061399284,0.0,4.62185150332539e-06,large,False,False,False,False,False
AXP,4184,355156942.09251404,0.652530480043797,0.0,1.802020245554676e-06,large,False,False,False,False,False
AIG,4184,243266489.2490387,8.112445901646103,0.0,2.630859687972946e-06,large,False,False,False,False,False
AMT,4184,233975953.83987427,11.423059444560723,0.0,2.7353238206606297e-06,large,False,False,False,False,False
AWK,4184,68555718.79882812,13.582013146266247,0.0,9.33547209793007e-06,large,False,False,False,False,False
AMP,4184,109437198.26278687,4.310053786633247,0.0,5.848102931721583e-06,large,False,False,False,False,False
AME,4184,80387686.84043884,6.9522186704818205,0.0,7.961418286239945e-06,large,False,False,False,False,False
AMGN,4184,406554227.37731934,13.463879651658228,0.0,1.5742057440372444e-06,large,False,False,False,False,False
APH,4184,94058174.23858643,1.7171100613809007,0.0,6.80429962819166e-06,large,False,False,False,False,False
ADI,4184,194440073.58398438,8.198810096449192,0.0,3.2915025601631713e-06,large,False,False,False,False,False
AON,4184,146813026.40914917,9.477411761453249,0.0,4.359286199961587e-06,large,False,False,False,False,False
APA,4184,165062984.9234581,2.2357789316645897,0.0,3.8773078064520436e-06,large,False,False,False,False,False
APO,3872,30962403.39231491,12.748755517050833,0.0,2.0670230017055218e-05,large,False,False,False,False,False
AAPL,4184,7133397149.375916,0.0,0.0,8.971882352800056e-08,large,False,False,False,False,False
AMAT,4184,384090487.1694565,6.300806230569153,0.0,1.6662740197406635e-06,large,False,False,False,False,False
APP,1345,178073252.9296875,5.389691527244017,0.0,3.59402655632233e-06,large,False,False,False,False,False
APTV,3710,145079284.35707092,2.5328378175605346,0.0,4.411381010295199e-06,large,False,False,False,False,False
ACGL,4184,40377832.14454651,10.831609704074651,0.0,1.585028135509844e-05,large,False,False,False,False,False
ADM,4184,119865047.43967056,9.267741059549246,0.0,5.339337977754685e-06,large,False,False,False,False,False
ARES,3095,22022188.734054565,22.42934716217926,0.0,2.9061598178491673e-05,large,False,False,False,False,False
ANET,3071,192044102.2277832,7.787326992901439,0.0,3.332567845488413e-06,large,False,False,False,False,False
AJG,4184,55637511.91902161,9.706182894147911,0.0,1.1503030562033344e-05,large,False,False,False,False,False
AIZ,4184,39660038.75436783,9.679655565025149,0.0,1.6137150141577097e-05,large,False,False,False,False,False
T,4184,484032284.47107124,7.668412625626745,0.0,1.3222258525572592e-06,large,False,False,False,False,False
ATO,4184,38659348.60610962,10.966174478416661,0.0,1.6554857313318936e-05,large,False,False,False,False,False
ADSK,4184,209558206.1800003,7.718275822661141,0.0,3.0540440847745715e-06,large,False,False,False,False,False
ADP,4184,191794256.9091797,9.490021379190473,0.0,3.3369090937016906e-06,large,False,False,False,False,False
AZO,4184,234066375.5126953,16.19332530713552,0.0,2.734267143660229e-06,large,False,False,False,False,False
AVY,4184,51189173.2509613,6.751038187958157,0.0,1.2502643808336583e-05,large,False,False,False,False,False
AXON,4184,36004175.521850586,20.390788434796995,0.0,1.777571603081399e-05,large,False,False,False,False,False
BKR,4184,133619474.8711586,11.309721335579082,0.0002390057361376673,4.789720964081878e-06,large,False,False,False,False,False
BALL,4184,84082769.48051453,7.041005650042239,0.0,7.611547573350502e-06,large,False,False,False,False,False
BAC,4184,1350694086.5491867,3.391575810265344,0.0,4.7383045974170247e-07,large,False,False,False,False,False
BAX,4184,157240890.73848724,10.067849873613344,0.0,4.070188085263433e-06,large,False,False,False,False,False
BDX,4184,191080837.9848709,9.864769258729098,0.0,3.349367768895136e-06,large,False,False,False,False,False
BBY,4184,145707930.73654175,7.683470911119844,0.0,4.392348424446439e-06,large,False,False,False,False,False
TECH,4184,25314220.351409912,16.585090529744505,0.0,2.5282232323001575e-05,large,False,False,False,False,False
BIIB,4184,289589022.57385254,19.185404969774094,0.0,2.210028523566648e-06,large,False,False,False,False,False
BLK,4184,216195382.12738037,4.153633385873163,0.0,2.960285246161816e-06,large,False,False,False,False,False
BX,4184,112779866.52201653,5.917406036776328,0.0,5.674771745496447e-06,large,False,False,False,False,False
XYZ,2703,590040749.887085,5.3396160263461905,0.0,1.0846708470939942e-06,large,False,False,False,False,False
BNY,4184,171994011.80057526,5.565876572581135,0.0,3.721059781674675e-06,large,False,False,False,False,False
BA,4184,836578193.9876556,1.1998753432587927,0.0,7.650211356207591e-07,large,False,False,False,False,False
BKNG,4184,698783841.2189484,6.667941743118088,0.0,9.158769311030337e-07,large,False,False,False,False,False
BSX,4184,223460392.51613617,14.839924740848996,0.0,2.8640422259787506e-06,large,False,False,False,False,False
BMY,4184,368967820.10326385,9.207216100091173,0.0,1.7345686131134195e-06,large,False,False,False,False,False
AVGO,4184,494623629.54235077,6.839300455142306,0.0,1.2939131124652463e-06,large,False,False,False,False,False
BR,4184,46529849.645996094,9.732040264575332,0.0,1.3754611391809476e-05,large,False,False,False,False,False
BRO,4184,30358147.2987175,9.164939804074614,0.0,2.1081655402173942e-05,large,False,False,False,False,False
BLDR,4184,18052208.86077881,26.567668022295198,0.0,3.5452725200321505e-05,large,False,False,False,False,False
BG,4184,63801285.31208038,13.09131534305446,0.0,1.003114587534524e-05,large,False,False,False,False,False
BXP,4184,64747537.28561401,12.21142013863497,0.0,9.884545834953308e-06,large,False,False,False,False,False
CHRW,4184,81541248.7197876,10.341533748961593,0.0,7.84878831325392e-06,large,False,False,False,False,False
CDNS,4184,92805305.2783966,12.096027224852316,0.0,6.896157478068017e-06,large,False,False,False,False,False
CPT,4184,39405489.46914673,12.98483901564423,0.0,1.6241391963957208e-05,large,False,False,False,False,False
COF,4184,212246128.01055908,2.982648284404638,0.0,3.015367140022269e-06,large,False,False,False,False,False
CAH,4184,119110253.09238434,10.990860605707764,0.0,5.3731730340930685e-06,large,False,False,False,False,False
CCL,4184,217053916.15886688,0.0,0.0,2.9485761479261628e-06,large,False,False,False,False,False
CARR,1615,223513824.87487793,6.423710793734595,0.0,2.863357559015731e-06,large,False,False,False,False,False
CVNA,2342,279671050.93574524,20.982467762344434,0.0,2.288402742645826e-06,large,False,False,False,False,False
CASY,4184,37461768.896102905,19.705213361216234,0.0,1.7084083823563875e-05,large,False,False,False,False,False
CAT,4184,478137737.89367676,0.541223966590582,0.0,1.3385264313571426e-06,large,False,False,False,False,False
CBOE,4072,56138163.148498535,19.17059476141316,0.0,1.1400444262970463e-05,large,False,False,False,False,False
CBRE,4184,84711654.38308716,8.686095440426174,0.0,7.555040739799047e-06,large,False,False,False,False,False
CDW,3308,83868697.43614197,13.536764720664872,0.0,7.630975793886617e-06,large,False,False,False,False,False
COR,4184,108235396.15478516,11.974861045470496,0.0,5.913037903836463e-06,large,False,False,False,False,False
CNC,4184,148664039.81513977,13.475307613896252,0.0002390057361376673,4.305008802369591e-06,large,False,False,False,False,False
CNP,4184,75968387.51077652,12.997898149524625,0.0,8.424556858064318e-06,large,False,False,False,False,False
CF,4184,132132461.95392609,12.191335279751604,0.0,4.843624273217316e-06,large,False,False,False,False,False
CRL,4184,45570036.640930176,12.287740750190697,0.0,1.4044316115935787e-05,large,False,False,False,False,False
SCHW,4184,280371267.57364273,5.292464732046855,0.0,2.2826875433371454e-06,large,False,False,False,False,False
CHTR,4183,343555423.6816406,16.091581514137296,0.004303131723643318,1.8628726426192678e-06,large,False,False,False,False,False
CVX,4184,567603632.8342438,2.260027822008313,0.0,1.127547399237485e-06,large,False,False,False,False,False
CMG,4184,344040967.18788147,9.777208659813468,0.0,1.8602435786389785e-06,large,False,False,False,False,False
CB,4184,183333812.55455017,9.314690749380764,0.0,3.4908999659272936e-06,large,False,False,False,False,False
CHD,4184,74559250.00305176,10.111187658261604,0.0002390057361376673,8.583777331099822e-06,large,False,False,False,False,False
CIEN,4184,73203555.33256531,8.878612096288188,0.0,8.742744762770966e-06,large,False,False,False,False,False
CI,4184,253873443.20983887,12.587137307766756,0.0,2.52094111108348e-06,large,False,False,False,False,False
CINF,4184,36097771.1807251,7.699136404186007,0.0,1.7729626485685543e-05,large,False,False,False,False,False
CTAS,4184,79614791.13922119,10.954594586516192,0.0,8.038707265850156e-06,large,False,False,False,False,False
CSCO,4184,698950893.7889099,8.213143319696817,0.0,9.156580321839982e-07,large,False,False,False,False,False
C,4184,869236427.0915985,1.1597865636122855,0.0,7.362783933726675e-07,large,False,False,False,False,False
CFG,2995,128301973.12545776,10.987522908204001,0.0,4.988231937588268e-06,large,False,False,False,False,False
CLX,4184,103675000.37345886,9.910312093565965,0.0,6.173137185383045e-06,large,False,False,False,False,False
CME,4184,161384207.33032227,14.003568920027348,0.0,3.965691628611737e-06,large,False,False,False,False,False
CMS,4184,74688603.15132141,10.745325051796655,0.0,8.56891109214267e-06,large,False,False,False,False,False
KO,4184,488508516.3505554,8.249509320267302,0.0,1.3101102203522973e-06,large,False,False,False,False,False
CTSH,4184,189783530.88150024,8.217984286362157,0.0,3.3722631095930677e-06,large,False,False,False,False,False
COHR,4184,24042637.53013611,17.14026010930719,0.0,2.6619375648690607e-05,large,False,False,False,False,False
COIN,1346,1411573802.9411316,0.0,0.0,4.533946426793319e-07,large,False,False,False,False,False
CL,4184,204755473.0052948,8.473625238001627,0.0,3.125679575771096e-06,large,False,False,False,False,False
CMCSA,4184,560172977.6010513,13.611824450490925,0.0,1.1425042363535797e-06,large,False,False,False,False,False
FIX,4184,8326189.4691467285,15.42816770333772,0.0,7.686589434117062e-05,large,False,False,False,False,False
COP,4184,352204685.8017731,1.7435850335464023,0.0,1.8171251712426197e-06,large,False,False,False,False,False
ED,4184,100736294.9962616,10.271582436830755,0.0,6.353221547643289e-06,large,False,False,False,False,False
STZ,4184,172391535.00442505,11.529040770944551,0.0,3.712479269841017e-06,large,False,False,False,False,False
CEG,1152,428309578.944397,19.25693233450815,0.0,1.4942462916130218e-06,large,False,False,False,True,True
COO,4184,77020903.47137451,11.050496405969199,0.0,8.309432519677747e-06,large,False,False,False,False,False
CPRT,4184,63435220.682144165,12.275787529667701,0.0,1.0089032451023664e-05,large,False,False,False,False,False
GLW,4184,142857999.85485077,1.9403224007502657,0.0,4.479973124713104e-06,large,False,False,False,False,False
CPAY,3944,110004294.46487427,8.040627867976996,0.0,5.817954681799809e-06,large,False,False,False,False,False
CTVA,1821,162410064.86816406,10.598249508625337,0.0,3.94064247508009e-06,large,False,False,False,False,False
CSGP,4184,69822707.5996399,17.490410097175484,0.0,9.166072499934116e-06,large,False,False,False,False,False
COST,4184,402274890.23132324,8.061534488718346,0.0,1.5909518976736923e-06,large,False,False,False,False,False
CRH,4184,13451479.831314087,0.0,0.0,4.757840832576098e-05,large,False,False,False,False,False
CRWD,1809,745805491.3879395,11.281377769224074,0.0,8.581325927340169e-07,large,False,False,False,False,False
CCI,4184,160913930.07392883,11.401839757695669,0.0002390057361376673,3.977281517553914e-06,large,False,False,False,False,False
CSX,4184,259445218.84467602,7.305341995822937,0.0,2.466802058831362e-06,large,False,False,False,False,False
CMI,4184,173563739.2753601,8.29635983091258,0.0,3.6874061521838696e-06,large,False,False,False,False,False
CVS,4184,355462107.9410553,9.899303292284674,0.0,1.8004732029162679e-06,large,False,False,False,False,False
DHR,4184,247989833.43795776,6.313433062652053,0.0,2.580750957115811e-06,large,False,False,False,False,False
DRI,4184,102599652.51083374,9.198772562326107,0.0,6.237837890653878e-06,large,False,False,False,False,False
DDOG,1740,408037258.48236084,11.495816447555246,0.0,1.5684842173001384e-06,large,False,False,False,False,False
DVA,4184,80120026.11541748,12.441537464658355,0.0,7.988015369316573e-06,large,False,False,False,False,False
DECK,4184,84595706.22825623,13.292290418944594,0.0,7.565395792939553e-06,large,False,False,False,False,False
DE,4184,294846923.3654022,3.4019336991972704,0.0,2.1706178673835146e-06,large,False,False,False,False,False
DELL,2517,163029191.07223892,8.300532373276473,0.0,3.925677332941027e-06,large,False,False,False,False,False
DAL,4184,337327274.6515274,11.266825211157009,0.0,1.8972672774863689e-06,large,False,False,False,False,False
DVN,4184,171773800.60768127,5.260838540232488,0.0,3.725830119237525e-06,large,False,False,False,False,False
DXCM,4184,102427878.17611694,23.100108513477384,0.0002390057361376673,6.248298914281605e-06,large,False,False,False,False,False
FANG,3483,133430543.88198853,15.685080932722355,0.0,4.7965029698600525e-06,large,False,False,False,False,False
DLR,4184,106411933.94851685,11.730835286016145,0.0,6.014363015990654e-06,large,False,False,False,False,False
DG,4184,223198732.7682495,13.930005015495075,0.0,2.8673997923837736e-06,large,False,False,False,False,False
DLTR,4184,192769202.04238892,15.333727541133637,0.0,3.3200324181415007e-06,large,False,False,False,False,False
D,4184,148855263.11702728,11.036794996900019,0.0,4.299478477269854e-06,large,False,False,False,False,False
DPZ,4184,130262110.76660156,15.84015946921856,0.0,4.913170807946805e-06,large,False,False,False,False,False
DASH,1431,459137187.9119873,18.225410280029035,0.0,1.3939188914549055e-06,large,False,False,False,False,False
DOV,4184,88169073.37417603,4.318082511635672,0.0,7.258781061290484e-06,large,False,False,False,False,False
DOW,1867,208701573.5900879,0.0,0.0,3.0665796572144114e-06,large,False,False,False,False,False
DHI,4184,160208996.12998962,12.728436501988272,0.0,3.994781912750516e-06,large,False,False,False,False,False
DTE,4184,77314973.8095665,9.833705025578915,0.0,8.27782728836429e-06,large,False,False,False,False,False
DUK,4184,185820971.99611664,10.21685077844823,0.0,3.4441752893929268e-06,large,False,False,False,False,False
DD,4184,220290970.28415108,4.247954238813122,0.0,2.9052484501496838e-06,large,False,False,False,False,False
ETN,4184,169428065.26794434,3.3575093005259724,0.0,3.777414320277241e-06,large,False,False,False,False,False
EBAY,4184,324531285.01953506,12.234136917765282,0.0,1.9720748955265604e-06,large,False,False,False,False,False
ECHO,4184,8159801.178268433,19.999417596154952,0.0,7.843328360799748e-05,large,False,False,False,False,False
ECL,4184,138180313.79776,8.942151596151145,0.0,4.631629371870589e-06,large,False,False,False,False,False
EIX,4184,83357026.00841522,10.126835912003436,0.0,7.677817103688289e-06,large,False,False,False,False,False
EW,4184,177839179.54978943,12.565161075800448,0.0,3.5987570434152836e-06,large,False,False,False,False,False
ELV,4184,287223293.5646057,11.428086854351648,0.0,2.2282315339303895e-06,large,False,False,False,False,False
EME,4184,20655107.5176239,10.279680627163073,0.0,3.098507230978692e-05,large,False,False,False,False,False
EMR,4184,178263742.7532196,3.561953181824603,0.0,3.5901860362372595e-06,large,False,False,False,False,False
ETR,4184,83448957.51571655,12.0409633833612,0.0,7.669358839856857e-06,large,False,False,False,False,False
EOG,4184,241566792.9824829,2.668701304335468,0.0,2.6493707686321325e-06,large,False,False,False,False,False
EQT,4184,110123617.83983803,15.886819196252866,0.0,5.8116506935942245e-06,large,False,False,False,False,False
EFX,4184,85214347.30567932,5.632166262019718,0.0,7.510472358653454e-06,large,False,False,False,False,False
EQIX,4184,188588848.72131348,16.806023120339354,0.0,3.393625892195555e-06,large,False,False,False,False,False
ERIE,4184,4641768.740081787,20.960524350625565,0.0002390057361376673,0.00013787847603728817,large,False,False,False,False,False
ESS,4184,62067078.10821533,13.761942613426232,0.0,1.0311424663557478e-05,large,False,False,False,False,False
EL,4184,185444170.06111145,6.457544470370939,0.0,3.4511734706412922e-06,large,False,False,False,False,False
EG,4184,51107226.263809204,12.938652200688672,0.0,1.2522690953651033e-05,large,False,False,False,False,False
EVRG,4184,41515840.091609955,10.524201709601261,0.0,1.5415802705371228e-05,large,False,False,False,False,False
ES,4184,74935797.16033936,12.148888223387917,0.0,8.540644448348211e-06,large,False,False,False,False,False
EXC,4184,168472948.92225266,11.78482851935204,0.0,3.798829450627999e-06,large,False,False,False,False,False
EXE,1389,142329321.19522095,12.73105499567734,0.0,4.496613871446536e-06,large,False,False,False,False,False
EXPE,4184,199647408.81767273,12.798669098416996,0.0,3.205651422125281e-06,large,False,False,False,False,False
EXPD,4184,75470598.06289673,11.227372916017705,0.0,8.480123603454527e-06,large,False,False,False,False,False
EXR,4184,58753644.787597656,11.277646605954061,0.0,1.089294123477252e-05,large,False,False,False,False,False
XOM,4184,854661060.2134705,1.294497766357757,0.0,7.488348654145374e-07,large,False,False,False,False,False
FFIV,4184,108716057.9875946,13.29839967620706,0.0,5.8868948327121025e-06,large,False,False,False,False,False
FDS,4184,52761425.158691406,11.510411036002612,0.0,1.213007416071612e-05,large,False,False,False,False,False
FICO,4184,35536655.65490723,13.477069622176275,0.0,1.8009573163411142e-05,large,False,False,False,False,False
FAST,4184,103652824.4178772,12.849593434708094,0.0,6.174457894363157e-06,large,False,False,False,False,False
FRT,4184,36712900.70724487,13.446246957304808,0.0,1.743256423956997e-05,large,False,False,False,False,False
FDX,4184,283574923.1946106,3.1361841150037315,0.0,2.256899139000325e-06,large,False,False,False,False,False
FDXF,61,193504147.63183594,11.825092914998445,0.0,3.307422646142315e-06,large,False,False,False,True,True
FERG,4183,3384.9582481384277,0.0,0.49701171408080325,0.18907175601116225,large,True,True,True,True,False
FIS,4184,139588767.9195404,9.077092329517354,0.0,4.584896116920373e-06,large,False,False,False,False,False
FITB,4184,117151363.51490021,10.715387987354418,0.0,5.463017935071664e-06,large,False,False,False,False,False
FSLR,4184,164610146.56944275,18.62343179099283,0.0,3.88797418225983e-06,large,False,False,False,False,False
FE,4184,91327111.94782257,9.78660575652528,0.0,7.007776621313151e-06,large,False,False,False,False,False
FISV,4183,151184146.98791504,10.566562383246218,0.0,4.233248080244542e-06,large,False,False,False,False,False
FLEX,4184,54320033.56215572,13.481245794645647,0.0,1.1782025120946947e-05,large,False,False,False,False,False
F,4184,355992110.98065376,0.45562253747661846,0.0,1.7977926483735493e-06,large,False,False,False,False,False
FTNT,4184,98779892.18497276,16.00309338215219,0.0,6.479051412625071e-06,large,False,False,False,False,False
FTV,2548,127226642.32542992,9.076623368849596,0.0,5.030392913796779e-06,large,False,False,False,False,False
FOXA,1873,120088288.54179382,12.643671147675576,0.0,5.329412283007627e-06,large,False,False,False,False,False
FOX,1872,37844555.30176163,13.861654096637215,0.0,1.6911283403829787e-05,large,False,False,False,False,False
BEN,4184,64309918.365097046,4.398632718533583,0.0,9.951808620975446e-06,large,False,False,False,False,False
FCX,4184,407204966.960907,0.0,0.0,1.5716900625660642e-06,large,False,False,False,False,False
GRMN,4184,54652299.29189682,11.21013317783844,0.0,1.171039477372714e-05,large,False,False,False,False,False
IT,4184,56325362.953186035,9.96301169906818,0.0,1.1362554388365438e-05,large,False,False,False,False,False
GE,4184,742715465.6606369,6.46098396719356,0.0,8.617028048967949e-07,large,False,False,False,False,False
GEHC,923,219138133.48388672,15.933438184528773,0.0,2.920532313683594e-06,large,False,False,False,True,True
GEV,603,1376604511.642456,11.373087888173192,0.0,4.6491203144206057e-07,large,False,False,False,True,True
GEN,4184,68635815.3336525,16.002909771782463,0.0002390057361376673,9.324577800800228e-06,large,False,False,False,False,False
GNRC,4157,38032627.419281006,15.608112040744876,0.0,1.6827656762823223e-05,large,False,False,False,False,False
GD,4184,173803829.60662842,6.387041112350385,0.0,3.6823124176752436e-06,large,False,False,False,False,False
GIS,4184,144599057.74383545,8.97643428985826,0.0,4.4260316075765334e-06,large,False,False,False,False,False
GM,3962,401226953.61032486,2.1990053208823217,0.0,1.5951071936746642e-06,large,False,False,False,False,False
GPC,4184,55963737.284851074,7.035416478482138,0.0,1.143597677800626e-05,large,False,False,False,False,False
GILD,4184,432164920.3550339,12.981295431528945,0.0,1.4809161268208085e-06,large,False,False,False,False,False
GPN,4184,114089057.51113892,7.157707245552357,0.0,5.6096527919648605e-06,large,False,False,False,False,False
GL,4184,38712002.85220146,9.860860396086617,0.0,1.6532340174789088e-05,large,False,False,False,False,False
GDDY,2866,92589701.24816895,13.938567148353362,0.0003489183531053733,6.912215844444758e-06,large,False,False,False,False,False
GS,4184,585502876.8959045,3.7393051277400575,0.0,1.0930774642697177e-06,large,False,False,False,False,False
HAL,4184,305242288.55695724,6.586762522262849,0.0,2.096695064847078e-06,large,False,False,False,False,False
HIG,4184,105647847.86262512,8.624938451975833,0.0,6.057861214855962e-06,large,False,False,False,False,False
HAS,4184,60469338.23223114,12.538471503641373,0.0,1.0583876369575838e-05,large,False,False,False,False,False
HCA,3886,220043354.58221436,14.628732794889723,0.0,2.908517738311784e-06,large,False,False,False,False,False
DOC,4184,66189181.36731148,11.465374083709088,0.0002390057361376673,9.66925389888677e-06,large,False,False,False,False,False
HSIC,4184,62449978.7456131,13.691607183873653,0.0,1.0248202046745417e-05,large,False,False,False,False,False
HSY,4184,99768367.53692627,10.545115265457026,0.0,6.414858895662728e-06,large,False,False,False,False,False
HPE,2726,149565273.7678182,8.891944514345814,0.0,4.279068154507053e-06,large,False,False,False,False,False
HLT,3191,218752211.00387573,6.642779817696571,0.0,2.925684714513175e-06,large,False,False,False,False,False
HD,4184,624220574.5864868,7.085107699173309,0.0,1.0252786051212205e-06,large,False,False,False,False,False
HONA,48,619798777.9953003,4.843011418942615,0.0,1.0325931943106427e-06,large,False,False,False,True,True
HON,4184,322925182.83154297,5.600522157609201,0.0,1.9818832163791393e-06,large,False,False,False,False,False
HRL,4184,57491836.501693726,10.17095407720732,0.0,1.1132015238044196e-05,large,False,False,False,False,False
HST,4184,87456881.67648315,10.573624609931668,0.0,7.3178918311707165e-06,large,False,False,False,False,False
HWM,2464,102606572.53911304,5.079566665328704,0.014204545454545454,6.237417196213582e-06,large,False,False,True,True,False
HPQ,4184,210683017.35050488,7.861345317991998,0.0,3.037738912459459e-06,large,False,False,False,False,False
HUBB,4184,31202968.09978485,11.266348521055713,0.0002390057361376673,2.051086928504128e-05,large,False,False,False,False,False
HUM,4184,234381913.29956055,15.59342947252367,0.0,2.730586123264657e-06,large,False,False,False,False,False
HBAN,4184,87276541.22834206,14.218917580621252,0.0,7.33301286912327e-06,large,False,False,False,False,False
HII,3878,47003442.56286621,12.337152561920275,0.0,1.3616023957054043e-05,large,False,False,False,False,False
IBM,4184,467434694.04901505,2.8796954473559038,0.0,1.3691752198712271e-06,large,False,False,False,False,False
IEX,4184,38521221.08306885,7.16174177091921,0.0,1.6614218916370173e-05,large,False,False,False,False,False
IDXX,4184,94118899.43237305,14.51713940183093,0.0,6.799909517215054e-06,large,False,False,False,False,False
ITW,4184,152696248.97651672,5.526382502848771,0.0,4.191327581978953e-06,large,False,False,False,False,False
INCY,4184,94350233.25881958,20.560104036521786,0.0,6.7832370720734246e-06,large,False,False,False,False,False
IR,2332,110081587.00504303,10.234558194917103,0.0,5.813869670780459e-06,large,False,False,False,False,False
PODD,4184,41514226.0181427,23.354370867088775,0.0,1.541640207191397e-05,large,False,False,False,False,False
INTC,4184,956773475.4991531,4.6296211839759405,0.0,6.68914864791908e-07,large,False,False,False,False,False
IBKR,4184,23988034.147453308,14.578417518401935,0.0004780114722753346,2.6679968690470855e-05,large,False,False,False,False,False
ICE,4184,176211029.63562012,12.98112441792912,0.0,3.6320087415834917e-06,large,False,False,False,False,False
IFF,4184,65043023.96697998,6.933348106165231,0.0,9.839640917139787e-06,large,False,False,False,False,False
IP,4184,93881821.16210556,5.24566914006603,0.0,6.817081220600879e-06,large,False,False,False,False,False
INTU,4184,249541818.75839233,10.084217724607779,0.0,2.5647003904369683e-06,large,False,False,False,False,False
ISRG,4184,301757870.6199646,13.845564499233204,0.0,2.120905740370959e-06,large,False,False,False,False,False
IVZ,4184,62608783.623981476,3.7280687563790695,0.0,1.0222207858944193e-05,large,False,False,False,False,False
INVH,2402,85465824.08437729,14.515578985655782,0.0,7.488373356912248e-06,large,False,False,False,False,False
IQV,3342,152107560.3691101,13.153475653010934,0.0,4.207548911092593e-06,large,False,False,False,False,False
IRM,4184,41136491.737270355,7.175845349259588,0.0,1.555796260136956e-05,large,False,False,False,False,False
JBHT,4184,76834236.93580627,12.806619760233067,0.0,8.329620043402128e-06,large,False,False,False,False,False
JBL,4184,51294978.81126404,2.3014637155419067,0.0,1.2476854749367013e-05,large,False,False,False,False,False
JKHY,4184,39361768.14289093,13.554032771602438,0.0,1.6259432190054945e-05,large,False,False,False,False,False
J,4184,58377264.618652344,8.430334849394715,0.0,1.0963172121557595e-05,large,False,False,False,False,False
JNJ,4184,706134245.1324463,7.585021049469195,0.0,9.063432405547166e-07,large,False,False,False,False,False
JCI,4184,151887501.67236328,8.64214470681475,0.0,4.213644921097884e-06,large,False,False,False,False,False
JPM,4184,1099882671.6430664,3.866297193121887,0.0,5.818802464120397e-07,large,False,False,False,False,False
KVUE,828,326111914.24770355,20.750610930558754,0.0,1.962516461492657e-06,large,False,False,False,True,True
KDP,4184,27886556.751441956,11.60301328011928,0.0,2.2950126317294693e-05,large,False,False,False,False,False
KEY,4184,111539168.10340881,11.05139321550752,0.0,5.737894686525285e-06,large,False,False,False,False,False
KEYS,2977,118292878.22341919,2.951272815610755,0.0,5.410300346156386e-06,large,False,False,False,False,False
KMB,4184,153045050.3211975,10.886480917460862,0.0,4.1817752266853725e-06,large,False,False,False,False,False
KIM,4184,50770331.05301857,11.203080058610754,0.0,1.2605787410203396e-05,large,False,False,False,False,False
KMI,3904,174733930.9080124,8.51684949288288,0.0,3.6627116248928442e-06,large,False,False,False,False,False
KKR,4051,64524076.58700943,5.708308266102956,0.0,9.918778134499496e-06,large,False,False,False,False,False
KLAC,4184,138219617.2633171,7.076623412319885,0.0,4.630312344019587e-06,large,False,False,False,False,False
KHC,2800,193981136.1377716,11.609395816164197,0.0,3.2992898832464385e-06,large,False,False,False,False,False
KR,4184,188205570.32089233,12.351796911229204,0.0,3.4005369708707015e-06,large,False,False,False,False,False
LHX,4184,98301339.13269043,8.120424351419931,0.0,6.510592893715381e-06,large,False,False,False,False,False
LH,4184,106375032.76121521,11.540585172479377,0.0,6.016449380905354e-06,large,False,False,False,False,False
LRCX,4184,332239971.79222107,5.549740421136568,0.0,1.9263184876509934e-06,large,False,False,False,False,False
LVS,4184,230185276.9142151,5.27221013895835,0.0,2.7803689644256164e-06,large,False,False,False,False,False
LDOS,4184,47985012.086868286,11.381677554872843,0.0,1.3337497942928396e-05,large,False,False,False,False,False
LEN,4184,156641660.7565384,14.924320272936109,0.0,4.085758519853319e-06,large,False,False,False,False,False
LII,4184,51191335.18371582,13.52615110521464,0.0,1.2502115791728494e-05,large,False,False,False,False,False
LLY,4184,367679583.4547043,9.307523567620015,0.0,1.7406460102749866e-06,large,False,False,False,False,False
LIN,4184,210993335.5316162,5.3252527395632425,0.0,3.0332711617997974e-06,large,False,False,False,False,False
LYV,4184,56708896.43192291,13.69875078697885,0.0,1.1285707186495827e-05,large,False,False,False,False,False
LMT,4184,287185085.3210449,8.353145968708684,0.0,2.228527986697298e-06,large,False,False,False,False,False
L,4184,46068996.283721924,5.580551019786377,0.0,1.389220629115678e-05,large,False,False,False,False,False
LOW,4184,388641117.5872803,9.380396252849573,0.0,1.6467634818806068e-06,large,False,False,False,False,False
LULU,4184,237865008.7425232,10.026574901806505,0.0,2.6906017130614093e-06,large,False,False,False,False,False
LITE,2787,76772559.4329834,14.258997952092797,0.0,8.336311889649469e-06,large,False,False,False,False,False
LYB,4105,133632184.76257324,2.1830779052497893,0.0,4.789265408906543e-06,large,False,False,False,False,False
MTB,4184,88153131.70967102,10.97232276178022,0.0,7.2600937435531574e-06,large,False,False,False,False,False
MPC,3812,246023938.5213852,13.382728940371168,0.0,2.601372873901737e-06,large,False,False,False,False,False
MAR,4184,211069591.74404144,5.5648392546964445,0.0,3.0321752873626214e-06,large,False,False,False,False,False
MRSH,4184,129882157.33642578,9.081385834676794,0.0,4.927543652837913e-06,large,False,False,False,False,False
MLM,4184,109906037.50228882,12.80275379507401,0.0,5.823155984371394e-06,large,False,False,False,False,False
MRVL,4184,201056501.5414238,10.860659212540671,0.0,3.1831848017515635e-06,large,False,False,False,False,False
MAS,4184,88714919.03038025,10.241903021515416,0.0,7.2141191920699745e-06,large,False,False,False,False,False
MA,4184,629345040.619278,5.9763799522889425,0.0,1.016930234915711e-06,large,False,False,False,False,False
MKC,4184,67812419.75975037,9.940719303945937,0.0,9.437799185863413e-06,large,False,False,False,False,False
MCD,4184,488305478.7448883,7.509297054596664,0.0,1.3106549646852589e-06,large,False,False,False,False,False
MCK,4184,214590159.5779419,10.58503457277305,0.0,2.9824293959180537e-06,large,False,False,False,False,False
MDT,4184,340431013.6631012,5.714747465057283,0.0,1.8799697275329902e-06,large,False,False,False,False,False
MRK,4184,524766420.0654373,8.898696089373425,0.0,1.2195902320125463e-06,large,False,False,False,False,False
META,3585,3822751485.0769043,6.953740999338673,0.0,1.674186780120039e-07,large,False,False,False,False,False
MET,4184,205686484.29010773,5.153707551905534,0.0,3.1115316215785993e-06,large,False,False,False,False,False
MTD,4184,87984817.88787842,11.796415477207283,0.0,7.27398220924399e-06,large,False,False,False,False,False
MGM,4184,180722287.03050613,6.2511303427430684,0.0,3.5413451794795362e-06,large,False,False,False,False,False
MCHP,4184,153184127.68707275,6.459886989181445,0.0,4.17797855210824e-06,large,False,False,False,False,False
MU,4184,830672112.4615669,0.0,0.0,7.70460438479703e-07,large,False,False,False,False,False
MSFT,4184,2372177614.5578384,6.519492874249853,0.0,2.697943004235341e-07,large,False,False,False,False,False
MAA,4184,45050999.66850281,13.275195767699058,0.0,1.420612205521053e-05,large,False,False,False,False,False
MRNA,1936,421344580.47447205,16.317387224612748,0.0,1.518946794757161e-06,large,False,False,False,False,False
TAP,4184,73108793.90182495,7.440866846920369,0.0,8.754076846889745e-06,large,False,False,False,False,False
MDLZ,4184,282576601.58700943,10.893670958981504,0.0,2.2648725917348637e-06,large,False,False,False,False,False
MPWR,4184,32499283.269119263,16.125887148043468,0.0,1.9692741981424754e-05,large,False,False,False,False,False
MNST,4183,151616952.73618698,16.207730379744557,0.0,4.221163850414525e-06,large,False,False,False,False,False
MCO,4184,125432779.96444702,8.8212236319413,0.0,5.102334494869707e-06,large,False,False,False,False,False
MS,4184,377646123.7483978,4.659540278371927,0.0,1.6947082460361549e-06,large,False,False,False,False,False
MOS,4184,129319398.58436584,8.479547979102339,0.0,4.948986826461883e-06,large,False,False,False,False,False
MSI,4184,123518460.83869934,10.159664611354929,0.0,5.18141171493195e-06,large,False,False,False,False,False
MSCI,4184,76035069.3649292,9.820854503661879,0.0,8.417168621604451e-06,large,False,False,False,False,False
NDAQ,4184,65063387.12673187,10.239516983302448,0.0,9.836561363665161e-06,large,False,False,False,False,False
NTAP,4184,127546476.71356201,10.328319038581183,0.0,5.017778746152922e-06,large,False,False,False,False,False
NFLX,4184,1618376384.6359253,15.775829602599378,0.0,3.95458069010304e-07,large,False,False,False,False,False
NEM,4184,253586429.91027832,7.431920102621447,0.0,2.523794353769005e-06,large,False,False,False,False,False
NWSA,3314,43257237.00056076,15.462617864492378,0.0,1.4795212185921709e-05,large,False,False,False,False,False
NWS,3314,11684526.80978775,13.119812383258534,0.0,5.47732920997616e-05,large,False,False,False,False,False
NEE,4184,257109422.51167297,11.325770297564722,0.0,2.4892125451798385e-06,large,False,False,False,False,False
NKE,4184,462224558.3175659,3.6342431019451418,0.0,1.3846083867320082e-06,large,False,False,False,False,False
NI,4184,57067701.41100502,11.050420914913035,0.0,1.1214749922914916e-05,large,False,False,False,False,False
NDSN,4184,26164682.85598755,14.18289406483242,0.0,2.4460453181206506e-05,large,False,False,False,False,False
NSC,4184,192817228.81736755,6.488833307308192,0.0,3.3192054668838467e-06,large,False,False,False,False,False
NTRS,4184,69990739.45159912,10.819435071868607,0.0,9.144066843908412e-06,large,False,False,False,False,False
NOC,4184,202647003.67355347,8.891591985137575,0.0,3.158201149773642e-06,large,False,False,False,False,False
NCLH,3418,148417419.26765442,8.57665692939147,0.0,4.312162299802766e-06,large,False,False,False,False,False
NRG,4184,84117515.95153809,11.902896436296427,0.0,7.608403466986802e-06,large,False,False,False,False,False
NUE,4184,120281723.39878082,7.456310945138121,0.0,5.320841620120045e-06,large,False,False,False,False,False
NVDA,4184,2031451503.0088425,10.103586582639984,0.0,3.1504567007978147e-07,large,False,False,False,False,False
NVR,4184,65327728.19824219,18.91972908674987,0.0,9.796758859543823e-06,large,False,False,False,False,False
NXPI,4035,278025193.13812256,5.9511987884196405,0.0,2.301949664259558e-06,large,False,False,False,False,False
ORLY,4184,205680135.75267792,16.736194225438158,0.0,3.1116276623308644e-06,large,False,False,False,False,False
OXY,4184,323541214.13350105,1.979937953233195,0.0,1.97810965664461e-06,large,False,False,False,False,False
ODFL,4184,66091449.394226074,13.922935993270835,0.0,9.683552197236457e-06,large,False,False,False,False,False
OMC,4184,89969022.69268036,7.819972815361496,0.0,7.113559543556859e-06,large,False,False,False,False,False
ON,4184,111845701.15060806,8.103002695257317,0.0,5.7221689650654985e-06,large,False,False,False,False,False
OKE,4184,77332804.99629974,5.9102193033398605,0.0,8.275918609581315e-06,large,False,False,False,False,False
ORCL,4184,613302425.8037567,8.064525001068027,0.0,1.0435308472182465e-06,large,False,False,False,False,False
OTIS,1615,167972904.4605255,15.254379180976375,0.0,3.810138319959832e-06,large,False,False,False,False,False
PCAR,4184,97220163.40341568,8.865286845009484,0.0,6.582996547170117e-06,large,False,False,False,False,False
PKG,4184,55380486.79847717,10.54007820263405,0.0,1.155641701613931e-05,large,False,False,False,False,False
PLTR,1480,1230949946.8849182,10.656151683346913,0.0,5.199236586504632e-07,large,False,False,False,False,False
PANW,3542,290423494.71473694,13.564494873071535,0.0,2.203678461443445e-06,large,False,False,False,False,False
PSKY,4184,171357445.00579834,13.045099117428459,0.0,3.734882951705681e-06,large,False,False,False,False,False
PH,4184,148100397.57003784,5.306598308521144,0.0,4.321392855797966e-06,large,False,False,False,False,False
PAYX,4184,97149664.71939087,9.471624079475616,0.0,6.58777363615808e-06,large,False,False,False,False,False
PYPL,2800,755522504.7851562,7.5451938219677945,0.0,8.470958786091928e-07,large,False,False,False,False,False
PNR,4184,57414766.226979256,6.846390984571973,0.0,1.114695821402236e-05,large,False,False,False,False,False
PEP,4184,406144301.88827515,8.817920917212657,0.0,1.5757946055736008e-06,large,False,False,False,False,False
PFE,4184,593493478.8976173,10.961684124847727,0.0,1.0783606269588102e-06,large,False,False,False,False,False
PCG,4184,147720398.62861633,12.618147987613211,0.0,4.33250929419046e-06,large,False,False,False,False,False
PM,4184,278692298.3188629,8.483070592419299,0.0,2.2964394920872574e-06,large,False,False,False,False,False
PSX,3611,195008603.77807617,8.470142376706635,0.0,3.2819064779743424e-06,large,False,False,False,False,False
PNW,4184,42635952.73399353,9.619529173145594,0.0,1.5010805645483552e-05,large,False,False,False,False,False
PNC,4184,197133985.6437683,8.451307501229568,0.0,3.2465229062862574e-06,large,False,False,False,False,False
PPG,4184,128284677.2403717,6.451373522379709,0.0,4.988904472206049e-06,large,False,False,False,False,False
PPL,4184,96969197.74246216,10.153322274961234,0.0,6.600033978828602e-06,large,False,False,False,False,False
PFG,4184,53923178.75518799,4.663272138659124,0.0004780114722753346,1.1868736502082143e-05,large,False,False,False,False,False
PG,4184,621589047.8553772,7.157881187003613,0.0,1.0296191707497818e-06,large,False,False,False,False,False
PGR,4184,136347841.99733734,10.854383651397026,0.0,4.693877003293519e-06,large,False,False,False,False,False
PLD,4184,130057458.13484192,12.554687157766885,0.0,4.920901955014807e-06,large,False,False,False,False,False
PRU,4184,128856702.64434814,3.83457985536246,0.0,4.966757544358686e-06,large,False,False,False,False,False
PEG,4184,97906065.55652618,10.470258409051116,0.0,6.536877938685987e-06,large,False,False,False,False,False
PTC,4184,55085623.28968048,11.289237736858816,0.0,1.161827645362951e-05,large,False,False,False,False,False
PSA,4184,121925806.85920715,12.044913884179753,0.0,5.249093825879166e-06,large,False,False,False,False,False
PHM,4184,115630080.85012436,15.943155819132247,0.0,5.534891918215862e-06,large,False,False,False,False,False
PWR,4184,62466954.49562073,8.717702575531028,0.0,1.0245417039578382e-05,large,False,False,False,False,False
QCOM,4184,649067113.4290695,7.021555245591692,0.0,9.860305456223667e-07,large,False,False,False,False,False
DGX,4184,87327925.13465881,12.201081725415355,0.0,7.328698111321507e-06,large,False,False,False,False,False
Q,206,227308148.30245972,14.46244447442536,0.0,2.8155611876632163e-06,large,False,False,False,True,True
RL,4184,97312500.45776367,9.325876366462518,0.0,6.5767501296277735e-06,large,False,False,False,False,False
RJF,4184,51297759.39273834,4.538445370993338,0.0,1.2476178444756745e-05,large,False,False,False,False,False
RDDT,607,736522937.2558594,8.235224713354752,0.0,8.689478190380805e-07,large,False,False,False,True,True
RTX,4184,348356059.5063057,4.6837159448721115,0.0,1.8372007104082402e-06,large,False,False,False,False,False
O,4184,76613984.43113327,11.578028820259618,0.0,8.353566320196841e-06,large,False,False,False,False,False
REG,4184,36177734.22470093,12.533242986388958,0.0,1.7690438987277144e-05,large,False,False,False,False,False
REGN,4184,317267557.9589844,19.53896805787465,0.0,2.0172248436530585e-06,large,False,False,False,False,False
RF,4184,117037312.6065731,12.186076562104223,0.0,5.468341554897049e-06,large,False,False,False,False,False
RSG,4184,79217391.71257019,8.091831673219634,0.0,8.079033986907259e-06,large,False,False,False,False,False
RMD,4184,63472387.842178345,5.210537225284076,0.0,1.0083124674485784e-05,large,False,False,False,False,False
RVTY,4184,49764992.97580719,4.054353479943187,0.0,1.2860445902426437e-05,large,False,False,False,False,False
HOOD,1272,289653766.71676636,7.842504384394189,0.0,2.209534532398519e-06,large,False,False,False,False,False
ROK,4184,115037732.264328,8.09882261144056,0.0,5.563392005411231e-06,large,False,False,False,False,False
ROL,4184,23507872.719204426,12.003466817773546,0.0,2.7224921950388177e-05,large,False,False,False,False,False
ROP,4184,110172795.53222656,9.754497496598155,0.0,5.8090565543723e-06,large,False,False,False,False,False
ROST,4184,164942421.09069824,13.62053424101072,0.0,3.880141905083823e-06,large,False,False,False,False,False
RCL,4184,174394910.90202332,2.5079791191797884,0.0,3.6698318585658614e-06,large,False,False,False,False,False
SPGI,4184,195933801.2454033,9.867685001260242,0.0,3.266409348116573e-06,large,False,False,False,False,False
CRM,4184,616160784.7160339,8.572092674900395,0.0,1.0386899261934572e-06,large,False,False,False,False,False
SNDK,382,1910386566.7495728,24.179939584199634,0.0,3.3501073088517784e-07,large,False,False,False,True,True
SBAC,4184,120568027.98919678,15.40430646671243,0.0002390057361376673,5.308206584065103e-06,large,False,False,False,False,False
SLB,4184,401637632.7583313,7.521948238401137,0.0,1.5934761780281016e-06,large,False,False,False,False,False
STX,4184,124674292.11711884,7.203376548837315,0.0,5.133375847835454e-06,large,False,False,False,False,False
SRE,4184,118109890.2469635,11.577785550086482,0.0,5.418682539301181e-06,large,False,False,False,False,False
NOW,3556,427382526.011467,11.383343849624337,0.0,1.4974875224141202e-06,large,False,False,False,False,False
SHW,4184,216125123.2410431,12.398983640495528,0.0,2.9612475884453826e-06,large,False,False,False,False,False
SPG,4184,152560393.6112976,11.798044292424127,0.0,4.195059968386224e-06,large,False,False,False,False,False
SWKS,4184,148848216.5374756,9.697187418604438,0.0,4.299682017613337e-06,large,False,False,False,False,False
SJM,4184,74070188.20266724,11.69019207785704,0.0,8.6404532718192e-06,large,False,False,False,False,False
SW,4184,0.0,0.0,0.5757648183556405,inf,large,True,True,True,True,False
SNA,4184,50933328.43322754,7.833378939264652,0.0,1.2565446235052669e-05,large,False,False,False,False,False
SOLV,604,78211573.34022522,13.15525122669326,0.0,8.182932175727498e-06,large,False,False,False,True,True
SO,4184,173642365.55900574,9.884861430985936,0.0,3.6857364730067582e-06,large,False,False,False,False,False
LUV,4184,202501257.3293686,14.206667631460714,0.0,3.160474203668963e-06,large,False,False,False,False,False
SWK,4184,102421593.91212463,3.255862354677088,0.0,6.248682290075521e-06,large,False,False,False,False,False
SBUX,4184,430161126.0028839,7.082736655248664,0.0,1.4878145915856405e-06,large,False,False,False,False,False
STT,4184,131228019.48242188,3.9780694402703998,0.0,4.877007231567102e-06,large,False,False,False,False,False
STLD,4184,69084894.13642883,12.61028015343664,0.0,9.263964402060575e-06,large,False,False,False,False,False
STE,4184,42396602.700424194,11.507476160124458,0.0,1.5095549153366398e-05,large,False,False,False,False,False
SYK,4184,173782819.56863403,6.623292163012372,0.0,3.682757602786146e-06,large,False,False,False,False,False
SMCI,4184,8726098.561644554,18.344328517990643,0.0,7.334320091376359e-05,large,False,False,False,False,False
SYF,3033,157692992.43164062,8.105079715933115,0.0,4.05851896226421e-06,large,False,False,False,False,False
SNPS,4184,86417812.32452393,10.891581817991405,0.0,7.4058806024458776e-06,large,False,False,False,False,False
SYY,4184,127490900.26798248,10.578291488092203,0.0,5.019966120364175e-06,large,False,False,False,False,False
TMUS,4184,225010053.85398865,14.740469965440415,0.0,2.8443173495496454e-06,large,False,False,False,False,False
TROW,4184,91306325.88863373,6.114280703175532,0.0,7.009371955023222e-06,large,False,False,False,False,False
TTWO,4184,132199792.92411804,19.214859236005832,0.0,4.841157356179495e-06,large,False,False,False,False,False
TRGP,3950,58345197.77984619,9.102325992560964,0.0,1.0969197540728383e-05,large,False,False,False,False,False
TGT,4184,333053702.92167664,8.906983772017858,0.0,1.9216120234835136e-06,large,False,False,False,False,False
TEL,4184,114813222.43499756,3.2373234746915527,0.0,5.574270858588097e-06,large,False,False,False,False,False
TDY,4184,30848090.42854309,11.321256039490189,0.0,2.0746827149074404e-05,large,False,False,False,False,False
TER,4184,87560307.30228424,8.631772399445989,0.0,7.309247988252594e-06,large,False,False,False,False,False
TSLA,4062,2338937768.1941986,2.1946657397878657,0.0,2.7362848584642706e-07,large,False,False,False,False,False
TXN,4184,379838347.2747803,8.23127453156149,0.0,1.6849272976038284e-06,large,False,False,False,False,False
TPL,4184,6447928.692054749,17.960178467041448,0.0,9.92566807986911e-05,large,False,False,False,False,False
TXT,4184,77053616.80345535,5.466677489460903,0.0,8.305904726477423e-06,large,False,False,False,False,False
TMO,4184,326629156.9458008,4.329764361580297,0.0,1.959408663894015e-06,large,False,False,False,False,False
TJX,4184,260736502.32887268,10.267625277829133,0.0,2.454585354499977e-06,large,False,False,False,False,False
TKO,4184,21338668.271636963,23.39585305010834,0.0,2.999249961867013e-05,large,False,False,False,False,False
TTD,2493,296455742.685318,22.93358753734891,0.0,2.15883826099246e-06,large,False,False,False,False,False
TSCO,4184,107832075.63495636,15.862967099973805,0.0,5.935154231534876e-06,large,False,False,False,False,False
TT,4184,137793768.99605942,6.798645543079625,0.0,4.6446222108802505e-06,large,False,False,False,False,False
TDG,4184,93281867.01812744,11.148253571279442,0.0,6.860926142008167e-06,large,False,False,False,False,False
TRV,4184,163883517.19207764,8.06471328703072,0.0,3.9052127447929736e-06,large,False,False,False,False,False
TRMB,4184,44374278.28063965,11.934453988758053,0.0,1.4422769784612584e-05,large,False,False,False,False,False
TFC,4184,143943822.1157074,8.406184448179276,0.0,4.446179006456729e-06,large,False,False,False,False,False
TYL,4184,43600167.03491211,15.248652271603639,0.0,1.4678842846806772e-05,large,False,False,False,False,False
TSN,4184,117038224.25498962,12.837214507861718,0.0,5.4682989602238025e-06,large,False,False,False,False,False
USB,4184,232186924.76415634,7.8300743147773355,0.0,2.75639983022334e-06,large,False,False,False,False,False
UBER,1831,991778378.6087036,12.951006146226666,0.0,6.453054571504283e-07,large,False,False,False,False,False
UDR,4184,45451483.347415924,13.88695290617286,0.0,1.408094858220697e-05,large,False,False,False,False,False
ULTA,4184,194166814.55726624,15.366769697232323,0.0,3.2961348284943037e-06,large,False,False,False,False,False
UNP,4184,378959660.52627563,5.522964742594411,0.0,1.6888341073327111e-06,large,False,False,False,False,False
UAL,4184,281259841.88690186,12.274993627775828,0.0,2.2754759289715883e-06,large,False,False,False,False,False
UPS,4184,253576390.71044922,4.728313356494975,0.0,2.523894271887463e-06,large,False,False,False,False,False
URI,4184,164118677.70309448,7.227692215149449,0.0,3.899617087811406e-06,large,False,False,False,False,False
UNH,4184,618698506.2362671,10.25825972826224,0.0,1.0344295218899371e-06,large,False,False,False,False,False
UHS,4184,73664573.0934143,11.545032151058173,0.0,8.688029715293588e-06,large,False,False,False,False,False
VLO,4184,235840534.368515,11.196933897187396,0.0,2.713698057518652e-06,large,False,False,False,False,False
VEEV,3231,142374152.96020508,13.331887763746533,0.0,4.4951979463497566e-06,large,False,False,False,False,False
VTR,4184,81863481.22844696,14.200959686139088,0.0,7.817893771387829e-06,large,False,False,False,False,False
VLTO,723,135602081.56356812,21.82384941626729,0.0,4.719691560929159e-06,large,False,False,False,True,True
VRSN,4184,93560691.75186157,14.193590140999358,0.0,6.840479564830344e-06,large,False,False,False,False,False
VRSK,4184,83278606.2286377,13.612076474937767,0.0,7.685046964437764e-06,large,False,False,False,False,False
VZ,4184,474855276.6365051,7.703609087179823,0.0,1.347779063409062e-06,large,False,False,False,False,False
VRTX,4184,233535159.60769653,22.720064533193675,0.0002390057361376673,2.7404867047647233e-06,large,False,False,False,False,False
VRT,2024,66326511.49778366,1.1747112285499093,0.005928853754940711,9.649233550016964e-06,large,False,False,False,False,False
VTRS,4184,107201348.5121727,19.465320307266147,0.0,5.970074153753095e-06,large,False,False,False,False,False
VICI,2171,118859470.02563477,12.521253752433422,0.0,5.384509958373274e-06,large,False,False,False,False,False
V,4184,901187104.586029,7.905279027250287,0.0,7.101743874752752e-07,large,False,False,False,False,False
VST,2483,89833132.10906982,16.852932493742706,0.0004027386226339106,7.12432022544813e-06,large,False,False,False,False,False
VMRK,4184,83310151.83868408,11.785803775593905,0.0,7.682137001013406e-06,large,False,False,False,False,False
VMC,4184,104686963.44299316,11.488754219893478,0.0,6.1134641692851205e-06,large,False,False,False,False,False
WRB,4184,28199455.71706295,9.687387692410065,0.0,2.269547350209133e-05,large,False,False,False,False,False
GWW,4184,116355596.41723633,12.159105398238335,0.0,5.500380039349733e-06,large,False,False,False,False,False
WAB,4184,62866770.66040039,6.191054395558508,0.0,1.0180258875666001e-05,large,False,False,False,False,False
WMT,4184,628817315.0259018,9.251731215606448,0.0,1.017783678513429e-06,large,False,False,False,False,False
DIS,4184,752870628.3382416,5.508827439536547,0.0,8.500796496904482e-07,large,False,False,False,False,False
WBD,4184,119832134.03987885,12.34090183115578,0.0,5.340804493951638e-06,large,False,False,False,False,False
WM,4184,138278628.57513428,8.440638363636062,0.0,4.628336327853102e-06,large,False,False,False,False,False
WAT,4184,87958960.22338867,9.606451084457031,0.0,7.2761205723055055e-06,large,False,False,False,False,False
WEC,4184,80121032.22084045,10.648174884590068,0.0,7.987915061253145e-06,large,False,False,False,False,False
WFC,4184,735829872.8845596,5.185663130090386,0.0,8.697662647088618e-07,large,False,False,False,False,False
WELL,4184,109793783.06217194,13.293665761124887,0.0,5.829109646741956e-06,large,False,False,False,False,False
WST,4184,32990073.149108887,10.01346812964417,0.0,1.939977511135914e-05,large,False,False,False,False,False
WDC,4184,198339777.13542938,3.369646763379528,0.0,3.2267859188073928e-06,large,False,False,False,False,False
WY,4184,84500782.68527985,8.355456887192295,0.0,7.573894343483861e-06,large,False,False,False,False,False
WSM,4184,72821397.52044678,8.681740724303507,0.0,8.788625620928257e-06,large,False,False,False,False,False
WMB,4184,146673905.5797577,8.38240973445198,0.0,4.363421001644929e-06,large,False,False,False,False,False
WTW,4184,80622191.27044678,11.597775187787438,0.0002390057361376673,7.938261040972242e-06,large,False,False,False,False,False
WDAY,3483,275446568.3395386,15.900247595298355,0.0,2.3234996313734512e-06,large,False,False,False,False,False
WYNN,4184,203832051.59606934,5.198495953507411,0.0,3.1398398582980344e-06,large,False,False,False,False,False
XEL,4184,110830419.68421936,11.221684574027465,0.0002390057361376673,5.774587895845771e-06,large,False,False,False,False,False
XYL,3735,64022259.765625,6.9097891362912,0.0,9.99652312091037e-06,large,False,False,False,False,False
YUM,4184,170213926.5077057,8.787566342053656,0.0,3.759974363619576e-06,large,False,False,False,False,False
ZBRA,4184,56570289.15100098,10.866410314253946,0.0,1.1313359178555225e-05,large,False,False,False,False,False
ZBH,4184,124887276.12084961,8.800990970662966,0.0,5.124621337570783e-06,large,False,False,False,False,False
ZTS,3409,221056647.4559784,12.655440978559787,0.0,2.895185498221449e-06,large,False,False,False,False,False
AA,4184,188479672.35962772,3.1747630013610757,0.0,3.3955916411975245e-06,mid,False,False,False,False,False
AAL,4184,322845309.4541073,8.237250556267261,0.0,1.982373543175099e-06,mid,False,False,False,False,False
AAON,4184,5306048.92745018,24.26892126254088,0.0,0.00012061705588296408,mid,False,False,False,False,False
ACI,1546,53017609.7946167,16.78127995658659,0.0,1.2071460831208281e-05,mid,False,False,False,False,False
ACM,4184,34656903.383636475,10.107915178241504,0.0,1.846673930776461e-05,mid,False,False,False,False,False
ADC,4184,8304896.314811707,16.08845815147357,0.0,7.706297294266827e-05,mid,False,False,False,False,False
AEIS,4184,14207742.628955841,19.381468777216554,0.0,4.504586102901802e-05,mid,False,False,False,False,False
AFG,4184,15667053.241729736,8.579437532513095,0.0,4.0850055854494576e-05,mid,False,False,False,False,False
AGCO,4184,48101705.36117554,8.002022991701697,0.0,1.330514157854713e-05,mid,False,False,False,False,False
AHR,637,51625226.64985657,28.445710652586627,0.0,1.2397040004119346e-05,mid,False,False,False,True,True
AIT,4184,10120005.09300232,11.724693590784467,0.0,6.324107489259476e-05,mid,False,False,False,False,False
ALGM,1459,36770415.44742584,7.8748748304603975,0.0,1.7405296954424375e-05,mid,False,False,False,False,False
ALK,4184,75610739.62287903,9.683859437812863,0.0,8.464406024753958e-06,mid,False,False,False,False,False
ALLY,3161,87659442.28515625,9.002037586740363,0.013919645681746282,7.300981883024984e-06,mid,False,False,True,True,False
ALSN,3630,34435042.31510162,11.131502229520017,0.0,1.8585718412761337e-05,mid,False,False,False,False,False
ALV,4184,42560233.62426758,0.0,0.0,1.503751143967114e-05,mid,False,False,False,False,False
AM,2338,22535251.339387894,16.16233665266941,0.0,2.8399949499626205e-05,mid,False,False,False,False,False
AMG,4184,48056315.92941284,7.004191981920412,0.0,1.3317708351594391e-05,mid,False,False,False,False,False
AMH,3284,44983129.47278023,14.016080967655572,0.0,1.4227556141625737e-05,mid,False,False,False,False,False
AMKR,4184,11809938.424015045,11.835735170991583,0.0,5.4191645800505205e-05,mid,False,False,False,False,False
AN,4184,48811793.62049103,12.211031277113932,0.0,1.3111585388071667e-05,mid,False,False,False,False,False
ANF,4184,60775508.79192352,19.0655076513261,0.0,1.0530557665772267e-05,mid,False,False,False,False,False
APG,1587,28006286.947345734,13.775661596650718,0.0,2.285201180732226e-05,mid,False,False,False,False,False
APPF,2805,12921216.030883789,23.765104716937355,0.0,4.953094186106763e-05,mid,False,False,False,False,False
AR,3235,80084046.66595459,24.94874338018727,0.0,7.991604153940406e-06,mid,False,False,False,False,False
ARMK,3191,58787925.7453022,14.207077339292578,0.0,1.0886589242369093e-05,mid,False,False,False,False,False
ARW,4184,38905405.825424194,6.3488203850604235,0.0,1.6450156126678107e-05,mid,False,False,False,False,False
ARWR,4184,18577500.150203705,41.123388573671356,0.0,3.445027559281071e-05,mid,False,False,False,False,False
ASB,4184,16332413.372421265,16.475995610715884,0.0,3.9185880580312585e-05,mid,False,False,False,False,False
ASH,4184,38675348.595933914,8.783147620618363,0.0,1.6548008569657355e-05,mid,False,False,False,False,False
ATI,4184,43138934.40799713,11.632448774766477,0.0,1.4835786019817779e-05,mid,False,False,False,False,False
ATR,4184,19663480.598068237,12.28509756438311,0.0,3.254764571348952e-05,mid,False,False,False,False,False
AVAV,4184,10403854.450893402,22.770550408198176,0.0,6.151566258647936e-05,mid,False,False,False,False,False
AVNT,4184,13426774.844646454,7.725100854432129,0.0,4.766595160826592e-05,mid,False,False,False,False,False
AVT,4184,26901765.66505432,5.194571038315953,0.0002390057361376673,2.3790260013727157e-05,mid,False,False,False,False,False
AVTR,1826,113094901.82285309,18.519907477407767,0.0,5.658964194535206e-06,mid,False,False,False,False,False
AXTA,2960,57890041.9260025,10.368490671119366,0.0,1.105544198461758e-05,mid,False,False,False,False,False
AYI,4184,49111583.63494873,12.539031716818705,0.0,1.3031548824757585e-05,mid,False,False,False,False,False
BAH,3962,39934240.143966675,14.994157488488035,0.0,1.6026347257209355e-05,mid,False,False,False,False,False
BBWI,4184,99651783.1269083,13.688776783080185,0.0,6.422363754243602e-06,mid,False,False,False,False,False
BC,4184,37198595.58429718,8.544336858660978,0.0,1.720495061566696e-05,mid,False,False,False,False,False
BCO,4184,14116320.283126831,13.355083346858693,0.0,4.5337594157947014e-05,mid,False,False,False,False,False
BDC,4184,15850665.15789032,8.857132165544854,0.0,4.03768544490017e-05,mid,False,False,False,False,False
BHF,2288,30810491.072654724,8.100857713062418,0.00043706293706293706,2.0772145386803654e-05,mid,False,False,False,False,False
BILL,1681,145835156.2347412,21.08302808545767,0.0,4.38851657257345e-06,mid,False,False,False,False,False
BIO,4184,37973048.96697998,15.017970278128473,0.0,1.6854058797241207e-05,mid,False,False,False,False,False
BJ,2048,93170552.08778381,22.76731470619985,0.0,6.869123190308051e-06,mid,False,False,False,False,False
BKH,4184,14764530.385780334,11.085457162237299,0.0,4.334712877941459e-05,mid,False,False,False,False,False
BMRN,4184,92033877.20241547,21.99262122027995,0.0004780114722753346,6.953961078836337e-06,mid,False,False,False,False,False
BRKR,4184,21741590.81144333,19.735733474960572,0.0,2.943666843656843e-05,mid,False,False,False,False,False
BROS,1239,89358418.06869507,22.681543488543348,0.0,7.162167972893101e-06,mid,False,False,False,True,True
BRX,3221,34235852.98309326,14.518926290642284,0.0,1.8693852912502342e-05,mid,False,False,False,False,False
BSY,1485,46199060.59799194,22.47757408659435,0.0,1.3853095533025141e-05,mid,False,False,False,False,False
BTSG,645,41015962.75691986,31.050726672534946,0.0,1.560368103006493e-05,mid,False,False,False,True,True
BURL,3241,138662527.633667,15.82460511937691,0.0,4.6155223831691445e-06,mid,False,False,False,False,False
BWA,4184,73139489.43760681,4.858184794543244,0.0,8.75040289344603e-06,mid,False,False,False,False,False
BWXT,4039,23159758.321296692,12.949960989948687,0.0,2.763413983519354e-05,mid,False,False,False,False,False
BYD,4184,31452582.385253906,14.60372535390657,0.0,2.0348090727839723e-05,mid,False,False,False,False,False
CACI,4184,26917964.15786743,14.33802065550208,0.0,2.3775943687514883e-05,mid,False,False,False,False,False
CAR,4184,61807025.935554504,16.801173929823776,0.0,1.0354809834521416e-05,mid,False,False,False,False,False
CART,734,146567497.97153473,35.59512482964879,0.0,4.366588833523624e-06,mid,False,False,False,True,True
CAVA,799,210067200.0,24.546238649910936,0.0,3.0466441215001675e-06,mid,False,False,False,True,True
CBSH,4184,18980244.11823654,16.452020383542653,0.0,3.371927125979782e-05,mid,False,False,False,False,False
CBT,4184,13835041.241836548,7.6284877425539594,0.0,4.625934891069703e-05,mid,False,False,False,False,False
CCK,4184,56239214.09397125,11.083823146050223,0.0,1.137995987871756e-05,mid,False,False,False,False,False
CDE,4184,27705920.73712349,12.13803077561459,0.0,2.3099755682995817e-05,mid,False,False,False,False,False
CDP,4184,13394313.232803345,12.107232765042836,0.0,4.778147179898764e-05,mid,False,False,False,False,False
CELH,4184,243734.99372005463,36.913221065282464,0.014818355640535373,0.0026258026811491883,mid,True,True,True,True,False
CFR,4184,26685960.02998352,13.717721577434219,0.0,2.3982648526825184e-05,mid,False,False,False,False,False
CG,3596,18526362.71085739,15.373285932296882,0.0,3.4545367052806723e-05,mid,False,False,False,False,False
CGNX,4184,33151049.10926819,12.303945835329557,0.0,1.9305573042063165e-05,mid,False,False,False,False,False
CHDN,4184,19074234.61303711,17.59311689445418,0.0,3.3553115654903625e-05,mid,False,False,False,False,False
CHE,4184,24538666.305541992,18.021532173567337,0.0,2.6081287060636122e-05,mid,False,False,False,False,False
CHH,4184,16335534.01260376,11.223799673574002,0.0,3.917839475013213e-05,mid,False,False,False,False,False
CHRD,4070,43669005.011463165,15.35333056635528,0.0,1.4655703738429562e-05,mid,False,False,False,False,False
CHWY,1807,169054380.33275604,21.21724025559902,0.0,3.7857640762709853e-06,mid,False,False,False,False,False
CLF,4184,145787501.42965317,12.211800884253014,0.0,4.389951084447518e-06,mid,False,False,False,False,False
CLH,4184,26084705.144500732,11.510105981084964,0.0,2.4535450811293797e-05,mid,False,False,False,False,False
CMC,4184,22524787.202215195,13.450263273943907,0.0,2.8413143007941908e-05,mid,False,False,False,False,False
CNH,3243,20966629.61029148,0.0,0.0,3.0524696238534004e-05,mid,False,False,False,False,False
CNM,1277,65142231.26220703,12.559506983670806,0.0,9.824655797003732e-06,mid,False,False,False,False,False
CNO,4184,16675747.168827057,10.425510703633563,0.0,3.8379089915466524e-05,mid,False,False,False,False,False
CNX,4184,64582991.695747375,21.66073133677106,0.0,9.90972984056021e-06,mid,False,False,False,False,False
COKE,4184,7346667.586326599,22.499188151957373,0.0,8.711432666303688e-05,mid,False,False,False,False,False
COLB,4184,6827236.444854736,17.21507690344588,0.0,9.374217594035844e-05,mid,False,False,False,False,False
COLM,4184,17659583.177947998,15.291641056608498,0.0,3.624094598105721e-05,mid,False,False,False,False,False
CPRI,3691,100817560.58578491,10.11841092387414,0.0,6.34810043291445e-06,mid,False,False,False,False,False
CR,853,39620854.010009766,23.046643583120634,0.0,1.61531096689211e-05,mid,False,False,False,True,True
CRBG,986,79261275.78964233,19.558313505072014,0.0,8.074560920499763e-06,mid,False,False,False,True,True
CROX,4184,36203026.61561966,23.356165271043416,0.0,1.7678079979199152e-05,mid,False,False,False,False,False
CRS,4184,14334969.952774048,10.883605142161334,0.0,4.4646064980146656e-05,mid,False,False,False,False,False
CRUS,4184,42832675.870895386,13.368098240208392,0.0,1.4941863588655156e-05,mid,False,False,False,False,False
CSL,4184,37964162.90054321,10.48129484439699,0.0,1.685800373569787e-05,mid,False,False,False,False,False
CTRE,3077,9491431.044387817,19.245346238040636,0.0,6.742924191378129e-05,mid,False,False,False,False,False
CUBE,4184,27152374.92132187,13.618762552887075,0.0,2.3570682190950044e-05,mid,False,False,False,False,False
CUZ,4184,17605704.986763,15.264468650698099,0.0,3.635185302043795e-05,mid,False,False,False,False,False
CVLT,4184,21526539.895248413,17.239872809369693,0.0,2.9730741824480033e-05,mid,False,False,False,False,False
CW,4184,20263002.494430542,6.889304233965241,0.0,3.1584657810505104e-05,mid,False,False,False,False,False
CXT,4184,16788519.147945404,6.0065111728535046,0.0,3.812128957653325e-05,mid,False,False,False,False,False
CYTK,4184,5246409.88111496,55.07744618056257,0.0,0.00012198818134735369,mid,False,False,False,False,False
DAR,4184,24767264.82486725,15.051786707137389,0.0,2.584056029301291e-05,mid,False,False,False,False,False
DBX,2115,85106660.80856323,15.553303843822754,0.0,7.519975451035493e-06,mid,False,False,False,False,False
DCI,4184,18433557.54737854,7.3018256741758885,0.0,3.471928836064611e-05,mid,False,False,False,False,False
DINO,4184,71625148.25744629,17.8773390531528,0.0,8.935409078660642e-06,mid,False,False,False,False,False
DKS,4184,72982656.41374588,14.09472796190232,0.0,8.769206705381849e-06,mid,False,False,False,False,False
DLB,4184,21082197.54714966,10.088983626933723,0.0,3.035736661553714e-05,mid,False,False,False,False,False
DOCN,1360,55729213.7594223,23.03579340606944,0.0,1.1484102445134412e-05,mid,False,False,False,False,False
DOCS,1296,67820385.08176804,11.764574073117155,0.0,9.436690741705173e-06,mid,False,False,False,False,False
DOCU,2091,193087365.8706665,13.514345815335213,0.0,3.314561763863327e-06,mid,False,False,False,False,False
DT,1774,110506783.35056305,16.767527662490366,0.0,5.791499676266155e-06,mid,False,False,False,False,False
DTM,1291,38222862.5831604,13.108237746711984,0.0,1.6743905525327155e-05,mid,False,False,False,False,False
DUOL,1273,105196644.8059082,16.863632313801517,0.0,6.083844225077941e-06,mid,False,False,False,False,False
DY,4184,23169705.228805542,18.34895732665707,0.0,2.7622276316417068e-05,mid,False,False,False,False,False
EEFT,4184,25574699.545669556,14.760514154574517,0.0,2.5024731917461303e-05,mid,False,False,False,False,False
EGP,4184,14077493.148803711,13.619031701115755,0.0,4.54626397779058e-05,mid,False,False,False,False,False
EHC,4184,29214137.339722633,14.076715405451871,0.0,2.1907201727630282e-05,mid,False,False,False,False,False
ELAN,1990,83645645.23086548,21.95781874302289,0.0,7.651324802786484e-06,mid,False,False,False,False,False
ELS,4184,28746767.29736328,15.487631629935354,0.0,2.2263372899626952e-05,mid,False,False,False,False,False
ENS,4184,15208372.328567505,8.814071917314237,0.0,4.2082083879405024e-05,mid,False,False,False,False,False
ENSG,4184,8183298.243185997,23.273998051375205,0.0,7.820807466389363e-05,mid,False,False,False,False,False
ENTG,4184,27337684.57107544,19.142428798147765,0.0,2.341090732596828e-05,mid,False,False,False,False,False
EPR,4184,14703642.731666565,12.35356824250883,0.0,4.352662885515174e-05,mid,False,False,False,False,False
EQH,2082,73293074.66087341,7.260870291262029,0.0,8.732066473691762e-06,mid,False,False,False,False,False
ESAB,1104,23727577.193069458,16.416035929079356,0.0036231884057971015,2.6972833964140948e-05,mid,False,False,False,True,True
ESNT,3220,20437701.966762543,11.735891144244755,0.0,3.131467525266883e-05,mid,False,False,False,False,False
EVR,4184,25368591.03412628,7.1257011361660325,0.0,2.5228046726720478e-05,mid,False,False,False,False,False
EWBC,4184,33893136.21330261,14.164854356474233,0.0,1.8882879293678592e-05,mid,False,False,False,False,False
EXEL,4184,37286569.01950836,31.75864295542219,0.0,1.71643574839281e-05,mid,False,False,False,False,False
EXLS,4184,8541323.104143143,20.109519393174114,0.0,7.492984309299281e-05,mid,False,False,False,False,False
EXP,4184,42420195.94192505,10.926836968727537,0.0,1.5087153319050806e-05,mid,False,False,False,False,False
EXPO,4184,7728999.51210022,22.683217733968135,0.0,8.280502528147932e-05,mid,False,False,False,False,False
FAF,4083,21960858.83178711,11.556470303263465,0.0,2.9142758254683373e-05,mid,False,False,False,False,False
FBIN,3754,61288268.8154583,9.335825124344959,0.0,1.0442455177304296e-05,mid,False,False,False,False,False
FCFS,4184,12037436.5442276,20.376120215805113,0.0004780114722753346,5.316746615016665e-05,mid,False,False,False,False,False
FCN,4184,20337639.959716797,15.815759231046698,0.0,3.146874471510273e-05,mid,False,False,False,False,False
FFIN,4184,8748232.242965698,19.24721896373215,0.0,7.315763713458944e-05,mid,False,False,False,False,False
FHI,4184,14884710.767745972,11.239094393781283,0.0,4.299714048772993e-05,mid,False,False,False,False,False
FHN,4184,38071190.3544426,11.72656633066523,0.0,1.681061175239343e-05,mid,False,False,False,False,False
FIVE,3543,88185625.81558228,21.845350360951343,0.0,7.25741858813132e-06,mid,False,False,False,False,False
FLG,4184,36118436.808633804,14.413538434626878,0.0,1.7719482251984214e-05,mid,False,False,False,False,False
FLR,4184,66930827.503204346,6.687934869818342,0.0,9.562110971500534e-06,mid,False,False,False,False,False
FLS,4184,44968548.15635681,3.5035292418047175,0.0,1.4232169510447688e-05,mid,False,False,False,False,False
FN,4064,13506344.74620819,11.206007979783111,0.0,4.73851372836959e-05,mid,False,False,False,False,False
FNB,4184,15649175.138235092,15.878360738336621,0.0,4.089672422646162e-05,mid,False,False,False,False,False
FND,2343,88171650.12207031,9.820248408505574,0.0,7.2585689290598985e-06,mid,False,False,False,False,False
FNF,4184,37741190.976551056,11.735924706737142,0.0,1.695759946732041e-05,mid,False,False,False,False,False
FOUR,1561,72710429.39834595,24.351872124119286,0.0,8.802038514911576e-06,mid,False,False,False,False,False
FR,4184,19060912.009334564,14.615226120053867,0.0,3.357656756857056e-05,mid,False,False,False,False,False
FTI,4184,83501924.57712078,1.0199813141958043,0.0,7.664494001080278e-06,mid,False,False,False,False,False
G,4184,23007652.977657318,11.330897815213959,0.0,2.7816831235306904e-05,mid,False,False,False,False,False
GAP,4184,103335416.41578674,15.183310553689461,0.0,6.193423534723629e-06,mid,False,False,False,False,False
GATX,4184,13150579.772949219,10.065679634375453,0.0,4.866705582946859e-05,mid,False,False,False,False,False
GBCI,4184,9294651.810646057,19.21763269589819,0.0,6.885680206621044e-05,mid,False,False,False,False,False
GEF,4184,6438881.980895996,10.01236537013761,0.0,9.939613769888378e-05,mid,False,False,False,False,False
GGG,4184,24710722.019958496,8.660880315511,0.0,2.589968838154875e-05,mid,False,False,False,False,False
GHC,4184,11900830.053710938,11.460883254751883,0.0004780114722753346,5.37777614764303e-05,mid,False,False,False,False,False
GLPI,3233,29782188.667869568,12.790150480620536,0.0,2.1489354161887446e-05,mid,False,False,False,False,False
GME,4184,62495154.73566055,19.08434304686543,0.0,1.024079390965661e-05,mid,False,False,False,False,False
GMED,3532,26794846.632385254,16.728526901950037,0.0,2.388518989418182e-05,mid,False,False,False,False,False
GNTX,4184,29661663.223457336,10.493741431310658,0.0,2.157667272999947e-05,mid,False,False,False,False,False
GPK,4184,35676915.936374664,16.756694737124985,0.0,1.793877030013918e-05,mid,False,False,False,False,False
GWRE,3665,41272111.89575195,13.93564004337477,0.0,1.5506839136716768e-05,mid,False,False,False,False,False
GXO,1277,47926558.47167969,10.156990232937464,0.0,1.3353765018996362e-05,mid,False,False,False,False,False
H,4184,35845272.09777832,7.172454467517536,0.0,1.7854516440946952e-05,mid,False,False,False,False,False
HAE,4184,21165943.368530273,13.451599779506383,0.0,3.0237253726737176e-05,mid,False,False,False,False,False
HALO,4184,19766235.449695587,32.57010188687826,0.0,3.237844665104687e-05,mid,False,False,False,False,False
HGV,2421,28654501.78489685,11.404918303516258,0.0,2.2335059419435788e-05,mid,False,False,False,False,False
HIMS,1744,21457829.415416718,1.1946969386615558,0.03612385321100917,2.982594313757485e-05,mid,False,False,True,True,False
HL,4184,30480548.66912365,14.714715426242053,0.0002390057361376673,2.0996997362068835e-05,mid,False,False,False,False,False
HLI,2772,19782024.360466003,16.262907463072096,0.0,3.23526039771252e-05,mid,False,False,False,False,False
HLNE,2383,12526892.73262024,21.739383233314122,0.0,5.1090083842853484e-05,mid,False,False,False,False,False
HOG,4184,60647364.58892822,6.465938164779733,0.0,1.0552808095421155e-05,mid,False,False,False,False,False
HOMB,4184,9355445.01581192,19.96219405255949,0.0,6.840935935365091e-05,mid,False,False,False,False,False
HQY,3033,37361184.38415527,25.83509673355987,0.0,1.7130077928456182e-05,mid,False,False,False,False,False
HR,4184,10300935.108757019,14.215062353369015,0.0,6.213028169218579e-05,mid,False,False,False,False,False
HRB,4184,46326000.99916458,13.324285955560926,0.0,1.3815135910642091e-05,mid,False,False,False,False,False
HWC,4184,14321912.187194824,18.711017227836074,0.0,4.468677028841316e-05,mid,False,False,False,False,False
HXL,4184,27985385.313034058,6.977335896229293,0.0,2.286907944418843e-05,mid,False,False,False,False,False
IBOC,4184,4991182.102775574,18.946306952643468,0.0,0.00012822613697947404,mid,False,False,False,False,False
IDA,4184,14759253.007507324,11.52819060925344,0.0,4.336262815431531e-05,mid,False,False,False,False,False
IDCC,4184,16029738.446235657,19.234645520615256,0.0,3.992579181167453e-05,mid,False,False,False,False,False
IESC,4184,576731.4971923828,22.1712329848636,0.010516252390057362,0.0011097018337226558,mid,True,True,True,True,False
ILMN,4184,201739698.4814453,18.817039206276625,0.0,3.1724048604090828e-06,mid,False,False,False,False,False
INGR,4184,30904380.887031555,12.369992293350386,0.0,2.0709038059667588e-05,mid,False,False,False,False,False
IPGP,4184,29318044.97089386,10.991184193834602,0.0,2.1829559257289297e-05,mid,False,False,False,False,False
IRT,3276,5792128.713154793,13.538957201050685,0.0009157509157509158,0.00011049478209047116,mid,False,False,False,False,False
ITT,4184,31074648.266601562,3.7947963262478916,0.0,2.059556698789282e-05,mid,False,False,False,False,False
JAZZ,4184,68084150.82244873,22.167809404445443,0.0002390057361376673,9.400131928927267e-06,mid,False,False,False,False,False
JEF,4184,29735907.747558594,7.296428505322515,0.0,2.1522800159095393e-05,mid,False,False,False,False,False
JLL,4184,42161029.68902588,10.554172475592239,0.0,1.5179894910550203e-05,mid,False,False,False,False,False
KBH,4184,48278629.2552948,13.266373030977617,0.0,1.3256382997448299e-05,mid,False,False,False,False,False
KBR,4184,35093197.474479675,7.71215580644701,0.0,1.823715266941458e-05,mid,False,False,False,False,False
KD,1212,36151218.80912781,12.64506483116468,0.0,1.7703414188580734e-05,mid,False,False,False,True,True
KEX,4184,29348939.55230713,12.034255781119136,0.0,2.1806580059199767e-05,mid,False,False,False,False,False
KNF,806,34080572.75352478,13.618644661451805,0.0,1.8779027119895103e-05,mid,False,False,False,True,True
KNSL,2531,24007875.634765625,22.70525955871897,0.0,2.665791883198615e-05,mid,False,False,False,False,False
KNX,4184,49467786.03439331,15.759915706172714,0.0,1.2937712626860422e-05,mid,False,False,False,False,False
KRC,4184,25016512.85057068,11.895988400973195,0.0,2.558310200238001e-05,mid,False,False,False,False,False
KRG,4184,7025806.6653728485,18.174833711864167,0.0,9.109274286670629e-05,mid,False,False,False,False,False
KRYS,2242,11722776.797676086,44.25784040518924,0.00044603033006244426,5.45945735422407e-05,mid,False,False,False,False,False
KTOS,4184,9672018.609428406,21.16990028069789,0.0,6.617026143602742e-05,mid,False,False,False,False,False
LAD,4184,28093167.34161377,18.212880406381906,0.0,2.278134011083836e-05,mid,False,False,False,False,False
LAMR,4184,25563063.19627762,14.635840497202027,0.0,2.503612321754906e-05,mid,False,False,False,False,False
LEA,4184,59004795.99189758,4.6655953001480714,0.0,1.084657593067322e-05,mid,False,False,False,False,False
LECO,4184,23526898.73008728,12.511816439026793,0.0,2.7202905378325047e-05,mid,False,False,False,False,False
LIVN,2726,25061050.816345215,22.187088242539474,0.0,2.553763625835601e-05,mid,False,False,False,False,False
LNTH,2806,10994382.62500763,36.97766944085108,0.0,5.8211545097972784e-05,mid,False,False,False,False,False
LOPE,4184,18439740.47203064,21.597877638769017,0.0,3.470764683324858e-05,mid,False,False,False,False,False
LPX,4184,39396356.300640106,15.970173552524678,0.0,1.624515716925835e-05,mid,False,False,False,False,False
LSCC,4184,14873319.620513916,25.360354750167275,0.0,4.3030071048650415e-05,mid,False,False,False,False,False
LSTR,4184,26404233.693885803,16.89299241271171,0.0,2.4238537176263487e-05,mid,False,False,False,False,False
M,4184,138320554.06608582,14.58253814954743,0.0,4.626933461343896e-06,mid,False,False,False,False,False
MANH,4184,28269143.780517578,16.21256425302068,0.0,2.2639525447568483e-05,mid,False,False,False,False,False
MAT,4184,66699430.739593506,15.306977901403867,0.0,9.595284291085997e-06,mid,False,False,False,False,False
MEDP,2521,38913643.43261719,23.612941368161017,0.0,1.6446673802421588e-05,mid,False,False,False,False,False
MIDD,4184,43518261.76028824,17.065504303650766,0.0,1.470646974654718e-05,mid,False,False,False,False,False
MKSI,4184,30789443.662643433,13.00558789585603,0.0,2.078634505424684e-05,mid,False,False,False,False,False
MLI,4184,6188683.024215698,11.132876405777944,0.0,0.00010341457099931342,mid,False,False,False,False,False
MMS,4184,18323476.852798462,12.908501439927843,0.0,3.49278690469847e-05,mid,False,False,False,False,False
MOH,4184,64164980.47332764,19.23782809178685,0.0,9.974288081737013e-06,mid,False,False,False,False,False
MORN,4184,8378000.450134277,17.20786754784247,0.0,7.639054256552856e-05,mid,False,False,False,False,False
MP,1550,72922083.89482498,7.373836698334115,0.0,8.776490821670257e-06,mid,False,False,False,False,False
MSA,4184,9823288.50402832,13.848243677564877,0.0,6.515129833940536e-05,mid,False,False,False,False,False
MSM,4184,22431631.565856934,10.9465159048861,0.0,2.8531139080143444e-05,mid,False,False,False,False,False
MTDR,3659,35704580.67340851,14.702163946848888,0.0,1.7924870924941265e-05,mid,False,False,False,False,False
MTG,4184,33142809.50164795,15.592935639931094,0.0,1.9310372585286635e-05,mid,False,False,False,False,False
MTN,4184,43281318.36929321,15.015498035042897,0.0,1.4786980251832178e-05,mid,False,False,False,False,False
MTSI,3630,18612260.655593872,19.783111922538147,0.0002754820936639118,3.4385935800208635e-05,mid,False,False,False,False,False
MTZ,4184,35484546.70352936,15.129365420751505,0.0,1.8036020168079092e-05,mid,False,False,False,False,False
MUR,4184,52632958.64124298,6.984145581239615,0.0,1.2159681243883153e-05,mid,False,False,False,False,False
MUSA,3272,35081689.550971985,20.385417824997205,0.0,1.8243135042572883e-05,mid,False,False,False,False,False
MZTI,4184,11116593.173217773,19.14557524686329,0.0,5.757159500465444e-05,mid,False,False,False,False,False
NBIX,4184,51072281.814575195,35.0893192461599,0.0,1.2531259173490746e-05,mid,False,False,False,False,False
NEU,4184,12726593.089294434,16.622163358977467,0.0,5.0288399692637755e-05,mid,False,False,False,False,False
NFG,4184,19668375.329971313,13.769080532820407,0.0,3.2539545807057436e-05,mid,False,False,False,False,False
NJR,4184,12115817.094993591,13.919488489950608,0.0,5.282351119879947e-05,mid,False,False,False,False,False
NLY,4184,38994933.79585743,9.479736290130608,0.0,1.641238842333897e-05,mid,False,False,False,False,False
NNN,4184,27331457.870292664,11.55019533527281,0.0,2.3416240840033423e-05,mid,False,False,False,False,False
NOV,4184,103053514.51034546,10.085060446202037,0.0,6.210365585695294e-06,mid,False,False,False,False,False
NOVT,4184,7574487.480640411,23.163792815035396,0.0,8.449416566279531e-05,mid,False,False,False,False,False
NTNX,2486,82824130.63545227,19.00435517400043,0.0,7.727216634689946e-06,mid,False,False,False,False,False
NVST,1741,50160956.77871704,24.159512563155552,0.0,1.2758927283291927e-05,mid,False,False,False,False,False
NVT,2094,35050932.34214783,10.701514408473958,0.0,1.8259143401741036e-05,mid,False,False,False,False,False
NWE,4184,11148946.801567078,10.199261950470056,0.0,5.74045254131128e-05,mid,False,False,False,False,False
NXST,4184,27797826.263809204,21.272323080335624,0.0,2.3023382977007613e-05,mid,False,False,False,False,False
NXT,886,122237342.12360382,28.500244854890976,0.0,5.235715934929651e-06,mid,False,False,False,True,True
NYT,4184,27095201.657485962,18.609953676338364,0.0,2.362041840803862e-05,mid,False,False,False,False,False
OC,4184,61374255.197525024,9.554374532464957,0.0,1.0427825118858772e-05,mid,False,False,False,False,False
OGE,4184,27185113.25941086,10.438400269598958,0.0,2.3542296619950508e-05,mid,False,False,False,False,False
OGS,3168,15129015.800857544,13.633134532124553,0.0,4.2302817871584445e-05,mid,False,False,False,False,False
OHI,4184,28243775.687599182,11.489959803274031,0.0,2.265985989546719e-05,mid,False,False,False,False,False
OKTA,2356,199931629.11987305,19.423060947328214,0.0,3.2010943081760967e-06,mid,False,False,False,False,False
OLED,4184,45362418.79577637,16.27420693530981,0.0,1.4108595110003031e-05,mid,False,False,False,False,False
OLLI,2792,63323279.77485657,25.997140961182343,0.0,1.0106867526058265e-05,mid,False,False,False,False,False
OLN,4184,35240160.891103745,7.774849001455824,0.0,1.8161097560753924e-05,mid,False,False,False,False,False
ONB,4184,9557302.925395966,18.70156664973191,0.0,6.696449877081659e-05,mid,False,False,False,False,False
ONTO,1713,33061950.1953125,0.0,0.0011675423234092236,1.9357599785228e-05,mid,False,False,False,False,False
OPCH,4184,5089310.437774658,37.58455255738049,0.0,0.0001257537750595236,mid,False,False,False,False,False
ORA,4184,9565957.539367676,12.35820851304083,0.0,6.690391394339233e-05,mid,False,False,False,False,False
ORI,4184,16584642.021560669,10.34940892322308,0.0,3.858991946693667e-05,mid,False,False,False,False,False
OSK,4184,37301103.99799347,7.8345546681480345,0.0,1.7157669114416223e-05,mid,False,False,False,False,False
OVV,4184,86792711.13916397,5.890142654660079,0.0,7.373891097534907e-06,mid,False,False,False,False,False
OZK,4184,21456104.593372345,17.393592827763843,0.0,2.9828340797597153e-05,mid,False,False,False,False,False
P,2735,78722617.5321579,10.913841305859595,0.00036563071297989033,8.129810975080477e-06,mid,False,False,False,False,False
PAG,4184,15866155.520629883,12.213107108493661,0.0,4.033743392769871e-05,mid,False,False,False,False,False
PATH,1341,136827367.893219,6.9362549407023675,0.0,4.677426817853138e-06,mid,False,False,False,False,False
PB,4184,19580782.103729248,13.945037273205198,0.0,3.2685109134538046e-05,mid,False,False,False,False,False
PBF,3442,48438797.81756401,21.67445666250945,0.0,1.321254921334845e-05,mid,False,False,False,False,False
PCTY,3126,38175852.36282349,23.502087675427713,0.0,1.6764524179249147e-05,mid,False,False,False,False,False
PEGA,4184,12800612.899398804,17.42386349020193,0.0,4.9997605976355895e-05,mid,False,False,False,False,False
PEN,2747,52316977.85949707,14.799851832692335,0.0,1.2233122519400673e-05,mid,False,False,False,False,False
PFGC,2739,43403098.29711914,18.434698526351646,0.0003650967506389193,1.4745491108004141e-05,mid,False,False,False,False,False
PII,4184,50773937.78553009,13.30777837038246,0.0,1.260489195664457e-05,mid,False,False,False,False,False
PINS,1846,303757871.56705856,17.30570944589157,0.0,2.106941284182364e-06,mid,False,False,False,False,False
PK,2421,32109322.790145874,13.971255122238544,0.0,1.993190588860415e-05,mid,False,False,False,False,False
PLNT,2777,69202754.8828125,15.399682732177666,0.0,9.248186738862809e-06,mid,False,False,False,False,False
PNFP,4184,16249863.17062378,18.477545885854514,0.0,3.938494701647586e-05,mid,False,False,False,False,False
POR,4184,18644736.79523468,10.37767111777556,0.0,3.432604101783698e-05,mid,False,False,False,False,False
POST,3663,43324915.50438309,15.532793687845178,0.001638001638001638,1.4772100361863431e-05,mid,False,False,False,False,False
PPC,4184,16921294.62032318,20.020832028102095,0.0,3.7822165168812395e-05,mid,False,False,False,False,False
PR,2603,40485252.82831192,16.246399622057364,0.01152516327314637,1.580822534847649e-05,mid,False,False,True,True,False
PRI,4123,16651543.553161621,10.75578076655169,0.0,3.843487529890185e-05,mid,False,False,False,False,False
PSN,1833,22414780.932998657,17.419372254390396,0.0,2.8552587772910283e-05,mid,False,False,False,False,False
PVH,4184,84354151.14517212,6.564411824683465,0.0,7.587059929019621e-06,mid,False,False,False,False,False
QLYS,3493,26926939.041137695,24.808142758483413,0.0,2.3768019046733774e-05,mid,False,False,False,False,False
R,4184,28719270.15914917,8.32334420626273,0.0,2.228468886755862e-05,mid,False,False,False,False,False
RBA,4184,14322288.178634644,11.851095459770459,0.0,4.4685597162799986e-05,mid,False,False,False,False,False
RBC,4184,9884490.514755249,20.168053081171195,0.0,6.474789965599427e-05,mid,False,False,False,False,False
REXR,3293,24376790.7081604,15.996921197189295,0.0,2.6254481472237154e-05,mid,False,False,False,False,False
RGA,4184,33185425.216674805,11.841752211481156,0.0,1.9285574791382116e-05,mid,False,False,False,False,False
RGEN,4184,15355135.84651947,30.83027567053866,0.0,4.167986570728178e-05,mid,False,False,False,False,False
RGLD,4184,41951992.66471863,12.685717851394488,0.0,1.5255532797092524e-05,mid,False,False,False,False,False
RH,3470,126208746.9406128,20.4969699828119,0.0,5.070963903168695e-06,mid,False,False,False,False,False
RLI,4184,7343072.317886353,13.876109924721113,0.0,8.715697902648726e-05,mid,False,False,False,False,False
RMBS,4184,12398519.152069092,15.801841250548621,0.0,5.1619067741101596e-05,mid,False,False,False,False,False
RNR,4184,40367768.42651367,12.17148919621353,0.0,1.585423284334058e-05,mid,False,False,False,False,False
ROIV,1432,36694634.14430618,19.57149269287711,0.0,1.7441242157725866e-05,mid,False,False,False,False,False
ROKU,2236,502799236.7448807,22.74724494878873,0.0,1.2728738494977763e-06,mid,False,False,False,False,False
RPM,4184,31547013.284301758,8.983091065087129,0.0,2.0287181998255063e-05,mid,False,False,False,False,False
RRC,4184,101503918.28145981,18.0435781034562,0.0,6.305175315748369e-06,mid,False,False,False,False,False
RRX,4184,21112749.91168976,6.775889108797747,0.0,3.0313436320563968e-05,mid,False,False,False,False,False
RS,4184,36881467.25234985,9.510105593485864,0.0,1.735288879970531e-05,mid,False,False,False,False,False
RYAN,1277,35857269.08302307,21.373069862901332,0.0,1.7848542746469596e-05,mid,False,False,False,False,False
RYN,4184,14091927.282333374,11.590953342463148,0.0,4.541607313020617e-05,mid,False,False,False,False,False
SAIA,4184,13936679.636573792,19.95423077733846,0.0,4.592198548644678e-05,mid,False,False,False,False,False
SAIC,3253,24049875.198364258,16.56665968205498,0.0,2.6611364704442596e-05,mid,False,False,False,False,False
SAM,4184,30077412.870788574,17.5882479248374,0.0,2.127842586559608e-05,mid,False,False,False,False,False
SANM,4184,13863393.96495819,18.651684335933997,0.0,4.616474159341472e-05,mid,False,False,False,False,False
SARO,473,56552466.41407013,8.33449335658005,0.0,1.1316924629139948e-05,mid,False,False,False,True,True
SBRA,4184,12045718.992948532,20.687658197403465,0.0,5.313090902873053e-05,mid,False,False,False,False,False
SCI,4184,31346119.258880615,9.813753273270038,0.0,2.0417200442401898e-05,mid,False,False,False,False,False
SEIC,4184,25769045.747089386,14.211132328224366,0.0,2.4835999217095108e-05,mid,False,False,False,False,False
SF,4184,20727488.69483471,5.735039830054899,0.0,3.087687126127769e-05,mid,False,False,False,False,False
SFM,3284,47923608.24689865,22.186248294340924,0.0,1.3354587089994778e-05,mid,False,False,False,False,False
SGI,4184,56722249.33319092,15.750206632242222,0.0,1.1283050434770138e-05,mid,False,False,False,False,False
SHC,1443,15802950.117588043,26.164605335843113,0.0,4.049876733380978e-05,mid,False,False,False,False,False
SIGI,4184,8873695.611763,18.019934023946437,0.0,7.212327625387711e-05,mid,False,False,False,False,False
SIRI,4184,90287684.1983223,18.86637281419426,0.0,7.08845293444676e-06,mid,False,False,False,False,False
SITM,1696,28845065.295410156,14.835767225681712,0.0,2.2187503943762513e-05,mid,False,False,False,False,False
SLAB,4184,24071987.551116943,16.03043963484439,0.0,2.6586919698299027e-05,mid,False,False,False,False,False
SLGN,4184,12302218.127441406,13.388861714725643,0.0,5.2023138703126384e-05,mid,False,False,False,False,False
SLM,4184,36045666.16094923,17.915476196082736,0.0,1.7755255157230423e-05,mid,False,False,False,False,False
SMG,4184,26842085.403823853,11.789589875648781,0.0,2.384315489543995e-05,mid,False,False,False,False,False
SMTC,4184,18488497.858142853,15.487290700780902,0.0,3.461611672892755e-05,mid,False,False,False,False,False
SN,769,118507328.68041992,28.382551883643004,0.0,5.400509885138795e-06,mid,False,False,False,True,True
SNX,4184,21700101.119995117,10.921136075639888,0.0,2.9492950123180993e-05,mid,False,False,False,False,False
SOLS,211,150046913.6795044,21.261233642999674,0.0,4.265332650340415e-06,mid,False,False,False,True,True
SON,4184,16271597.053527832,9.932896903473361,0.0,3.933234075884654e-05,mid,False,False,False,False,False
SPXC,4184,18089397.057949066,9.334020436151535,0.0,3.53798414590476e-05,mid,False,False,False,False,False
SR,4184,10993204.721069336,14.398252687287602,0.0,5.8217782369993527e-05,mid,False,False,False,False,False
SSB,4184,8164339.69039917,18.49282870753656,0.0002390057361376673,7.838968297125192e-05,mid,False,False,False,False,False
SSD,4184,10527982.555389404,12.124703134980765,0.0,6.0790374284233224e-05,mid,False,False,False,False,False
ST,4138,39915605.043792725,5.142618052417263,0.0,1.6033829358162926e-05,mid,False,False,False,False,False
STAG,3860,15492436.834287643,13.901611183638158,0.0,4.1310479871285384e-05,mid,False,False,False,False,False
STRL,4184,1857790.9917593002,28.764176970129196,0.0,0.0003444951573341033,mid,False,False,False,False,False
STWD,4184,18673427.06475258,10.660312418435,0.0,3.4273301723390964e-05,mid,False,False,False,False,False
SWX,4184,12633114.989566803,13.405900721886573,0.0,5.066050617987337e-05,mid,False,False,False,False,False
SYNA,4184,32920237.18547821,21.77852950140141,0.0,1.9440929188758004e-05,mid,False,False,False,False,False
TCBI,4184,23558534.567260742,17.545035331717486,0.0,2.7166375657737512e-05,mid,False,False,False,False,False
TEX,4184,37971022.413253784,5.641262025274222,0.0,1.6854958316229274e-05,mid,False,False,False,False,False
THC,4184,60645435.747528076,20.226502534890795,0.0,1.0553143729799757e-05,mid,False,False,False,False,False
THG,4184,15221630.256652832,11.300357886858428,0.0,4.204543069361962e-05,mid,False,False,False,False,False
THO,4184,37308029.135131836,11.0163584679773,0.0,1.7154484298323106e-05,mid,False,False,False,False,False
TKR,4184,29189527.116203308,4.946659042364221,0.0,2.1925672089587625e-05,mid,False,False,False,False,False
TLN,808,169020846.83303833,10.418174938905294,0.0037128712871287127,3.7865151665711563e-06,mid,False,False,False,True,True
TNL,4184,38076516.41084385,5.16417568071691,0.0,1.6808260322305476e-05,mid,False,False,False,False,False
TOL,4184,77481101.17397308,15.781594885218176,0.0,8.260078784411809e-06,mid,False,False,False,False,False
TOST,1234,160426029.2233467,18.02488547167941,0.0,3.989377553619966e-06,mid,False,False,False,True,True
TREX,4184,27403367.474746704,15.016638677971983,0.0,2.3354793916834692e-05,mid,False,False,False,False,False
TRU,2806,87172299.76539612,11.48979004030848,0.0,7.341781755470608e-06,mid,False,False,False,False,False
TTC,4184,24707403.49960327,11.142818695855661,0.0,2.5903167041015723e-05,mid,False,False,False,False,False
TTEK,4184,15565659.976005554,16.22948837055418,0.0,4.111614933042089e-05,mid,False,False,False,False,False
TTMI,4184,8976393.319749832,18.80993322334493,0.0,7.129812355613629e-05,mid,False,False,False,False,False
TWLO,2555,272166348.79989624,16.44149179356979,0.0,2.351503052534039e-06,mid,False,False,False,False,False
TXNM,4184,14185524.349880219,9.608466577146562,0.0,4.5116414748912975e-05,mid,False,False,False,False,False
TXRH,4184,34655111.85588837,17.29625953987389,0.0,1.8467693962766864e-05,mid,False,False,False,False,False
UBSI,4184,10843264.762973785,19.249155360123176,0.0,5.902281406845209e-05,mid,False,False,False,False,False
UFPI,4184,10191070.851516724,22.37338449641629,0.0,6.280007364532743e-05,mid,False,False,False,False,False
UGI,4184,26058575.655078888,10.705818119614637,0.0,2.4560053030959204e-05,mid,False,False,False,False,False
ULS,592,43237969.5148468,29.873789113623985,0.0,1.4801805153691145e-05,mid,False,False,False,True,True
UMBF,4184,11052071.271896362,19.539694212503868,0.0,5.790769750349122e-05,mid,False,False,False,False,False
UNM,4184,44495234.11369324,7.495732505980105,0.0,1.4383562930912694e-05,mid,False,False,False,False,False
USFD,2574,68322533.26721191,13.551884238342039,0.0,9.367334163341641e-06,mid,False,False,False,False,False
UTHR,4184,61637049.16381836,27.27331017575034,0.0,1.0383365340852288e-05,mid,False,False,False,False,False
VAL,1333,51619517.23022461,17.61412956588767,0.0,1.239841118903884e-05,mid,False,False,False,False,False
VC,3994,28390420.933151245,9.820737355672714,0.0007511266900350526,2.2542814758081927e-05,mid,False,False,False,False,False
VFC,4184,103836227.29845047,6.808132683153124,0.0,6.163552130611265e-06,mid,False,False,False,False,False
VIAV,4184,29097118.69604826,16.04092989192203,0.0,2.1995304988288058e-05,mid,False,False,False,False,False
VICR,4184,3724870.8560943604,24.629054957338358,0.0,0.00017181803738319651,mid,False,False,False,False,False
VLY,4184,13476955.170726776,15.348245246496097,0.0,4.748847138633663e-05,mid,False,False,False,False,False
VMI,4184,20795593.38760376,10.508041672965422,0.0,3.077575080793336e-05,mid,False,False,False,False,False
VNO,4184,53014865.828100204,12.696505394911728,0.0,1.2072085631135785e-05,mid,False,False,False,False,False
VNOM,3063,7160478.332519531,29.73778085714952,0.0,8.937950375373953e-05,mid,False,False,False,False,False
VNT,1484,31194572.486114502,15.22959989821065,0.0006738544474393531,2.0516389518878013e-05,mid,False,False,False,False,False
VOYA,3347,57011611.14845276,11.132123805904044,0.0,1.1225783434421832e-05,mid,False,False,False,False,False
VVV,2491,35461912.36495972,11.478399967270814,0.0,1.8047532051102542e-05,mid,False,False,False,False,False
WAL,4184,25763136.831474304,14.978597342677215,0.0,2.4841695488653574e-05,mid,False,False,False,False,False
WBS,4172,20153578.543462753,9.284550356613469,0.0007190795781399808,3.175614686095526e-05,mid,False,False,False,False,False
WCC,4184,36397603.01609039,9.005347008382158,0.0,1.7583575482074284e-05,mid,False,False,False,False,False
WEX,4184,40546872.7355957,11.368843533712573,0.0,1.5784201266850113e-05,mid,False,False,False,False,False
WFRD,1415,49250279.539871216,23.12315895006192,0.0,1.2994850099924399e-05,mid,False,False,False,False,False
WH,2075,50967053.75328064,10.622866877864924,0.00048192771084337347,1.255713157558778e-05,mid,False,False,False,False,False
WHR,4184,85821064.6118164,8.893272937168797,0.0,7.457376611381265e-06,mid,False,False,False,False,False
WING,2815,52233698.74572754,27.167488495587715,0.0,1.2252626472337436e-05,mid,False,False,False,False,False
WLK,4184,42010324.75090027,4.687246488856926,0.0,1.5234350217354247e-05,mid,False,False,False,False,False
WMG,1563,38067073.47793579,20.869070136880698,0.0,1.6812429785834547e-05,mid,False,False,False,False,False
WMS,3037,24148326.006889343,13.907465581436659,0.0,2.650287228263411e-05,mid,False,False,False,False,False
WPC,4184,20089716.079216003,13.632959882544897,0.0,3.185709531565345e-05,mid,False,False,False,False,False
WSO,4184,26090754.133987427,15.487002698165432,0.0,2.4529762409829945e-05,mid,False,False,False,False,False
WTFC,4184,18257431.30645752,17.492346458767212,0.0,3.5054219252279845e-05,mid,False,False,False,False,False
WTRG,4184,19924683.407592773,11.147318397649673,0.0,3.2120962070399215e-05,mid,False,False,False,False,False
WTS,4184,10632162.126922607,11.355607667351832,0.0,6.0194717909671564e-05,mid,False,False,False,False,False
WWD,4184,20051669.073486328,15.773514023789089,0.0,3.191754250753376e-05,mid,False,False,False,False,False
XPO,4184,64626149.654836655,19.011376644948776,0.0,9.903112028462028e-06,mid,False,False,False,False,False
XRAY,4184,50622094.89631653,12.442191235280445,0.0,1.2642700807045601e-05,mid,False,False,False,False,False
YETI,1965,55080522.33581543,6.657199346310404,0.0,1.1619352410967387e-05,mid,False,False,False,False,False
ZION,4184,62791257.50312805,11.22077533938421,0.0,1.0192501718382011e-05,mid,False,False,False,False,False
AAMI,2984,5319711.518192291,16.158505826558113,0.0,0.00012030727565044363,small,False,False,False,False,False
AAP,4184,98044536.37275696,14.831687346487223,0.0,6.527645738124301e-06,small,False,False,False,False,False
AAT,3924,5188825.552749634,15.918262238262825,0.0,0.00012334197661759022,small,False,False,False,False,False
ABCB,4184,8129274.900436401,19.375192954521374,0.0,7.872780879456335e-05,small,False,False,False,False,False
ABG,4184,18549556.745147705,15.05054707032701,0.0,3.450217214313839e-05,small,False,False,False,False,False
ABM,4184,9585517.703151703,14.88473016057636,0.0,6.676739012120013e-05,small,False,False,False,False,False
ABR,4184,2815231.6583156586,19.355839905999158,0.0,0.00022733475524458593,small,False,False,False,False,False
ACA,1958,14032098.484039307,10.726842791366566,0.0,4.560971409429336e-05,small,False,False,False,False,False
ACAD,4184,31796136.179351807,36.3168119790216,0.0002390057361376673,2.0128231820054023e-05,small,False,False,False,False,False
ACHC,4184,27232650.569152832,26.296472486034094,0.0016730401529636712,2.3501201191372296e-05,small,False,False,False,False,False
ACIW,4184,14012757.850551605,17.028761770245605,0.0,4.567266535436539e-05,small,False,False,False,False,False
ACLS,4184,4784016.093528271,30.467152673216788,0.0,0.00013377881417785787,small,False,False,False,False,False
ACMR,2211,16184750.547409058,14.324221874211682,0.0,3.954339599645264e-05,small,False,False,False,False,False
ACT,1238,6436382.421112061,13.238153812396153,0.0,9.943473804488805e-05,small,False,False,False,True,True
ADAM,4184,2517513.041073084,16.06536647320764,0.0,0.00025421913990451525,small,False,False,False,False,False
ADEA,4184,5818671.476703882,21.061900396752037,0.0004780114722753346,0.00010999074317262235,small,False,False,False,False,False
ADIG,17,33458859.029388428,36.72067341904152,0.0,1.9127968453373114e-05,small,False,False,False,True,True
ADMA,3230,2916724.991095066,33.54381993371105,0.01021671826625387,0.00021942418361482754,small,False,False,True,True,False
ADNT,2475,30139199.771881104,6.434973608006684,0.00040404040404040404,2.123480400422241e-05,small,False,False,False,False,False
ADT,2159,18823316.076660156,16.827752333337266,0.0,3.400038534089983e-05,small,False,False,False,False,False
ADUS,4184,4004301.5056610107,25.871566044642588,0.0004780114722753346,0.00015982812460430646,small,False,False,False,False,False
AEO,4184,57219895.65372467,17.608507363732922,0.0,1.1184920781279682e-05,small,False,False,False,False,False
AESI,867,17640012.946891785,17.6225889639626,0.0,3.628115250974176e-05,small,False,False,False,True,True
AGNT,2146,9392227.149534225,29.327385711053182,0.0,6.814145248092073e-05,small,False,False,False,False,False
AGO,4184,23237489.176940918,9.095855220451885,0.0,2.7541701907927573e-05,small,False,False,False,False,False
AGX,4184,3038617.9586410522,20.972462154472495,0.0007170172084130019,0.00021062206855587215,small,False,False,False,False,False
AGYS,4184,1385028.9702892303,24.67158842017966,0.0,0.0004620841973192454,small,False,False,False,False,False
AHCO,2068,9646991.960382462,4.676080220063515,0.08172147001934237,6.634192322625577e-05,small,False,False,True,True,False
AIN,4184,5992746.470546722,15.921207928727561,0.0,0.00010679577438249484,small,False,False,False,False,False
AIR,4184,7639317.406463623,13.418615991972139,0.0,8.377711854968826e-05,small,False,False,False,False,False
AKR,4184,7931773.717403412,14.603006171141725,0.0,8.068813140694511e-05,small,False,False,False,False,False
ALG,4184,3800269.6060180664,20.49492920228942,0.0,0.0001684091041821093,small,False,False,False,False,False
ALGT,4184,17809197.722625732,23.375555493083674,0.0,3.593648686301633e-05,small,False,False,False,False,False
ALHC,1358,9461126.715803146,33.51719028596362,0.0,6.7645220196765e-05,small,False,False,False,False,False
ALKS,4184,34050783.208465576,27.165688330935026,0.0002390057361376673,1.879545607165023e-05,small,False,False,False,False,False
ALRM,2805,15815525.714111328,21.210646315371903,0.0,4.046656504304267e-05,small,False,False,False,False,False
AMN,4184,18456254.370498657,22.717446564052924,0.0,3.4676591856200576e-05,small,False,False,False,False,False
AMPH,3058,5118260.130310059,31.501311446838308,0.0,0.0001250424917268184,small,False,False,False,False,False
AMR,1391,41477280.364990234,32.691594533733166,0.0,1.5430134144962055e-05,small,False,False,False,False,False
AMRX,2085,6849314.73608017,28.268097704676535,0.0,9.344000453485788e-05,small,False,False,False,False,False
AMSF,4184,2124091.9525146484,22.324421381527483,0.0,0.00030130522327073613,small,False,False,False,False,False
AMTM,479,45113750.0,27.334842042490024,0.0,1.4186362250976697e-05,small,False,False,False,True,True
ANDE,4184,5237510.857009888,22.478727901085946,0.0,0.0001221954507537533,small,False,False,False,False,False
ANIP,4184,4907900.007476807,42.18202442995147,0.0,0.00013040200473216844,small,False,False,False,False,False
AORT,4184,2285257.886981964,26.76732248172651,0.0,0.0002800559200105065,small,False,False,False,False,False
AOSL,4104,1499413.4743213654,25.43716251150993,0.0,0.0004268335658979349,small,False,False,False,False,False
APAM,3386,8314940.672016144,10.604968149808155,0.0,7.696988171592301e-05,small,False,False,False,False,False
APLE,2833,17684654.0851593,13.619661365374082,0.0,3.6189568476608115e-05,small,False,False,False,False,False
APOG,4184,5420848.897361755,18.651559734077008,0.0,0.00011806268946391003,small,False,False,False,False,False
ARCB,4184,9747839.936447144,24.00704096738839,0.0,6.565557130324247e-05,small,False,False,False,False,False
ARLO,2023,6643564.018154144,30.167887966507664,0.0,9.633383500951322e-05,small,False,False,False,False,False
AROC,4184,7363238.688659668,17.376018752502073,0.0,8.691827428950281e-05,small,False,False,False,False,False
ARR,4184,4261295.913314819,11.159591265633862,0.0016730401529636712,0.0001501890535224883,small,False,False,False,False,False
ASO,1478,70844310.48641205,21.107138049125265,0.0,9.033894120865954e-06,small,False,False,False,False,False
ASTE,4184,4335888.3991241455,20.3245383439541,0.0,0.00014760527511023595,small,False,False,False,False,False
ASTH,4184,278999.9937057495,0.0,0.2447418738049713,0.0022939068617864673,small,True,True,True,True,False
ATEN,3124,4629449.500322342,25.692135968286312,0.0,0.00013824537884157451,small,False,False,False,False,False
ATMU,812,27024017.983436584,26.544229990003828,0.0,2.3682636697187863e-05,small,False,False,False,True,True
AUB,4184,4715163.296031952,21.67566981101077,0.0,0.00013573230868559576,small,False,False,False,False,False
AVA,4184,9948207.724571228,12.373307989852231,0.0,6.433319626200148e-05,small,False,False,False,False,False
AWI,4184,23621447.93777466,10.035070686643028,0.0,2.7094020725822343e-05,small,False,False,False,False,False
AWR,4184,8095990.69442749,16.568697248121975,0.0,7.9051474261268e-05,small,False,False,False,False,False
AX,4184,13394800.941848755,17.561656850881526,0.0,4.777973206010682e-05,small,False,False,False,False,False
AZTA,4184,13235565.922164917,20.647104733644245,0.0,4.835456252975365e-05,small,False,False,False,False,False
AZZ,4184,4981438.726615906,15.736881090352961,0.0,0.00012847693911810455,small,False,False,False,False,False
BANC,4184,3911128.579044342,19.474671116160426,0.0038240917782026767,0.00016363563280151217,small,False,False,False,False,False
BANF,4184,2040765.2256011963,19.068603868484924,0.0,0.00031360785256984185,small,False,False,False,False,False
BANR,4184,5294604.895591736,21.24368747722721,0.0,0.00012087776380308587,small,False,False,False,False,False
BBT,4184,3637885.2012634277,16.04779007596112,0.0,0.00017592638706073784,small,False,False,False,False,False
BCC,3406,10980366.678237915,16.39320834323104,0.0,5.828584953072848e-05,small,False,False,False,False,False
BCPC,4184,8413987.705230713,22.08761974396938,0.0,7.606381449810439e-05,small,False,False,False,False,False
BFAM,3414,27909710.50338745,17.693180854192054,0.0,2.2931087010820913e-05,small,False,False,False,False,False
BFH,4184,67394906.57679749,10.855996780314227,0.0,9.496266595023923e-06,small,False,False,False,False,False
BFS,4184,1091167.819404602,20.157897092313547,0.0,0.0005865275612226332,small,False,False,False,False,False
BGC,4184,7860821.827581406,20.8889573661113,0.0,8.141642363072275e-05,small,False,False,False,False,False
BHE,4184,5210744.806051254,12.575516740542271,0.0,0.00012282313255041123,small,False,False,False,False,False
BJRI,4184,11838588.324737549,20.795109606809742,0.0,5.406049965118525e-05,small,False,False,False,False,False
BKE,4184,5661031.894540787,19.921685774717673,0.0,0.00011305359374802033,small,False,False,False,False,False
BKU,3914,17820863.465881348,13.698691526844026,0.0,3.591296242324632e-05,small,False,False,False,False,False
BL,2466,29695234.840774536,25.164643533716575,0.0,2.1552279462737765e-05,small,False,False,False,False,False
BLFS,4184,1132152.4830818176,5.03659699385459,0.052581261950286805,0.0005652948781756538,small,False,False,True,True,False
BLKB,4184,12664440.658950806,20.19229830676091,0.0,5.053519671614311e-05,small,False,False,False,False,False
BMI,4184,6032456.890678406,17.67424968029724,0.0,0.00010609275981548309,small,False,False,False,False,False
BNL,1489,14045275.644016266,17.44470269069675,0.0,4.556692344252143e-05,small,False,False,False,False,False
BOH,4184,11763808.585739136,10.742760613690992,0.0,5.440414941601908e-05,small,False,False,False,False,False
BOOT,2969,27069626.629638672,26.9647458587973,0.0,2.3642734669242195e-05,small,False,False,False,False,False
BOX,2912,36131974.48577881,19.72047472965857,0.0,1.7712843239494085e-05,small,False,False,False,False,False
BRC,4184,7046509.676265717,13.253573024900037,0.0,9.082510766368049e-05,small,False,False,False,False,False
BTU,2360,46488492.40016937,23.30570337852832,0.0,1.3766847814528575e-05,small,False,False,False,False,False
BXMT,4184,10636936.433315277,14.58962796563651,0.0,6.016769997755147e-05,small,False,False,False,False,False
CACC,4184,28356288.053894043,20.825616872962648,0.0,2.2569949874384623e-05,small,False,False,False,False,False
CAG,4184,83092931.7802968,12.978226972574713,0.0,7.702219506373927e-06,small,False,False,False,False,False
CAKE,4184,29070942.812919617,17.098381967750232,0.0,2.201510986824869e-05,small,False,False,False,False,False
CALM,4184,11335146.19216919,23.36911045442073,0.0,5.646155675011406e-05,small,False,False,False,False,False
CALX,4129,4278975.94909668,26.646408368166675,0.0,0.00014956849667152448,small,False,False,False,False,False
CALY,4184,13918581.004285812,19.29674670436396,0.0,4.598169883861947e-05,small,False,False,False,False,False
CARG,2226,26235479.209899902,20.019934456500213,0.0,2.4394446729164275e-05,small,False,False,False,False,False
CASH,4184,4560090.670108795,13.325916535719617,0.011472275334608031,0.0001403480865402904,small,False,False,True,True,False
CATY,4184,8921164.959907532,17.250904788218307,0.0,7.173950968020589e-05,small,False,False,False,False,False
CBRL,4184,28459823.60687256,16.237868546046087,0.0,2.2487841416046267e-05,small,False,False,False,False,False
CBU,4184,7537994.97718811,14.385842350490245,0.0,8.490321390990612e-05,small,False,False,False,False,False
CC,2810,34100648.836135864,16.349188286202747,0.0,1.8767971339061534e-05,small,False,False,False,False,False
CCOI,4184,9390935.388755798,21.93494283947089,0.0,6.815082561065233e-05,small,False,False,False,False,False
CCS,3063,10596791.975402832,17.955677098860072,0.0,6.039563685741511e-05,small,False,False,False,False,False
CE,4184,71080247.4155426,5.212084712528787,0.0,9.003907882572393e-06,small,False,False,False,False,False
CENT,4184,1897435.016822815,21.83317957112518,0.0,0.0003372974538393712,small,False,False,False,False,False
CENTA,4184,5148921.945095062,26.895524102276664,0.0,0.0001242978640625293,small,False,False,False,False,False
CENX,4184,17369112.920570374,21.34815907231826,0.0,3.6847017054166484e-05,small,False,False,False,False,False
CERT,1429,13935649.512290955,30.256719593180673,0.0,4.592538004314282e-05,small,False,False,False,False,False
CFFN,4184,3573154.441666603,15.783980508097379,0.0,0.00017911344456230361,small,False,False,False,False,False
CHCO,4184,2696256.0678482056,18.9220699768017,0.0,0.00023736617884026245,small,False,False,False,False,False
CHEF,3789,5342399.711608887,28.759087728981967,0.0,0.00011979635267823516,small,False,False,False,False,False
CLSK,2453,15722748.046278954,0.0,0.1610273134936812,4.0705352405075686e-05,small,False,False,True,True,False
CNK,4184,31489459.506225586,15.153078111872851,0.0,2.0324261198369236e-05,small,False,False,False,False,False
CNMD,4184,10465551.528930664,19.395256839964922,0.0,6.115301216861842e-05,small,False,False,False,False,False
CNR,2203,24096318.697357178,32.07523725087459,0.0027235587834770767,2.6560073679229415e-05,small,False,False,False,False,False
CNS,4184,4238452.542495728,11.414225936645433,0.0,0.0001509985056062817,small,False,False,False,False,False
CNXC,1441,28773062.072753906,27.46778975997191,0.002081887578070784,2.224302711966258e-05,small,False,False,False,False,False
CNXN,4184,1353315.9507751465,25.10044186476684,0.0,0.0004729124781492626,small,False,False,False,False,False
COCO,1213,14003954.581832886,37.150467621976205,0.0,4.5701376440499325e-05,small,False,False,False,True,True
COHU,4184,3708591.905117035,24.179500147909067,0.0,0.00017257223668016474,small,False,False,False,False,False
COLL,2840,6381339.77804184,42.28835512948375,0.00035211267605633805,0.00010029241856110484,small,False,False,False,False,False
CON,521,16124011.946105957,31.20701581630983,0.0,3.969235461615766e-05,small,False,False,False,True,True
CORT,4184,8866349.056243896,41.23760627898807,0.0,7.218303677648429e-05,small,False,False,False,False,False
COTY,3318,43344106.540608406,18.394586606990227,0.0,1.476555986683897e-05,small,False,False,False,False,False
CPB,4184,69397924.33872223,12.20706080943421,0.0,9.222177840308932e-06,small,False,False,False,False,False
CPF,4184,2211878.1010627747,17.600185046181934,0.0,0.0002893468675748856,small,False,False,False,False,False
CPK,4184,3465061.2022399902,20.87583148028803,0.0,0.00018470092233472578,small,False,False,False,False,False
CRC,1460,29042670.768356323,17.79227882497766,0.0,2.203654082314348e-05,small,False,False,False,False,False
CRGY,1180,15057668.239545822,8.911730570674068,0.0,4.250326078503799e-05,small,False,False,False,True,True
CRI,4184,38190357.85179138,13.998937049791225,0.0,1.675815666571398e-05,small,False,False,False,False,False
CRK,4184,17451068.714342117,26.107115429752174,0.0,3.6673971690571456e-05,small,False,False,False,False,False
CRSR,1485,7620586.930894852,15.693654843875356,0.0,8.398303251490468e-05,small,False,False,False,False,False
CRVL,4184,2719830.192089081,25.107806288351625,0.0,0.00023530880782980825,small,False,False,False,False,False
CSR,4184,2286441.7852401733,23.557192263585378,0.0,0.00027991090966384384,small,False,False,False,False,False
CSW,2739,4890683.100891113,22.8112713341137,0.0,0.00013086106517173194,small,False,False,False,False,False
CTS,4184,2445805.7181358337,18.385181370211985,0.0,0.0002616724604306678,small,False,False,False,False,False
CUBI,3631,5081967.1251297,6.683960954551886,0.043514183420545305,0.0001259354860513125,small,False,False,True,True,False
CURB,477,15120803.92627716,25.4537970498535,0.0,4.232579187722938e-05,small,False,False,False,True,True
CVBF,4184,6885986.34223938,16.572401132130157,0.0,9.294238591124865e-05,small,False,False,False,False,False
CVCO,4184,6704650.810241699,25.316297668096976,0.0,9.545612711438559e-05,small,False,False,False,False,False
CVI,4184,9764631.60829544,16.571038227786882,0.0,6.55426672170914e-05,small,False,False,False,False,False
CVSA,4184,19787744.914627075,16.72972831177767,0.0,3.234325097484519e-05,small,False,False,False,False,False
CWEN,2834,12751381.05044365,20.474887646064484,0.0,5.019064189739142e-05,small,False,False,False,False,False
CWK,2024,16564453.45685482,9.482556175585586,0.0,3.863695241542368e-05,small,False,False,False,False,False
CWST,4184,5027876.099491119,27.48718297900946,0.0,0.00012729032842809622,small,False,False,False,False,False
CWT,4184,6945191.857147217,15.729179461390855,0.0,9.215008212356055e-05,small,False,False,False,False,False
CXM,1297,12933013.67073059,23.840284261518324,0.0,4.948575918143649e-05,small,False,False,False,False,False
CXW,4184,12749045.92704773,16.778405999302084,0.0,5.019983484742246e-05,small,False,False,False,False,False
CZR,2997,95723035.62927246,27.08824110041918,0.0,6.6859559539948984e-06,small,False,False,False,False,False
DAN,4184,23093745.082569122,5.371759447824815,0.0,2.7713131746789057e-05,small,False,False,False,False,False
DAVE,1338,4141156.813796997,17.011811592800036,0.011210762331838564,0.0001545461881249526,small,False,False,True,True,False
DBD,759,8096508.180618286,22.79414872813911,0.0,7.904642170708295e-05,small,False,False,False,True,True
DCH,4184,17775615.962791443,8.73788429309317,0.0,3.600437820774656e-05,small,False,False,False,False,False
DCOM,4184,968219.5868492126,21.96083772150923,0.0,0.000661007078035565,small,False,True,False,True,False
DEA,2902,7030860.646057129,17.559074708765735,0.0,9.102726283714764e-05,small,False,False,False,False,False
DEI,4184,19096011.95936203,12.263137468869678,0.0,3.351485123501051e-05,small,False,False,False,False,False
DFH,1403,6865231.7180633545,21.65026143511324,0.0,9.322336467042668e-05,small,False,False,False,False,False
DFIN,2490,6210035.473537445,13.982094599312118,0.0,0.00010305899261400426,small,False,False,False,False,False
DGII,4184,1443640.0048732758,28.97218062730832,0.0,0.0004433238188464997,small,False,False,False,False,False
DIOD,4184,10237202.96869278,17.504799543091146,0.0,6.251707638866162e-05,small,False,False,False,False,False
DLX,4184,7045991.829490662,15.62431670738177,0.0,9.083178287566424e-05,small,False,False,False,False,False
DMC,4184,4711919.2902565,16.19324861498959,0.0,0.00013582575604030787,small,False,False,False,False,False
DNOW,3083,12870116.801834106,18.950198220179146,0.0,4.97275984246541e-05,small,False,False,False,False,False
DORM,4184,9730602.067565918,24.745896741621564,0.0,6.577188087191959e-05,small,False,False,False,False,False
DRH,4184,14423050.534534454,16.402806981099012,0.0,4.437341451918152e-05,small,False,False,False,False,False
DV,1341,29417741.441345215,24.389640240598297,0.0,2.1755579070407864e-05,small,False,False,False,False,False
DXC,4184,47597906.35728836,8.482463316833654,0.0,1.3445969560003576e-05,small,False,False,False,False,False
DXPE,4184,3004803.987121582,24.799247520071443,0.0,0.00021299226263776384,small,False,False,False,False,False
EAT,4184,42265079.6538353,15.87146832096359,0.0,1.5142524401747434e-05,small,False,False,False,False,False
EBC,1469,13429307.043647766,17.84026840938125,0.0,4.765696382694059e-05,small,False,False,False,False,False
ECG,455,42801529.44030762,4.414002223583717,0.0,1.4952736698172538e-05,small,False,False,False,True,True
ECPG,4184,7985432.1924209595,23.756632235600147,0.0,8.014594383600544e-05,small,False,False,False,False,False
EFC,3991,1122088.0775928497,12.568900867924944,0.0,0.0005703652082044707,small,False,False,False,False,False
EFOR,4184,15326067.414093018,14.04214577647382,0.0,4.1758918495392424e-05,small,False,False,False,False,False
EGBN,4184,4114510.655403137,21.63846889913601,0.0,0.00015554705130233602,small,False,False,False,False,False
EIG,4184,3293600.8200645447,15.198990778729454,0.0,0.0001943162013141161,small,False,False,False,False,False
EMN,4184,66814664.070129395,4.426431976490383,0.0,9.57873558008537e-06,small,False,False,False,False,False
ENOV,4184,25916381.859291077,10.65518993897518,0.0,2.469480514196694e-05,small,False,False,False,False,False
ENPH,3619,52046775.0,39.650047118925634,0.0,1.2296631251407988e-05,small,False,False,False,False,False
ENR,2815,18857068.100738525,14.092690715777863,0.0,3.3939528487725765e-05,small,False,False,False,False,False
ENVA,2959,7161725.842666626,19.194377840271613,0.0,8.936393462412963e-05,small,False,False,False,False,False
EPAC,4184,11031639.156341553,8.834535511539128,0.0,5.801495053725494e-05,small,False,False,False,False,False
EPAM,3655,55063520.18737793,15.033614067386505,0.0,1.1622940157514766e-05,small,False,False,False,False,False
EPC,4184,23288966.439437866,12.311734733192015,0.0,2.74808245211009e-05,small,False,False,False,False,False
EPRT,2053,18883629.607772827,18.892243011261588,0.0,3.3891789517867104e-05,small,False,False,False,False,False
ESE,4184,5367320.473861694,12.772271971724873,0.0,0.00011924013166658019,small,False,False,False,False,False
ESI,3227,24448629.32281494,7.778027293220723,0.013634955066625348,2.6177336633050655e-05,small,False,False,True,True,False
ETSY,2855,177894174.70092773,20.13446565702884,0.0,3.5976445045261076e-06,small,False,False,False,False,False
EVTC,3361,9067007.973861694,16.613157821386803,0.0,7.05855781581959e-05,small,False,False,False,False,False
EXTR,4184,7792993.550252914,29.08455535815786,0.0,8.212505192940002e-05,small,False,False,False,False,False
EYE,2215,23244395.571899414,31.248734799520584,0.0,2.7533518693585992e-05,small,False,False,False,False,False
EZPW,4184,4426404.067993164,28.248883150375224,0.0,0.0001445868904350077,small,False,False,False,False,False
FA,1297,7080126.878261566,21.792458056182298,0.0,9.039386030849545e-05,small,False,False,False,False,False
FBK,2496,4028270.4750061035,18.446870635015483,0.0,0.00015887711710793956,small,False,False,False,False,False
FBNC,4184,2110160.565185547,23.28409420443987,0.0,0.00030329445567272494,small,False,False,False,False,False
FBP,4184,7467819.583058357,25.376857466957507,0.0,8.570105274796898e-05,small,False,False,False,False,False
FBRT,1215,3587659.730911255,17.45316876895648,0.0,0.00017838926988693042,small,False,False,False,True,True
FCF,4184,3601546.41456604,16.42103195187485,0.0,0.00017770144441609683,small,False,False,False,False,False
FCPT,2710,8064500.602912903,16.392427507036874,0.0,7.936015278724532e-05,small,False,False,False,False,False
FELE,4184,6663144.962310791,15.6166056420449,0.0,9.605073934607102e-05,small,False,False,False,False,False
FFBC,4184,4390419.314956665,21.21263719515722,0.0,0.00014577195344866895,small,False,False,False,False,False
FG,939,4122234.9227905273,12.803544141616841,0.0,0.0001552555863475037,small,False,False,False,True,True
FHB,2525,13488202.573776245,14.355729974017367,0.0,4.7448872190301146e-05,small,False,False,False,False,False
FIBK,4129,4179071.2547302246,20.816603861187343,0.0,0.00015314407460164604,small,False,False,False,False,False
FIVN,3114,39144609.86175537,28.351938661792005,0.0,1.6349632867979755e-05,small,False,False,False,False,False
FIZZ,4184,5633076.250457764,27.718458597135065,0.0002390057361376673,0.00011361465237542122,small,False,False,False,False,False
FLO,4184,17081901.09217167,12.894595393487442,0.0,3.7466555774245795e-05,small,False,False,False,False,False
FMC,4184,55243026.17034912,9.426978652463156,0.0,1.1585172724362999e-05,small,False,False,False,False,False
FORM,4184,7618821.03536129,23.594202481936225,0.0,8.400249815943482e-05,small,False,False,False,False,False
FOXF,3279,13075391.967773438,25.919128988788803,0.0,4.8946907410301014e-05,small,False,False,False,False,False
FRPT,2963,27121933.41064453,34.41423661731801,0.0,2.3597137796556183e-05,small,False,False,False,False,False
FSS,4184,5315903.725814819,15.879929160034527,0.0,0.00012039345199049878,small,False,False,False,False,False
FTDR,1995,23318388.092803955,26.97976562903994,0.0,2.7446150971194433e-05,small,False,False,False,False,False
FTRE,798,21196024.498081207,47.20388326854192,0.0012531328320802004,3.019434139915892e-05,small,False,False,False,True,True
FUL,4184,13270740.620040894,10.19125826734649,0.0,4.822639657605092e-05,small,False,False,False,False,False
FULT,4184,10165281.903648376,18.3234791814388,0.0,6.295939513200321e-05,small,False,False,False,False,False
FUN,4184,7206370.189857483,18.768693687623333,0.0,8.881031408860457e-05,small,False,False,False,False,False
GBX,4184,10796910.131645203,17.493175197142037,0.0,5.927621812134863e-05,small,False,False,False,False,False
GEO,4184,12545692.80910492,17.535264609246397,0.0,5.10135239032416e-05,small,False,False,False,False,False
GFF,4184,2367569.1898822784,19.201115222979567,0.0,0.0002703194494737543,small,False,False,False,False,False
GIII,4184,12447966.320037842,20.240028160313045,0.0,5.141402085654538e-05,small,False,False,False,False,False
GKOS,2806,25475647.93624878,23.658551175044575,0.0,2.512203032486397e-05,small,False,False,False,False,False
GNL,2823,4914147.536087036,17.027942447666636,0.0,0.00013023622007686192,small,False,False,False,False,False
GNW,4184,27003138.494229317,22.502752409986265,0.0,2.370094869293696e-05,small,False,False,False,False,False
GO,1803,29813783.280944824,30.838519669770232,0.0,2.1466581210746558e-05,small,False,False,False,False,False
GOLF,2466,10261278.995132446,17.183187313862728,0.0,6.237039264828402e-05,small,False,False,False,False,False
GPI,4184,19463021.27456665,17.469317232481362,0.0,3.2882870083295934e-05,small,False,False,False,False,False
GPOR,1322,23621396.47102356,19.74201992622102,0.0,2.7094079758793684e-05,small,False,False,False,False,False
GRBK,4184,1335675.3599671125,38.17265872162987,0.0,0.00047915834878900385,small,False,False,False,False,False
GSHD,2091,13964508.504104614,32.62599260897952,0.0,4.5830470854873524e-05,small,False,False,False,False,False
GT,4184,59227902.2026062,10.01932151944465,0.0,1.0805717849176805e-05,small,False,False,False,False,False
GTES,2155,10441759.822177887,14.893590289796158,0.0,6.12923502263158e-05,small,False,False,False,False,False
GTM,1562,82500134.8710537,27.616540912004098,0.0,7.757563075506593e-06,small,False,False,False,False,False
GTY,4184,2376228.042984009,16.730250334618155,0.0,0.0002693344192657131,small,False,False,False,False,False
GVA,4184,10304887.246131897,16.152920022089116,0.0,6.210645344423678e-05,small,False,False,False,False,False
HAFC,4184,2276418.4301376343,24.481405341271028,0.0,0.00028114339241283733,small,False,False,False,False,False
HASI,3357,10143843.693351746,16.11122033650991,0.0,6.309245482749844e-05,small,False,False,False,False,False
HAYW,1368,20969567.508411407,15.6119508492827,0.0,3.0520419638758894e-05,small,False,False,False,False,False
HCC,2352,20096208.953475952,22.937235839292864,0.0,3.184680262240715e-05,small,False,False,False,False,False
HCI,4184,3008657.7602386475,23.789008751772332,0.0040630975143403445,0.00021271944202428495,small,False,False,False,False,False
HCSG,4184,8477089.820766449,21.944447122024986,0.0,7.549760749640553e-05,small,False,False,False,False,False
HE,4184,11883012.08744049,12.801859345521837,0.0,5.385839846754301e-05,small,False,False,False,False,False
HFWA,4184,1952344.6533203125,22.425395947369836,0.0,0.0003278109727765357,small,False,False,False,False,False
HIW,4184,16737944.148731232,13.45115470614373,0.0,3.823647601599347e-05,small,False,False,False,False,False
HLIT,4184,4389541.576886177,30.24372871350694,0.0,0.00014580110218570907,small,False,False,False,False,False
HLX,4184,13084828.728604317,15.34405852612031,0.0,4.8911606966693946e-05,small,False,False,False,False,False
HMN,4184,4209143.44291687,13.38218384821738,0.0,0.00015204993811199032,small,False,False,False,False,False
HNI,4184,5044758.322811127,12.424460053662226,0.0,0.0001268643528682199,small,False,False,False,False,False
HOPE,4184,5230395.45955658,21.696577927985096,0.0,0.00012236168468497747,small,False,False,False,False,False
HP,4184,46176581.675338745,11.921966932516776,0.0,1.3859839268739137e-05,small,False,False,False,False,False
HRMY,1509,16071351.876831055,42.1179283215301,0.0,3.982241225908589e-05,small,False,False,False,False,False
HSTM,4184,2499041.671180725,26.170333483948536,0.0,0.0002560981705029426,small,False,False,False,False,False
HTH,4184,6519845.476150513,12.56301172643724,0.0,9.816183563569252e-05,small,False,False,False,False,False
HTLD,4184,5690403.934669495,22.338548045030517,0.0,0.00011247004735476163,small,False,False,False,False,False
HTO,4184,3532056.3648223877,22.057795318192337,0.0002390057361376673,0.00018119756139061018,small,False,False,False,False,False
HUBG,4184,11094179.556274414,18.92057064805444,0.0,5.768790713667891e-05,small,False,False,False,False,False
HWKN,4184,1164696.957397461,27.775692966501364,0.0002390057361376673,0.0005494991602194042,small,False,False,False,False,False
HZO,4184,4809509.906291962,25.903461936260676,0.0,0.00013306969160469564,small,False,False,False,False,False
IART,4184,16077530.760383606,20.766780051439415,0.0,3.9807107791515724e-05,small,False,False,False,False,False
IBP,3149,13857686.654663086,20.479895145397286,0.0,4.618375461568408e-05,small,False,False,False,False,False
ICHR,2437,8817159.894561768,16.61246583812232,0.0,7.258573142069682e-05,small,False,False,False,False,False
ICUI,4184,18883415.924072266,22.799355986974387,0.0,3.3892173035501414e-05,small,False,False,False,False,False
IIPR,2443,14948642.407226562,23.01890497787935,0.0,4.2813252372041984e-05,small,False,False,False,False,False
INDB,4184,4949756.906890869,19.845017061370747,0.0,0.00012929927914419708,small,False,False,False,False,False
INDV,2929,8250.0,0.0,0.22396722430863775,0.07757575757575758,small,True,True,True,True,False
INSP,2087,50958552.33459473,26.347750988482957,0.0,1.2559226482686342e-05,small,False,False,False,False,False
INSW,2453,5603458.639907837,14.902896628357894,0.0008153281695882593,0.00011421517336487853,small,False,False,False,False,False
INVA,4184,9694574.980068207,27.87705856908171,0.0007170172084130019,6.601630306803788e-05,small,False,False,False,False,False
INVX,4184,16418182.29227066,13.269411341670944,0.0,3.898117273928057e-05,small,False,False,False,False,False
IOSP,4184,5972121.3260650635,20.86159207145867,0.0,0.00010716460116219472,small,False,False,False,False,False
IPAR,4184,3813634.0733528137,24.375090354887057,0.0,0.0001678189327266353,small,False,False,False,False,False
IRDM,4184,11936557.016181946,24.745119826989352,0.0,5.361680081889408e-05,small,False,False,False,False,False
ITGR,4184,9701176.582336426,16.235792599902748,0.0,6.597137930313425e-05,small,False,False,False,False,False
ITRI,4184,17178089.823150635,19.887404872662813,0.0,3.725676175807873e-05,small,False,False,False,False,False
IVT,3140,0.0,0.0,0.5063694267515924,inf,small,True,True,True,True,False
JBGS,2295,13587198.644638062,14.259029085636303,0.0,4.7103160610120634e-05,small,False,False,False,False,False
JBLU,4184,83288337.2841835,16.756789677141512,0.0,7.684149076194085e-06,small,False,False,False,False,False
JBSS,4184,2529540.2282714844,25.268830881918372,0.0,0.0002530104059413724,small,False,False,False,False,False
JBTM,4184,11996744.250488281,14.027988560708684,0.0,5.334780725811932e-05,small,False,False,False,False,False
JJSF,4184,7255376.556396484,23.167715928479993,0.0,8.821044573293212e-05,small,False,False,False,False,False
JOE,4184,7154954.221725464,16.735132620472037,0.0,8.9448510803422e-05,small,False,False,False,False,False
JXN,1248,40548554.920578,11.643638032528575,0.0,1.578354644829047e-05,small,False,False,False,True,True
KAI,4184,3803640.5433654785,19.157273374060058,0.0,0.00016825985334400844,small,False,False,False,False,False
KALU,4184,7677583.6055755615,22.587675914602233,0.0,8.335956114306898e-05,small,False,False,False,False,False
KFY,4184,10319743.725013733,12.239626900402056,0.0,6.201704393576385e-05,small,False,False,False,False,False
KGS,790,27140017.493247986,13.770340538284328,0.0,2.358141442463042e-05,small,False,False,False,True,True
KLIC,4184,10801464.135169983,15.588356412393697,0.0,5.925122668473577e-05,small,False,False,False,False,False
KMPR,4184,8788003.509140015,12.867519515614045,0.0,7.282655262191967e-05,small,False,False,False,False,False
KMT,4184,18864038.6469841,5.644059658891968,0.0,3.392698732104858e-05,small,False,False,False,False,False
KMX,4184,104554410.98327637,9.818198956846132,0.0,6.121214724287136e-06,small,False,False,False,False,False
KN,3148,13291960.692024231,11.40546350624237,0.0,4.8149405104999184e-05,small,False,False,False,False,False
KNTK,1952,4810254.824447632,35.999566776503336,0.0,0.00013304908437433813,small,False,False,False,False,False
KOP,4184,3502258.423805237,17.08370273459463,0.0,0.00018273922782221022,small,False,False,False,False,False
KRMN,382,97312425.93860626,29.81253764500034,0.0,6.576755165920656e-06,small,False,False,False,True,True
KSS,4184,97886546.93026543,13.036180179641786,0.0,6.5381813954060234e-06,small,False,False,False,False,False
KTB,1820,21589499.730682373,16.272523618979005,0.0,2.9644040296610046e-05,small,False,False,False,False,False
KWR,4184,7754878.762817383,20.365595451484882,0.0,8.252869188215201e-05,small,False,False,False,False,False
LAUR,2402,7781581.1855793,22.132835380136903,0.0,8.224549545098079e-05,small,False,False,False,False,False
LAZ,4184,18321167.501068115,12.23078699557938,0.0,3.493227164495321e-05,small,False,False,False,False,False
LBRT,2164,23735784.304237366,23.227755964751918,0.0,2.696350757980834e-05,small,False,False,False,False,False
LCII,4184,10090059.06829834,16.83673872422894,0.0,6.3428766439118e-05,small,False,False,False,False,False
LEG,4184,24352209.987449646,6.616872822674034,0.0,2.6280982314534723e-05,small,False,False,False,False,False
LEU,4184,1950477.7060089111,61.03421765828816,0.0004780114722753346,0.00032812474504493314,small,False,False,False,False,False
LFST,1306,7745118.597698212,42.71938704644539,0.0,8.26326920533151e-05,small,False,False,False,False,False
LGIH,3215,17484734.45892334,25.015142246467796,0.0,3.660335828968657e-05,small,False,False,False,False,False
LIF,554,31885192.45109558,0.0,0.0,2.0072013081985003e-05,small,False,False,False,True,True
LGND,4184,17424107.38419342,34.165502250608405,0.0,3.6730719450259305e-05,small,False,False,False,False,False
LKFN,4184,2530274.301671982,19.918085737163285,0.0,0.0002529370035403252,small,False,False,False,False,False
LKQ,4184,50161976.03330612,13.479652246334082,0.0,1.27586680312406e-05,small,False,False,False,False,False
LMAT,4184,2626795.6926345825,30.266212291192705,0.0016730401529636712,0.00024364285421760488,small,False,False,False,False,False
LNC,4184,61474692.32339859,2.7856885345340374,0.0,1.0410788176590876e-05,small,False,False,False,False,False
LNN,4184,7810565.614700317,19.943734091858737,0.0,8.194028852346516e-05,small,False,False,False,False,False
LPG,3091,2151926.416158676,18.904687193651714,0.0,0.00029740793885621805,small,False,False,False,False,False
LQDA,2029,3039239.9101257324,62.39023721239361,0.0,0.00021057896675669916,small,False,False,False,False,False
LQDT,4184,2399912.0043754578,35.24194458707406,0.0,0.0002666764443167785,small,False,False,False,False,False
LRN,4184,7688574.54662323,25.565104408858783,0.0,8.324039730889826e-05,small,False,False,False,False,False
LTC,4184,5262117.238998413,13.60113929157879,0.0,0.00012162404806507448,small,False,False,False,False,False
LTH,1223,16606032.444763184,15.08530158491778,0.0,3.854021134360893e-05,small,False,False,False,True,True
LUMN,4184,83105762.12325096,9.214957919671203,0.0,7.701030393666814e-06,small,False,False,False,False,False
LW,2457,79508276.72195435,14.191615402486981,0.0,8.049476436750377e-06,small,False,False,False,False,False
LXP,4184,9489233.445396423,14.982935453425881,0.0,6.744485776250847e-05,small,False,False,False,False,False
LYFT,1860,215530139.77088928,7.956044875411318,0.0,2.9694222844207613e-06,small,False,False,False,False,False
LZ,1292,13218815.50769806,21.043827099528627,0.0,4.8415835717450785e-05,small,False,False,False,False,False
LZB,4184,8134610.896492004,14.088671383319358,0.0,7.867616633955972e-05,small,False,False,False,False,False
MAC,4184,30579154.848384857,12.529861617129882,0.0,2.0929290007300637e-05,small,False,False,False,False,False
MAN,4184,31410088.90724182,7.3617785682172965,0.0,2.0375618862143474e-05,small,False,False,False,False,False
MARA,3595,1171039.9570465088,26.782409401640535,0.048678720445062586,0.0005465227690557632,small,False,False,True,True,False
MATW,4184,3433832.1393966675,20.755383685275635,0.0,0.00018638068898512014,small,False,False,False,False,False
MATX,4184,7818980.4568042755,13.972638848601276,0.0,8.18521038050499e-05,small,False,False,False,False,False
MBC,927,12908814.210891724,16.533018012918692,0.0,4.957852747311247e-05,small,False,False,False,True,True
MBGL,40,92796261.22598648,67.04823719112815,0.0,6.89682958714694e-06,small,False,False,False,True,True
MBIN,2215,1668658.4907531738,29.531782161801672,0.0,0.00038354163152409126,small,False,False,False,False,False
MC,3106,13003822.795963287,18.506190512620584,0.0,4.921629662614843e-05,small,False,False,False,False,False
MCRI,4184,1527880.0199508667,25.669993867163324,0.0,0.0004188810584882058,small,False,False,False,False,False
MCY,4184,6564648.431587219,12.820934161751795,0.0,9.749189262299291e-05,small,False,False,False,False,False
MD,4184,20339042.219543457,14.373067338678103,0.0,3.146657512638596e-05,small,False,False,False,False,False
MDU,4184,17238840.249814987,10.78200881643641,0.0,3.712546730090319e-05,small,False,False,False,False,False
MFP,40,38342646.36116028,94.34480977010564,0.025,1.6691596974597377e-05,small,False,False,True,True,True
MGEE,4184,3657761.1053466797,19.80577698731613,0.0,0.0001749704208578546,small,False,False,False,False,False
MGY,2299,26740145.52268982,0.0,0.03871248368856024,2.3934050749908624e-05,small,False,False,True,True,False
MHK,4184,81499696.98410034,10.864575426562503,0.0,7.852789932763268e-06,small,False,False,False,False,False
MHO,4184,7378874.876403809,20.694586544502098,0.0,8.673409032135702e-05,small,False,False,False,False,False
MIR,1508,12369561.16886139,16.13224366746635,0.0,5.173991148619799e-05,small,False,False,False,False,False
MKTX,4184,42136828.84063721,19.930657795840812,0.0,1.5188613324949057e-05,small,False,False,False,False,False
MLKN,4184,8723472.825050354,21.874877396922354,0.0,7.336527697572163e-05,small,False,False,False,False,False
MMI,3220,3920651.2649536133,16.402971537616246,0.0,0.0001632381858904179,small,False,False,False,False,False
MMSI,4184,11789057.664108276,24.08575475941908,0.0,5.428762995608009e-05,small,False,False,False,False,False
MPT,4184,21067656.493091583,15.019903094867681,0.0,3.037831949699133e-05,small,False,False,False,False,False
MRCY,4184,11485716.306304932,23.95841491822806,0.0,5.572138323220472e-05,small,False,False,False,False,False
MRP,388,35180994.923591614,31.943723670689522,0.0,1.8191640156567315e-05,small,False,False,False,True,True
MRTN,4184,2973017.849779129,21.912906290556215,0.0,0.00021526947779595295,small,False,False,False,False,False
MSEX,4184,1826248.2637405396,24.529070434577818,0.0,0.0003504452339295566,small,False,False,False,False,False
MSGS,2748,29088085.903167725,15.133939926853985,0.001091703056768559,2.2002135242948497e-05,small,False,False,False,False,False
MTCH,4184,79967962.43190765,18.277073633852652,0.0,8.003205040330458e-06,small,False,False,False,False,False
MTH,4184,22089053.27758789,16.63343900438956,0.0,2.8973627432433244e-05,small,False,False,False,False,False
MTRN,4184,4782703.3615112305,16.974202349869497,0.0,0.0001338155331042262,small,False,False,False,False,False
MTUS,3062,5495168.08795929,26.667468500660682,0.0,0.00011646595513653766,small,False,False,False,False,False
MTX,4184,8516817.922592163,11.888975345500594,0.0,7.514543645488792e-05,small,False,False,False,False,False
MWA,4184,8435086.216115952,13.864142631081103,0.0,7.587355761429272e-05,small,False,False,False,False,False
MXL,4129,10628909.507751465,23.88761730763244,0.0,6.021313847232023e-05,small,False,False,False,False,False
MYRG,4184,3636646.0901260376,23.721674395026596,0.0,0.0001759863302996908,small,False,False,False,False,False
NABL,1280,5435156.978797913,16.845186669399638,0.0,0.00011775188876725839,small,False,False,False,False,False
NATL,718,14081668.297481537,16.608848716389804,0.0,4.544916031820335e-05,small,False,False,False,True,True
NAVI,3105,17230121.74987793,16.66564929319684,0.0,3.7144252913043646e-05,small,False,False,False,False,False
NBHC,3499,3822345.5406188965,13.700375612825596,0.0,0.00016743645837324642,small,False,False,False,False,False
NBTB,4184,2696669.610309601,21.726898783626257,0.0,0.00023732977801701208,small,False,False,False,False,False
NE,1307,43027878.382873535,11.07199092860858,0.0,1.4874077552816091e-05,small,False,False,False,False,False
NEO,4184,5379156.895470619,26.231663430622813,0.0059751434034416824,0.00011897775291494017,small,False,False,False,False,False
NEOG,4184,10165050.33654499,25.464017668702198,0.0,6.296082939197035e-05,small,False,False,False,False,False
NGVT,2591,14671331.938934326,11.993727942482304,0.0,4.362248790115558e-05,small,False,False,False,False,False
NHC,4184,1490144.2016601562,22.543822577959926,0.0,0.00042948863558773826,small,False,False,False,False,False
NHI,4184,8014078.460884094,14.163995201465315,0.0,7.985946270975199e-05,small,False,False,False,False,False
NIC,3336,1477190.817642212,0.1229636463611878,0.08782973621103117,0.0004332547917008603,small,False,False,True,True,False
NMIH,3214,9292977.567577362,19.613054853084574,0.0,6.886920745756681e-05,small,False,False,False,False,False
NOG,4184,10994201.673049927,29.640388172465517,0.0,5.821250319328153e-05,small,False,False,False,False,False
NPK,4184,1573934.871673584,19.81237793104755,0.0,0.000406624194887734,small,False,False,False,False,False
NPO,4184,7286936.947631836,11.092850815379318,0.0,8.782839821442288e-05,small,False,False,False,False,False
NSIT,4184,8637045.003890991,22.259384505364274,0.0,7.409941707050037e-05,small,False,False,False,False,False
NSP,4184,11304035.01586914,16.27867023827765,0.0,5.661695130115376e-05,small,False,False,False,False,False
NSSC,4184,538057.9714298248,31.001183546649973,0.0014340344168260039,0.001189462909171806,small,True,True,False,True,False
NTCT,4184,10576026.285552979,22.01758371643225,0.0,6.051422176155616e-05,small,False,False,False,False,False
NTST,1513,9779711.385726929,21.071849644784418,0.0,6.544160402668454e-05,small,False,False,False,False,False
NWBI,4184,4505829.843378067,17.700025611256027,0.0,0.0001420382087753641,small,False,False,False,False,False
NWL,4184,43017244.2650795,11.124285959016992,0.0,1.4877754512962576e-05,small,False,False,False,False,False
NWN,4184,5180616.039848328,13.043120307525578,0.0,0.00012353743166396426,small,False,False,False,False,False
NX,4184,3461937.682199478,16.238623614753138,0.0,0.00018486756803588324,small,False,False,False,False,False
NXRT,2874,3411608.04977417,17.333953137885157,0.0,0.0001875948205839075,small,False,False,False,False,False
OFG,4184,4034066.115641594,18.61315215791776,0.0,0.00015864886237696474,small,False,False,False,False,False
OGN,1324,39474766.990470886,14.007312580706126,0.0,1.6212888606904113e-05,small,False,False,False,False,False
OI,4184,25140181.629562378,8.40443222064593,0.0,2.5457254423628467e-05,small,False,False,False,False,False
OII,4184,26623701.323127747,7.428479443245599,0.0,2.4038731212930123e-05,small,False,False,False,False,False
OMCL,4184,11655381.757450104,24.013234437666174,0.0,5.491025633638408e-05,small,False,False,False,False,False
OPLN,4184,20634795.880865097,14.31470875422773,0.0,3.101557212850746e-05,small,False,False,False,False,False
OSIS,4184,9773022.87979126,20.463905183631077,0.0,6.548639124987597e-05,small,False,False,False,False,False
OSW,2200,4856979.739022255,10.226406988591398,0.06363636363636363,0.00013176913110385686,small,False,False,True,True,False
OTTR,4184,2967812.040901184,20.509067987878755,0.0,0.00021564707979473738,small,False,False,False,False,False
OUT,3119,16931633.22031784,17.9672907394666,0.0,3.7799070631414605e-05,small,False,False,False,False,False
PAHC,3109,2772034.332847595,38.94161451966366,0.0,0.00023087737132842603,small,False,False,False,False,False
PARR,3510,4835195.969390869,18.967810902049166,0.018803418803418803,0.00013236278406325406,small,False,False,True,True,False
PAYC,3107,99659810.17913818,14.303252333359943,0.0,6.421846467995495e-06,small,False,False,False,False,False
PAYO,1468,15492350.793910027,23.848599270999152,0.0,4.131070929865473e-05,small,False,False,False,False,False
PATK,4184,6813715.251159668,23.802686109582353,0.005497131931166348,9.392819870056567e-05,small,False,False,False,False,False
PBH,4184,13006511.861801147,19.413519903689394,0.0,4.920612127219269e-05,small,False,False,False,False,False
PBI,4184,16173147.874903679,15.945059855373147,0.0,3.9571764566198375e-05,small,False,False,False,False,False
PCRX,3910,20549445.80078125,37.76196188543393,0.0,3.1144392223739116e-05,small,False,False,False,False,False
PDFS,4184,2261851.5553474426,25.40781694482801,0.0,0.00028295402431999554,small,False,False,False,False,False
PEB,4184,18892044.147634506,14.926697665200493,0.0,3.387669407283992e-05,small,False,False,False,False,False
PECO,1379,20341487.81147003,10.537050539711021,0.0630891950688905,3.1462792000844734e-05,small,False,False,True,True,False
PENG,2324,12335359.206581116,15.835507770264675,0.0,5.188336952997279e-05,small,False,False,False,False,False
PENN,4184,37701803.94003391,16.640031979669242,0.0,1.6975315054365655e-05,small,False,False,False,False,False
PFBC,4184,2160991.0327911377,21.2436501337148,0.0014340344168260039,0.000296160414498979,small,False,False,False,False,False
PFS,4184,2910551.6130924225,15.538607707487909,0.0,0.00021988958969877483,small,False,False,False,False,False
PGNY,1714,26717140.964508057,34.08958332677831,0.0,2.3954658952849685e-05,small,False,False,False,False,False
PHIN,791,20587857.667922974,15.818578762635548,0.0,3.108628446548645e-05,small,False,False,False,True,True
PI,2536,20930743.31550598,27.19502261435012,0.0,3.057703161100223e-05,small,False,False,False,False,False
PIPR,4184,5338709.265899658,10.376013533945121,0.0,0.0001198791633191042,small,False,False,False,False,False
PJT,2745,8905484.897613525,15.129693529902706,0.0,7.186582284491954e-05,small,False,False,False,False,False
PLAB,4184,4762033.520364761,23.467439233593318,0.0,0.00013439636601948518,small,False,False,False,False,False
PLMR,1847,12462224.812316895,27.539528261917344,0.0,5.1355196173917794e-05,small,False,False,False,False,False
PLUS,4184,4486171.529388428,21.479000032704434,0.0,0.0001426606173677107,small,False,False,False,False,False
PLXS,4184,8880286.602401733,18.847481712265193,0.0,7.20697460177589e-05,small,False,False,False,False,False
PMT,4184,4519494.156074524,12.981568028144276,0.0,0.00014160876812724585,small,False,False,False,False,False
POOL,4184,28014633.712768555,17.206032541472744,0.0,2.2845203209217752e-05,small,False,False,False,False,False
POWI,4184,12774922.73426056,19.21499575749181,0.0,5.009815036169333e-05,small,False,False,False,False,False
POWL,4184,1408923.3778953552,26.909382330581916,0.0,0.0004542475552900753,small,False,False,False,False,False
PPLI,4184,48856604.22040057,12.990038900679922,0.0,1.3099559623768561e-05,small,False,False,False,False,False
PRDO,4184,5262130.460357666,30.349242556407123,0.0,0.00012162374247872588,small,False,False,False,False,False
PRG,4184,15768279.096521378,9.440079194284538,0.009082217973231358,4.058781532736757e-05,small,False,False,False,False,False
PRGO,4184,49354950.26664734,14.298872416816478,0.0,1.296729095141027e-05,small,False,False,False,False,False
PRGS,4184,9852383.498954773,15.811332035895814,0.0,6.49589005612598e-05,small,False,False,False,False,False
PRIM,4184,4972413.58165741,20.352724893644815,0.0,0.00012871013029987634,small,False,False,False,False,False
PRK,4184,2320617.5048828125,20.469964884652498,0.0,0.0002757886634283227,small,False,False,False,False,False
PRKS,3356,33136812.081050873,20.473488774055106,0.0,1.931386756319812e-05,small,False,False,False,False,False
PRLB,3644,13327355.91430664,11.717004166527623,0.0,4.802152835979815e-05,small,False,False,False,False,False
PRSU,4184,2857345.203268051,14.554615012215155,0.0,0.00022398413718720733,small,False,False,False,False,False
PRVA,1336,16936182.293891907,32.63786626772976,0.0,3.778891776754306e-05,small,False,False,False,False,False
PSMT,4184,9147211.503219604,21.802425667139264,0.0,6.996667779844546e-05,small,False,False,False,False,False
PTCT,3313,22357842.309951782,43.15518214519639,0.0,2.8625302528192857e-05,small,False,False,False,False,False
PTEN,4184,50821121.15459442,19.834203861159285,0.0,1.2593189316960623e-05,small,False,False,False,False,False
PTGX,2521,8806215.047836304,50.931759928131235,0.0,7.267594494609222e-05,small,False,False,False,False,False
PTON,1735,112717441.99066162,40.316853792561126,0.0,5.677914515244433e-06,small,False,False,False,False,False
PZZA,4184,26401065.696907043,22.247293389461575,0.0,2.4241445680542273e-05,small,False,False,False,False,False
QDEL,4184,11151295.523262024,23.071938006117595,0.0,5.739243468751553e-05,small,False,False,False,False,False
QNST,4157,3268104.063606262,32.975578372667556,0.0,0.00019583219736698891,small,False,False,False,False,False
QRVO,2926,116763014.41459656,12.059013908386065,0.0,5.481187713495632e-06,small,False,False,False,False,False
QTWO,3125,19675915.57407379,17.10586549664595,0.0,3.252707593659854e-05,small,False,False,False,False,False
RAMP,4184,12778781.961917877,15.400624203732306,0.0,5.0083020581090415e-05,small,False,False,False,False,False
RAL,292,65528539.314842224,32.68907804125237,0.0,9.766736855296268e-06,small,False,False,False,True,True
RCUS,2121,11514646.639537811,47.37631336196497,0.0,5.558138430426807e-05,small,False,False,False,False,False
RDN,4184,25275929.063987732,14.114019483966418,0.0,2.532053315942597e-05,small,False,False,False,False,False
RDNT,4184,2589681.5623283386,36.81489280974448,0.0,0.0002471346320373795,small,False,False,False,False,False
RELY,1233,25418263.90800476,24.84602765822886,0.0,2.5178745579018485e-05,small,False,False,False,True,True
RES,4184,11013537.659144402,18.287880911850824,0.0,5.8110302048916685e-05,small,False,False,False,False,False
REYN,1648,12029002.174949646,15.756708860008365,0.0,5.320474555510495e-05,small,False,False,False,False,False
REX,4184,2963324.9519348145,25.35198744265299,0.0002390057361376673,0.00021597361422753556,small,False,False,False,False,False
REZI,1963,16451696.834945679,13.497436516613293,0.0,3.8901762317948355e-05,small,False,False,False,False,False
RHI,4184,42506676.609802246,5.165767143424938,0.0,1.5056458209494855e-05,small,False,False,False,False,False
RITM,3347,22654697.6020813,10.619331742457065,0.0,2.825021155617645e-05,small,False,False,False,False,False
RNG,3244,41995121.0108757,19.968781342614335,0.0,1.5239865598535977e-05,small,False,False,False,False,False
RNST,4184,4468827.841472626,21.551840061285695,0.0,0.00014321428855695165,small,False,False,False,False,False
ROAD,2086,7052212.691307068,34.11306557481817,0.0,9.075165880758219e-05,small,False,False,False,False,False
ROCK,4184,6078776.445007324,21.679775664944895,0.0,0.0001052843455899173,small,False,False,False,False,False
ROG,4184,10175319.993972778,16.36150735237545,0.0,6.289728484009307e-05,small,False,False,False,False,False
RRR,2595,17182948.40812683,15.420843148023014,0.0,3.724622717817777e-05,small,False,False,False,False,False
RSI,1589,12449184.862613678,26.018855359599293,0.01195720578980491,5.1408988384612476e-05,small,False,False,True,True,False
RUN,2778,91293889.81752396,25.23153283598335,0.0,7.010326773009855e-06,small,False,False,False,False,False
RUSHA,4183,5579235.20565033,22.069877249731345,0.0,0.00011471106279080056,small,False,False,False,False,False
RXO,957,21127636.052131653,31.448953262585558,0.0,3.0292078035650743e-05,small,False,False,False,True,True
SAFE,4184,5573849.60751915,15.186224961257393,0.0,0.00011482189959640047,small,False,False,False,False,False
SABR,3105,33375396.345710754,17.52650079865578,0.0,1.917580223979122e-05,small,False,False,False,False,False
SAFT,4184,2316284.19342041,18.415912240211746,0.0,0.00027630460969252867,small,False,False,False,False,False
SAH,4184,7434491.856575012,23.431462253546663,0.0,8.60852378813205e-05,small,False,False,False,False,False
SBCF,4184,3819660.488796234,27.380050640105157,0.0,0.00016755415877333537,small,False,False,False,False,False
SBH,4184,24014039.78061676,16.484270027389073,0.0,2.6651076030805288e-05,small,False,False,False,False,False
SBSI,4184,2051037.3484344482,21.476026173062174,0.0,0.000312037223743639,small,False,False,False,False,False
SCHL,4184,4263953.968811035,18.775131900061645,0.0,0.00015009542895662596,small,False,False,False,False,False
SCL,4184,5011950.09727478,16.605998355448317,0.0,0.00012769480692714725,small,False,False,False,False,False
SCSC,4184,3818879.997253418,19.000570714399334,0.0,0.00016758840300305203,small,False,False,False,False,False
SDGR,1644,21801426.773643494,19.12308181793801,0.0,2.935587687195401e-05,small,False,False,False,False,False
SEDG,2869,91033033.23001862,15.431696316155316,0.0,7.0304149745606485e-06,small,False,False,False,False,False
SEI,2332,3275392.55862236,22.71762637885235,0.0,0.00019539642609104108,small,False,False,False,False,False
SEZL,738,34805898.165893555,28.931546543033758,0.0013550135501355014,1.83876881139398e-05,small,False,False,False,True,True
SFBS,3087,6808734.006881714,16.095236361339026,0.0,9.399691621865975e-05,small,False,False,False,False,False
SFNC,4184,5839111.172962189,21.375696518591845,0.0,0.00010960572269346383,small,False,False,False,False,False
SHAK,2907,51503618.37615967,15.504927357810123,0.0,1.2426311396720185e-05,small,False,False,False,False,False
SHEN,4184,2379315.9950256348,27.93988705683855,0.0,0.00026898486848238274,small,False,False,False,False,False
SHO,4184,16822204.328083992,13.942932849522816,0.0,3.804495460393058e-05,small,False,False,False,False,False
SHOO,4184,17862448.033809662,20.19744737565309,0.0,3.582935546060773e-05,small,False,False,False,False,False
SIG,4184,50037125.433540344,17.69348684497635,0.0,1.2790502940662578e-05,small,False,False,False,False,False
SKT,4184,15003444.140625,15.736525363557742,0.0,4.265687224889015e-05,small,False,False,False,False,False
SKY,4184,2542206.1819314957,26.526011633764334,0.0007170172084130019,0.00025174984017769413,small,False,False,False,False,False
SKYW,4184,10293297.988891602,21.9302965819587,0.0,6.217637929948983e-05,small,False,False,False,False,False
SLG,4184,38823861.31235504,14.698404570639664,0.0,1.6484707557831986e-05,small,False,False,False,False,False
SLVM,1233,14252356.016540527,9.745639578625399,0.0,4.490485638004341e-05,small,False,False,False,True,True
SM,4184,53653099.0070343,10.288685097129628,0.0,1.1928481520071962e-05,small,False,False,False,False,False
SMP,4184,2979823.879623413,17.11594207118084,0.0,0.0002147777942100667,small,False,False,False,False,False
SMPL,2293,19340895.46508789,24.78703184918992,0.0,3.309050509865271e-05,small,False,False,False,False,False
SNDR,2357,13796282.166290283,11.800657877149192,0.0,4.6389309256356796e-05,small,False,False,False,False,False
SNEX,4184,2829784.687945366,21.43826942819236,0.0,0.00022616561702603868,small,False,False,False,False,False
SONO,2024,26926477.93073654,17.13006484092418,0.0,2.3768426069175604e-05,small,False,False,False,False,False
SPHR,1600,21545807.694597244,26.423243892125942,0.0,2.9704154472727624e-05,small,False,False,False,False,False
SPNT,3274,4574001.8449783325,17.807144217013228,0.0,0.00013992123783304502,small,False,False,False,False,False
SPSC,4109,9991036.236572266,22.6221187963807,0.0,6.405741955546864e-05,small,False,False,False,False,False
SRPT,4184,64678934.42821503,37.22838422947485,0.0002390057361376673,9.895030053568901e-06,small,False,False,False,False,False
STAA,4184,6272822.4197387695,35.68594062921696,0.0,0.00010202743791791458,small,False,False,False,False,False
STBA,4184,2191555.16910553,21.735229991321717,0.0,0.0002920300656913018,small,False,False,False,False,False
STC,4184,4534265.661048889,20.485362905605943,0.0,0.000141147442131115,small,False,False,False,False,False
STEP,1490,11805391.632270813,21.199584498847603,0.0,5.4212517461133433e-05,small,False,False,False,False,False
STRA,4184,9525713.833618164,28.99267751807024,0.0,6.718656587617727e-05,small,False,False,False,False,False
SUPN,3598,11685727.8632164,41.666235781168,0.0,5.476766252742816e-05,small,False,False,False,False,False
SXI,4184,3712494.2295074463,17.545508888050335,0.0,0.00017239084034479746,small,False,False,False,False,False
SXT,4184,10216184.12361145,12.1819863816722,0.0,6.264569943692031e-05,small,False,False,False,False,False
TALO,2082,13880528.901958466,6.454919664367498,0.0,4.610775313537941e-05,small,False,False,False,False,False
TBBK,4184,2513122.0737457275,24.292422347496696,0.0,0.00025466331567654434,small,False,False,False,False,False
TDC,4184,45832548.79589081,10.745384560496202,0.0,1.3963875385812718e-05,small,False,False,False,False,False
TDS,4184,12411765.252304077,14.759114821938955,0.0,5.156397877257569e-05,small,False,False,False,False,False
TDW,4184,17717081.315856934,18.455865699286754,0.0,3.612333141052949e-05,small,False,False,False,False,False
TFIN,2963,6697099.73526001,24.650056648750162,0.0,9.556375525220582e-05,small,False,False,False,False,False
TFX,4184,49890326.15356445,12.444654221372225,0.0,1.2828138225235369e-05,small,False,False,False,False,False
TGTX,4102,11179052.403211594,10.174548011246678,0.05923939541686982,5.724993290273302e-05,small,False,False,True,True,False
THRM,4184,7473843.981933594,20.902893028391585,0.0,8.56319721882156e-05,small,False,False,False,False,False
TILE,4184,5072416.274642944,23.359575656108863,0.0,0.00012617260992544438,small,False,False,False,False,False
TMDX,1837,25108509.26399231,38.914830997287396,0.0005443658138268917,2.548936670317633e-05,small,False,False,False,False,False
TMP,4184,1651912.9997253418,24.2590792939773,0.0,0.00038742960440798683,small,False,False,False,False,False
TNC,4184,3992150.828933716,13.969348570309696,0.0,0.00016031458414885114,small,False,False,False,False,False
TNDM,3210,33049365.58418274,36.734028462362765,0.0,1.9364970815243147e-05,small,False,False,False,False,False
TPC,4184,5373299.130725861,13.265094449400365,0.0,0.00011910745790055143,small,False,False,False,False,False
TR,4184,2729379.216943741,17.44409305277257,0.0,0.00023448555482028205,small,False,False,False,False,False
TRIP,3697,69327403.92150879,18.776263026393583,0.0,9.231558717020418e-06,small,False,False,False,False,False
TRMK,4184,6059301.654434204,18.133748894605965,0.0,0.00010562273286586536,small,False,False,False,False,False
TRN,4184,19120561.20971155,6.953719806903006,0.0,3.347182088331888e-05,small,False,False,False,False,False
TRNO,4158,8885303.722858429,14.90831846248415,0.0,7.202905156224757e-05,small,False,False,False,False,False
TRST,4184,1436729.6614074707,26.48428089104386,0.0,0.00044545610575968313,small,False,False,False,False,False
TRUP,3042,11903957.648277283,33.252959064013524,0.0003287310979618672,5.376363213898191e-05,small,False,False,False,False,False
UA,2619,34873906.41071892,3.2753054842124607,0.001145475372279496,1.8351829945935976e-05,small,False,False,False,False,False
UAA,4184,82731907.17964172,7.617904257163666,0.0,7.735830368449286e-06,small,False,False,False,False,False
UCB,4184,7614573.1382369995,18.26181941270577,0.0,8.404936013894262e-05,small,False,False,False,False,False
UCTT,4184,6237562.575101852,19.237307629983462,0.0,0.00010260418108744176,small,False,False,False,False,False
UE,2916,10898037.80055046,12.531357650033016,0.0,5.872616811511459e-05,small,False,False,False,False,False
UFCS,4184,1586798.3620643616,26.303022069886513,0.0,0.00040332786780003066,small,False,False,False,False,False
UFPT,4184,740796.4933395386,27.53975222204114,0.0,0.0008639349750629297,small,False,True,False,True,False
UNF,4184,9089794.413757324,17.412001063438854,0.0,7.040863311840866e-05,small,False,False,False,False,False
UNFI,4184,17945962.51144409,19.802836740846125,0.0,3.5662617683051204e-05,small,False,False,False,False,False
UNIT,2853,12556312.24652481,23.00462011231941,0.0,5.0970379474047544e-05,small,False,False,False,False,False
UPBD,4184,11028661.170005798,21.013578573120235,0.0,5.803061587752664e-05,small,False,False,False,False,False
UPWK,1981,25540025.0,23.937367539161894,0.0,2.505870687283979e-05,small,False,False,False,False,False
URBN,4184,67813382.93552399,18.59624361908593,0.0,9.437665137698603e-06,small,False,False,False,False,False
USLM,4184,464467.90409088135,12.291791924244958,0.0007170172084130019,0.0013779208301867348,small,True,True,False,True,False
USPH,4184,4123487.4881744385,23.670314720499817,0.0,0.00015520842535242965,small,False,False,False,False,False
UTI,4184,788095.3917503357,37.236273053373026,0.0,0.0008120844338127389,small,False,True,False,True,False
UTL,4184,1561051.4234542847,22.002575970494135,0.0,0.0004099800880254233,small,False,False,False,False,False
UVV,4184,5158333.15486908,17.342586113513335,0.0,0.0001240710866834741,small,False,False,False,False,False
VAC,3717,24154505.450439453,12.612089667141234,0.0,2.6496092056745305e-05,small,False,False,False,False,False
VCEL,4184,5786528.5407066345,48.740200784572,0.0,0.00011060171837013786,small,False,False,False,False,False
VCTR,2145,5127193.468093872,26.54863727644078,0.0,0.0001248246246182576,small,False,False,False,False,False
VCYT,3221,11772750.37765503,42.485026388243,0.0,5.4362827671496016e-05,small,False,False,False,False,False
VECO,4184,11762743.907356262,18.830894540624378,0.0,5.440907368558391e-05,small,False,False,False,False,False
VGNT,102,49279087.576675415,60.95828511266569,0.0,1.2987253447097554e-05,small,False,False,False,True,True
VIR,1724,17013426.908016205,44.88494607188,0.0,3.7617347960536485e-05,small,False,False,False,False,False
VIRT,2855,17594271.075057983,23.78256905710617,0.0,3.6375476839576366e-05,small,False,False,False,False,False
VRRM,2366,14329719.529771805,9.305830246831164,0.04395604395604396,4.4662423341246776e-05,small,False,False,True,True,False
VRTS,4184,6144724.575805664,23.10146934707815,0.0,0.00010415438350482724,small,False,False,False,False,False
VSAT,4184,17790433.856010437,16.867395772261787,0.0,3.597438967368287e-05,small,False,False,False,False,False
VSEC,4184,920442.6382064819,26.905077801752533,0.0,0.0006953176367916471,small,False,True,False,True,False
VSH,4184,16657423.801136017,8.876498440195931,0.0,3.842130737865676e-05,small,False,False,False,False,False
VSNT,172,73073398.3631134,6.309615741871372,0.0,8.758317176104738e-06,small,False,False,False,True,True
VSTS,728,16736462.754893303,26.42774726948784,0.0,3.8239860439618926e-05,small,False,False,False,True,True
VSXY,1278,58934249.310112,16.98426018460861,0.0,1.0859559721076962e-05,small,False,False,False,False,False
VTOL,3417,1907793.701171875,23.23064436643365,0.0,0.00033546604101212607,small,False,False,False,False,False
VVX,3001,2723421.948623657,24.753967667517337,0.0,0.00023499847327126025,small,False,False,False,False,False
VYX,4184,30482775.981142044,8.39055522592361,0.0,2.0995463155846813e-05,small,False,False,False,False,False
WABC,4184,4631764.796447754,17.409746877550933,0.0,0.00013817627365077695,small,False,False,False,False,False
WAFD,4184,8795175.769042969,17.617843232392254,0.0,7.276716427347085e-05,small,False,False,False,False,False
WAY,553,50776520.19996643,26.794635830863857,0.0,1.2604250891545402e-05,small,False,False,False,True,True
WD,3944,7059035.715866089,17.0944517765657,0.0,9.066394133146512e-05,small,False,False,False,False,False
WDFC,4184,9061198.18572998,19.2367494260666,0.0,7.063083566673372e-05,small,False,False,False,False,False
WEN,4184,33861052.72426605,18.720877938331704,0.0,1.890077090076272e-05,small,False,False,False,False,False
WERN,4184,17002589.87264633,20.84484334448209,0.0,3.764132433904251e-05,small,False,False,False,False,False
WGO,4184,13297886.383152008,21.647528542412022,0.0,4.8127949176258515e-05,small,False,False,False,False,False
WHD,2145,18411445.678710938,16.457007003284975,0.0,3.476098570249857e-05,small,False,False,False,False,False
WINA,4184,865889.5385742188,13.424948932456152,0.0016730401529636712,0.0007391243010671194,small,False,True,False,True,False
WKC,4184,12518932.828330994,13.628428438090832,0.0,5.1122568415068645e-05,small,False,False,False,False,False
WLY,4184,7786722.41179657,16.12313702330154,0.0,8.219119241112613e-05,small,False,False,False,False,False
WOR,4184,9662572.201424599,13.018688470647218,0.0,6.623495138340511e-05,small,False,False,False,False,False
WRBY,1229,29797350.860786438,15.618431963718733,0.0,2.147841944037533e-05,small,False,False,False,True,True
WRLD,4184,6948695.695114136,25.900760562910886,0.0,9.210361599947538e-05,small,False,False,False,False,False
WS,685,7108192.264556885,26.143936393420997,0.00145985401459854,9.003695682110208e-05,small,False,False,False,True,True
WSBC,4184,3015607.9608917236,22.494802902177508,0.0,0.00021222917842767276,small,False,False,False,False,False
WSC,2713,30918516.71524048,2.779386962164441,0.08182823442683376,2.0699569966256778e-05,small,False,False,True,True,False
WSFS,4184,4898356.30607605,20.548078346199006,0.0,0.00013065607318237083,small,False,False,False,False,False
WT,4184,8238953.990077972,19.368813643687545,0.0002390057361376673,7.767976381112709e-05,small,False,False,False,False,False
WU,4184,50985544.41046715,10.2215519642794,0.0,1.255257754722749e-05,small,False,False,False,False,False
WWW,4184,13906579.479980469,11.817195417452492,0.0,4.602138152816992e-05,small,False,False,False,False,False
XHR,2904,8073813.930654526,16.32933424859082,0.0,7.926860904857596e-05,small,False,False,False,False,False
XNCR,3198,7128439.095783234,47.865238344310164,0.0,8.978122579157427e-05,small,False,False,False,False,False
XPEL,1796,7838399.97253418,32.47670975001309,0.0011135857461024498,8.164931647307683e-05,small,False,False,False,False,False
YELP,3639,35273182.29675293,18.03898504619827,0.0,1.8144095835064905e-05,small,False,False,False,False,False
YOU,1292,29614325.623703003,27.929287443055642,0.0,2.1611162385806638e-05,small,False,False,False,False,False
ZD,4184,19541405.79100609,19.120546261163685,0.0,3.275097026512593e-05,small,False,False,False,False,False
ZWS,3620,19228971.046742916,10.243761523525071,0.0,3.328311215635253e-05,small,False,False,False,False,False
